predio,tipo,hectareas,establecimiento,edad_2026,jima,fraccion,lat,lon,google_maps
16917,agave cosechado (jima reciente),6.96,0,0,2025,0.35,20.856844,-103.755452,"https://maps.google.com/?q=20.856844,-103.755452&t=k"
895,agave cosechado (jima reciente),6.81,0,0,2026,0.9,20.925838,-103.889022,"https://maps.google.com/?q=20.925838,-103.889022&t=k"
8768,agave cosechado (jima reciente),3.92,0,0,2026,0.54,20.891884,-103.898453,"https://maps.google.com/?q=20.891884,-103.898453&t=k"
23826,agave cosechado (jima reciente),3.91,0,0,2025,0.42,20.826423,-103.709914,"https://maps.google.com/?q=20.826423,-103.709914&t=k"
28737,agave cosechado (jima reciente),3.8,0,0,2025,0.74,20.803773,-103.713326,"https://maps.google.com/?q=20.803773,-103.713326&t=k"
22419,agave cosechado (jima reciente),3.75,0,0,2026,0.65,20.833308,-103.71245,"https://maps.google.com/?q=20.833308,-103.71245&t=k"
1612,agave cosechado (jima reciente),3.64,0,0,2026,0.81,20.922704,-103.845679,"https://maps.google.com/?q=20.922704,-103.845679&t=k"
15899,agave cosechado (jima reciente),3.57,0,0,2025,0.92,20.861397,-103.766708,"https://maps.google.com/?q=20.861397,-103.766708&t=k"
10768,agave cosechado (jima reciente),3.44,0,0,2025,0.31,20.882918,-103.76312,"https://maps.google.com/?q=20.882918,-103.76312&t=k"
6914,agave cosechado (jima reciente),3.43,0,0,2026,0.98,20.898978,-103.766497,"https://maps.google.com/?q=20.898978,-103.766497&t=k"
6254,agave cosechado (jima reciente),3.32,0,0,2025,0.97,20.901637,-103.765706,"https://maps.google.com/?q=20.901637,-103.765706&t=k"
6178,agave cosechado (jima reciente),3.29,0,0,2026,0.54,20.902159,-103.826992,"https://maps.google.com/?q=20.902159,-103.826992&t=k"
16178,agave cosechado (jima reciente),2.93,0,0,2025,0.52,20.860661,-103.76484,"https://maps.google.com/?q=20.860661,-103.76484&t=k"
1572,agave cosechado (jima reciente),2.85,0,0,2026,0.94,20.923722,-103.85596,"https://maps.google.com/?q=20.923722,-103.85596&t=k"
19369,agave cosechado (jima reciente),2.81,0,0,2026,0.84,20.847329,-103.782776,"https://maps.google.com/?q=20.847329,-103.782776&t=k"
9784,agave cosechado (jima reciente),2.8,0,0,2026,0.6,20.887382,-103.787308,"https://maps.google.com/?q=20.887382,-103.787308&t=k"
1040,agave cosechado (jima reciente),2.76,0,0,2025,0.61,20.926285,-103.88147,"https://maps.google.com/?q=20.926285,-103.88147&t=k"
6806,agave cosechado (jima reciente),2.71,0,0,2025,0.86,20.899078,-103.688865,"https://maps.google.com/?q=20.899078,-103.688865&t=k"
5552,agave cosechado (jima reciente),2.67,0,0,2025,0.82,20.905124,-103.892107,"https://maps.google.com/?q=20.905124,-103.892107&t=k"
9261,agave cosechado (jima reciente),2.6,0,0,2024,0.72,20.889152,-103.763117,"https://maps.google.com/?q=20.889152,-103.763117&t=k"
23725,agave cosechado (jima reciente),2.55,0,0,2026,0.77,20.827672,-103.695922,"https://maps.google.com/?q=20.827672,-103.695922&t=k"
34325,agave cosechado (jima reciente),2.53,0,0,2026,0.43,20.780211,-103.703631,"https://maps.google.com/?q=20.780211,-103.703631&t=k"
11330,agave cosechado (jima reciente),2.5,0,0,2025,0.9,20.880865,-103.735692,"https://maps.google.com/?q=20.880865,-103.735692&t=k"
17629,agave cosechado (jima reciente),2.5,0,0,2024,0.91,20.854577,-103.785793,"https://maps.google.com/?q=20.854577,-103.785793&t=k"
8606,agave cosechado (jima reciente),2.41,0,0,2026,0.5,20.89313,-103.874698,"https://maps.google.com/?q=20.89313,-103.874698&t=k"
5698,agave cosechado (jima reciente),2.4,0,0,2025,0.78,20.905057,-103.895761,"https://maps.google.com/?q=20.905057,-103.895761&t=k"
6574,agave cosechado (jima reciente),2.35,0,0,2026,0.44,20.899857,-103.775623,"https://maps.google.com/?q=20.899857,-103.775623&t=k"
9877,agave cosechado (jima reciente),2.31,0,0,2026,0.37,20.88686,-103.733864,"https://maps.google.com/?q=20.88686,-103.733864&t=k"
5489,agave cosechado (jima reciente),2.19,0,0,2025,0.67,20.904029,-103.765398,"https://maps.google.com/?q=20.904029,-103.765398&t=k"
20004,agave cosechado (jima reciente),2.08,0,0,2026,0.45,20.844241,-103.712646,"https://maps.google.com/?q=20.844241,-103.712646&t=k"
3095,agave cosechado (jima reciente),2.04,0,0,2025,0.68,20.915553,-103.870637,"https://maps.google.com/?q=20.915553,-103.870637&t=k"
28735,agave cosechado (jima reciente),2.02,0,0,2026,0.59,20.805908,-103.764037,"https://maps.google.com/?q=20.805908,-103.764037&t=k"
10136,agave cosechado (jima reciente),1.98,0,0,2026,0.78,20.885916,-103.765402,"https://maps.google.com/?q=20.885916,-103.765402&t=k"
33856,agave cosechado (jima reciente),1.95,0,0,2025,0.64,20.782997,-103.744194,"https://maps.google.com/?q=20.782997,-103.744194&t=k"
1647,agave cosechado (jima reciente),1.94,0,0,2026,0.97,20.92282,-103.890342,"https://maps.google.com/?q=20.92282,-103.890342&t=k"
17401,agave cosechado (jima reciente),1.94,0,0,2024,0.37,20.855798,-103.78588,"https://maps.google.com/?q=20.855798,-103.78588&t=k"
3094,agave cosechado (jima reciente),1.87,0,0,2026,0.89,20.916099,-103.871209,"https://maps.google.com/?q=20.916099,-103.871209&t=k"
12942,agave cosechado (jima reciente),1.83,0,0,2026,0.56,20.873897,-103.758676,"https://maps.google.com/?q=20.873897,-103.758676&t=k"
16986,agave cosechado (jima reciente),1.8,0,0,2026,0.73,20.857367,-103.803456,"https://maps.google.com/?q=20.857367,-103.803456&t=k"
28663,agave cosechado (jima reciente),1.8,0,0,2026,0.63,20.805574,-103.761542,"https://maps.google.com/?q=20.805574,-103.761542&t=k"
9743,agave cosechado (jima reciente),1.77,0,0,2026,0.71,20.887355,-103.764525,"https://maps.google.com/?q=20.887355,-103.764525&t=k"
2016,agave cosechado (jima reciente),1.75,0,0,2026,0.85,20.921084,-103.846556,"https://maps.google.com/?q=20.921084,-103.846556&t=k"
4433,agave cosechado (jima reciente),1.72,0,0,2026,0.52,20.910511,-103.873174,"https://maps.google.com/?q=20.910511,-103.873174&t=k"
25494,agave cosechado (jima reciente),1.72,0,0,2026,0.48,20.820615,-103.793176,"https://maps.google.com/?q=20.820615,-103.793176&t=k"
33210,agave cosechado (jima reciente),1.69,0,0,2023,0.5,20.785378,-103.717949,"https://maps.google.com/?q=20.785378,-103.717949&t=k"
5321,agave cosechado (jima reciente),1.64,0,0,2026,0.49,20.906991,-103.873681,"https://maps.google.com/?q=20.906991,-103.873681&t=k"
7136,agave cosechado (jima reciente),1.63,0,0,2026,0.61,20.898492,-103.767943,"https://maps.google.com/?q=20.898492,-103.767943&t=k"
8071,agave cosechado (jima reciente),1.63,0,0,2026,0.55,20.894613,-103.768792,"https://maps.google.com/?q=20.894613,-103.768792&t=k"
19245,agave cosechado (jima reciente),1.61,0,0,2026,0.55,20.848003,-103.782386,"https://maps.google.com/?q=20.848003,-103.782386&t=k"
1468,agave cosechado (jima reciente),1.6,0,0,2026,0.32,20.924291,-103.894274,"https://maps.google.com/?q=20.924291,-103.894274&t=k"
4868,agave cosechado (jima reciente),1.6,0,0,2024,0.39,20.908578,-103.840835,"https://maps.google.com/?q=20.908578,-103.840835&t=k"
33598,agave cosechado (jima reciente),1.6,0,0,2026,0.48,20.783843,-103.718106,"https://maps.google.com/?q=20.783843,-103.718106&t=k"
11272,agave cosechado (jima reciente),1.59,0,0,2025,0.46,20.880904,-103.884066,"https://maps.google.com/?q=20.880904,-103.884066&t=k"
1326,agave cosechado (jima reciente),1.56,0,0,2026,0.97,20.925011,-103.880037,"https://maps.google.com/?q=20.925011,-103.880037&t=k"
9468,agave cosechado (jima reciente),1.55,0,0,2026,0.45,20.889615,-103.896787,"https://maps.google.com/?q=20.889615,-103.896787&t=k"
8447,agave cosechado (jima reciente),1.53,0,0,2025,0.49,20.893454,-103.796392,"https://maps.google.com/?q=20.893454,-103.796392&t=k"
34483,agave cosechado (jima reciente),1.51,0,0,2025,0.74,20.780351,-103.75291,"https://maps.google.com/?q=20.780351,-103.75291&t=k"
6896,agave cosechado (jima reciente),1.5,0,0,2026,0.81,20.89906,-103.686606,"https://maps.google.com/?q=20.89906,-103.686606&t=k"
10275,agave cosechado (jima reciente),1.48,0,0,2026,0.64,20.885747,-103.899411,"https://maps.google.com/?q=20.885747,-103.899411&t=k"
2864,agave cosechado (jima reciente),1.47,0,0,2026,1.0,20.917812,-103.87062,"https://maps.google.com/?q=20.917812,-103.87062&t=k"
4436,agave cosechado (jima reciente),1.46,0,0,2025,0.4,20.910574,-103.84207,"https://maps.google.com/?q=20.910574,-103.84207&t=k"
5781,agave cosechado (jima reciente),1.45,0,0,2025,0.77,20.904622,-103.891293,"https://maps.google.com/?q=20.904622,-103.891293&t=k"
18035,agave cosechado (jima reciente),1.43,0,0,2024,0.59,20.853125,-103.804066,"https://maps.google.com/?q=20.853125,-103.804066&t=k"
11410,agave cosechado (jima reciente),1.42,0,0,2026,0.55,20.88028,-103.748194,"https://maps.google.com/?q=20.88028,-103.748194&t=k"
29114,agave cosechado (jima reciente),1.41,0,0,2025,0.39,20.803634,-103.718803,"https://maps.google.com/?q=20.803634,-103.718803&t=k"
33792,agave cosechado (jima reciente),1.41,0,0,2026,0.84,20.783592,-103.74515,"https://maps.google.com/?q=20.783592,-103.74515&t=k"
7842,agave cosechado (jima reciente),1.39,0,0,2023,0.83,20.895886,-103.847662,"https://maps.google.com/?q=20.895886,-103.847662&t=k"
4280,agave cosechado (jima reciente),1.38,0,0,2026,0.6,20.911134,-103.871775,"https://maps.google.com/?q=20.911134,-103.871775&t=k"
6444,agave cosechado (jima reciente),1.38,0,0,2025,0.66,20.90101,-103.766432,"https://maps.google.com/?q=20.90101,-103.766432&t=k"
16819,agave cosechado (jima reciente),1.36,0,0,2025,0.69,20.858419,-103.767068,"https://maps.google.com/?q=20.858419,-103.767068&t=k"
10213,agave cosechado (jima reciente),1.31,0,0,2026,0.53,20.885418,-103.7283,"https://maps.google.com/?q=20.885418,-103.7283&t=k"
28908,agave cosechado (jima reciente),1.31,0,0,2025,0.58,20.80441,-103.713945,"https://maps.google.com/?q=20.80441,-103.713945&t=k"
32114,agave cosechado (jima reciente),1.29,0,0,2026,0.78,20.789972,-103.680396,"https://maps.google.com/?q=20.789972,-103.680396&t=k"
29256,agave cosechado (jima reciente),1.28,0,0,2025,0.52,20.802933,-103.709778,"https://maps.google.com/?q=20.802933,-103.709778&t=k"
14167,agave cosechado (jima reciente),1.27,0,0,2026,0.91,20.868944,-103.742328,"https://maps.google.com/?q=20.868944,-103.742328&t=k"
28760,agave cosechado (jima reciente),1.26,0,0,2025,0.61,20.804957,-103.714517,"https://maps.google.com/?q=20.804957,-103.714517&t=k"
8069,agave cosechado (jima reciente),1.25,0,0,2025,0.49,20.894955,-103.797774,"https://maps.google.com/?q=20.894955,-103.797774&t=k"
16958,agave cosechado (jima reciente),1.25,0,0,2026,0.34,20.857462,-103.80408,"https://maps.google.com/?q=20.857462,-103.80408&t=k"
15901,agave cosechado (jima reciente),1.23,0,0,2025,0.33,20.861823,-103.763148,"https://maps.google.com/?q=20.861823,-103.763148&t=k"
32844,agave cosechado (jima reciente),1.22,0,0,2026,0.56,20.787771,-103.779748,"https://maps.google.com/?q=20.787771,-103.779748&t=k"
8431,agave cosechado (jima reciente),1.21,0,0,2025,0.4,20.893137,-103.770871,"https://maps.google.com/?q=20.893137,-103.770871&t=k"
26689,agave cosechado (jima reciente),1.21,0,0,2026,0.31,20.814446,-103.703002,"https://maps.google.com/?q=20.814446,-103.703002&t=k"
1448,agave cosechado (jima reciente),1.2,0,0,2026,0.98,20.924144,-103.858264,"https://maps.google.com/?q=20.924144,-103.858264&t=k"
5780,agave cosechado (jima reciente),1.2,0,0,2026,0.82,20.904675,-103.892639,"https://maps.google.com/?q=20.904675,-103.892639&t=k"
8314,agave cosechado (jima reciente),1.2,0,0,2025,0.69,20.893964,-103.811097,"https://maps.google.com/?q=20.893964,-103.811097&t=k"
27248,agave cosechado (jima reciente),1.2,0,0,2026,0.69,20.81272,-103.762877,"https://maps.google.com/?q=20.81272,-103.762877&t=k"
9456,agave cosechado (jima reciente),1.16,0,0,2023,0.43,20.889476,-103.848432,"https://maps.google.com/?q=20.889476,-103.848432&t=k"
19396,agave cosechado (jima reciente),1.16,0,0,2026,0.43,20.847246,-103.783834,"https://maps.google.com/?q=20.847246,-103.783834&t=k"
27667,agave cosechado (jima reciente),1.16,0,0,2024,0.47,20.810968,-103.770481,"https://maps.google.com/?q=20.810968,-103.770481&t=k"
30261,agave cosechado (jima reciente),1.16,0,0,2025,0.52,20.798787,-103.729124,"https://maps.google.com/?q=20.798787,-103.729124&t=k"
27988,agave cosechado (jima reciente),1.15,0,0,2026,0.5,20.809045,-103.717556,"https://maps.google.com/?q=20.809045,-103.717556&t=k"
9006,agave cosechado (jima reciente),1.14,0,0,2026,0.81,20.891531,-103.899754,"https://maps.google.com/?q=20.891531,-103.899754&t=k"
11564,agave cosechado (jima reciente),1.14,0,0,2025,0.41,20.879914,-103.759924,"https://maps.google.com/?q=20.879914,-103.759924&t=k"
15269,agave cosechado (jima reciente),1.14,0,0,2026,0.61,20.864382,-103.760916,"https://maps.google.com/?q=20.864382,-103.760916&t=k"
1289,agave cosechado (jima reciente),1.12,0,0,2026,0.54,20.9252,-103.881286,"https://maps.google.com/?q=20.9252,-103.881286&t=k"
7710,agave cosechado (jima reciente),1.11,0,0,2026,0.4,20.896004,-103.77378,"https://maps.google.com/?q=20.896004,-103.77378&t=k"
9218,agave cosechado (jima reciente),1.11,0,0,2026,0.55,20.890578,-103.899136,"https://maps.google.com/?q=20.890578,-103.899136&t=k"
19930,agave cosechado (jima reciente),1.11,0,0,2026,0.58,20.845041,-103.710861,"https://maps.google.com/?q=20.845041,-103.710861&t=k"
21323,agave cosechado (jima reciente),1.11,0,0,2025,0.64,20.838476,-103.691073,"https://maps.google.com/?q=20.838476,-103.691073&t=k"
34102,agave cosechado (jima reciente),1.11,0,0,2026,0.41,20.781857,-103.736567,"https://maps.google.com/?q=20.781857,-103.736567&t=k"
1819,agave cosechado (jima reciente),1.1,0,0,2026,0.92,20.92282,-103.856207,"https://maps.google.com/?q=20.92282,-103.856207&t=k"
1717,agave cosechado (jima reciente),1.09,0,0,2026,0.64,20.923006,-103.891158,"https://maps.google.com/?q=20.923006,-103.891158&t=k"
20587,agave cosechado (jima reciente),1.08,0,0,2026,0.59,20.841745,-103.717184,"https://maps.google.com/?q=20.841745,-103.717184&t=k"
12205,agave cosechado (jima reciente),1.05,0,0,2026,0.36,20.878192,-103.869955,"https://maps.google.com/?q=20.878192,-103.869955&t=k"
13759,agave cosechado (jima reciente),1.05,0,0,2026,0.49,20.870154,-103.710647,"https://maps.google.com/?q=20.870154,-103.710647&t=k"
34022,agave cosechado (jima reciente),1.05,0,0,2026,0.52,20.782516,-103.758704,"https://maps.google.com/?q=20.782516,-103.758704&t=k"
4572,agave cosechado (jima reciente),1.04,0,0,2026,0.75,20.910277,-103.871974,"https://maps.google.com/?q=20.910277,-103.871974&t=k"
5023,agave cosechado (jima reciente),1.04,0,0,2026,0.52,20.907128,-103.775468,"https://maps.google.com/?q=20.907128,-103.775468&t=k"
4835,agave cosechado (jima reciente),1.03,0,0,2026,0.67,20.908361,-103.752335,"https://maps.google.com/?q=20.908361,-103.752335&t=k"
22728,agave cosechado (jima reciente),1.03,0,0,2026,0.83,20.832302,-103.710777,"https://maps.google.com/?q=20.832302,-103.710777&t=k"
27863,agave cosechado (jima reciente),1.03,0,0,2026,0.37,20.810156,-103.77068,"https://maps.google.com/?q=20.810156,-103.77068&t=k"
30960,agave cosechado (jima reciente),1.01,0,0,2024,0.8,20.795936,-103.78463,"https://maps.google.com/?q=20.795936,-103.78463&t=k"
7975,agave cosechado (jima reciente),1.0,0,0,2026,0.75,20.895501,-103.804836,"https://maps.google.com/?q=20.895501,-103.804836&t=k"
9968,agave cosechado (jima reciente),1.0,0,0,2026,0.73,20.886582,-103.733001,"https://maps.google.com/?q=20.886582,-103.733001&t=k"
10510,agave cosechado (jima reciente),1.0,0,0,2026,0.51,20.884548,-103.763683,"https://maps.google.com/?q=20.884548,-103.763683&t=k"
18749,agave cosechado (jima reciente),0.98,0,0,2026,0.45,20.849811,-103.763631,"https://maps.google.com/?q=20.849811,-103.763631&t=k"
19826,agave cosechado (jima reciente),0.98,0,0,2026,0.58,20.845725,-103.76698,"https://maps.google.com/?q=20.845725,-103.76698&t=k"
8416,agave cosechado (jima reciente),0.94,0,0,2026,0.78,20.894116,-103.873633,"https://maps.google.com/?q=20.894116,-103.873633&t=k"
30970,agave cosechado (jima reciente),0.94,0,0,2025,0.67,20.795565,-103.715029,"https://maps.google.com/?q=20.795565,-103.715029&t=k"
27177,agave cosechado (jima reciente),0.93,0,0,2025,0.6,20.813536,-103.763206,"https://maps.google.com/?q=20.813536,-103.763206&t=k"
12965,agave cosechado (jima reciente),0.92,0,0,2025,0.61,20.873684,-103.723641,"https://maps.google.com/?q=20.873684,-103.723641&t=k"
1651,agave cosechado (jima reciente),0.91,0,0,2026,0.91,20.923511,-103.858077,"https://maps.google.com/?q=20.923511,-103.858077&t=k"
34559,agave cosechado (jima reciente),0.91,0,0,2025,0.52,20.780359,-103.760258,"https://maps.google.com/?q=20.780359,-103.760258&t=k"
14800,agave cosechado (jima reciente),0.9,0,0,2026,0.56,20.866317,-103.772387,"https://maps.google.com/?q=20.866317,-103.772387&t=k"
1449,agave cosechado (jima reciente),0.89,0,0,2026,0.8,20.92459,-103.857443,"https://maps.google.com/?q=20.92459,-103.857443&t=k"
7088,agave cosechado (jima reciente),0.89,0,0,2025,0.42,20.898246,-103.686421,"https://maps.google.com/?q=20.898246,-103.686421&t=k"
4228,agave cosechado (jima reciente),0.88,0,0,2025,0.82,20.911064,-103.841105,"https://maps.google.com/?q=20.911064,-103.841105&t=k"
29228,agave cosechado (jima reciente),0.88,0,0,2025,0.56,20.803075,-103.710593,"https://maps.google.com/?q=20.803075,-103.710593&t=k"
24667,agave cosechado (jima reciente),0.85,0,0,2025,0.76,20.824396,-103.765808,"https://maps.google.com/?q=20.824396,-103.765808&t=k"
34020,agave cosechado (jima reciente),0.85,0,0,2026,0.41,20.782846,-103.766915,"https://maps.google.com/?q=20.782846,-103.766915&t=k"
4226,agave cosechado (jima reciente),0.84,0,0,2026,0.46,20.911442,-103.850236,"https://maps.google.com/?q=20.911442,-103.850236&t=k"
7156,agave cosechado (jima reciente),0.84,0,0,2026,0.61,20.898895,-103.799185,"https://maps.google.com/?q=20.898895,-103.799185&t=k"
9252,agave cosechado (jima reciente),0.84,0,0,2023,0.87,20.89004,-103.844871,"https://maps.google.com/?q=20.89004,-103.844871&t=k"
11348,agave cosechado (jima reciente),0.84,0,0,2026,0.51,20.880916,-103.748669,"https://maps.google.com/?q=20.880916,-103.748669&t=k"
17256,agave cosechado (jima reciente),0.84,0,0,2026,0.8,20.856799,-103.774338,"https://maps.google.com/?q=20.856799,-103.774338&t=k"
7224,agave cosechado (jima reciente),0.83,0,0,2026,0.78,20.898998,-103.853647,"https://maps.google.com/?q=20.898998,-103.853647&t=k"
28350,agave cosechado (jima reciente),0.83,0,0,2025,0.7,20.807083,-103.714931,"https://maps.google.com/?q=20.807083,-103.714931&t=k"
5739,agave cosechado (jima reciente),0.82,0,0,2026,0.62,20.905011,-103.847737,"https://maps.google.com/?q=20.905011,-103.847737&t=k"
7248,agave cosechado (jima reciente),0.82,0,0,2025,0.49,20.898642,-103.854467,"https://maps.google.com/?q=20.898642,-103.854467&t=k"
8288,agave cosechado (jima reciente),0.82,0,0,2025,0.55,20.894463,-103.798499,"https://maps.google.com/?q=20.894463,-103.798499&t=k"
11462,agave cosechado (jima reciente),0.81,0,0,2025,0.47,20.880133,-103.759105,"https://maps.google.com/?q=20.880133,-103.759105&t=k"
4867,agave cosechado (jima reciente),0.8,0,0,2026,0.6,20.908994,-103.855639,"https://maps.google.com/?q=20.908994,-103.855639&t=k"
12001,agave cosechado (jima reciente),0.8,0,0,2024,0.54,20.877988,-103.749847,"https://maps.google.com/?q=20.877988,-103.749847&t=k"
30384,agave cosechado (jima reciente),0.78,0,0,2025,0.46,20.798383,-103.72956,"https://maps.google.com/?q=20.798383,-103.72956&t=k"
11061,agave cosechado (jima reciente),0.77,0,0,2023,0.57,20.881892,-103.73405,"https://maps.google.com/?q=20.881892,-103.73405&t=k"
13645,agave cosechado (jima reciente),0.77,0,0,2025,0.87,20.872174,-103.896194,"https://maps.google.com/?q=20.872174,-103.896194&t=k"
6966,agave cosechado (jima reciente),0.75,0,0,2026,0.68,20.898872,-103.68555,"https://maps.google.com/?q=20.898872,-103.68555&t=k"
9875,agave cosechado (jima reciente),0.75,0,0,2026,0.41,20.887663,-103.763417,"https://maps.google.com/?q=20.887663,-103.763417&t=k"
11060,agave cosechado (jima reciente),0.74,0,0,2026,0.51,20.882123,-103.747025,"https://maps.google.com/?q=20.882123,-103.747025&t=k"
12966,agave cosechado (jima reciente),0.74,0,0,2026,0.59,20.87359,-103.723113,"https://maps.google.com/?q=20.87359,-103.723113&t=k"
19028,agave cosechado (jima reciente),0.74,0,0,2026,0.73,20.849664,-103.806592,"https://maps.google.com/?q=20.849664,-103.806592&t=k"
5213,agave cosechado (jima reciente),0.72,0,0,2024,0.42,20.907535,-103.846852,"https://maps.google.com/?q=20.907535,-103.846852&t=k"
12555,agave cosechado (jima reciente),0.72,0,0,2025,0.43,20.876721,-103.872946,"https://maps.google.com/?q=20.876721,-103.872946&t=k"
13711,agave cosechado (jima reciente),0.72,0,0,2026,0.49,20.871015,-103.741398,"https://maps.google.com/?q=20.871015,-103.741398&t=k"
2314,agave cosechado (jima reciente),0.71,0,0,2026,0.58,20.920231,-103.84738,"https://maps.google.com/?q=20.920231,-103.84738&t=k"
3609,agave cosechado (jima reciente),0.71,0,0,2026,0.66,20.914106,-103.870407,"https://maps.google.com/?q=20.914106,-103.870407&t=k"
4951,agave cosechado (jima reciente),0.71,0,0,2026,0.55,20.908518,-103.872372,"https://maps.google.com/?q=20.908518,-103.872372&t=k"
5097,agave cosechado (jima reciente),0.71,0,0,2026,0.51,20.907034,-103.77494,"https://maps.google.com/?q=20.907034,-103.77494&t=k"
10482,agave cosechado (jima reciente),0.71,0,0,2026,1.0,20.884516,-103.728548,"https://maps.google.com/?q=20.884516,-103.728548&t=k"
20687,agave cosechado (jima reciente),0.7,0,0,2025,0.34,20.841599,-103.715695,"https://maps.google.com/?q=20.841599,-103.715695&t=k"
28900,agave cosechado (jima reciente),0.7,0,0,2026,0.6,20.804426,-103.765298,"https://maps.google.com/?q=20.804426,-103.765298&t=k"
1650,agave cosechado (jima reciente),0.69,0,0,2026,0.83,20.923423,-103.858558,"https://maps.google.com/?q=20.923423,-103.858558&t=k"
11282,agave cosechado (jima reciente),0.69,0,0,2026,0.54,20.881601,-103.800188,"https://maps.google.com/?q=20.881601,-103.800188&t=k"
30206,agave cosechado (jima reciente),0.69,0,0,2026,0.55,20.799577,-103.788444,"https://maps.google.com/?q=20.799577,-103.788444&t=k"
14343,agave cosechado (jima reciente),0.68,0,0,2025,0.46,20.868738,-103.814708,"https://maps.google.com/?q=20.868738,-103.814708&t=k"
6932,agave cosechado (jima reciente),0.67,0,0,2026,0.58,20.899464,-103.764955,"https://maps.google.com/?q=20.899464,-103.764955&t=k"
27950,agave cosechado (jima reciente),0.67,0,0,2026,0.45,20.809177,-103.699156,"https://maps.google.com/?q=20.809177,-103.699156&t=k"
6697,agave cosechado (jima reciente),0.66,0,0,2026,0.64,20.901406,-103.876175,"https://maps.google.com/?q=20.901406,-103.876175&t=k"
31247,agave cosechado (jima reciente),0.66,0,0,2026,0.42,20.794513,-103.731514,"https://maps.google.com/?q=20.794513,-103.731514&t=k"
33207,agave cosechado (jima reciente),0.66,0,0,2026,0.38,20.78587,-103.735476,"https://maps.google.com/?q=20.78587,-103.735476&t=k"
7430,agave cosechado (jima reciente),0.65,0,0,2024,0.95,20.897913,-103.853608,"https://maps.google.com/?q=20.897913,-103.853608&t=k"
23879,agave cosechado (jima reciente),0.65,0,0,2026,0.85,20.827545,-103.697029,"https://maps.google.com/?q=20.827545,-103.697029&t=k"
14300,agave cosechado (jima reciente),0.64,0,0,2026,0.42,20.86831,-103.754492,"https://maps.google.com/?q=20.86831,-103.754492&t=k"
17700,agave cosechado (jima reciente),0.63,0,0,2026,0.54,20.855018,-103.823081,"https://maps.google.com/?q=20.855018,-103.823081&t=k"
28754,agave cosechado (jima reciente),0.63,0,0,2026,0.57,20.805899,-103.762788,"https://maps.google.com/?q=20.805899,-103.762788&t=k"
11480,agave cosechado (jima reciente),0.62,0,0,2026,0.68,20.880643,-103.767127,"https://maps.google.com/?q=20.880643,-103.767127&t=k"
21721,agave cosechado (jima reciente),0.62,0,0,2026,0.61,20.836807,-103.703243,"https://maps.google.com/?q=20.836807,-103.703243&t=k"
24190,agave cosechado (jima reciente),0.61,0,0,2026,0.62,20.826441,-103.773863,"https://maps.google.com/?q=20.826441,-103.773863&t=k"
1444,agave cosechado (jima reciente),0.6,0,0,2026,0.62,20.923582,-103.889519,"https://maps.google.com/?q=20.923582,-103.889519&t=k"
9495,agave cosechado (jima reciente),0.6,0,0,2026,0.53,20.889421,-103.874053,"https://maps.google.com/?q=20.889421,-103.874053&t=k"
17355,agave cosechado (jima reciente),0.6,0,0,2025,0.77,20.85613,-103.756611,"https://maps.google.com/?q=20.85613,-103.756611&t=k"
20977,agave cosechado (jima reciente),0.6,0,0,2026,0.85,20.840281,-103.690769,"https://maps.google.com/?q=20.840281,-103.690769&t=k"
24028,agave cosechado (jima reciente),0.59,0,0,2025,0.66,20.826801,-103.712073,"https://maps.google.com/?q=20.826801,-103.712073&t=k"
33658,agave cosechado (jima reciente),0.59,0,0,2025,0.34,20.784366,-103.777325,"https://maps.google.com/?q=20.784366,-103.777325&t=k"
29699,agave cosechado (jima reciente),0.57,0,0,2026,0.61,20.801074,-103.685007,"https://maps.google.com/?q=20.801074,-103.685007&t=k"
6569,agave cosechado (jima reciente),0.56,0,0,2024,0.3,20.901687,-103.843772,"https://maps.google.com/?q=20.901687,-103.843772&t=k"
12450,agave cosechado (jima reciente),0.56,0,0,2026,0.52,20.877239,-103.869433,"https://maps.google.com/?q=20.877239,-103.869433&t=k"
6255,agave cosechado (jima reciente),0.55,0,0,2025,0.55,20.901542,-103.764986,"https://maps.google.com/?q=20.901542,-103.764986&t=k"
11167,agave cosechado (jima reciente),0.55,0,0,2026,0.38,20.881331,-103.719395,"https://maps.google.com/?q=20.881331,-103.719395&t=k"
12510,agave cosechado (jima reciente),0.55,0,0,2026,1.0,20.877114,-103.898609,"https://maps.google.com/?q=20.877114,-103.898609&t=k"
14928,agave cosechado (jima reciente),0.55,0,0,2026,0.44,20.866253,-103.782383,"https://maps.google.com/?q=20.866253,-103.782383&t=k"
7974,agave cosechado (jima reciente),0.54,0,0,2026,0.57,20.895685,-103.805219,"https://maps.google.com/?q=20.895685,-103.805219&t=k"
8193,agave cosechado (jima reciente),0.54,0,0,2023,0.33,20.894724,-103.849498,"https://maps.google.com/?q=20.894724,-103.849498&t=k"
8415,agave cosechado (jima reciente),0.54,0,0,2026,0.52,20.894306,-103.875026,"https://maps.google.com/?q=20.894306,-103.875026&t=k"
21409,agave cosechado (jima reciente),0.53,0,0,2025,0.89,20.838483,-103.691937,"https://maps.google.com/?q=20.838483,-103.691937&t=k"
33495,agave cosechado (jima reciente),0.53,0,0,2026,0.49,20.784937,-103.775111,"https://maps.google.com/?q=20.784937,-103.775111&t=k"
1637,agave cosechado (jima reciente),0.51,0,0,2026,0.53,20.9231,-103.857551,"https://maps.google.com/?q=20.9231,-103.857551&t=k"
6913,agave cosechado (jima reciente),0.51,0,0,2026,0.94,20.899302,-103.7676,"https://maps.google.com/?q=20.899302,-103.7676&t=k"
7332,agave cosechado (jima reciente),0.51,0,0,2026,0.49,20.898533,-103.85168,"https://maps.google.com/?q=20.898533,-103.85168&t=k"
8821,agave cosechado (jima reciente),0.51,0,0,2026,1.0,20.892613,-103.899457,"https://maps.google.com/?q=20.892613,-103.899457&t=k"
9436,agave cosechado (jima reciente),0.51,0,0,2025,0.63,20.889172,-103.778546,"https://maps.google.com/?q=20.889172,-103.778546&t=k"
14786,agave cosechado (jima reciente),0.51,0,0,2026,0.63,20.866568,-103.726392,"https://maps.google.com/?q=20.866568,-103.726392&t=k"
3239,agave cosechado (jima reciente),0.5,0,0,2026,0.58,20.916149,-103.87193,"https://maps.google.com/?q=20.916149,-103.87193&t=k"
12865,agave cosechado (jima reciente),0.5,0,0,2026,0.52,20.874813,-103.779335,"https://maps.google.com/?q=20.874813,-103.779335&t=k"
11646,agave cosechado (jima reciente),0.49,0,0,2025,0.45,20.879609,-103.736856,"https://maps.google.com/?q=20.879609,-103.736856&t=k"
32599,agave cosechado (jima reciente),0.49,0,0,2025,0.41,20.788748,-103.727719,"https://maps.google.com/?q=20.788748,-103.727719&t=k"
5125,agave cosechado (jima reciente),0.48,0,0,2025,0.92,20.908186,-103.88372,"https://maps.google.com/?q=20.908186,-103.88372&t=k"
11932,agave cosechado (jima reciente),0.48,0,0,2025,0.42,20.879016,-103.885473,"https://maps.google.com/?q=20.879016,-103.885473&t=k"
14513,agave cosechado (jima reciente),0.47,0,0,2025,0.55,20.867638,-103.748971,"https://maps.google.com/?q=20.867638,-103.748971&t=k"
23877,agave cosechado (jima reciente),0.47,0,0,2025,0.49,20.827527,-103.712547,"https://maps.google.com/?q=20.827527,-103.712547&t=k"
31669,agave cosechado (jima reciente),0.47,0,0,2026,0.38,20.79255,-103.740945,"https://maps.google.com/?q=20.79255,-103.740945&t=k"
7353,agave cosechado (jima reciente),0.45,0,0,2026,1.0,20.89785,-103.766699,"https://maps.google.com/?q=20.89785,-103.766699&t=k"
7917,agave cosechado (jima reciente),0.45,0,0,2026,0.56,20.896675,-103.891833,"https://maps.google.com/?q=20.896675,-103.891833&t=k"
12982,agave cosechado (jima reciente),0.45,0,0,2026,0.58,20.874439,-103.816105,"https://maps.google.com/?q=20.874439,-103.816105&t=k"
23155,agave cosechado (jima reciente),0.45,0,0,2026,0.49,20.831101,-103.762342,"https://maps.google.com/?q=20.831101,-103.762342&t=k"
18040,agave cosechado (jima reciente),0.44,0,0,2026,0.5,20.853465,-103.775518,"https://maps.google.com/?q=20.853465,-103.775518&t=k"
24069,agave cosechado (jima reciente),0.43,0,0,2026,0.33,20.826496,-103.713613,"https://maps.google.com/?q=20.826496,-103.713613&t=k"
5605,agave cosechado (jima reciente),0.42,0,0,2025,0.48,20.905528,-103.791777,"https://maps.google.com/?q=20.905528,-103.791777&t=k"
6946,agave cosechado (jima reciente),0.42,0,0,2024,0.43,20.899706,-103.851575,"https://maps.google.com/?q=20.899706,-103.851575&t=k"
8396,agave cosechado (jima reciente),0.42,0,0,2026,0.55,20.893821,-103.849601,"https://maps.google.com/?q=20.893821,-103.849601&t=k"
9163,agave cosechado (jima reciente),0.42,0,0,2023,0.71,20.890966,-103.848277,"https://maps.google.com/?q=20.890966,-103.848277&t=k"
14072,agave cosechado (jima reciente),0.42,0,0,2026,0.79,20.86962,-103.74213,"https://maps.google.com/?q=20.86962,-103.74213&t=k"
6306,agave cosechado (jima reciente),0.41,0,0,2025,0.9,20.901868,-103.766329,"https://maps.google.com/?q=20.901868,-103.766329&t=k"
6842,agave cosechado (jima reciente),0.41,0,0,2026,0.49,20.899932,-103.767306,"https://maps.google.com/?q=20.899932,-103.767306&t=k"
15133,agave cosechado (jima reciente),0.41,0,0,2026,0.46,20.866594,-103.899551,"https://maps.google.com/?q=20.866594,-103.899551&t=k"
21215,agave cosechado (jima reciente),0.41,0,0,2026,0.54,20.839753,-103.746991,"https://maps.google.com/?q=20.839753,-103.746991&t=k"
22551,agave cosechado (jima reciente),0.41,0,0,2026,0.63,20.833669,-103.712351,"https://maps.google.com/?q=20.833669,-103.712351&t=k"
24339,agave cosechado (jima reciente),0.41,0,0,2025,0.66,20.825763,-103.712226,"https://maps.google.com/?q=20.825763,-103.712226&t=k"
32490,agave cosechado (jima reciente),0.41,0,0,2026,0.95,20.788845,-103.680694,"https://maps.google.com/?q=20.788845,-103.680694&t=k"
1833,agave cosechado (jima reciente),0.4,0,0,2026,0.62,20.92262,-103.846593,"https://maps.google.com/?q=20.92262,-103.846593&t=k"
6650,agave cosechado (jima reciente),0.4,0,0,2024,0.65,20.90177,-103.897468,"https://maps.google.com/?q=20.90177,-103.897468&t=k"
33773,agave cosechado (jima reciente),0.4,0,0,2025,0.48,20.783438,-103.74885,"https://maps.google.com/?q=20.783438,-103.74885&t=k"
4302,agave cosechado (jima reciente),0.39,0,0,2026,0.95,20.911264,-103.85067,"https://maps.google.com/?q=20.911264,-103.85067&t=k"
7412,agave cosechado (jima reciente),0.39,0,0,2026,0.51,20.898006,-103.801259,"https://maps.google.com/?q=20.898006,-103.801259&t=k"
18411,agave cosechado (jima reciente),0.39,0,0,2025,0.79,20.851924,-103.800231,"https://maps.google.com/?q=20.851924,-103.800231&t=k"
26214,agave cosechado (jima reciente),0.39,0,0,2026,0.51,20.817228,-103.694571,"https://maps.google.com/?q=20.817228,-103.694571&t=k"
1993,agave cosechado (jima reciente),0.38,0,0,2026,0.61,20.920991,-103.846076,"https://maps.google.com/?q=20.920991,-103.846076&t=k"
5231,agave cosechado (jima reciente),0.38,0,0,2024,0.42,20.907539,-103.847525,"https://maps.google.com/?q=20.907539,-103.847525&t=k"
6608,agave cosechado (jima reciente),0.38,0,0,2024,0.63,20.901901,-103.896649,"https://maps.google.com/?q=20.901901,-103.896649&t=k"
6860,agave cosechado (jima reciente),0.38,0,0,2024,1.0,20.899162,-103.688095,"https://maps.google.com/?q=20.899162,-103.688095&t=k"
19772,agave cosechado (jima reciente),0.38,0,0,2026,0.68,20.845977,-103.751889,"https://maps.google.com/?q=20.845977,-103.751889&t=k"
19792,agave cosechado (jima reciente),0.38,0,0,2026,0.97,20.846161,-103.752368,"https://maps.google.com/?q=20.846161,-103.752368&t=k"
22689,agave cosechado (jima reciente),0.38,0,0,2026,0.66,20.832862,-103.713127,"https://maps.google.com/?q=20.832862,-103.713127&t=k"
1764,agave cosechado (jima reciente),0.37,0,0,2026,0.73,20.923014,-103.844667,"https://maps.google.com/?q=20.923014,-103.844667&t=k"
5979,agave cosechado (jima reciente),0.37,0,0,2026,0.49,20.903805,-103.829863,"https://maps.google.com/?q=20.903805,-103.829863&t=k"
7273,agave cosechado (jima reciente),0.37,0,0,2024,0.68,20.898647,-103.855284,"https://maps.google.com/?q=20.898647,-103.855284&t=k"
10164,agave cosechado (jima reciente),0.37,0,0,2026,0.49,20.886964,-103.899114,"https://maps.google.com/?q=20.886964,-103.899114&t=k"
10238,agave cosechado (jima reciente),0.37,0,0,2026,0.49,20.886653,-103.899789,"https://maps.google.com/?q=20.886653,-103.899789&t=k"
11268,agave cosechado (jima reciente),0.37,0,0,2026,1.0,20.881308,-103.728335,"https://maps.google.com/?q=20.881308,-103.728335&t=k"
12438,agave cosechado (jima reciente),0.37,0,0,2026,0.86,20.876583,-103.78677,"https://maps.google.com/?q=20.876583,-103.78677&t=k"
1676,agave cosechado (jima reciente),0.36,0,0,2026,0.56,20.923526,-103.853701,"https://maps.google.com/?q=20.923526,-103.853701&t=k"
6075,agave cosechado (jima reciente),0.36,0,0,2025,0.89,20.903128,-103.765742,"https://maps.google.com/?q=20.903128,-103.765742&t=k"
8197,agave cosechado (jima reciente),0.36,0,0,2025,0.44,20.894679,-103.797103,"https://maps.google.com/?q=20.894679,-103.797103&t=k"
9187,agave cosechado (jima reciente),0.36,0,0,2026,0.58,20.89042,-103.782573,"https://maps.google.com/?q=20.89042,-103.782573&t=k"
5442,agave cosechado (jima reciente),0.35,0,0,2026,0.74,20.905873,-103.751875,"https://maps.google.com/?q=20.905873,-103.751875&t=k"
6063,agave cosechado (jima reciente),0.34,0,0,2026,0.56,20.903369,-103.893226,"https://maps.google.com/?q=20.903369,-103.893226&t=k"
6334,agave cosechado (jima reciente),0.34,0,0,2025,0.88,20.90287,-103.892941,"https://maps.google.com/?q=20.90287,-103.892941&t=k"
6702,agave cosechado (jima reciente),0.34,0,0,2024,0.65,20.901202,-103.845651,"https://maps.google.com/?q=20.901202,-103.845651&t=k"
7060,agave cosechado (jima reciente),0.34,0,0,2025,1.0,20.898611,-103.686899,"https://maps.google.com/?q=20.898611,-103.686899&t=k"
7657,agave cosechado (jima reciente),0.34,0,0,2025,0.47,20.896811,-103.791943,"https://maps.google.com/?q=20.896811,-103.791943&t=k"
7955,agave cosechado (jima reciente),0.34,0,0,2026,0.53,20.895078,-103.727498,"https://maps.google.com/?q=20.895078,-103.727498&t=k"
13626,agave cosechado (jima reciente),0.34,0,0,2026,0.5,20.872461,-103.898595,"https://maps.google.com/?q=20.872461,-103.898595&t=k"
18726,agave cosechado (jima reciente),0.34,0,0,2026,0.53,20.850306,-103.763338,"https://maps.google.com/?q=20.850306,-103.763338&t=k"
27545,agave cosechado (jima reciente),0.34,0,0,2025,0.71,20.811365,-103.762791,"https://maps.google.com/?q=20.811365,-103.762791&t=k"
34281,agave cosechado (jima reciente),0.34,0,0,2025,0.56,20.781469,-103.757608,"https://maps.google.com/?q=20.781469,-103.757608&t=k"
2042,agave cosechado (jima reciente),0.33,0,0,2026,0.55,20.922101,-103.890973,"https://maps.google.com/?q=20.922101,-103.890973&t=k"
7249,agave cosechado (jima reciente),0.33,0,0,2026,0.58,20.898911,-103.854177,"https://maps.google.com/?q=20.898911,-103.854177&t=k"
10117,agave cosechado (jima reciente),0.33,0,0,2026,0.67,20.887095,-103.898392,"https://maps.google.com/?q=20.887095,-103.898392&t=k"
5188,agave cosechado (jima reciente),0.32,0,0,2024,0.94,20.907573,-103.839208,"https://maps.google.com/?q=20.907573,-103.839208&t=k"
6209,agave cosechado (jima reciente),0.32,0,0,2025,0.84,20.903593,-103.892839,"https://maps.google.com/?q=20.903593,-103.892839&t=k"
6607,agave cosechado (jima reciente),0.32,0,0,2025,0.72,20.901813,-103.897083,"https://maps.google.com/?q=20.901813,-103.897083&t=k"
8034,agave cosechado (jima reciente),0.32,0,0,2026,0.62,20.895127,-103.727978,"https://maps.google.com/?q=20.895127,-103.727978&t=k"
8315,agave cosechado (jima reciente),0.32,0,0,2025,0.75,20.89464,-103.810899,"https://maps.google.com/?q=20.89464,-103.810899&t=k"
12370,agave cosechado (jima reciente),0.32,0,0,2026,0.59,20.877049,-103.776096,"https://maps.google.com/?q=20.877049,-103.776096&t=k"
10513,agave cosechado (jima reciente),0.3,0,0,2026,0.9,20.884333,-103.728165,"https://maps.google.com/?q=20.884333,-103.728165&t=k"
12309,agave cosechado (jima reciente),0.3,0,0,2024,0.77,20.877902,-103.867217,"https://maps.google.com/?q=20.877902,-103.867217&t=k"
33547,agave en pie,2.5,2018,8,0,0.57,20.784057,-103.734723,"https://maps.google.com/?q=20.784057,-103.734723&t=k"
6407,agave en pie,2.25,2018,8,0,1.0,20.900691,-103.687265,"https://maps.google.com/?q=20.900691,-103.687265&t=k"
7566,agave en pie,2.11,2018,8,0,0.48,20.897017,-103.84799,"https://maps.google.com/?q=20.897017,-103.84799&t=k"
17951,agave en pie,1.99,2018,8,0,0.54,20.853483,-103.765427,"https://maps.google.com/?q=20.853483,-103.765427&t=k"
7002,agave en pie,1.86,2018,8,0,0.95,20.899536,-103.853163,"https://maps.google.com/?q=20.899536,-103.853163&t=k"
9618,agave en pie,1.81,2018,8,0,0.43,20.887674,-103.691992,"https://maps.google.com/?q=20.887674,-103.691992&t=k"
13378,agave en pie,1.8,2018,8,0,0.91,20.872605,-103.872159,"https://maps.google.com/?q=20.872605,-103.872159&t=k"
7169,agave en pie,1.77,2018,8,0,0.86,20.897486,-103.693349,"https://maps.google.com/?q=20.897486,-103.693349&t=k"
10170,agave en pie,1.59,2018,8,0,0.51,20.886243,-103.851293,"https://maps.google.com/?q=20.886243,-103.851293&t=k"
5545,agave en pie,1.44,2018,8,0,0.71,20.905035,-103.736163,"https://maps.google.com/?q=20.905035,-103.736163&t=k"
30232,agave en pie,1.39,2018,8,0,0.66,20.798233,-103.691516,"https://maps.google.com/?q=20.798233,-103.691516&t=k"
30297,agave en pie,1.33,2018,8,0,0.7,20.798183,-103.757711,"https://maps.google.com/?q=20.798183,-103.757711&t=k"
11033,agave en pie,1.28,2018,8,0,0.51,20.881574,-103.733716,"https://maps.google.com/?q=20.881574,-103.733716&t=k"
30295,agave en pie,1.25,2018,8,0,0.58,20.798334,-103.759871,"https://maps.google.com/?q=20.798334,-103.759871&t=k"
33661,agave en pie,1.24,2018,8,0,0.51,20.783734,-103.752354,"https://maps.google.com/?q=20.783734,-103.752354&t=k"
2306,agave en pie,1.23,2018,8,0,0.67,20.919384,-103.722005,"https://maps.google.com/?q=20.919384,-103.722005&t=k"
9851,agave en pie,1.22,2018,8,0,0.42,20.886783,-103.785631,"https://maps.google.com/?q=20.886783,-103.785631&t=k"
30344,agave en pie,1.19,2018,8,0,0.86,20.798007,-103.721493,"https://maps.google.com/?q=20.798007,-103.721493&t=k"
14357,agave en pie,1.17,2018,8,0,0.49,20.86812,-103.740797,"https://maps.google.com/?q=20.86812,-103.740797&t=k"
8105,agave en pie,1.15,2018,8,0,0.66,20.89507,-103.847236,"https://maps.google.com/?q=20.89507,-103.847236&t=k"
6539,agave en pie,1.13,2018,8,0,0.98,20.900136,-103.685491,"https://maps.google.com/?q=20.900136,-103.685491&t=k"
12389,agave en pie,1.13,2018,8,0,0.51,20.877245,-103.870202,"https://maps.google.com/?q=20.877245,-103.870202&t=k"
2525,agave en pie,1.08,2018,8,0,0.88,20.918244,-103.720572,"https://maps.google.com/?q=20.918244,-103.720572&t=k"
30579,agave en pie,1.07,2018,8,0,0.5,20.797468,-103.758822,"https://maps.google.com/?q=20.797468,-103.758822&t=k"
8371,agave en pie,1.06,2018,8,0,0.6,20.894169,-103.847627,"https://maps.google.com/?q=20.894169,-103.847627&t=k"
7266,agave en pie,1.05,2018,8,0,0.55,20.897641,-103.725794,"https://maps.google.com/?q=20.897641,-103.725794&t=k"
8840,agave en pie,1.04,2018,8,0,0.32,20.890895,-103.688023,"https://maps.google.com/?q=20.890895,-103.688023&t=k"
9614,agave en pie,1.04,2018,8,0,0.45,20.887699,-103.701269,"https://maps.google.com/?q=20.887699,-103.701269&t=k"
33855,agave en pie,1.03,2018,8,0,0.74,20.782826,-103.751641,"https://maps.google.com/?q=20.782826,-103.751641&t=k"
10217,agave en pie,1.0,2018,8,0,0.6,20.88527,-103.708547,"https://maps.google.com/?q=20.88527,-103.708547&t=k"
11082,agave en pie,1.0,2018,8,0,0.96,20.881795,-103.733089,"https://maps.google.com/?q=20.881795,-103.733089&t=k"
7231,agave en pie,0.98,2018,8,0,0.41,20.897916,-103.750931,"https://maps.google.com/?q=20.897916,-103.750931&t=k"
6944,agave en pie,0.97,2018,8,0,0.69,20.899997,-103.854457,"https://maps.google.com/?q=20.899997,-103.854457&t=k"
8442,agave en pie,0.95,2018,8,0,0.92,20.893799,-103.84638,"https://maps.google.com/?q=20.893799,-103.84638&t=k"
11522,agave en pie,0.95,2018,8,0,0.66,20.880219,-103.764728,"https://maps.google.com/?q=20.880219,-103.764728&t=k"
34134,agave en pie,0.94,2018,8,0,0.67,20.781769,-103.76164,"https://maps.google.com/?q=20.781769,-103.76164&t=k"
7267,agave en pie,0.91,2018,8,0,0.43,20.897456,-103.725219,"https://maps.google.com/?q=20.897456,-103.725219&t=k"
19214,agave en pie,0.89,2018,8,0,0.69,20.848494,-103.787812,"https://maps.google.com/?q=20.848494,-103.787812&t=k"
6926,agave en pie,0.86,2018,8,0,0.49,20.899705,-103.851287,"https://maps.google.com/?q=20.899705,-103.851287&t=k"
12836,agave en pie,0.86,2018,8,0,0.56,20.874339,-103.708593,"https://maps.google.com/?q=20.874339,-103.708593&t=k"
5528,agave en pie,0.84,2018,8,0,0.74,20.905298,-103.836726,"https://maps.google.com/?q=20.905298,-103.836726&t=k"
6311,agave en pie,0.81,2018,8,0,0.33,20.901554,-103.717637,"https://maps.google.com/?q=20.901554,-103.717637&t=k"
16191,agave en pie,0.8,2018,8,0,0.78,20.862031,-103.89944,"https://maps.google.com/?q=20.862031,-103.89944&t=k"
10104,agave en pie,0.77,2018,8,0,0.79,20.886174,-103.708684,"https://maps.google.com/?q=20.886174,-103.708684&t=k"
5576,agave en pie,0.76,2018,8,0,0.33,20.905443,-103.831485,"https://maps.google.com/?q=20.905443,-103.831485&t=k"
7173,agave en pie,0.76,2018,8,0,0.55,20.898615,-103.850526,"https://maps.google.com/?q=20.898615,-103.850526&t=k"
245,agave en pie,0.75,2018,8,0,0.52,20.930381,-103.858794,"https://maps.google.com/?q=20.930381,-103.858794&t=k"
22496,agave en pie,0.73,2018,8,0,0.52,20.833386,-103.681123,"https://maps.google.com/?q=20.833386,-103.681123&t=k"
22088,agave en pie,0.72,2018,8,0,0.69,20.835453,-103.679759,"https://maps.google.com/?q=20.835453,-103.679759&t=k"
19267,agave en pie,0.71,2018,8,0,0.76,20.847865,-103.726069,"https://maps.google.com/?q=20.847865,-103.726069&t=k"
7264,agave en pie,0.65,2018,8,0,0.85,20.897994,-103.736943,"https://maps.google.com/?q=20.897994,-103.736943&t=k"
7333,agave en pie,0.63,2018,8,0,0.57,20.897975,-103.849425,"https://maps.google.com/?q=20.897975,-103.849425&t=k"
7323,agave en pie,0.61,2018,8,0,0.49,20.897361,-103.75531,"https://maps.google.com/?q=20.897361,-103.75531&t=k"
8044,agave en pie,0.61,2018,8,0,0.64,20.895095,-103.798446,"https://maps.google.com/?q=20.895095,-103.798446&t=k"
28948,agave en pie,0.59,2018,8,0,0.85,20.805023,-103.779273,"https://maps.google.com/?q=20.805023,-103.779273&t=k"
751,agave en pie,0.58,2018,8,0,0.48,20.927782,-103.84838,"https://maps.google.com/?q=20.927782,-103.84838&t=k"
8060,agave en pie,0.55,2018,8,0,0.62,20.895065,-103.846563,"https://maps.google.com/?q=20.895065,-103.846563&t=k"
32571,agave en pie,0.55,2018,8,0,0.45,20.788475,-103.733485,"https://maps.google.com/?q=20.788475,-103.733485&t=k"
6126,agave en pie,0.54,2018,8,0,0.93,20.902848,-103.733537,"https://maps.google.com/?q=20.902848,-103.733537&t=k"
23203,agave en pie,0.53,2018,8,0,0.57,20.830635,-103.717422,"https://maps.google.com/?q=20.830635,-103.717422&t=k"
11117,agave en pie,0.52,2018,8,0,0.81,20.88192,-103.701607,"https://maps.google.com/?q=20.88192,-103.701607&t=k"
30435,agave en pie,0.52,2018,8,0,0.85,20.798007,-103.758385,"https://maps.google.com/?q=20.798007,-103.758385&t=k"
10585,agave en pie,0.5,2018,8,0,0.46,20.884613,-103.811026,"https://maps.google.com/?q=20.884613,-103.811026&t=k"
33853,agave en pie,0.5,2018,8,0,0.9,20.783709,-103.761384,"https://maps.google.com/?q=20.783709,-103.761384&t=k"
14533,agave en pie,0.49,2018,8,0,0.57,20.8679,-103.772758,"https://maps.google.com/?q=20.8679,-103.772758&t=k"
25614,agave en pie,0.49,2018,8,0,0.67,20.820341,-103.767379,"https://maps.google.com/?q=20.820341,-103.767379&t=k"
32775,agave en pie,0.49,2018,8,0,0.53,20.787427,-103.714089,"https://maps.google.com/?q=20.787427,-103.714089&t=k"
9826,agave en pie,0.46,2018,8,0,0.61,20.887465,-103.786202,"https://maps.google.com/?q=20.887465,-103.786202&t=k"
10116,agave en pie,0.46,2018,8,0,0.3,20.885986,-103.707676,"https://maps.google.com/?q=20.885986,-103.707676&t=k"
11724,agave en pie,0.46,2018,8,0,0.63,20.879594,-103.765694,"https://maps.google.com/?q=20.879594,-103.765694&t=k"
31681,agave en pie,0.46,2018,8,0,0.74,20.792334,-103.682152,"https://maps.google.com/?q=20.792334,-103.682152&t=k"
30387,agave en pie,0.45,2018,8,0,0.84,20.7984,-103.719712,"https://maps.google.com/?q=20.7984,-103.719712&t=k"
30600,agave en pie,0.45,2018,8,0,0.62,20.797248,-103.75964,"https://maps.google.com/?q=20.797248,-103.75964&t=k"
6555,agave en pie,0.44,2018,8,0,0.43,20.900037,-103.726158,"https://maps.google.com/?q=20.900037,-103.726158&t=k"
4213,agave en pie,0.42,2018,8,0,0.76,20.911058,-103.732122,"https://maps.google.com/?q=20.911058,-103.732122&t=k"
8365,agave en pie,0.41,2018,8,0,0.34,20.893429,-103.718379,"https://maps.google.com/?q=20.893429,-103.718379&t=k"
11062,agave en pie,0.41,2018,8,0,0.78,20.881655,-103.732562,"https://maps.google.com/?q=20.881655,-103.732562&t=k"
34507,agave en pie,0.41,2018,8,0,0.54,20.780536,-103.759825,"https://maps.google.com/?q=20.780536,-103.759825&t=k"
6832,agave en pie,0.4,2018,8,0,1.0,20.900781,-103.863585,"https://maps.google.com/?q=20.900781,-103.863585&t=k"
7064,agave en pie,0.4,2018,8,0,0.8,20.899114,-103.850858,"https://maps.google.com/?q=20.899114,-103.850858&t=k"
25517,agave en pie,0.4,2018,8,0,0.92,20.820497,-103.702806,"https://maps.google.com/?q=20.820497,-103.702806&t=k"
15804,agave en pie,0.39,2018,8,0,0.41,20.863378,-103.884243,"https://maps.google.com/?q=20.863378,-103.884243&t=k"
7093,agave en pie,0.38,2018,8,0,0.53,20.899261,-103.852444,"https://maps.google.com/?q=20.899261,-103.852444&t=k"
8518,agave en pie,0.38,2018,8,0,0.42,20.892638,-103.703245,"https://maps.google.com/?q=20.892638,-103.703245&t=k"
17703,agave en pie,0.38,2018,8,0,0.66,20.855159,-103.784972,"https://maps.google.com/?q=20.855159,-103.784972&t=k"
30276,agave en pie,0.38,2018,8,0,0.47,20.79885,-103.756264,"https://maps.google.com/?q=20.79885,-103.756264&t=k"
34555,agave en pie,0.38,2018,8,0,0.32,20.780765,-103.766499,"https://maps.google.com/?q=20.780765,-103.766499&t=k"
682,agave en pie,0.37,2018,8,0,0.49,20.92865,-103.890828,"https://maps.google.com/?q=20.92865,-103.890828&t=k"
4450,agave en pie,0.37,2018,8,0,0.51,20.909879,-103.713432,"https://maps.google.com/?q=20.909879,-103.713432&t=k"
7858,agave en pie,0.36,2018,8,0,0.47,20.895881,-103.846893,"https://maps.google.com/?q=20.895881,-103.846893&t=k"
30382,agave en pie,0.36,2018,8,0,1.0,20.798371,-103.75867,"https://maps.google.com/?q=20.798371,-103.75867&t=k"
30420,agave en pie,0.35,2018,8,0,1.0,20.798555,-103.759245,"https://maps.google.com/?q=20.798555,-103.759245&t=k"
33023,agave en pie,0.35,2018,8,0,0.83,20.786936,-103.739166,"https://maps.google.com/?q=20.786936,-103.739166&t=k"
504,agave en pie,0.34,2018,8,0,0.71,20.929137,-103.86188,"https://maps.google.com/?q=20.929137,-103.86188&t=k"
8167,agave en pie,0.34,2018,8,0,0.38,20.894072,-103.719768,"https://maps.google.com/?q=20.894072,-103.719768&t=k"
14381,agave en pie,0.33,2018,8,0,0.79,20.867671,-103.698942,"https://maps.google.com/?q=20.867671,-103.698942&t=k"
7270,agave en pie,0.32,2018,8,0,0.66,20.897845,-103.693106,"https://maps.google.com/?q=20.897845,-103.693106&t=k"
6148,agave en pie,0.31,2018,8,0,1.0,20.902574,-103.733251,"https://maps.google.com/?q=20.902574,-103.733251&t=k"
9404,agave en pie,0.31,2018,8,0,0.58,20.888731,-103.706307,"https://maps.google.com/?q=20.888731,-103.706307&t=k"
23153,agave en pie,0.3,2018,8,0,0.63,20.830975,-103.76364,"https://maps.google.com/?q=20.830975,-103.76364&t=k"
30747,agave en pie,0.3,2018,8,0,1.0,20.796813,-103.718813,"https://maps.google.com/?q=20.796813,-103.718813&t=k"
4856,agave en pie,4.37,2019,7,0,0.92,20.907326,-103.765227,"https://maps.google.com/?q=20.907326,-103.765227&t=k"
11961,agave en pie,3.9,2019,7,0,0.68,20.876935,-103.754037,"https://maps.google.com/?q=20.876935,-103.754037&t=k"
14112,agave en pie,3.73,2019,7,0,0.43,20.868692,-103.757277,"https://maps.google.com/?q=20.868692,-103.757277&t=k"
6770,agave en pie,3.61,2019,7,0,0.78,20.89992,-103.863255,"https://maps.google.com/?q=20.89992,-103.863255&t=k"
20293,agave en pie,3.3,2019,7,0,0.85,20.843154,-103.700258,"https://maps.google.com/?q=20.843154,-103.700258&t=k"
17436,agave en pie,3.28,2019,7,0,0.94,20.854594,-103.744274,"https://maps.google.com/?q=20.854594,-103.744274&t=k"
6615,agave en pie,3.21,2019,7,0,0.57,20.900949,-103.875409,"https://maps.google.com/?q=20.900949,-103.875409&t=k"
7554,agave en pie,3.17,2019,7,0,0.85,20.896037,-103.759503,"https://maps.google.com/?q=20.896037,-103.759503&t=k"
13155,agave en pie,3.13,2019,7,0,0.47,20.873016,-103.755607,"https://maps.google.com/?q=20.873016,-103.755607&t=k"
14590,agave en pie,3.11,2019,7,0,0.65,20.866341,-103.708228,"https://maps.google.com/?q=20.866341,-103.708228&t=k"
25049,agave en pie,3.06,2019,7,0,0.54,20.821809,-103.7211,"https://maps.google.com/?q=20.821809,-103.7211&t=k"
28474,agave en pie,3.03,2019,7,0,0.51,20.806322,-103.686114,"https://maps.google.com/?q=20.806322,-103.686114&t=k"
18286,agave en pie,2.95,2019,7,0,0.4,20.851784,-103.799607,"https://maps.google.com/?q=20.851784,-103.799607&t=k"
14219,agave en pie,2.86,2019,7,0,0.55,20.868146,-103.744305,"https://maps.google.com/?q=20.868146,-103.744305&t=k"
5657,agave en pie,2.7,2019,7,0,0.75,20.904612,-103.828992,"https://maps.google.com/?q=20.904612,-103.828992&t=k"
8078,agave en pie,2.7,2019,7,0,0.7,20.893774,-103.734382,"https://maps.google.com/?q=20.893774,-103.734382&t=k"
32299,agave en pie,2.62,2019,7,0,0.41,20.789905,-103.781364,"https://maps.google.com/?q=20.789905,-103.781364&t=k"
31471,agave en pie,2.61,2019,7,0,0.44,20.792345,-103.689453,"https://maps.google.com/?q=20.792345,-103.689453&t=k"
22124,agave en pie,2.51,2019,7,0,0.93,20.834817,-103.708834,"https://maps.google.com/?q=20.834817,-103.708834&t=k"
9262,agave en pie,2.49,2019,7,0,0.67,20.88941,-103.761432,"https://maps.google.com/?q=20.88941,-103.761432&t=k"
8984,agave en pie,2.48,2019,7,0,0.84,20.890991,-103.879232,"https://maps.google.com/?q=20.890991,-103.879232&t=k"
7322,agave en pie,2.34,2019,7,0,0.52,20.896847,-103.7843,"https://maps.google.com/?q=20.896847,-103.7843&t=k"
16616,agave en pie,2.26,2019,7,0,0.81,20.858737,-103.754956,"https://maps.google.com/?q=20.858737,-103.754956&t=k"
2890,agave en pie,2.25,2019,7,0,0.52,20.917058,-103.832357,"https://maps.google.com/?q=20.917058,-103.832357&t=k"
18476,agave en pie,2.23,2019,7,0,0.45,20.851111,-103.762275,"https://maps.google.com/?q=20.851111,-103.762275&t=k"
11345,agave en pie,2.13,2019,7,0,0.72,20.880264,-103.758431,"https://maps.google.com/?q=20.880264,-103.758431&t=k"
10235,agave en pie,2.03,2019,7,0,0.82,20.884974,-103.729361,"https://maps.google.com/?q=20.884974,-103.729361&t=k"
81,agave en pie,2.0,2019,7,0,0.66,20.930044,-103.828987,"https://maps.google.com/?q=20.930044,-103.828987&t=k"
6801,agave en pie,1.98,2019,7,0,0.34,20.899178,-103.738135,"https://maps.google.com/?q=20.899178,-103.738135&t=k"
17516,agave en pie,1.95,2019,7,0,0.54,20.854992,-103.743069,"https://maps.google.com/?q=20.854992,-103.743069&t=k"
329,agave en pie,1.92,2019,7,0,0.98,20.929727,-103.862261,"https://maps.google.com/?q=20.929727,-103.862261&t=k"
7792,agave en pie,1.91,2019,7,0,0.93,20.895789,-103.794403,"https://maps.google.com/?q=20.895789,-103.794403&t=k"
20884,agave en pie,1.91,2019,7,0,0.74,20.840734,-103.782829,"https://maps.google.com/?q=20.840734,-103.782829&t=k"
31332,agave en pie,1.88,2019,7,0,0.43,20.793899,-103.721768,"https://maps.google.com/?q=20.793899,-103.721768&t=k"
10554,agave en pie,1.87,2019,7,0,0.53,20.884029,-103.735954,"https://maps.google.com/?q=20.884029,-103.735954&t=k"
16987,agave en pie,1.85,2019,7,0,0.49,20.857769,-103.796388,"https://maps.google.com/?q=20.857769,-103.796388&t=k"
9236,agave en pie,1.79,2019,7,0,0.74,20.889375,-103.701927,"https://maps.google.com/?q=20.889375,-103.701927&t=k"
21931,agave en pie,1.79,2019,7,0,0.44,20.836122,-103.750817,"https://maps.google.com/?q=20.836122,-103.750817&t=k"
29472,agave en pie,1.79,2019,7,0,0.68,20.80184,-103.720644,"https://maps.google.com/?q=20.80184,-103.720644&t=k"
14425,agave en pie,1.76,2019,7,0,0.57,20.867661,-103.73984,"https://maps.google.com/?q=20.867661,-103.73984&t=k"
7713,agave en pie,1.73,2019,7,0,0.49,20.895324,-103.717978,"https://maps.google.com/?q=20.895324,-103.717978&t=k"
11344,agave en pie,1.69,2019,7,0,0.53,20.880849,-103.76429,"https://maps.google.com/?q=20.880849,-103.76429&t=k"
15121,agave en pie,1.69,2019,7,0,0.77,20.864977,-103.774512,"https://maps.google.com/?q=20.864977,-103.774512&t=k"
285,agave en pie,1.68,2019,7,0,0.4,20.930299,-103.894374,"https://maps.google.com/?q=20.930299,-103.894374&t=k"
13030,agave en pie,1.67,2019,7,0,0.55,20.873767,-103.784582,"https://maps.google.com/?q=20.873767,-103.784582&t=k"
32668,agave en pie,1.67,2019,7,0,0.98,20.788237,-103.781809,"https://maps.google.com/?q=20.788237,-103.781809&t=k"
23715,agave en pie,1.65,2019,7,0,0.78,20.828322,-103.784274,"https://maps.google.com/?q=20.828322,-103.784274&t=k"
31976,agave en pie,1.65,2019,7,0,0.36,20.790877,-103.716413,"https://maps.google.com/?q=20.790877,-103.716413&t=k"
24063,agave en pie,1.64,2019,7,0,0.4,20.826786,-103.771602,"https://maps.google.com/?q=20.826786,-103.771602&t=k"
32611,agave en pie,1.64,2019,7,0,0.91,20.78808,-103.778689,"https://maps.google.com/?q=20.78808,-103.778689&t=k"
17276,agave en pie,1.63,2019,7,0,0.45,20.855941,-103.806302,"https://maps.google.com/?q=20.855941,-103.806302&t=k"
11668,agave en pie,1.61,2019,7,0,0.37,20.879002,-103.740322,"https://maps.google.com/?q=20.879002,-103.740322&t=k"
30650,agave en pie,1.6,2019,7,0,0.79,20.796309,-103.68207,"https://maps.google.com/?q=20.796309,-103.68207&t=k"
8392,agave en pie,1.58,2019,7,0,0.51,20.892687,-103.680125,"https://maps.google.com/?q=20.892687,-103.680125&t=k"
10642,agave en pie,1.58,2019,7,0,0.96,20.883702,-103.734467,"https://maps.google.com/?q=20.883702,-103.734467&t=k"
14127,agave en pie,1.58,2019,7,0,0.7,20.869602,-103.889676,"https://maps.google.com/?q=20.869602,-103.889676&t=k"
14009,agave en pie,1.57,2019,7,0,0.78,20.869507,-103.814798,"https://maps.google.com/?q=20.869507,-103.814798&t=k"
14678,agave en pie,1.55,2019,7,0,0.73,20.86643,-103.72005,"https://maps.google.com/?q=20.86643,-103.72005&t=k"
14326,agave en pie,1.54,2019,7,0,0.82,20.868014,-103.714414,"https://maps.google.com/?q=20.868014,-103.714414&t=k"
33206,agave en pie,1.53,2019,7,0,0.62,20.785799,-103.744315,"https://maps.google.com/?q=20.785799,-103.744315&t=k"
7340,agave en pie,1.5,2019,7,0,0.46,20.897752,-103.797319,"https://maps.google.com/?q=20.897752,-103.797319&t=k"
8181,agave en pie,1.5,2019,7,0,0.41,20.893239,-103.759911,"https://maps.google.com/?q=20.893239,-103.759911&t=k"
9611,agave en pie,1.5,2019,7,0,0.47,20.887798,-103.72035,"https://maps.google.com/?q=20.887798,-103.72035&t=k"
13932,agave en pie,1.49,2019,7,0,0.7,20.869515,-103.715795,"https://maps.google.com/?q=20.869515,-103.715795&t=k"
31031,agave en pie,1.48,2019,7,0,0.82,20.794738,-103.701249,"https://maps.google.com/?q=20.794738,-103.701249&t=k"
17727,agave en pie,1.47,2019,7,0,0.47,20.85411,-103.739808,"https://maps.google.com/?q=20.85411,-103.739808&t=k"
18251,agave en pie,1.47,2019,7,0,0.82,20.852187,-103.767311,"https://maps.google.com/?q=20.852187,-103.767311&t=k"
24009,agave en pie,1.47,2019,7,0,0.41,20.826667,-103.694442,"https://maps.google.com/?q=20.826667,-103.694442&t=k"
31590,agave en pie,1.47,2019,7,0,0.73,20.79256,-103.699875,"https://maps.google.com/?q=20.79256,-103.699875&t=k"
10908,agave en pie,1.46,2019,7,0,0.77,20.882236,-103.71958,"https://maps.google.com/?q=20.882236,-103.71958&t=k"
12744,agave en pie,1.46,2019,7,0,0.58,20.874327,-103.725077,"https://maps.google.com/?q=20.874327,-103.725077&t=k"
12897,agave en pie,1.46,2019,7,0,0.93,20.874253,-103.815337,"https://maps.google.com/?q=20.874253,-103.815337&t=k"
8571,agave en pie,1.45,2019,7,0,0.72,20.892496,-103.757177,"https://maps.google.com/?q=20.892496,-103.757177&t=k"
12856,agave en pie,1.45,2019,7,0,0.97,20.874942,-103.81687,"https://maps.google.com/?q=20.874942,-103.81687&t=k"
29575,agave en pie,1.44,2019,7,0,0.42,20.801625,-103.721991,"https://maps.google.com/?q=20.801625,-103.721991&t=k"
30079,agave en pie,1.44,2019,7,0,0.83,20.798906,-103.690886,"https://maps.google.com/?q=20.798906,-103.690886&t=k"
30199,agave en pie,1.44,2019,7,0,0.86,20.798179,-103.690364,"https://maps.google.com/?q=20.798179,-103.690364&t=k"
19535,agave en pie,1.43,2019,7,0,0.46,20.846536,-103.741938,"https://maps.google.com/?q=20.846536,-103.741938&t=k"
6327,agave en pie,1.42,2019,7,0,0.45,20.901364,-103.734559,"https://maps.google.com/?q=20.901364,-103.734559&t=k"
11078,agave en pie,1.42,2019,7,0,0.62,20.881837,-103.763513,"https://maps.google.com/?q=20.881837,-103.763513&t=k"
23154,agave en pie,1.41,2019,7,0,0.82,20.830423,-103.762203,"https://maps.google.com/?q=20.830423,-103.762203&t=k"
14689,agave en pie,1.39,2019,7,0,0.37,20.867189,-103.787038,"https://maps.google.com/?q=20.867189,-103.787038&t=k"
1898,agave en pie,1.36,2019,7,0,0.42,20.922169,-103.87376,"https://maps.google.com/?q=20.922169,-103.87376&t=k"
9809,agave en pie,1.34,2019,7,0,0.6,20.887489,-103.78327,"https://maps.google.com/?q=20.887489,-103.78327&t=k"
13270,agave en pie,1.34,2019,7,0,0.57,20.873127,-103.848893,"https://maps.google.com/?q=20.873127,-103.848893&t=k"
3130,agave en pie,1.33,2019,7,0,0.45,20.916443,-103.896206,"https://maps.google.com/?q=20.916443,-103.896206&t=k"
23958,agave en pie,1.33,2019,7,0,0.95,20.827575,-103.787259,"https://maps.google.com/?q=20.827575,-103.787259&t=k"
34174,agave en pie,1.33,2019,7,0,0.53,20.781557,-103.763611,"https://maps.google.com/?q=20.781557,-103.763611&t=k"
10932,agave en pie,1.32,2019,7,0,0.83,20.881824,-103.730926,"https://maps.google.com/?q=20.881824,-103.730926&t=k"
30553,agave en pie,1.3,2019,7,0,0.87,20.796788,-103.691577,"https://maps.google.com/?q=20.796788,-103.691577&t=k"
32738,agave en pie,1.3,2019,7,0,0.56,20.788094,-103.780658,"https://maps.google.com/?q=20.788094,-103.780658&t=k"
7211,agave en pie,1.29,2019,7,0,0.48,20.89772,-103.724303,"https://maps.google.com/?q=20.89772,-103.724303&t=k"
18253,agave en pie,1.29,2019,7,0,0.47,20.852115,-103.763564,"https://maps.google.com/?q=20.852115,-103.763564&t=k"
19629,agave en pie,1.29,2019,7,0,0.61,20.846357,-103.766926,"https://maps.google.com/?q=20.846357,-103.766926&t=k"
30818,agave en pie,1.29,2019,7,0,0.84,20.796077,-103.711085,"https://maps.google.com/?q=20.796077,-103.711085&t=k"
34279,agave en pie,1.29,2019,7,0,0.67,20.78136,-103.773843,"https://maps.google.com/?q=20.78136,-103.773843&t=k"
2686,agave en pie,1.28,2019,7,0,0.54,20.917315,-103.723176,"https://maps.google.com/?q=20.917315,-103.723176&t=k"
13928,agave en pie,1.28,2019,7,0,0.44,20.869697,-103.746503,"https://maps.google.com/?q=20.869697,-103.746503&t=k"
14361,agave en pie,1.28,2019,7,0,0.68,20.868033,-103.716913,"https://maps.google.com/?q=20.868033,-103.716913&t=k"
22875,agave en pie,1.28,2019,7,0,0.5,20.831016,-103.69008,"https://maps.google.com/?q=20.831016,-103.69008&t=k"
31177,agave en pie,1.28,2019,7,0,0.89,20.794384,-103.708169,"https://maps.google.com/?q=20.794384,-103.708169&t=k"
33749,agave en pie,1.28,2019,7,0,0.97,20.783351,-103.749331,"https://maps.google.com/?q=20.783351,-103.749331&t=k"
10976,agave en pie,1.27,2019,7,0,0.94,20.882439,-103.810226,"https://maps.google.com/?q=20.882439,-103.810226&t=k"
21694,agave en pie,1.27,2019,7,0,0.91,20.837164,-103.702664,"https://maps.google.com/?q=20.837164,-103.702664&t=k"
23556,agave en pie,1.26,2019,7,0,0.87,20.828298,-103.695052,"https://maps.google.com/?q=20.828298,-103.695052&t=k"
11353,agave en pie,1.25,2019,7,0,0.68,20.880293,-103.689605,"https://maps.google.com/?q=20.880293,-103.689605&t=k"
14707,agave en pie,1.23,2019,7,0,0.5,20.867222,-103.817507,"https://maps.google.com/?q=20.867222,-103.817507&t=k"
32723,agave en pie,1.23,2019,7,0,0.55,20.78794,-103.716294,"https://maps.google.com/?q=20.78794,-103.716294&t=k"
8064,agave en pie,1.22,2019,7,0,0.47,20.894696,-103.812485,"https://maps.google.com/?q=20.894696,-103.812485&t=k"
2058,agave en pie,1.2,2019,7,0,0.71,20.920993,-103.873577,"https://maps.google.com/?q=20.920993,-103.873577&t=k"
19487,agave en pie,1.19,2019,7,0,0.87,20.847209,-103.766103,"https://maps.google.com/?q=20.847209,-103.766103&t=k"
32545,agave en pie,1.19,2019,7,0,0.68,20.789091,-103.781178,"https://maps.google.com/?q=20.789091,-103.781178&t=k"
7085,agave en pie,1.18,2019,7,0,0.53,20.89848,-103.717231,"https://maps.google.com/?q=20.89848,-103.717231&t=k"
10744,agave en pie,1.18,2019,7,0,0.93,20.88343,-103.77143,"https://maps.google.com/?q=20.88343,-103.77143&t=k"
22286,agave en pie,1.18,2019,7,0,0.86,20.834633,-103.751118,"https://maps.google.com/?q=20.834633,-103.751118&t=k"
11247,agave en pie,1.17,2019,7,0,0.69,20.881125,-103.75876,"https://maps.google.com/?q=20.881125,-103.75876&t=k"
8927,agave en pie,1.16,2019,7,0,0.56,20.890577,-103.760365,"https://maps.google.com/?q=20.890577,-103.760365&t=k"
8916,agave en pie,1.15,2019,7,0,0.71,20.891307,-103.825394,"https://maps.google.com/?q=20.891307,-103.825394&t=k"
27779,agave en pie,1.15,2019,7,0,0.83,20.810167,-103.778511,"https://maps.google.com/?q=20.810167,-103.778511&t=k"
2824,agave en pie,1.14,2019,7,0,0.68,20.917435,-103.814998,"https://maps.google.com/?q=20.917435,-103.814998&t=k"
13363,agave en pie,1.14,2019,7,0,0.57,20.87298,-103.814098,"https://maps.google.com/?q=20.87298,-103.814098&t=k"
9208,agave en pie,1.13,2019,7,0,0.67,20.889838,-103.783299,"https://maps.google.com/?q=20.889838,-103.783299&t=k"
9583,agave en pie,1.13,2019,7,0,0.45,20.887963,-103.736546,"https://maps.google.com/?q=20.887963,-103.736546&t=k"
23140,agave en pie,1.12,2019,7,0,0.62,20.830306,-103.691816,"https://maps.google.com/?q=20.830306,-103.691816&t=k"
5364,agave en pie,1.11,2019,7,0,0.56,20.90683,-103.883537,"https://maps.google.com/?q=20.90683,-103.883537&t=k"
6410,agave en pie,1.1,2019,7,0,0.54,20.902022,-103.860066,"https://maps.google.com/?q=20.902022,-103.860066&t=k"
13112,agave en pie,1.1,2019,7,0,0.78,20.8739,-103.816446,"https://maps.google.com/?q=20.8739,-103.816446&t=k"
9525,agave en pie,1.09,2019,7,0,0.39,20.888214,-103.76471,"https://maps.google.com/?q=20.888214,-103.76471&t=k"
22873,agave en pie,1.09,2019,7,0,0.96,20.831683,-103.706602,"https://maps.google.com/?q=20.831683,-103.706602&t=k"
13886,agave en pie,1.07,2019,7,0,0.57,20.870927,-103.81767,"https://maps.google.com/?q=20.870927,-103.81767&t=k"
9307,agave en pie,1.06,2019,7,0,0.43,20.889681,-103.76143,"https://maps.google.com/?q=20.889681,-103.76143&t=k"
23178,agave en pie,1.06,2019,7,0,0.96,20.830446,-103.692343,"https://maps.google.com/?q=20.830446,-103.692343&t=k"
5348,agave en pie,1.04,2019,7,0,0.73,20.906243,-103.790762,"https://maps.google.com/?q=20.906243,-103.790762&t=k"
10888,agave en pie,1.04,2019,7,0,0.99,20.882754,-103.76538,"https://maps.google.com/?q=20.882754,-103.76538&t=k"
30541,agave en pie,1.03,2019,7,0,0.58,20.796782,-103.684852,"https://maps.google.com/?q=20.796782,-103.684852&t=k"
11226,agave en pie,1.02,2019,7,0,0.76,20.881421,-103.768515,"https://maps.google.com/?q=20.881421,-103.768515&t=k"
15069,agave en pie,1.02,2019,7,0,0.65,20.865833,-103.8192,"https://maps.google.com/?q=20.865833,-103.8192&t=k"
7354,agave en pie,1.01,2019,7,0,0.53,20.897337,-103.758243,"https://maps.google.com/?q=20.897337,-103.758243&t=k"
31882,agave en pie,1.01,2019,7,0,0.55,20.791712,-103.731441,"https://maps.google.com/?q=20.791712,-103.731441&t=k"
7356,agave en pie,0.99,2019,7,0,0.89,20.897388,-103.740457,"https://maps.google.com/?q=20.897388,-103.740457&t=k"
14407,agave en pie,0.99,2019,7,0,0.55,20.868109,-103.739307,"https://maps.google.com/?q=20.868109,-103.739307&t=k"
5789,agave en pie,0.98,2019,7,0,0.3,20.904245,-103.828081,"https://maps.google.com/?q=20.904245,-103.828081&t=k"
9150,agave en pie,0.98,2019,7,0,0.47,20.888777,-103.761341,"https://maps.google.com/?q=20.888777,-103.761341&t=k"
14210,agave en pie,0.98,2019,7,0,0.35,20.869427,-103.822825,"https://maps.google.com/?q=20.869427,-103.822825&t=k"
28642,agave en pie,0.98,2019,7,0,0.69,20.80624,-103.778831,"https://maps.google.com/?q=20.80624,-103.778831&t=k"
30298,agave en pie,0.98,2019,7,0,0.67,20.798495,-103.757132,"https://maps.google.com/?q=20.798495,-103.757132&t=k"
32351,agave en pie,0.98,2019,7,0,0.55,20.790095,-103.782611,"https://maps.google.com/?q=20.790095,-103.782611&t=k"
3880,agave en pie,0.97,2019,7,0,0.39,20.912339,-103.849315,"https://maps.google.com/?q=20.912339,-103.849315&t=k"
7774,agave en pie,0.97,2019,7,0,0.43,20.895738,-103.737298,"https://maps.google.com/?q=20.895738,-103.737298&t=k"
9061,agave en pie,0.97,2019,7,0,0.95,20.891304,-103.878653,"https://maps.google.com/?q=20.891304,-103.878653&t=k"
13384,agave en pie,0.97,2019,7,0,0.38,20.872353,-103.827992,"https://maps.google.com/?q=20.872353,-103.827992&t=k"
30584,agave en pie,0.96,2019,7,0,0.67,20.797439,-103.730144,"https://maps.google.com/?q=20.797439,-103.730144&t=k"
14317,agave en pie,0.95,2019,7,0,0.91,20.868749,-103.816246,"https://maps.google.com/?q=20.868749,-103.816246&t=k"
33732,agave en pie,0.95,2019,7,0,0.43,20.783621,-103.743036,"https://maps.google.com/?q=20.783621,-103.743036&t=k"
12087,agave en pie,0.94,2019,7,0,0.86,20.878016,-103.785076,"https://maps.google.com/?q=20.878016,-103.785076&t=k"
5006,agave en pie,0.93,2019,7,0,0.43,20.90743,-103.74244,"https://maps.google.com/?q=20.90743,-103.74244&t=k"
9437,agave en pie,0.93,2019,7,0,0.42,20.889116,-103.770711,"https://maps.google.com/?q=20.889116,-103.770711&t=k"
9853,agave en pie,0.93,2019,7,0,0.83,20.886888,-103.756214,"https://maps.google.com/?q=20.886888,-103.756214&t=k"
2227,agave en pie,0.92,2019,7,0,0.77,20.919884,-103.722385,"https://maps.google.com/?q=20.919884,-103.722385&t=k"
10127,agave en pie,0.92,2019,7,0,0.93,20.886679,-103.809328,"https://maps.google.com/?q=20.886679,-103.809328&t=k"
14260,agave en pie,0.92,2019,7,0,0.54,20.868811,-103.761168,"https://maps.google.com/?q=20.868811,-103.761168&t=k"
7415,agave en pie,0.91,2019,7,0,1.0,20.897476,-103.783862,"https://maps.google.com/?q=20.897476,-103.783862&t=k"
16071,agave en pie,0.91,2019,7,0,0.32,20.861811,-103.805871,"https://maps.google.com/?q=20.861811,-103.805871&t=k"
3194,agave en pie,0.9,2019,7,0,0.49,20.915302,-103.737952,"https://maps.google.com/?q=20.915302,-103.737952&t=k"
6641,agave en pie,0.9,2019,7,0,0.77,20.900399,-103.769322,"https://maps.google.com/?q=20.900399,-103.769322&t=k"
11181,agave en pie,0.9,2019,7,0,0.7,20.881802,-103.796629,"https://maps.google.com/?q=20.881802,-103.796629&t=k"
17010,agave en pie,0.9,2019,7,0,0.92,20.858012,-103.805277,"https://maps.google.com/?q=20.858012,-103.805277&t=k"
26428,agave en pie,0.9,2019,7,0,0.94,20.816095,-103.694148,"https://maps.google.com/?q=20.816095,-103.694148&t=k"
32549,agave en pie,0.9,2019,7,0,0.54,20.788894,-103.747556,"https://maps.google.com/?q=20.788894,-103.747556&t=k"
5413,agave en pie,0.89,2019,7,0,0.84,20.905907,-103.775189,"https://maps.google.com/?q=20.905907,-103.775189&t=k"
31480,agave en pie,0.89,2019,7,0,0.93,20.793064,-103.749443,"https://maps.google.com/?q=20.793064,-103.749443&t=k"
2414,agave en pie,0.88,2019,7,0,0.82,20.918672,-103.723357,"https://maps.google.com/?q=20.918672,-103.723357&t=k"
7822,agave en pie,0.88,2019,7,0,0.5,20.895669,-103.822524,"https://maps.google.com/?q=20.895669,-103.822524&t=k"
11782,agave en pie,0.88,2019,7,0,0.48,20.87858,-103.719947,"https://maps.google.com/?q=20.87858,-103.719947&t=k"
31680,agave en pie,0.88,2019,7,0,0.44,20.79207,-103.682971,"https://maps.google.com/?q=20.79207,-103.682971&t=k"
844,agave en pie,0.87,2019,7,0,1.0,20.927181,-103.826413,"https://maps.google.com/?q=20.927181,-103.826413&t=k"
3213,agave en pie,0.87,2019,7,0,0.64,20.915431,-103.832273,"https://maps.google.com/?q=20.915431,-103.832273&t=k"
5314,agave en pie,0.87,2019,7,0,0.74,20.905804,-103.730148,"https://maps.google.com/?q=20.905804,-103.730148&t=k"
7898,agave en pie,0.87,2019,7,0,0.72,20.895295,-103.769363,"https://maps.google.com/?q=20.895295,-103.769363&t=k"
8623,agave en pie,0.87,2019,7,0,0.34,20.892528,-103.879365,"https://maps.google.com/?q=20.892528,-103.879365&t=k"
14465,agave en pie,0.87,2019,7,0,0.83,20.867643,-103.713167,"https://maps.google.com/?q=20.867643,-103.713167&t=k"
6244,agave en pie,0.86,2019,7,0,0.58,20.902812,-103.816844,"https://maps.google.com/?q=20.902812,-103.816844&t=k"
9420,agave en pie,0.85,2019,7,0,0.52,20.8887,-103.702173,"https://maps.google.com/?q=20.8887,-103.702173&t=k"
14873,agave en pie,0.85,2019,7,0,1.0,20.866259,-103.75821,"https://maps.google.com/?q=20.866259,-103.75821&t=k"
6748,agave en pie,0.84,2019,7,0,0.94,20.900873,-103.863872,"https://maps.google.com/?q=20.900873,-103.863872&t=k"
18727,agave en pie,0.84,2019,7,0,0.62,20.850032,-103.762908,"https://maps.google.com/?q=20.850032,-103.762908&t=k"
7477,agave en pie,0.83,2019,7,0,0.52,20.897702,-103.889998,"https://maps.google.com/?q=20.897702,-103.889998&t=k"
23370,agave en pie,0.83,2019,7,0,0.63,20.829865,-103.76634,"https://maps.google.com/?q=20.829865,-103.76634&t=k"
1425,agave en pie,0.81,2019,7,0,0.89,20.924921,-103.893885,"https://maps.google.com/?q=20.924921,-103.893885&t=k"
3861,agave en pie,0.81,2019,7,0,1.0,20.912888,-103.850225,"https://maps.google.com/?q=20.912888,-103.850225&t=k"
5676,agave en pie,0.8,2019,7,0,0.57,20.905559,-103.882681,"https://maps.google.com/?q=20.905559,-103.882681&t=k"
16016,agave en pie,0.8,2019,7,0,0.69,20.862337,-103.897803,"https://maps.google.com/?q=20.862337,-103.897803&t=k"
32509,agave en pie,0.8,2019,7,0,0.95,20.789266,-103.78036,"https://maps.google.com/?q=20.789266,-103.78036&t=k"
10094,agave en pie,0.79,2019,7,0,0.56,20.88649,-103.782557,"https://maps.google.com/?q=20.88649,-103.782557&t=k"
11879,agave en pie,0.79,2019,7,0,0.7,20.879406,-103.862303,"https://maps.google.com/?q=20.879406,-103.862303&t=k"
24324,agave en pie,0.79,2019,7,0,0.73,20.825345,-103.686958,"https://maps.google.com/?q=20.825345,-103.686958&t=k"
6931,agave en pie,0.78,2019,7,0,0.5,20.899327,-103.771109,"https://maps.google.com/?q=20.899327,-103.771109&t=k"
33739,agave en pie,0.78,2019,7,0,0.45,20.783299,-103.705718,"https://maps.google.com/?q=20.783299,-103.705718&t=k"
7400,agave en pie,0.77,2019,7,0,0.61,20.89737,-103.719788,"https://maps.google.com/?q=20.89737,-103.719788&t=k"
23557,agave en pie,0.77,2019,7,0,0.92,20.828205,-103.694621,"https://maps.google.com/?q=20.828205,-103.694621&t=k"
6313,agave en pie,0.76,2019,7,0,0.5,20.901524,-103.695766,"https://maps.google.com/?q=20.901524,-103.695766&t=k"
6877,agave en pie,0.76,2019,7,0,0.67,20.900332,-103.810951,"https://maps.google.com/?q=20.900332,-103.810951&t=k"
13961,agave en pie,0.76,2019,7,0,0.72,20.870387,-103.818059,"https://maps.google.com/?q=20.870387,-103.818059&t=k"
2656,agave en pie,0.75,2019,7,0,0.48,20.918107,-103.847156,"https://maps.google.com/?q=20.918107,-103.847156&t=k"
15445,agave en pie,0.75,2019,7,0,0.93,20.864286,-103.817626,"https://maps.google.com/?q=20.864286,-103.817626&t=k"
22746,agave en pie,0.75,2019,7,0,0.67,20.832616,-103.765693,"https://maps.google.com/?q=20.832616,-103.765693&t=k"
31676,agave en pie,0.75,2019,7,0,1.0,20.792276,-103.698244,"https://maps.google.com/?q=20.792276,-103.698244&t=k"
32191,agave en pie,0.75,2019,7,0,0.73,20.790206,-103.78554,"https://maps.google.com/?q=20.790206,-103.78554&t=k"
9832,agave en pie,0.74,2019,7,0,0.31,20.88718,-103.765392,"https://maps.google.com/?q=20.88718,-103.765392&t=k"
25493,agave en pie,0.74,2019,7,0,0.53,20.820981,-103.79375,"https://maps.google.com/?q=20.820981,-103.79375&t=k"
10328,agave en pie,0.73,2019,7,0,0.55,20.884262,-103.736913,"https://maps.google.com/?q=20.884262,-103.736913&t=k"
14710,agave en pie,0.73,2019,7,0,0.59,20.867038,-103.765893,"https://maps.google.com/?q=20.867038,-103.765893&t=k"
22969,agave en pie,0.73,2019,7,0,1.0,20.831201,-103.690655,"https://maps.google.com/?q=20.831201,-103.690655&t=k"
32673,agave en pie,0.73,2019,7,0,0.67,20.788465,-103.744389,"https://maps.google.com/?q=20.788465,-103.744389&t=k"
14712,agave en pie,0.72,2019,7,0,0.72,20.867215,-103.753012,"https://maps.google.com/?q=20.867215,-103.753012&t=k"
19997,agave en pie,0.72,2019,7,0,0.43,20.845145,-103.768042,"https://maps.google.com/?q=20.845145,-103.768042&t=k"
30120,agave en pie,0.72,2019,7,0,0.4,20.799127,-103.696216,"https://maps.google.com/?q=20.799127,-103.696216&t=k"
7092,agave en pie,0.71,2019,7,0,1.0,20.898958,-103.861291,"https://maps.google.com/?q=20.898958,-103.861291&t=k"
10380,agave en pie,0.71,2019,7,0,0.97,20.884784,-103.686298,"https://maps.google.com/?q=20.884784,-103.686298&t=k"
6799,agave en pie,0.7,2019,7,0,0.94,20.900135,-103.770381,"https://maps.google.com/?q=20.900135,-103.770381&t=k"
5707,agave en pie,0.69,2019,7,0,0.46,20.904815,-103.806012,"https://maps.google.com/?q=20.904815,-103.806012&t=k"
23788,agave en pie,0.69,2019,7,0,0.87,20.828497,-103.764525,"https://maps.google.com/?q=20.828497,-103.764525&t=k"
5872,agave en pie,0.68,2019,7,0,0.84,20.903682,-103.761075,"https://maps.google.com/?q=20.903682,-103.761075&t=k"
11853,agave en pie,0.68,2019,7,0,0.53,20.878821,-103.783916,"https://maps.google.com/?q=20.878821,-103.783916&t=k"
23022,agave en pie,0.68,2019,7,0,0.78,20.831685,-103.761905,"https://maps.google.com/?q=20.831685,-103.761905&t=k"
32235,agave en pie,0.68,2019,7,0,0.82,20.790575,-103.786594,"https://maps.google.com/?q=20.790575,-103.786594&t=k"
32270,agave en pie,0.68,2019,7,0,0.81,20.789739,-103.697257,"https://maps.google.com/?q=20.789739,-103.697257&t=k"
8432,agave en pie,0.67,2019,7,0,0.78,20.893399,-103.757025,"https://maps.google.com/?q=20.893399,-103.757025&t=k"
9827,agave en pie,0.67,2019,7,0,0.58,20.88787,-103.779662,"https://maps.google.com/?q=20.88787,-103.779662&t=k"
26103,agave en pie,0.67,2019,7,0,0.37,20.817394,-103.692648,"https://maps.google.com/?q=20.817394,-103.692648&t=k"
7015,agave en pie,0.66,2019,7,0,0.64,20.899144,-103.758276,"https://maps.google.com/?q=20.899144,-103.758276&t=k"
11271,agave en pie,0.66,2019,7,0,0.44,20.880796,-103.690466,"https://maps.google.com/?q=20.880796,-103.690466&t=k"
14693,agave en pie,0.66,2019,7,0,0.64,20.866586,-103.704718,"https://maps.google.com/?q=20.866586,-103.704718&t=k"
20902,agave en pie,0.66,2019,7,0,0.89,20.840972,-103.784605,"https://maps.google.com/?q=20.840972,-103.784605&t=k"
3044,agave en pie,0.65,2019,7,0,0.71,20.917071,-103.895433,"https://maps.google.com/?q=20.917071,-103.895433&t=k"
12546,agave en pie,0.65,2019,7,0,0.62,20.876078,-103.766732,"https://maps.google.com/?q=20.876078,-103.766732&t=k"
6240,agave en pie,0.64,2019,7,0,1.0,20.902541,-103.863427,"https://maps.google.com/?q=20.902541,-103.863427&t=k"
25952,agave en pie,0.64,2019,7,0,0.53,20.818035,-103.687838,"https://maps.google.com/?q=20.818035,-103.687838&t=k"
34674,agave en pie,0.64,2019,7,0,0.45,20.779735,-103.774049,"https://maps.google.com/?q=20.779735,-103.774049&t=k"
2077,agave en pie,0.63,2019,7,0,1.0,20.921628,-103.873956,"https://maps.google.com/?q=20.921628,-103.873956&t=k"
6628,agave en pie,0.63,2019,7,0,0.97,20.90094,-103.769221,"https://maps.google.com/?q=20.90094,-103.769221&t=k"
10555,agave en pie,0.63,2019,7,0,0.48,20.884023,-103.735089,"https://maps.google.com/?q=20.884023,-103.735089&t=k"
14042,agave en pie,0.63,2019,7,0,0.6,20.868919,-103.745068,"https://maps.google.com/?q=20.868919,-103.745068&t=k"
5352,agave en pie,0.62,2019,7,0,0.87,20.906416,-103.776964,"https://maps.google.com/?q=20.906416,-103.776964&t=k"
8689,agave en pie,0.62,2019,7,0,0.58,20.892176,-103.756603,"https://maps.google.com/?q=20.892176,-103.756603&t=k"
23323,agave en pie,0.62,2019,7,0,0.63,20.83023,-103.766818,"https://maps.google.com/?q=20.83023,-103.766818&t=k"
25090,agave en pie,0.62,2019,7,0,0.81,20.822213,-103.702696,"https://maps.google.com/?q=20.822213,-103.702696&t=k"
30542,agave en pie,0.62,2019,7,0,0.58,20.795403,-103.681837,"https://maps.google.com/?q=20.795403,-103.681837&t=k"
31072,agave en pie,0.62,2019,7,0,0.81,20.794888,-103.709126,"https://maps.google.com/?q=20.794888,-103.709126&t=k"
31922,agave en pie,0.62,2019,7,0,0.9,20.79087,-103.691532,"https://maps.google.com/?q=20.79087,-103.691532&t=k"
32518,agave en pie,0.62,2019,7,0,0.89,20.788811,-103.711964,"https://maps.google.com/?q=20.788811,-103.711964&t=k"
8127,agave en pie,0.61,2019,7,0,0.82,20.895302,-103.882277,"https://maps.google.com/?q=20.895302,-103.882277&t=k"
13428,agave en pie,0.61,2019,7,0,0.39,20.872855,-103.815589,"https://maps.google.com/?q=20.872855,-103.815589&t=k"
33706,agave en pie,0.61,2019,7,0,0.75,20.782975,-103.72282,"https://maps.google.com/?q=20.782975,-103.72282&t=k"
216,agave en pie,0.6,2019,7,0,0.43,20.930972,-103.8936,"https://maps.google.com/?q=20.930972,-103.8936&t=k"
6459,agave en pie,0.6,2019,7,0,0.83,20.901588,-103.758881,"https://maps.google.com/?q=20.901588,-103.758881&t=k"
9078,agave en pie,0.6,2019,7,0,0.87,20.890609,-103.740081,"https://maps.google.com/?q=20.890609,-103.740081&t=k"
11257,agave en pie,0.6,2019,7,0,0.7,20.881185,-103.705987,"https://maps.google.com/?q=20.881185,-103.705987&t=k"
12876,agave en pie,0.6,2019,7,0,0.73,20.875334,-103.895786,"https://maps.google.com/?q=20.875334,-103.895786&t=k"
13142,agave en pie,0.6,2019,7,0,0.45,20.874259,-103.897188,"https://maps.google.com/?q=20.874259,-103.897188&t=k"
33502,agave en pie,0.6,2019,7,0,0.37,20.78469,-103.747158,"https://maps.google.com/?q=20.78469,-103.747158&t=k"
17312,agave en pie,0.59,2019,7,0,0.39,20.856271,-103.745028,"https://maps.google.com/?q=20.856271,-103.745028&t=k"
30643,agave en pie,0.59,2019,7,0,0.59,20.796883,-103.71007,"https://maps.google.com/?q=20.796883,-103.71007&t=k"
31810,agave en pie,0.59,2019,7,0,0.78,20.791801,-103.695078,"https://maps.google.com/?q=20.791801,-103.695078&t=k"
5004,agave en pie,0.58,2019,7,0,0.45,20.907151,-103.766142,"https://maps.google.com/?q=20.907151,-103.766142&t=k"
7228,agave en pie,0.58,2019,7,0,0.4,20.898368,-103.769578,"https://maps.google.com/?q=20.898368,-103.769578&t=k"
8493,agave en pie,0.58,2019,7,0,0.52,20.893076,-103.756115,"https://maps.google.com/?q=20.893076,-103.756115&t=k"
23416,agave en pie,0.58,2019,7,0,0.66,20.828473,-103.694234,"https://maps.google.com/?q=20.828473,-103.694234&t=k"
4788,agave en pie,0.57,2019,7,0,0.89,20.908677,-103.764687,"https://maps.google.com/?q=20.908677,-103.764687&t=k"
4901,agave en pie,0.57,2019,7,0,0.44,20.909112,-103.894193,"https://maps.google.com/?q=20.909112,-103.894193&t=k"
12497,agave en pie,0.57,2019,7,0,0.56,20.877065,-103.898129,"https://maps.google.com/?q=20.877065,-103.898129&t=k"
7347,agave en pie,0.56,2019,7,0,0.75,20.897752,-103.784581,"https://maps.google.com/?q=20.897752,-103.784581&t=k"
14510,agave en pie,0.56,2019,7,0,0.54,20.868006,-103.813416,"https://maps.google.com/?q=20.868006,-103.813416&t=k"
15159,agave en pie,0.56,2019,7,0,0.84,20.865805,-103.815211,"https://maps.google.com/?q=20.865805,-103.815211&t=k"
17592,agave en pie,0.56,2019,7,0,0.43,20.855774,-103.841144,"https://maps.google.com/?q=20.855774,-103.841144&t=k"
21116,agave en pie,0.56,2019,7,0,0.5,20.837867,-103.688195,"https://maps.google.com/?q=20.837867,-103.688195&t=k"
23907,agave en pie,0.56,2019,7,0,0.75,20.827485,-103.718938,"https://maps.google.com/?q=20.827485,-103.718938&t=k"
32125,agave en pie,0.56,2019,7,0,0.5,20.791032,-103.781018,"https://maps.google.com/?q=20.791032,-103.781018&t=k"
4666,agave en pie,0.55,2019,7,0,0.55,20.909367,-103.778959,"https://maps.google.com/?q=20.909367,-103.778959&t=k"
8738,agave en pie,0.55,2019,7,0,0.78,20.892246,-103.772512,"https://maps.google.com/?q=20.892246,-103.772512&t=k"
9489,agave en pie,0.55,2019,7,0,0.6,20.888094,-103.699727,"https://maps.google.com/?q=20.888094,-103.699727&t=k"
10672,agave en pie,0.55,2019,7,0,0.89,20.883606,-103.770804,"https://maps.google.com/?q=20.883606,-103.770804&t=k"
11386,agave en pie,0.55,2019,7,0,0.78,20.880966,-103.768086,"https://maps.google.com/?q=20.880966,-103.768086&t=k"
17439,agave en pie,0.55,2019,7,0,0.53,20.855116,-103.729372,"https://maps.google.com/?q=20.855116,-103.729372&t=k"
24214,agave en pie,0.55,2019,7,0,1.0,20.826524,-103.772854,"https://maps.google.com/?q=20.826524,-103.772854&t=k"
25435,agave en pie,0.55,2019,7,0,0.47,20.820908,-103.721444,"https://maps.google.com/?q=20.820908,-103.721444&t=k"
30182,agave en pie,0.55,2019,7,0,0.58,20.799628,-103.789308,"https://maps.google.com/?q=20.799628,-103.789308&t=k"
32303,agave en pie,0.55,2019,7,0,0.4,20.789909,-103.738133,"https://maps.google.com/?q=20.789909,-103.738133&t=k"
13526,agave en pie,0.54,2019,7,0,0.7,20.871703,-103.767585,"https://maps.google.com/?q=20.871703,-103.767585&t=k"
14414,agave en pie,0.54,2019,7,0,0.8,20.867937,-103.698267,"https://maps.google.com/?q=20.867937,-103.698267&t=k"
23207,agave en pie,0.53,2019,7,0,0.51,20.830548,-103.69388,"https://maps.google.com/?q=20.830548,-103.69388&t=k"
23372,agave en pie,0.53,2019,7,0,0.77,20.82976,-103.764323,"https://maps.google.com/?q=20.82976,-103.764323&t=k"
30591,agave en pie,0.53,2019,7,0,0.66,20.796567,-103.692203,"https://maps.google.com/?q=20.796567,-103.692203&t=k"
4263,agave en pie,0.52,2019,7,0,1.0,20.911433,-103.842255,"https://maps.google.com/?q=20.911433,-103.842255&t=k"
9144,agave en pie,0.52,2019,7,0,0.77,20.891196,-103.848948,"https://maps.google.com/?q=20.891196,-103.848948&t=k"
24346,agave en pie,0.52,2019,7,0,0.58,20.825491,-103.773631,"https://maps.google.com/?q=20.825491,-103.773631&t=k"
30267,agave en pie,0.52,2019,7,0,0.48,20.797557,-103.691714,"https://maps.google.com/?q=20.797557,-103.691714&t=k"
32127,agave en pie,0.52,2019,7,0,0.83,20.790573,-103.773673,"https://maps.google.com/?q=20.790573,-103.773673&t=k"
7727,agave en pie,0.51,2019,7,0,0.88,20.8966,-103.79406,"https://maps.google.com/?q=20.8966,-103.79406&t=k"
16022,agave en pie,0.51,2019,7,0,0.61,20.862088,-103.819806,"https://maps.google.com/?q=20.862088,-103.819806&t=k"
17406,agave en pie,0.51,2019,7,0,0.98,20.855639,-103.745082,"https://maps.google.com/?q=20.855639,-103.745082&t=k"
19699,agave en pie,0.51,2019,7,0,0.63,20.846528,-103.765532,"https://maps.google.com/?q=20.846528,-103.765532&t=k"
23334,agave en pie,0.51,2019,7,0,0.69,20.830291,-103.707623,"https://maps.google.com/?q=20.830291,-103.707623&t=k"
31552,agave en pie,0.51,2019,7,0,0.88,20.792978,-103.695452,"https://maps.google.com/?q=20.792978,-103.695452&t=k"
32965,agave en pie,0.51,2019,7,0,1.0,20.78708,-103.759003,"https://maps.google.com/?q=20.78708,-103.759003&t=k"
3893,agave en pie,0.5,2019,7,0,0.38,20.913367,-103.881566,"https://maps.google.com/?q=20.913367,-103.881566&t=k"
19124,agave en pie,0.5,2019,7,0,0.52,20.848856,-103.76902,"https://maps.google.com/?q=20.848856,-103.76902&t=k"
33891,agave en pie,0.5,2019,7,0,0.92,20.782981,-103.723589,"https://maps.google.com/?q=20.782981,-103.723589&t=k"
18745,agave en pie,0.49,2019,7,0,0.96,20.850688,-103.804325,"https://maps.google.com/?q=20.850688,-103.804325&t=k"
31483,agave en pie,0.49,2019,7,0,0.41,20.793448,-103.721915,"https://maps.google.com/?q=20.793448,-103.721915&t=k"
32713,agave en pie,0.49,2019,7,0,0.76,20.788814,-103.780316,"https://maps.google.com/?q=20.788814,-103.780316&t=k"
501,agave en pie,0.48,2019,7,0,0.5,20.929612,-103.879041,"https://maps.google.com/?q=20.929612,-103.879041&t=k"
11826,agave en pie,0.48,2019,7,0,0.79,20.879448,-103.861823,"https://maps.google.com/?q=20.879448,-103.861823&t=k"
25832,agave en pie,0.48,2019,7,0,0.67,20.819534,-103.793569,"https://maps.google.com/?q=20.819534,-103.793569&t=k"
30651,agave en pie,0.48,2019,7,0,0.96,20.79703,-103.681871,"https://maps.google.com/?q=20.79703,-103.681871&t=k"
33596,agave en pie,0.48,2019,7,0,0.42,20.784379,-103.729341,"https://maps.google.com/?q=20.784379,-103.729341&t=k"
7139,agave en pie,0.47,2019,7,0,0.89,20.898509,-103.739294,"https://maps.google.com/?q=20.898509,-103.739294&t=k"
9653,agave en pie,0.47,2019,7,0,0.51,20.888071,-103.769903,"https://maps.google.com/?q=20.888071,-103.769903&t=k"
11707,agave en pie,0.47,2019,7,0,0.57,20.879506,-103.759735,"https://maps.google.com/?q=20.879506,-103.759735&t=k"
17213,agave en pie,0.47,2019,7,0,0.34,20.856897,-103.756557,"https://maps.google.com/?q=20.856897,-103.756557&t=k"
9304,agave en pie,0.46,2019,7,0,0.78,20.889168,-103.784266,"https://maps.google.com/?q=20.889168,-103.784266&t=k"
9763,agave en pie,0.46,2019,7,0,0.65,20.88843,-103.801383,"https://maps.google.com/?q=20.88843,-103.801383&t=k"
13184,agave en pie,0.46,2019,7,0,0.65,20.873405,-103.7656,"https://maps.google.com/?q=20.873405,-103.7656&t=k"
30688,agave en pie,0.46,2019,7,0,0.87,20.797222,-103.731395,"https://maps.google.com/?q=20.797222,-103.731395&t=k"
32192,agave en pie,0.46,2019,7,0,0.65,20.79055,-103.78304,"https://maps.google.com/?q=20.79055,-103.78304&t=k"
32961,agave en pie,0.46,2019,7,0,0.57,20.78644,-103.776828,"https://maps.google.com/?q=20.78644,-103.776828&t=k"
34676,agave en pie,0.46,2019,7,0,0.43,20.779986,-103.771261,"https://maps.google.com/?q=20.779986,-103.771261&t=k"
49,agave en pie,0.45,2019,7,0,0.64,20.931011,-103.858404,"https://maps.google.com/?q=20.931011,-103.858404&t=k"
2415,agave en pie,0.45,2019,7,0,0.89,20.91897,-103.720999,"https://maps.google.com/?q=20.91897,-103.720999&t=k"
6499,agave en pie,0.45,2019,7,0,0.31,20.901295,-103.743549,"https://maps.google.com/?q=20.901295,-103.743549&t=k"
6885,agave en pie,0.45,2019,7,0,0.51,20.899816,-103.738995,"https://maps.google.com/?q=20.899816,-103.738995&t=k"
13311,agave en pie,0.45,2019,7,0,1.0,20.872914,-103.766373,"https://maps.google.com/?q=20.872914,-103.766373&t=k"
14212,agave en pie,0.45,2019,7,0,0.73,20.869412,-103.814222,"https://maps.google.com/?q=20.869412,-103.814222&t=k"
23687,agave en pie,0.45,2019,7,0,0.51,20.828439,-103.695724,"https://maps.google.com/?q=20.828439,-103.695724&t=k"
31195,agave en pie,0.45,2019,7,0,0.87,20.794566,-103.738718,"https://maps.google.com/?q=20.794566,-103.738718&t=k"
34600,agave en pie,0.45,2019,7,0,0.64,20.780241,-103.769001,"https://maps.google.com/?q=20.780241,-103.769001&t=k"
11264,agave en pie,0.44,2019,7,0,1.0,20.881719,-103.791247,"https://maps.google.com/?q=20.881719,-103.791247&t=k"
13550,agave en pie,0.44,2019,7,0,0.52,20.872268,-103.809105,"https://maps.google.com/?q=20.872268,-103.809105&t=k"
24081,agave en pie,0.44,2019,7,0,0.77,20.827425,-103.785146,"https://maps.google.com/?q=20.827425,-103.785146&t=k"
26850,agave en pie,0.44,2019,7,0,0.39,20.814456,-103.704299,"https://maps.google.com/?q=20.814456,-103.704299&t=k"
32300,agave en pie,0.44,2019,7,0,0.91,20.790215,-103.780449,"https://maps.google.com/?q=20.790215,-103.780449&t=k"
11297,agave en pie,0.43,2019,7,0,1.0,20.881507,-103.767937,"https://maps.google.com/?q=20.881507,-103.767937&t=k"
12231,agave en pie,0.43,2019,7,0,0.53,20.877684,-103.808534,"https://maps.google.com/?q=20.877684,-103.808534&t=k"
19216,agave en pie,0.43,2019,7,0,0.81,20.848159,-103.766239,"https://maps.google.com/?q=20.848159,-103.766239&t=k"
21921,agave en pie,0.43,2019,7,0,1.0,20.836351,-103.702671,"https://maps.google.com/?q=20.836351,-103.702671&t=k"
23349,agave en pie,0.43,2019,7,0,0.81,20.830278,-103.767154,"https://maps.google.com/?q=20.830278,-103.767154&t=k"
24171,agave en pie,0.43,2019,7,0,0.91,20.826309,-103.774393,"https://maps.google.com/?q=20.826309,-103.774393&t=k"
33101,agave en pie,0.43,2019,7,0,0.93,20.786506,-103.742244,"https://maps.google.com/?q=20.786506,-103.742244&t=k"
34601,agave en pie,0.43,2019,7,0,1.0,20.780424,-103.769384,"https://maps.google.com/?q=20.780424,-103.769384&t=k"
7751,agave en pie,0.42,2019,7,0,0.76,20.896609,-103.795358,"https://maps.google.com/?q=20.896609,-103.795358&t=k"
19194,agave en pie,0.42,2019,7,0,0.52,20.848757,-103.793192,"https://maps.google.com/?q=20.848757,-103.793192&t=k"
32497,agave en pie,0.42,2019,7,0,0.62,20.788406,-103.712063,"https://maps.google.com/?q=20.788406,-103.712063&t=k"
2698,agave en pie,0.41,2019,7,0,1.0,20.917891,-103.764564,"https://maps.google.com/?q=20.917891,-103.764564&t=k"
3708,agave en pie,0.41,2019,7,0,0.49,20.914124,-103.852763,"https://maps.google.com/?q=20.914124,-103.852763&t=k"
6972,agave en pie,0.41,2019,7,0,0.56,20.899229,-103.788943,"https://maps.google.com/?q=20.899229,-103.788943&t=k"
6993,agave en pie,0.41,2019,7,0,0.78,20.899261,-103.755727,"https://maps.google.com/?q=20.899261,-103.755727&t=k"
10180,agave en pie,0.41,2019,7,0,0.85,20.885069,-103.729937,"https://maps.google.com/?q=20.885069,-103.729937&t=k"
10459,agave en pie,0.41,2019,7,0,0.68,20.884561,-103.686588,"https://maps.google.com/?q=20.884561,-103.686588&t=k"
13577,agave en pie,0.41,2019,7,0,0.68,20.871463,-103.753217,"https://maps.google.com/?q=20.871463,-103.753217&t=k"
30632,agave en pie,0.41,2019,7,0,0.61,20.797462,-103.757909,"https://maps.google.com/?q=20.797462,-103.757909&t=k"
6960,agave en pie,0.4,2019,7,0,1.0,20.899595,-103.770626,"https://maps.google.com/?q=20.899595,-103.770626&t=k"
8158,agave en pie,0.4,2019,7,0,0.48,20.894487,-103.770043,"https://maps.google.com/?q=20.894487,-103.770043&t=k"
10752,agave en pie,0.4,2019,7,0,0.95,20.883122,-103.687466,"https://maps.google.com/?q=20.883122,-103.687466&t=k"
30583,agave en pie,0.4,2019,7,0,0.4,20.797586,-103.73168,"https://maps.google.com/?q=20.797586,-103.73168&t=k"
30689,agave en pie,0.4,2019,7,0,0.8,20.797081,-103.730627,"https://maps.google.com/?q=20.797081,-103.730627&t=k"
31301,agave en pie,0.4,2019,7,0,0.55,20.794019,-103.701736,"https://maps.google.com/?q=20.794019,-103.701736&t=k"
32013,agave en pie,0.4,2019,7,0,0.6,20.790749,-103.717327,"https://maps.google.com/?q=20.790749,-103.717327&t=k"
5168,agave en pie,0.39,2019,7,0,0.64,20.906703,-103.729659,"https://maps.google.com/?q=20.906703,-103.729659&t=k"
8842,agave en pie,0.39,2019,7,0,0.59,20.890978,-103.681101,"https://maps.google.com/?q=20.890978,-103.681101&t=k"
11372,agave en pie,0.39,2019,7,0,1.0,20.881117,-103.757703,"https://maps.google.com/?q=20.881117,-103.757703&t=k"
13145,agave en pie,0.39,2019,7,0,0.72,20.874446,-103.870463,"https://maps.google.com/?q=20.874446,-103.870463&t=k"
32869,agave en pie,0.39,2019,7,0,1.0,20.787306,-103.680275,"https://maps.google.com/?q=20.787306,-103.680275&t=k"
33892,agave en pie,0.39,2019,7,0,1.0,20.7832,-103.722722,"https://maps.google.com/?q=20.7832,-103.722722&t=k"
34249,agave en pie,0.39,2019,7,0,0.54,20.781692,-103.75727,"https://maps.google.com/?q=20.781692,-103.75727&t=k"
34508,agave en pie,0.39,2019,7,0,0.79,20.7803,-103.752142,"https://maps.google.com/?q=20.7803,-103.752142&t=k"
10110,agave en pie,0.38,2019,7,0,0.76,20.886505,-103.810242,"https://maps.google.com/?q=20.886505,-103.810242&t=k"
20019,agave en pie,0.38,2019,7,0,1.0,20.845155,-103.750743,"https://maps.google.com/?q=20.845155,-103.750743&t=k"
22045,agave en pie,0.38,2019,7,0,0.66,20.836117,-103.750097,"https://maps.google.com/?q=20.836117,-103.750097&t=k"
30,agave en pie,0.37,2019,7,0,0.41,20.931029,-103.874656,"https://maps.google.com/?q=20.931029,-103.874656&t=k"
4119,agave en pie,0.37,2019,7,0,0.86,20.912074,-103.850087,"https://maps.google.com/?q=20.912074,-103.850087&t=k"
6982,agave en pie,0.37,2019,7,0,0.76,20.899982,-103.852198,"https://maps.google.com/?q=20.899982,-103.852198&t=k"
7288,agave en pie,0.37,2019,7,0,1.0,20.898785,-103.862398,"https://maps.google.com/?q=20.898785,-103.862398&t=k"
25201,agave en pie,0.37,2019,7,0,0.43,20.821639,-103.722495,"https://maps.google.com/?q=20.821639,-103.722495&t=k"
31159,agave en pie,0.37,2019,7,0,0.65,20.794625,-103.710185,"https://maps.google.com/?q=20.794625,-103.710185&t=k"
32688,agave en pie,0.37,2019,7,0,0.41,20.788582,-103.760576,"https://maps.google.com/?q=20.788582,-103.760576&t=k"
2821,agave en pie,0.36,2019,7,0,0.67,20.918148,-103.846579,"https://maps.google.com/?q=20.918148,-103.846579&t=k"
5525,agave en pie,0.36,2019,7,0,0.58,20.906396,-103.893251,"https://maps.google.com/?q=20.906396,-103.893251&t=k"
6553,agave en pie,0.36,2019,7,0,0.53,20.900812,-103.727113,"https://maps.google.com/?q=20.900812,-103.727113&t=k"
13200,agave en pie,0.36,2019,7,0,0.72,20.873454,-103.766129,"https://maps.google.com/?q=20.873454,-103.766129&t=k"
17324,agave en pie,0.36,2019,7,0,1.0,20.856945,-103.814272,"https://maps.google.com/?q=20.856945,-103.814272&t=k"
10965,agave en pie,0.35,2019,7,0,0.6,20.882802,-103.765812,"https://maps.google.com/?q=20.882802,-103.765812&t=k"
20734,agave en pie,0.35,2019,7,0,0.57,20.841297,-103.693691,"https://maps.google.com/?q=20.841297,-103.693691&t=k"
23221,agave en pie,0.35,2019,7,0,0.77,20.830208,-103.690808,"https://maps.google.com/?q=20.830208,-103.690808&t=k"
27862,agave en pie,0.35,2019,7,0,0.86,20.810073,-103.777983,"https://maps.google.com/?q=20.810073,-103.777983&t=k"
30516,agave en pie,0.35,2019,7,0,0.86,20.797142,-103.690661,"https://maps.google.com/?q=20.797142,-103.690661&t=k"
32150,agave en pie,0.35,2019,7,0,0.97,20.79094,-103.78712,"https://maps.google.com/?q=20.79094,-103.78712&t=k"
32927,agave en pie,0.35,2019,7,0,0.86,20.787493,-103.778789,"https://maps.google.com/?q=20.787493,-103.778789&t=k"
5145,agave en pie,0.34,2019,7,0,0.47,20.906871,-103.764798,"https://maps.google.com/?q=20.906871,-103.764798&t=k"
5904,agave en pie,0.34,2019,7,0,0.59,20.904098,-103.806835,"https://maps.google.com/?q=20.904098,-103.806835&t=k"
9729,agave en pie,0.34,2019,7,0,0.41,20.88878,-103.879585,"https://maps.google.com/?q=20.88878,-103.879585&t=k"
10014,agave en pie,0.34,2019,7,0,0.97,20.886891,-103.75655,"https://maps.google.com/?q=20.886891,-103.75655&t=k"
32553,agave en pie,0.34,2019,7,0,0.29,20.788833,-103.73305,"https://maps.google.com/?q=20.788833,-103.73305&t=k"
882,agave en pie,0.33,2019,7,0,0.88,20.927366,-103.820497,"https://maps.google.com/?q=20.927366,-103.820497&t=k"
23093,agave en pie,0.33,2019,7,0,0.48,20.831259,-103.692384,"https://maps.google.com/?q=20.831259,-103.692384&t=k"
28184,agave en pie,0.33,2019,7,0,0.61,20.807775,-103.68711,"https://maps.google.com/?q=20.807775,-103.68711&t=k"
34282,agave en pie,0.33,2019,7,0,0.39,20.781194,-103.75713,"https://maps.google.com/?q=20.781194,-103.75713&t=k"
34801,agave en pie,0.33,2019,7,0,0.7,20.779313,-103.76555,"https://maps.google.com/?q=20.779313,-103.76555&t=k"
9552,agave en pie,0.32,2019,7,0,1.0,20.888324,-103.799173,"https://maps.google.com/?q=20.888324,-103.799173&t=k"
11460,agave en pie,0.32,2019,7,0,1.0,20.880925,-103.768567,"https://maps.google.com/?q=20.880925,-103.768567&t=k"
17655,agave en pie,0.32,2019,7,0,0.81,20.855457,-103.808132,"https://maps.google.com/?q=20.855457,-103.808132&t=k"
18131,agave en pie,0.32,2019,7,0,0.56,20.853026,-103.739866,"https://maps.google.com/?q=20.853026,-103.739866&t=k"
21013,agave en pie,0.32,2019,7,0,0.5,20.840899,-103.755535,"https://maps.google.com/?q=20.840899,-103.755535&t=k"
22165,agave en pie,0.32,2019,7,0,0.88,20.835539,-103.708828,"https://maps.google.com/?q=20.835539,-103.708828&t=k"
34179,agave en pie,0.32,2019,7,0,0.88,20.781919,-103.738776,"https://maps.google.com/?q=20.781919,-103.738776&t=k"
4417,agave en pie,0.31,2019,7,0,0.58,20.910397,-103.842696,"https://maps.google.com/?q=20.910397,-103.842696&t=k"
12750,agave en pie,0.31,2019,7,0,1.0,20.875092,-103.706616,"https://maps.google.com/?q=20.875092,-103.706616&t=k"
14788,agave en pie,0.31,2019,7,0,0.77,20.866135,-103.704866,"https://maps.google.com/?q=20.866135,-103.704866&t=k"
34026,agave en pie,0.31,2019,7,0,0.42,20.782432,-103.722681,"https://maps.google.com/?q=20.782432,-103.722681&t=k"
6338,agave en pie,0.3,2019,7,0,0.67,20.902634,-103.863763,"https://maps.google.com/?q=20.902634,-103.863763&t=k"
6502,agave en pie,0.3,2019,7,0,0.8,20.902351,-103.896406,"https://maps.google.com/?q=20.902351,-103.896406&t=k"
18247,agave en pie,0.3,2019,7,0,0.47,20.852364,-103.798642,"https://maps.google.com/?q=20.852364,-103.798642&t=k"
19950,agave en pie,0.3,2019,7,0,0.47,20.845303,-103.752375,"https://maps.google.com/?q=20.845303,-103.752375&t=k"
32449,agave en pie,0.3,2019,7,0,0.47,20.789129,-103.68242,"https://maps.google.com/?q=20.789129,-103.68242&t=k"
33068,agave en pie,0.3,2019,7,0,0.73,20.786766,-103.778171,"https://maps.google.com/?q=20.786766,-103.778171&t=k"
18130,agave en pie,4.47,2020,6,0,0.38,20.852214,-103.739968,"https://maps.google.com/?q=20.852214,-103.739968&t=k"
16475,agave en pie,4.14,2020,6,0,1.0,20.859105,-103.731165,"https://maps.google.com/?q=20.859105,-103.731165&t=k"
22587,agave en pie,3.87,2020,6,0,0.74,20.832687,-103.701933,"https://maps.google.com/?q=20.832687,-103.701933&t=k"
26017,agave en pie,3.52,2020,6,0,0.69,20.816989,-103.686934,"https://maps.google.com/?q=20.816989,-103.686934&t=k"
15403,agave en pie,3.33,2020,6,0,0.91,20.863142,-103.691436,"https://maps.google.com/?q=20.863142,-103.691436&t=k"
23737,agave en pie,3.27,2020,6,0,0.9,20.828336,-103.786244,"https://maps.google.com/?q=20.828336,-103.786244&t=k"
15125,agave en pie,3.2,2020,6,0,0.72,20.864888,-103.75601,"https://maps.google.com/?q=20.864888,-103.75601&t=k"
21761,agave en pie,2.96,2020,6,0,0.89,20.836275,-103.740918,"https://maps.google.com/?q=20.836275,-103.740918&t=k"
16284,agave en pie,2.91,2020,6,0,0.97,20.859364,-103.729577,"https://maps.google.com/?q=20.859364,-103.729577&t=k"
23904,agave en pie,2.91,2020,6,0,0.61,20.826624,-103.736818,"https://maps.google.com/?q=20.826624,-103.736818&t=k"
32967,agave en pie,2.85,2020,6,0,0.96,20.786622,-103.75185,"https://maps.google.com/?q=20.786622,-103.75185&t=k"
22441,agave en pie,2.75,2020,6,0,0.92,20.833567,-103.692893,"https://maps.google.com/?q=20.833567,-103.692893&t=k"
13358,agave en pie,2.7,2020,6,0,0.94,20.871765,-103.708711,"https://maps.google.com/?q=20.871765,-103.708711&t=k"
22872,agave en pie,2.7,2020,6,0,1.0,20.831286,-103.707903,"https://maps.google.com/?q=20.831286,-103.707903&t=k"
31770,agave en pie,2.62,2020,6,0,0.56,20.791341,-103.688117,"https://maps.google.com/?q=20.791341,-103.688117&t=k"
7210,agave en pie,2.5,2020,6,0,0.9,20.897383,-103.727575,"https://maps.google.com/?q=20.897383,-103.727575&t=k"
11772,agave en pie,2.41,2020,6,0,0.44,20.879091,-103.783722,"https://maps.google.com/?q=20.879091,-103.783722&t=k"
9551,agave en pie,2.4,2020,6,0,0.98,20.888874,-103.800226,"https://maps.google.com/?q=20.888874,-103.800226&t=k"
7879,agave en pie,2.39,2020,6,0,0.86,20.894796,-103.719858,"https://maps.google.com/?q=20.894796,-103.719858&t=k"
22853,agave en pie,2.39,2020,6,0,1.0,20.831343,-103.70944,"https://maps.google.com/?q=20.831343,-103.70944&t=k"
23417,agave en pie,2.33,2020,6,0,0.91,20.829146,-103.6937,"https://maps.google.com/?q=20.829146,-103.6937&t=k"
24157,agave en pie,2.29,2020,6,0,0.81,20.825808,-103.700263,"https://maps.google.com/?q=20.825808,-103.700263&t=k"
26969,agave en pie,2.28,2020,6,0,0.71,20.813216,-103.695663,"https://maps.google.com/?q=20.813216,-103.695663&t=k"
20644,agave en pie,2.14,2020,6,0,0.72,20.841992,-103.801078,"https://maps.google.com/?q=20.841992,-103.801078&t=k"
7600,agave en pie,2.13,2020,6,0,0.69,20.897153,-103.888897,"https://maps.google.com/?q=20.897153,-103.888897&t=k"
18166,agave en pie,2.1,2020,6,0,0.47,20.852319,-103.792155,"https://maps.google.com/?q=20.852319,-103.792155&t=k"
25392,agave en pie,2.04,2020,6,0,0.62,20.820637,-103.715296,"https://maps.google.com/?q=20.820637,-103.715296&t=k"
15384,agave en pie,2.03,2020,6,0,0.89,20.86408,-103.769185,"https://maps.google.com/?q=20.86408,-103.769185&t=k"
8996,agave en pie,1.99,2020,6,0,1.0,20.890355,-103.767192,"https://maps.google.com/?q=20.890355,-103.767192&t=k"
235,agave en pie,1.97,2020,6,0,0.5,20.929638,-103.777497,"https://maps.google.com/?q=20.929638,-103.777497&t=k"
22453,agave en pie,1.95,2020,6,0,0.94,20.833568,-103.710959,"https://maps.google.com/?q=20.833568,-103.710959&t=k"
2290,agave en pie,1.91,2020,6,0,0.63,20.920339,-103.890889,"https://maps.google.com/?q=20.920339,-103.890889&t=k"
12003,agave en pie,1.91,2020,6,0,0.8,20.877542,-103.732212,"https://maps.google.com/?q=20.877542,-103.732212&t=k"
3485,agave en pie,1.86,2020,6,0,0.73,20.913687,-103.733398,"https://maps.google.com/?q=20.913687,-103.733398&t=k"
11945,agave en pie,1.83,2020,6,0,1.0,20.878129,-103.738262,"https://maps.google.com/?q=20.878129,-103.738262&t=k"
7712,agave en pie,1.82,2020,6,0,0.94,20.895843,-103.757678,"https://maps.google.com/?q=20.895843,-103.757678&t=k"
9862,agave en pie,1.8,2020,6,0,0.78,20.88775,-103.880987,"https://maps.google.com/?q=20.88775,-103.880987&t=k"
9478,agave en pie,1.79,2020,6,0,0.96,20.889205,-103.80229,"https://maps.google.com/?q=20.889205,-103.80229&t=k"
19196,agave en pie,1.78,2020,6,0,0.72,20.848151,-103.765182,"https://maps.google.com/?q=20.848151,-103.765182&t=k"
26859,agave en pie,1.77,2020,6,0,0.97,20.814248,-103.774394,"https://maps.google.com/?q=20.814248,-103.774394&t=k"
16227,agave en pie,1.73,2020,6,0,0.97,20.860464,-103.731778,"https://maps.google.com/?q=20.860464,-103.731778&t=k"
8687,agave en pie,1.72,2020,6,0,1.0,20.891969,-103.765449,"https://maps.google.com/?q=20.891969,-103.765449&t=k"
16030,agave en pie,1.71,2020,6,0,0.94,20.860724,-103.730238,"https://maps.google.com/?q=20.860724,-103.730238&t=k"
10115,agave en pie,1.68,2020,6,0,0.93,20.885721,-103.726567,"https://maps.google.com/?q=20.885721,-103.726567&t=k"
5764,agave en pie,1.66,2020,6,0,0.79,20.903986,-103.863272,"https://maps.google.com/?q=20.903986,-103.863272&t=k"
3571,agave en pie,1.65,2020,6,0,0.56,20.913886,-103.871178,"https://maps.google.com/?q=20.913886,-103.871178&t=k"
20542,agave en pie,1.64,2020,6,0,1.0,20.842092,-103.685419,"https://maps.google.com/?q=20.842092,-103.685419&t=k"
25104,agave en pie,1.62,2020,6,0,0.9,20.821528,-103.689826,"https://maps.google.com/?q=20.821528,-103.689826&t=k"
7199,agave en pie,1.59,2020,6,0,0.86,20.898454,-103.800823,"https://maps.google.com/?q=20.898454,-103.800823&t=k"
9500,agave en pie,1.59,2020,6,0,0.84,20.888924,-103.820462,"https://maps.google.com/?q=20.888924,-103.820462&t=k"
24080,agave en pie,1.59,2020,6,0,1.0,20.826891,-103.786256,"https://maps.google.com/?q=20.826891,-103.786256&t=k"
32681,agave en pie,1.57,2020,6,0,0.45,20.787605,-103.683875,"https://maps.google.com/?q=20.787605,-103.683875&t=k"
5851,agave en pie,1.54,2020,6,0,0.59,20.904719,-103.899321,"https://maps.google.com/?q=20.904719,-103.899321&t=k"
6666,agave en pie,1.51,2020,6,0,0.59,20.900385,-103.742595,"https://maps.google.com/?q=20.900385,-103.742595&t=k"
18560,agave en pie,1.49,2020,6,0,0.46,20.850908,-103.740508,"https://maps.google.com/?q=20.850908,-103.740508&t=k"
21011,agave en pie,1.49,2020,6,0,0.36,20.840606,-103.783839,"https://maps.google.com/?q=20.840606,-103.783839&t=k"
22362,agave en pie,1.49,2020,6,0,1.0,20.834046,-103.708456,"https://maps.google.com/?q=20.834046,-103.708456&t=k"
23345,agave en pie,1.49,2020,6,0,0.66,20.830225,-103.810781,"https://maps.google.com/?q=20.830225,-103.810781&t=k"
8116,agave en pie,1.46,2020,6,0,0.89,20.894396,-103.726831,"https://maps.google.com/?q=20.894396,-103.726831&t=k"
7803,agave en pie,1.45,2020,6,0,0.81,20.895393,-103.727255,"https://maps.google.com/?q=20.895393,-103.727255&t=k"
14007,agave en pie,1.45,2020,6,0,0.41,20.869982,-103.818206,"https://maps.google.com/?q=20.869982,-103.818206&t=k"
17635,agave en pie,1.45,2020,6,0,0.72,20.854477,-103.740622,"https://maps.google.com/?q=20.854477,-103.740622&t=k"
26839,agave en pie,1.43,2020,6,0,0.98,20.814198,-103.773626,"https://maps.google.com/?q=20.814198,-103.773626&t=k"
13877,agave en pie,1.39,2020,6,0,0.52,20.871182,-103.896489,"https://maps.google.com/?q=20.871182,-103.896489&t=k"
17554,agave en pie,1.39,2020,6,0,0.63,20.85489,-103.741484,"https://maps.google.com/?q=20.85489,-103.741484&t=k"
22567,agave en pie,1.39,2020,6,0,0.98,20.832284,-103.708375,"https://maps.google.com/?q=20.832284,-103.708375&t=k"
11890,agave en pie,1.37,2020,6,0,0.49,20.877913,-103.739658,"https://maps.google.com/?q=20.877913,-103.739658&t=k"
14225,agave en pie,1.37,2020,6,0,0.81,20.868877,-103.848301,"https://maps.google.com/?q=20.868877,-103.848301&t=k"
3445,agave en pie,1.35,2020,6,0,0.85,20.9152,-103.871889,"https://maps.google.com/?q=20.9152,-103.871889&t=k"
14582,agave en pie,1.35,2020,6,0,0.93,20.867538,-103.760122,"https://maps.google.com/?q=20.867538,-103.760122&t=k"
18312,agave en pie,1.32,2020,6,0,0.86,20.852312,-103.791145,"https://maps.google.com/?q=20.852312,-103.791145&t=k"
4152,agave en pie,1.31,2020,6,0,0.73,20.911172,-103.766205,"https://maps.google.com/?q=20.911172,-103.766205&t=k"
7032,agave en pie,1.31,2020,6,0,0.53,20.898915,-103.802069,"https://maps.google.com/?q=20.898915,-103.802069&t=k"
3214,agave en pie,1.3,2020,6,0,0.5,20.915553,-103.830301,"https://maps.google.com/?q=20.915553,-103.830301&t=k"
2056,agave en pie,1.26,2020,6,0,0.97,20.921516,-103.891313,"https://maps.google.com/?q=20.921516,-103.891313&t=k"
9310,agave en pie,1.25,2020,6,0,0.64,20.889196,-103.732162,"https://maps.google.com/?q=20.889196,-103.732162&t=k"
19511,agave en pie,1.25,2020,6,0,0.54,20.846613,-103.740015,"https://maps.google.com/?q=20.846613,-103.740015&t=k"
6307,agave en pie,1.24,2020,6,0,0.71,20.901742,-103.761475,"https://maps.google.com/?q=20.901742,-103.761475&t=k"
6208,agave en pie,1.23,2020,6,0,0.49,20.903077,-103.896977,"https://maps.google.com/?q=20.903077,-103.896977&t=k"
17185,agave en pie,1.23,2020,6,0,0.99,20.856546,-103.795917,"https://maps.google.com/?q=20.856546,-103.795917&t=k"
25728,agave en pie,1.23,2020,6,0,0.8,20.819441,-103.76777,"https://maps.google.com/?q=20.819441,-103.76777&t=k"
18127,agave en pie,1.2,2020,6,0,0.86,20.8528,-103.764711,"https://maps.google.com/?q=20.8528,-103.764711&t=k"
31544,agave en pie,1.2,2020,6,0,1.0,20.7929,-103.757994,"https://maps.google.com/?q=20.7929,-103.757994&t=k"
33794,agave en pie,1.2,2020,6,0,0.55,20.783637,-103.738953,"https://maps.google.com/?q=20.783637,-103.738953&t=k"
13709,agave en pie,1.19,2020,6,0,0.62,20.871054,-103.765283,"https://maps.google.com/?q=20.871054,-103.765283&t=k"
13913,agave en pie,1.19,2020,6,0,0.45,20.869771,-103.744244,"https://maps.google.com/?q=20.869771,-103.744244&t=k"
27980,agave en pie,1.19,2020,6,0,0.9,20.80934,-103.770254,"https://maps.google.com/?q=20.80934,-103.770254&t=k"
8164,agave en pie,1.18,2020,6,0,0.47,20.894269,-103.73409,"https://maps.google.com/?q=20.894269,-103.73409&t=k"
10528,agave en pie,1.17,2020,6,0,0.76,20.884082,-103.761716,"https://maps.google.com/?q=20.884082,-103.761716&t=k"
13688,agave en pie,1.16,2020,6,0,0.89,20.871716,-103.895236,"https://maps.google.com/?q=20.871716,-103.895236&t=k"
1806,agave en pie,1.14,2020,6,0,0.81,20.922117,-103.774337,"https://maps.google.com/?q=20.922117,-103.774337&t=k"
3202,agave en pie,1.12,2020,6,0,0.58,20.916565,-103.880148,"https://maps.google.com/?q=20.916565,-103.880148&t=k"
28117,agave en pie,1.12,2020,6,0,0.65,20.808609,-103.769107,"https://maps.google.com/?q=20.808609,-103.769107&t=k"
22851,agave en pie,1.11,2020,6,0,0.74,20.83094,-103.709828,"https://maps.google.com/?q=20.83094,-103.709828&t=k"
7758,agave en pie,1.08,2020,6,0,0.83,20.896856,-103.884909,"https://maps.google.com/?q=20.896856,-103.884909&t=k"
22984,agave en pie,1.08,2020,6,0,1.0,20.831371,-103.713091,"https://maps.google.com/?q=20.831371,-103.713091&t=k"
13620,agave en pie,1.07,2020,6,0,0.43,20.870946,-103.74433,"https://maps.google.com/?q=20.870946,-103.74433&t=k"
6481,agave en pie,1.06,2020,6,0,0.54,20.901517,-103.774119,"https://maps.google.com/?q=20.901517,-103.774119&t=k"
22479,agave en pie,1.06,2020,6,0,0.56,20.833579,-103.694526,"https://maps.google.com/?q=20.833579,-103.694526&t=k"
11604,agave en pie,1.05,2020,6,0,0.87,20.880494,-103.862968,"https://maps.google.com/?q=20.880494,-103.862968&t=k"
16823,agave en pie,1.05,2020,6,0,1.0,20.858335,-103.730883,"https://maps.google.com/?q=20.858335,-103.730883&t=k"
442,agave en pie,1.04,2020,6,0,0.43,20.928977,-103.831447,"https://maps.google.com/?q=20.928977,-103.831447&t=k"
33390,agave en pie,1.04,2020,6,0,0.96,20.785487,-103.757383,"https://maps.google.com/?q=20.785487,-103.757383&t=k"
7542,agave en pie,1.02,2020,6,0,0.76,20.896622,-103.722534,"https://maps.google.com/?q=20.896622,-103.722534&t=k"
19616,agave en pie,1.02,2020,6,0,0.78,20.846215,-103.687065,"https://maps.google.com/?q=20.846215,-103.687065&t=k"
7801,agave en pie,1.01,2020,6,0,0.5,20.894951,-103.728605,"https://maps.google.com/?q=20.894951,-103.728605&t=k"
7877,agave en pie,1.0,2020,6,0,1.0,20.895072,-103.726633,"https://maps.google.com/?q=20.895072,-103.726633&t=k"
1574,agave en pie,0.99,2020,6,0,0.77,20.923652,-103.85221,"https://maps.google.com/?q=20.923652,-103.85221&t=k"
22199,agave en pie,0.98,2020,6,0,0.72,20.834356,-103.707685,"https://maps.google.com/?q=20.834356,-103.707685&t=k"
25065,agave en pie,0.98,2020,6,0,0.62,20.821882,-103.694771,"https://maps.google.com/?q=20.821882,-103.694771&t=k"
2145,agave en pie,0.96,2020,6,0,1.0,20.920173,-103.76791,"https://maps.google.com/?q=20.920173,-103.76791&t=k"
26858,agave en pie,0.96,2020,6,0,0.96,20.814117,-103.774972,"https://maps.google.com/?q=20.814117,-103.774972&t=k"
15224,agave en pie,0.95,2020,6,0,0.78,20.864995,-103.770763,"https://maps.google.com/?q=20.864995,-103.770763&t=k"
6811,agave en pie,0.94,2020,6,0,0.84,20.90056,-103.864403,"https://maps.google.com/?q=20.90056,-103.864403&t=k"
22246,agave en pie,0.94,2020,6,0,0.63,20.834709,-103.694613,"https://maps.google.com/?q=20.834709,-103.694613&t=k"
125,agave en pie,0.93,2020,6,0,0.58,20.930626,-103.776719,"https://maps.google.com/?q=20.930626,-103.776719&t=k"
17351,agave en pie,0.93,2020,6,0,1.0,20.85645,-103.795101,"https://maps.google.com/?q=20.85645,-103.795101&t=k"
23480,agave en pie,0.93,2020,6,0,1.0,20.829138,-103.692595,"https://maps.google.com/?q=20.829138,-103.692595&t=k"
13885,agave en pie,0.92,2020,6,0,0.55,20.870583,-103.82022,"https://maps.google.com/?q=20.870583,-103.82022&t=k"
27637,agave en pie,0.92,2020,6,0,1.0,20.810688,-103.695828,"https://maps.google.com/?q=20.810688,-103.695828&t=k"
9777,agave en pie,0.91,2020,6,0,0.74,20.88807,-103.820949,"https://maps.google.com/?q=20.88807,-103.820949&t=k"
33158,agave en pie,0.91,2020,6,0,0.92,20.786295,-103.750411,"https://maps.google.com/?q=20.786295,-103.750411&t=k"
10169,agave en pie,0.9,2020,6,0,0.63,20.88688,-103.865468,"https://maps.google.com/?q=20.88688,-103.865468&t=k"
4356,agave en pie,0.89,2020,6,0,0.74,20.910479,-103.776546,"https://maps.google.com/?q=20.910479,-103.776546&t=k"
8688,agave en pie,0.89,2020,6,0,0.76,20.892294,-103.760399,"https://maps.google.com/?q=20.892294,-103.760399&t=k"
10240,agave en pie,0.89,2020,6,0,0.69,20.886256,-103.880517,"https://maps.google.com/?q=20.886256,-103.880517&t=k"
4703,agave en pie,0.88,2020,6,0,0.45,20.909134,-103.7468,"https://maps.google.com/?q=20.909134,-103.7468&t=k"
31584,agave en pie,0.88,2020,6,0,1.0,20.792842,-103.719327,"https://maps.google.com/?q=20.792842,-103.719327&t=k"
7128,agave en pie,0.87,2020,6,0,0.93,20.898132,-103.713004,"https://maps.google.com/?q=20.898132,-103.713004&t=k"
23318,agave en pie,0.87,2020,6,0,0.76,20.829725,-103.79099,"https://maps.google.com/?q=20.829725,-103.79099&t=k"
10905,agave en pie,0.86,2020,6,0,1.0,20.882745,-103.75173,"https://maps.google.com/?q=20.882745,-103.75173&t=k"
18317,agave en pie,0.86,2020,6,0,0.6,20.851891,-103.733003,"https://maps.google.com/?q=20.851891,-103.733003&t=k"
5159,agave en pie,0.85,2020,6,0,0.86,20.907036,-103.880507,"https://maps.google.com/?q=20.907036,-103.880507&t=k"
14686,agave en pie,0.85,2020,6,0,0.92,20.867473,-103.847687,"https://maps.google.com/?q=20.867473,-103.847687&t=k"
6833,agave en pie,0.84,2020,6,0,0.86,20.900391,-103.859357,"https://maps.google.com/?q=20.900391,-103.859357&t=k"
33500,agave en pie,0.83,2020,6,0,0.78,20.784925,-103.754601,"https://maps.google.com/?q=20.784925,-103.754601&t=k"
11892,agave en pie,0.82,2020,6,0,0.78,20.878533,-103.731867,"https://maps.google.com/?q=20.878533,-103.731867&t=k"
19178,agave en pie,0.82,2020,6,0,0.76,20.848448,-103.768832,"https://maps.google.com/?q=20.848448,-103.768832&t=k"
4876,agave en pie,0.81,2020,6,0,0.4,20.907958,-103.777865,"https://maps.google.com/?q=20.907958,-103.777865&t=k"
18008,agave en pie,0.81,2020,6,0,0.8,20.853202,-103.733088,"https://maps.google.com/?q=20.853202,-103.733088&t=k"
11361,agave en pie,0.79,2020,6,0,0.49,20.881509,-103.832536,"https://maps.google.com/?q=20.881509,-103.832536&t=k"
24579,agave en pie,0.78,2020,6,0,0.62,20.824325,-103.737462,"https://maps.google.com/?q=20.824325,-103.737462&t=k"
1442,agave en pie,0.77,2020,6,0,0.99,20.924679,-103.891434,"https://maps.google.com/?q=20.924679,-103.891434&t=k"
7948,agave en pie,0.77,2020,6,0,0.95,20.895337,-103.794262,"https://maps.google.com/?q=20.895337,-103.794262&t=k"
27043,agave en pie,0.77,2020,6,0,1.0,20.813772,-103.770987,"https://maps.google.com/?q=20.813772,-103.770987&t=k"
22600,agave en pie,0.76,2020,6,0,0.99,20.833104,-103.709281,"https://maps.google.com/?q=20.833104,-103.709281&t=k"
22797,agave en pie,0.76,2020,6,0,0.96,20.832278,-103.707558,"https://maps.google.com/?q=20.832278,-103.707558&t=k"
32281,agave en pie,0.76,2020,6,0,0.88,20.789899,-103.718487,"https://maps.google.com/?q=20.789899,-103.718487&t=k"
842,agave en pie,0.75,2020,6,0,0.81,20.927548,-103.83391,"https://maps.google.com/?q=20.927548,-103.83391&t=k"
8799,agave en pie,0.74,2020,6,0,0.64,20.890991,-103.76762,"https://maps.google.com/?q=20.890991,-103.76762&t=k"
14701,agave en pie,0.74,2020,6,0,1.0,20.867613,-103.848407,"https://maps.google.com/?q=20.867613,-103.848407&t=k"
22852,agave en pie,0.74,2020,6,0,1.0,20.83171,-103.71011,"https://maps.google.com/?q=20.83171,-103.71011&t=k"
23921,agave en pie,0.74,2020,6,0,0.95,20.827752,-103.780339,"https://maps.google.com/?q=20.827752,-103.780339&t=k"
23162,agave en pie,0.72,2020,6,0,0.94,20.830542,-103.693159,"https://maps.google.com/?q=20.830542,-103.693159&t=k"
32404,agave en pie,0.72,2020,6,0,0.53,20.78945,-103.718827,"https://maps.google.com/?q=20.78945,-103.718827&t=k"
10057,agave en pie,0.71,2020,6,0,0.69,20.88626,-103.72613,"https://maps.google.com/?q=20.88626,-103.72613&t=k"
3203,agave en pie,0.69,2020,6,0,0.38,20.915914,-103.877413,"https://maps.google.com/?q=20.915914,-103.877413&t=k"
9386,agave en pie,0.69,2020,6,0,1.0,20.889718,-103.811178,"https://maps.google.com/?q=20.889718,-103.811178&t=k"
15404,agave en pie,0.69,2020,6,0,0.75,20.862362,-103.689809,"https://maps.google.com/?q=20.862362,-103.689809&t=k"
29745,agave en pie,0.69,2020,6,0,0.61,20.800774,-103.723055,"https://maps.google.com/?q=20.800774,-103.723055&t=k"
11891,agave en pie,0.68,2020,6,0,0.97,20.877769,-103.738506,"https://maps.google.com/?q=20.877769,-103.738506&t=k"
34518,agave en pie,0.68,2020,6,0,0.87,20.780232,-103.718376,"https://maps.google.com/?q=20.780232,-103.718376&t=k"
21298,agave en pie,0.67,2020,6,0,0.9,20.838866,-103.683045,"https://maps.google.com/?q=20.838866,-103.683045&t=k"
6603,agave en pie,0.66,2020,6,0,0.56,20.900693,-103.711251,"https://maps.google.com/?q=20.900693,-103.711251&t=k"
20869,agave en pie,0.65,2020,6,0,1.0,20.840796,-103.699125,"https://maps.google.com/?q=20.840796,-103.699125&t=k"
31467,agave en pie,0.65,2020,6,0,0.6,20.79365,-103.718695,"https://maps.google.com/?q=20.79365,-103.718695&t=k"
14186,agave en pie,0.64,2020,6,0,0.61,20.867876,-103.847251,"https://maps.google.com/?q=20.867876,-103.847251&t=k"
11323,agave en pie,0.62,2020,6,0,0.5,20.88132,-103.792355,"https://maps.google.com/?q=20.88132,-103.792355&t=k"
14719,agave en pie,0.61,2020,6,0,0.69,20.866427,-103.71361,"https://maps.google.com/?q=20.866427,-103.71361&t=k"
23815,agave en pie,0.61,2020,6,0,0.74,20.82838,-103.779757,"https://maps.google.com/?q=20.82838,-103.779757&t=k"
279,agave en pie,0.6,2020,6,0,0.97,20.930082,-103.776483,"https://maps.google.com/?q=20.930082,-103.776483&t=k"
13582,agave en pie,0.6,2020,6,0,0.8,20.871366,-103.709627,"https://maps.google.com/?q=20.871366,-103.709627&t=k"
14692,agave en pie,0.6,2020,6,0,0.6,20.866617,-103.714858,"https://maps.google.com/?q=20.866617,-103.714858&t=k"
22752,agave en pie,0.6,2020,6,0,0.87,20.832063,-103.709001,"https://maps.google.com/?q=20.832063,-103.709001&t=k"
3412,agave en pie,0.59,2020,6,0,0.8,20.915568,-103.872896,"https://maps.google.com/?q=20.915568,-103.872896&t=k"
6866,agave en pie,0.59,2020,6,0,0.56,20.900388,-103.858925,"https://maps.google.com/?q=20.900388,-103.858925&t=k"
7303,agave en pie,0.59,2020,6,0,0.86,20.897769,-103.712766,"https://maps.google.com/?q=20.897769,-103.712766&t=k"
7778,agave en pie,0.59,2020,6,0,1.0,20.895708,-103.721052,"https://maps.google.com/?q=20.895708,-103.721052&t=k"
9511,agave en pie,0.58,2020,6,0,0.86,20.889328,-103.873573,"https://maps.google.com/?q=20.889328,-103.873573&t=k"
9911,agave en pie,0.58,2020,6,0,1.0,20.887871,-103.865028,"https://maps.google.com/?q=20.887871,-103.865028&t=k"
22854,agave en pie,0.58,2020,6,0,0.52,20.832449,-103.706356,"https://maps.google.com/?q=20.832449,-103.706356&t=k"
8115,agave en pie,0.57,2020,6,0,1.0,20.894588,-103.728367,"https://maps.google.com/?q=20.894588,-103.728367&t=k"
24043,agave en pie,0.57,2020,6,0,0.65,20.827475,-103.785818,"https://maps.google.com/?q=20.827475,-103.785818&t=k"
27199,agave en pie,0.57,2020,6,0,1.0,20.813165,-103.774451,"https://maps.google.com/?q=20.813165,-103.774451&t=k"
3446,agave en pie,0.55,2020,6,0,0.33,20.915239,-103.870927,"https://maps.google.com/?q=20.915239,-103.870927&t=k"
4813,agave en pie,0.55,2020,6,0,0.87,20.909319,-103.898134,"https://maps.google.com/?q=20.909319,-103.898134&t=k"
2887,agave en pie,0.54,2020,6,0,0.57,20.91737,-103.872113,"https://maps.google.com/?q=20.91737,-103.872113&t=k"
6631,agave en pie,0.54,2020,6,0,0.56,20.90053,-103.74394,"https://maps.google.com/?q=20.90053,-103.74394&t=k"
9477,agave en pie,0.54,2020,6,0,1.0,20.889257,-103.803299,"https://maps.google.com/?q=20.889257,-103.803299&t=k"
997,agave en pie,0.53,2020,6,0,0.87,20.926311,-103.83142,"https://maps.google.com/?q=20.926311,-103.83142&t=k"
3026,agave en pie,0.53,2020,6,0,0.77,20.916526,-103.775824,"https://maps.google.com/?q=20.916526,-103.775824&t=k"
7878,agave en pie,0.53,2020,6,0,0.92,20.895566,-103.726244,"https://maps.google.com/?q=20.895566,-103.726244&t=k"
13093,agave en pie,0.53,2020,6,0,0.7,20.873307,-103.703555,"https://maps.google.com/?q=20.873307,-103.703555&t=k"
23246,agave en pie,0.53,2020,6,0,1.0,20.830302,-103.691287,"https://maps.google.com/?q=20.830302,-103.691287&t=k"
4756,agave en pie,0.52,2020,6,0,0.44,20.909607,-103.886834,"https://maps.google.com/?q=20.909607,-103.886834&t=k"
24322,agave en pie,0.51,2020,6,0,0.71,20.825588,-103.700985,"https://maps.google.com/?q=20.825588,-103.700985&t=k"
10065,agave en pie,0.5,2020,6,0,0.94,20.886211,-103.695706,"https://maps.google.com/?q=20.886211,-103.695706&t=k"
13123,agave en pie,0.5,2020,6,0,0.82,20.872892,-103.708317,"https://maps.google.com/?q=20.872892,-103.708317&t=k"
8591,agave en pie,0.49,2020,6,0,0.78,20.893051,-103.765103,"https://maps.google.com/?q=20.893051,-103.765103&t=k"
17384,agave en pie,0.49,2020,6,0,0.92,20.856083,-103.744021,"https://maps.google.com/?q=20.856083,-103.744021&t=k"
31549,agave en pie,0.49,2020,6,0,0.63,20.791899,-103.720151,"https://maps.google.com/?q=20.791899,-103.720151&t=k"
9650,agave en pie,0.48,2020,6,0,0.33,20.888156,-103.826957,"https://maps.google.com/?q=20.888156,-103.826957&t=k"
23714,agave en pie,0.48,2020,6,0,1.0,20.828551,-103.784705,"https://maps.google.com/?q=20.828551,-103.784705&t=k"
22954,agave en pie,0.47,2020,6,0,1.0,20.831737,-103.713713,"https://maps.google.com/?q=20.831737,-103.713713&t=k"
15517,agave en pie,0.46,2020,6,0,1.0,20.863958,-103.758517,"https://maps.google.com/?q=20.863958,-103.758517&t=k"
18899,agave en pie,0.46,2020,6,0,0.74,20.849494,-103.726536,"https://maps.google.com/?q=20.849494,-103.726536&t=k"
22910,agave en pie,0.46,2020,6,0,0.57,20.831252,-103.691423,"https://maps.google.com/?q=20.831252,-103.691423&t=k"
23406,agave en pie,0.46,2020,6,0,0.74,20.829814,-103.692445,"https://maps.google.com/?q=20.829814,-103.692445&t=k"
2075,agave en pie,0.45,2020,6,0,0.78,20.921827,-103.890542,"https://maps.google.com/?q=20.921827,-103.890542&t=k"
4269,agave en pie,0.45,2020,6,0,0.6,20.911116,-103.777262,"https://maps.google.com/?q=20.911116,-103.777262&t=k"
9742,agave en pie,0.45,2020,6,0,0.8,20.888085,-103.765577,"https://maps.google.com/?q=20.888085,-103.765577&t=k"
17204,agave en pie,0.45,2020,6,0,1.0,20.857263,-103.795047,"https://maps.google.com/?q=20.857263,-103.795047&t=k"
21932,agave en pie,0.45,2020,6,0,0.44,20.836281,-103.741687,"https://maps.google.com/?q=20.836281,-103.741687&t=k"
7124,agave en pie,0.44,2020,6,0,0.95,20.898649,-103.758472,"https://maps.google.com/?q=20.898649,-103.758472&t=k"
12401,agave en pie,0.44,2020,6,0,0.61,20.876075,-103.753804,"https://maps.google.com/?q=20.876075,-103.753804&t=k"
28136,agave en pie,0.44,2020,6,0,0.73,20.808874,-103.76824,"https://maps.google.com/?q=20.808874,-103.76824&t=k"
10600,agave en pie,0.42,2020,6,0,0.62,20.883971,-103.703992,"https://maps.google.com/?q=20.883971,-103.703992&t=k"
16118,agave en pie,0.42,2020,6,0,0.69,20.861359,-103.730617,"https://maps.google.com/?q=20.861359,-103.730617&t=k"
23507,agave en pie,0.42,2020,6,0,0.52,20.82986,-103.810352,"https://maps.google.com/?q=20.82986,-103.810352&t=k"
4866,agave en pie,0.41,2020,6,0,0.85,20.909046,-103.856648,"https://maps.google.com/?q=20.909046,-103.856648&t=k"
5015,agave en pie,0.4,2020,6,0,0.55,20.908561,-103.885784,"https://maps.google.com/?q=20.908561,-103.885784&t=k"
7324,agave en pie,0.39,2020,6,0,0.92,20.897691,-103.726466,"https://maps.google.com/?q=20.897691,-103.726466&t=k"
15045,agave en pie,0.38,2020,6,0,0.55,20.865701,-103.755908,"https://maps.google.com/?q=20.865701,-103.755908&t=k"
17600,agave en pie,0.38,2020,6,0,0.68,20.855594,-103.795444,"https://maps.google.com/?q=20.855594,-103.795444&t=k"
20982,agave en pie,0.38,2020,6,0,0.92,20.840995,-103.800654,"https://maps.google.com/?q=20.840995,-103.800654&t=k"
13325,agave en pie,0.37,2020,6,0,1.0,20.873299,-103.867781,"https://maps.google.com/?q=20.873299,-103.867781&t=k"
14475,agave en pie,0.37,2020,6,0,0.51,20.868531,-103.823937,"https://maps.google.com/?q=20.868531,-103.823937&t=k"
17681,agave en pie,0.37,2020,6,0,0.7,20.853848,-103.741108,"https://maps.google.com/?q=20.853848,-103.741108&t=k"
3199,agave en pie,0.36,2020,6,0,0.5,20.91653,-103.895581,"https://maps.google.com/?q=20.91653,-103.895581&t=k"
26945,agave en pie,0.36,2020,6,0,0.83,20.814129,-103.714919,"https://maps.google.com/?q=20.814129,-103.714919&t=k"
31637,agave en pie,0.36,2020,6,0,0.89,20.792737,-103.681668,"https://maps.google.com/?q=20.792737,-103.681668&t=k"
13751,agave en pie,0.35,2020,6,0,0.69,20.870824,-103.764756,"https://maps.google.com/?q=20.870824,-103.764756&t=k"
22512,agave en pie,0.35,2020,6,0,0.71,20.833827,-103.709323,"https://maps.google.com/?q=20.833827,-103.709323&t=k"
23903,agave en pie,0.35,2020,6,0,0.83,20.827213,-103.737053,"https://maps.google.com/?q=20.827213,-103.737053&t=k"
6112,agave en pie,0.34,2020,6,0,0.59,20.903306,-103.829483,"https://maps.google.com/?q=20.903306,-103.829483&t=k"
15365,agave en pie,0.34,2020,6,0,0.82,20.864088,-103.77029,"https://maps.google.com/?q=20.864088,-103.77029&t=k"
26339,agave en pie,0.33,2020,6,0,0.7,20.817469,-103.827937,"https://maps.google.com/?q=20.817469,-103.827937&t=k"
5327,agave en pie,0.32,2020,6,0,0.59,20.906662,-103.773453,"https://maps.google.com/?q=20.906662,-103.773453&t=k"
9520,agave en pie,0.32,2020,6,0,0.69,20.889419,-103.800702,"https://maps.google.com/?q=20.889419,-103.800702&t=k"
20958,agave en pie,0.32,2020,6,0,0.5,20.841091,-103.801422,"https://maps.google.com/?q=20.841091,-103.801422&t=k"
4863,agave en pie,0.31,2020,6,0,0.77,20.909293,-103.880346,"https://maps.google.com/?q=20.909293,-103.880346&t=k"
16228,agave en pie,0.31,2020,6,0,1.0,20.860729,-103.730959,"https://maps.google.com/?q=20.860729,-103.730959&t=k"
22953,agave en pie,0.31,2020,6,0,0.87,20.831603,-103.714002,"https://maps.google.com/?q=20.831603,-103.714002&t=k"
15599,agave en pie,0.3,2020,6,0,0.67,20.863449,-103.769334,"https://maps.google.com/?q=20.863449,-103.769334&t=k"
6635,agave en pie,8.57,2021,5,0,0.92,20.899584,-103.707896,"https://maps.google.com/?q=20.899584,-103.707896&t=k"
11562,agave en pie,6.59,2021,5,0,0.66,20.879074,-103.794056,"https://maps.google.com/?q=20.879074,-103.794056&t=k"
19524,agave en pie,6.05,2021,5,0,0.76,20.845788,-103.801289,"https://maps.google.com/?q=20.845788,-103.801289&t=k"
8994,agave en pie,6.03,2021,5,0,1.0,20.89043,-103.777622,"https://maps.google.com/?q=20.89043,-103.777622&t=k"
22582,agave en pie,5.88,2021,5,0,0.64,20.833021,-103.77184,"https://maps.google.com/?q=20.833021,-103.77184&t=k"
22975,agave en pie,5.69,2021,5,0,0.72,20.830411,-103.773206,"https://maps.google.com/?q=20.830411,-103.773206&t=k"
24260,agave en pie,5.65,2021,5,0,0.92,20.825253,-103.784587,"https://maps.google.com/?q=20.825253,-103.784587&t=k"
5628,agave en pie,5.59,2021,5,0,0.85,20.903914,-103.76189,"https://maps.google.com/?q=20.903914,-103.76189&t=k"
5203,agave en pie,4.79,2021,5,0,0.4,20.905689,-103.714766,"https://maps.google.com/?q=20.905689,-103.714766&t=k"
27714,agave en pie,4.79,2021,5,0,0.87,20.809914,-103.774621,"https://maps.google.com/?q=20.809914,-103.774621&t=k"
9168,agave en pie,4.67,2021,5,0,0.87,20.890136,-103.799831,"https://maps.google.com/?q=20.890136,-103.799831&t=k"
16939,agave en pie,4.67,2021,5,0,0.83,20.856799,-103.743102,"https://maps.google.com/?q=20.856799,-103.743102&t=k"
12065,agave en pie,4.65,2021,5,0,0.61,20.876184,-103.684018,"https://maps.google.com/?q=20.876184,-103.684018&t=k"
30414,agave en pie,4.64,2021,5,0,0.5,20.797747,-103.791581,"https://maps.google.com/?q=20.797747,-103.791581&t=k"
21622,agave en pie,4.57,2021,5,0,0.95,20.837456,-103.785642,"https://maps.google.com/?q=20.837456,-103.785642&t=k"
24313,agave en pie,4.51,2021,5,0,1.0,20.82491,-103.706852,"https://maps.google.com/?q=20.82491,-103.706852&t=k"
1508,agave en pie,4.32,2021,5,0,0.97,20.922103,-103.843616,"https://maps.google.com/?q=20.922103,-103.843616&t=k"
17019,agave en pie,4.3,2021,5,0,0.92,20.856708,-103.730752,"https://maps.google.com/?q=20.856708,-103.730752&t=k"
22076,agave en pie,4.24,2021,5,0,0.94,20.835412,-103.771292,"https://maps.google.com/?q=20.835412,-103.771292&t=k"
7386,agave en pie,4.06,2021,5,0,0.43,20.897573,-103.856735,"https://maps.google.com/?q=20.897573,-103.856735&t=k"
1908,agave en pie,4.03,2021,5,0,0.93,20.920906,-103.788192,"https://maps.google.com/?q=20.920906,-103.788192&t=k"
18486,agave en pie,4.0,2021,5,0,0.85,20.849594,-103.697752,"https://maps.google.com/?q=20.849594,-103.697752&t=k"
2690,agave en pie,3.86,2021,5,0,0.66,20.917774,-103.851389,"https://maps.google.com/?q=20.917774,-103.851389&t=k"
12902,agave en pie,3.78,2021,5,0,0.75,20.873547,-103.772857,"https://maps.google.com/?q=20.873547,-103.772857&t=k"
21608,agave en pie,3.78,2021,5,0,0.87,20.837217,-103.709678,"https://maps.google.com/?q=20.837217,-103.709678&t=k"
29446,agave en pie,3.76,2021,5,0,0.82,20.802082,-103.772187,"https://maps.google.com/?q=20.802082,-103.772187&t=k"
22017,agave en pie,3.74,2021,5,0,0.54,20.835333,-103.772878,"https://maps.google.com/?q=20.835333,-103.772878&t=k"
13069,agave en pie,3.67,2021,5,0,0.94,20.872626,-103.691161,"https://maps.google.com/?q=20.872626,-103.691161&t=k"
27151,agave en pie,3.66,2021,5,0,0.34,20.811984,-103.773596,"https://maps.google.com/?q=20.811984,-103.773596&t=k"
20215,agave en pie,3.61,2021,5,0,0.87,20.842929,-103.688632,"https://maps.google.com/?q=20.842929,-103.688632&t=k"
5691,agave en pie,3.6,2021,5,0,0.8,20.903852,-103.734971,"https://maps.google.com/?q=20.903852,-103.734971&t=k"
16312,agave en pie,3.58,2021,5,0,0.98,20.859819,-103.742212,"https://maps.google.com/?q=20.859819,-103.742212&t=k"
12490,agave en pie,3.56,2021,5,0,0.66,20.8753,-103.746649,"https://maps.google.com/?q=20.8753,-103.746649&t=k"
16844,agave en pie,3.54,2021,5,0,0.57,20.857498,-103.746027,"https://maps.google.com/?q=20.857498,-103.746027&t=k"
16735,agave en pie,3.5,2021,5,0,0.68,20.857274,-103.734063,"https://maps.google.com/?q=20.857274,-103.734063&t=k"
18681,agave en pie,3.45,2021,5,0,0.83,20.849178,-103.769739,"https://maps.google.com/?q=20.849178,-103.769739&t=k"
33645,agave en pie,3.44,2021,5,0,0.49,20.783201,-103.753607,"https://maps.google.com/?q=20.783201,-103.753607&t=k"
5368,agave en pie,3.43,2021,5,0,0.97,20.90613,-103.839604,"https://maps.google.com/?q=20.90613,-103.839604&t=k"
6520,agave en pie,3.42,2021,5,0,0.96,20.900351,-103.787877,"https://maps.google.com/?q=20.900351,-103.787877&t=k"
17349,agave en pie,3.42,2021,5,0,0.99,20.855623,-103.799577,"https://maps.google.com/?q=20.855623,-103.799577&t=k"
11427,agave en pie,3.38,2021,5,0,0.51,20.880274,-103.810724,"https://maps.google.com/?q=20.880274,-103.810724&t=k"
13905,agave en pie,3.38,2021,5,0,0.54,20.869262,-103.694314,"https://maps.google.com/?q=20.869262,-103.694314&t=k"
17990,agave en pie,3.33,2021,5,0,0.98,20.852401,-103.734729,"https://maps.google.com/?q=20.852401,-103.734729&t=k"
11931,agave en pie,3.32,2021,5,0,0.89,20.877375,-103.68617,"https://maps.google.com/?q=20.877375,-103.68617&t=k"
16543,agave en pie,3.31,2021,5,0,0.98,20.859001,-103.791669,"https://maps.google.com/?q=20.859001,-103.791669&t=k"
17259,agave en pie,3.29,2021,5,0,0.98,20.855533,-103.761566,"https://maps.google.com/?q=20.855533,-103.761566&t=k"
29860,agave en pie,3.28,2021,5,0,0.46,20.799324,-103.686511,"https://maps.google.com/?q=20.799324,-103.686511&t=k"
14848,agave en pie,3.26,2021,5,0,0.37,20.866358,-103.816745,"https://maps.google.com/?q=20.866358,-103.816745&t=k"
8969,agave en pie,3.23,2021,5,0,0.92,20.890425,-103.764356,"https://maps.google.com/?q=20.890425,-103.764356&t=k"
30827,agave en pie,3.23,2021,5,0,0.33,20.796198,-103.78972,"https://maps.google.com/?q=20.796198,-103.78972&t=k"
32776,agave en pie,3.23,2021,5,0,0.97,20.786924,-103.69536,"https://maps.google.com/?q=20.786924,-103.69536&t=k"
10567,agave en pie,3.22,2021,5,0,0.75,20.883518,-103.758645,"https://maps.google.com/?q=20.883518,-103.758645&t=k"
10177,agave en pie,3.21,2021,5,0,0.82,20.885271,-103.770022,"https://maps.google.com/?q=20.885271,-103.770022&t=k"
6845,agave en pie,3.2,2021,5,0,0.69,20.899006,-103.715159,"https://maps.google.com/?q=20.899006,-103.715159&t=k"
6372,agave en pie,3.18,2021,5,0,0.98,20.901289,-103.786379,"https://maps.google.com/?q=20.901289,-103.786379&t=k"
16392,agave en pie,3.17,2021,5,0,0.8,20.858695,-103.718626,"https://maps.google.com/?q=20.858695,-103.718626&t=k"
6065,agave en pie,3.14,2021,5,0,0.46,20.903302,-103.876064,"https://maps.google.com/?q=20.903302,-103.876064&t=k"
685,agave en pie,3.13,2021,5,0,0.66,20.92793,-103.870592,"https://maps.google.com/?q=20.92793,-103.870592&t=k"
10457,agave en pie,3.13,2021,5,0,0.84,20.882801,-103.686892,"https://maps.google.com/?q=20.882801,-103.686892&t=k"
15843,agave en pie,3.08,2021,5,0,0.73,20.861656,-103.740274,"https://maps.google.com/?q=20.861656,-103.740274&t=k"
2003,agave en pie,3.07,2021,5,0,0.67,20.9203,-103.785601,"https://maps.google.com/?q=20.9203,-103.785601&t=k"
2638,agave en pie,3.06,2021,5,0,0.78,20.917538,-103.76572,"https://maps.google.com/?q=20.917538,-103.76572&t=k"
27631,agave en pie,3.03,2021,5,0,0.75,20.810501,-103.768323,"https://maps.google.com/?q=20.810501,-103.768323&t=k"
28714,agave en pie,3.02,2021,5,0,0.81,20.805745,-103.766536,"https://maps.google.com/?q=20.805745,-103.766536&t=k"
2687,agave en pie,3.0,2021,5,0,0.83,20.917103,-103.718947,"https://maps.google.com/?q=20.917103,-103.718947&t=k"
28418,agave en pie,3.0,2021,5,0,0.9,20.806792,-103.767585,"https://maps.google.com/?q=20.806792,-103.767585&t=k"
9928,agave en pie,2.98,2021,5,0,0.49,20.885707,-103.700709,"https://maps.google.com/?q=20.885707,-103.700709&t=k"
767,agave en pie,2.97,2021,5,0,0.6,20.927544,-103.866796,"https://maps.google.com/?q=20.927544,-103.866796&t=k"
8154,agave en pie,2.95,2021,5,0,0.74,20.894336,-103.806095,"https://maps.google.com/?q=20.894336,-103.806095&t=k"
20727,agave en pie,2.94,2021,5,0,0.98,20.841179,-103.750583,"https://maps.google.com/?q=20.841179,-103.750583&t=k"
28097,agave en pie,2.93,2021,5,0,0.5,20.808718,-103.771653,"https://maps.google.com/?q=20.808718,-103.771653&t=k"
12252,agave en pie,2.91,2021,5,0,0.66,20.876288,-103.709489,"https://maps.google.com/?q=20.876288,-103.709489&t=k"
13908,agave en pie,2.89,2021,5,0,0.74,20.870263,-103.893997,"https://maps.google.com/?q=20.870263,-103.893997&t=k"
5953,agave en pie,2.88,2021,5,0,0.79,20.903009,-103.786942,"https://maps.google.com/?q=20.903009,-103.786942&t=k"
8067,agave en pie,2.88,2021,5,0,0.72,20.895074,-103.808396,"https://maps.google.com/?q=20.895074,-103.808396&t=k"
9607,agave en pie,2.86,2021,5,0,0.99,20.887859,-103.778124,"https://maps.google.com/?q=20.887859,-103.778124&t=k"
7941,agave en pie,2.83,2021,5,0,0.48,20.895389,-103.881651,"https://maps.google.com/?q=20.895389,-103.881651&t=k"
24119,agave en pie,2.81,2021,5,0,0.63,20.826144,-103.696848,"https://maps.google.com/?q=20.826144,-103.696848&t=k"
34035,agave en pie,2.8,2021,5,0,0.63,20.781752,-103.759286,"https://maps.google.com/?q=20.781752,-103.759286&t=k"
14621,agave en pie,2.79,2021,5,0,0.36,20.866993,-103.81054,"https://maps.google.com/?q=20.866993,-103.81054&t=k"
30725,agave en pie,2.78,2021,5,0,0.57,20.796413,-103.731882,"https://maps.google.com/?q=20.796413,-103.731882&t=k"
5285,agave en pie,2.75,2021,5,0,0.85,20.906036,-103.737164,"https://maps.google.com/?q=20.906036,-103.737164&t=k"
12194,agave en pie,2.74,2021,5,0,0.56,20.876962,-103.739233,"https://maps.google.com/?q=20.876962,-103.739233&t=k"
16876,agave en pie,2.73,2021,5,0,0.74,20.857459,-103.716426,"https://maps.google.com/?q=20.857459,-103.716426&t=k"
17058,agave en pie,2.72,2021,5,0,0.83,20.856377,-103.741039,"https://maps.google.com/?q=20.856377,-103.741039&t=k"
1070,agave en pie,2.71,2021,5,0,0.87,20.925918,-103.887531,"https://maps.google.com/?q=20.925918,-103.887531&t=k"
12152,agave en pie,2.71,2021,5,0,0.68,20.876588,-103.749906,"https://maps.google.com/?q=20.876588,-103.749906&t=k"
7535,agave en pie,2.69,2021,5,0,0.82,20.896646,-103.781369,"https://maps.google.com/?q=20.896646,-103.781369&t=k"
12649,agave en pie,2.69,2021,5,0,0.92,20.874932,-103.777027,"https://maps.google.com/?q=20.874932,-103.777027&t=k"
8896,agave en pie,2.68,2021,5,0,0.56,20.891404,-103.80035,"https://maps.google.com/?q=20.891404,-103.80035&t=k"
10074,agave en pie,2.68,2021,5,0,0.99,20.886046,-103.758432,"https://maps.google.com/?q=20.886046,-103.758432&t=k"
23718,agave en pie,2.67,2021,5,0,0.67,20.828004,-103.758812,"https://maps.google.com/?q=20.828004,-103.758812&t=k"
23717,agave en pie,2.66,2021,5,0,0.94,20.827481,-103.761507,"https://maps.google.com/?q=20.827481,-103.761507&t=k"
6552,agave en pie,2.65,2021,5,0,0.78,20.900221,-103.732694,"https://maps.google.com/?q=20.900221,-103.732694&t=k"
1364,agave en pie,2.64,2021,5,0,0.98,20.924385,-103.860474,"https://maps.google.com/?q=20.924385,-103.860474&t=k"
6825,agave en pie,2.64,2021,5,0,0.78,20.898533,-103.712279,"https://maps.google.com/?q=20.898533,-103.712279&t=k"
8454,agave en pie,2.64,2021,5,0,0.86,20.89362,-103.894499,"https://maps.google.com/?q=20.89362,-103.894499&t=k"
29238,agave en pie,2.64,2021,5,0,0.74,20.802742,-103.757241,"https://maps.google.com/?q=20.802742,-103.757241&t=k"
7579,agave en pie,2.63,2021,5,0,0.66,20.896158,-103.770125,"https://maps.google.com/?q=20.896158,-103.770125&t=k"
10369,agave en pie,2.63,2021,5,0,0.58,20.88472,-103.787666,"https://maps.google.com/?q=20.88472,-103.787666&t=k"
13659,agave en pie,2.63,2021,5,0,0.8,20.870474,-103.772593,"https://maps.google.com/?q=20.870474,-103.772593&t=k"
32690,agave en pie,2.63,2021,5,0,0.93,20.787638,-103.730274,"https://maps.google.com/?q=20.787638,-103.730274&t=k"
19981,agave en pie,2.62,2021,5,0,1.0,20.844316,-103.68689,"https://maps.google.com/?q=20.844316,-103.68689&t=k"
10181,agave en pie,2.6,2021,5,0,0.67,20.884302,-103.700096,"https://maps.google.com/?q=20.884302,-103.700096&t=k"
10073,agave en pie,2.59,2021,5,0,0.65,20.885425,-103.759975,"https://maps.google.com/?q=20.885425,-103.759975&t=k"
16768,agave en pie,2.59,2021,5,0,0.93,20.858699,-103.813056,"https://maps.google.com/?q=20.858699,-103.813056&t=k"
32983,agave en pie,2.59,2021,5,0,0.75,20.786153,-103.712899,"https://maps.google.com/?q=20.786153,-103.712899&t=k"
1243,agave en pie,2.58,2021,5,0,0.97,20.925068,-103.861286,"https://maps.google.com/?q=20.925068,-103.861286&t=k"
6773,agave en pie,2.58,2021,5,0,0.97,20.900426,-103.844359,"https://maps.google.com/?q=20.900426,-103.844359&t=k"
13527,agave en pie,2.58,2021,5,0,0.98,20.871341,-103.761244,"https://maps.google.com/?q=20.871341,-103.761244&t=k"
5753,agave en pie,2.56,2021,5,0,0.37,20.903819,-103.748912,"https://maps.google.com/?q=20.903819,-103.748912&t=k"
17577,agave en pie,2.56,2021,5,0,0.5,20.854214,-103.747929,"https://maps.google.com/?q=20.854214,-103.747929&t=k"
17777,agave en pie,2.56,2021,5,0,0.34,20.854357,-103.85884,"https://maps.google.com/?q=20.854357,-103.85884&t=k"
20703,agave en pie,2.56,2021,5,0,0.67,20.841157,-103.747556,"https://maps.google.com/?q=20.841157,-103.747556&t=k"
3899,agave en pie,2.53,2021,5,0,0.96,20.912236,-103.860806,"https://maps.google.com/?q=20.912236,-103.860806&t=k"
3997,agave en pie,2.53,2021,5,0,0.34,20.910185,-103.711987,"https://maps.google.com/?q=20.910185,-103.711987&t=k"
10966,agave en pie,2.53,2021,5,0,0.49,20.881461,-103.718625,"https://maps.google.com/?q=20.881461,-103.718625&t=k"
1256,agave en pie,2.52,2021,5,0,0.97,20.925045,-103.864652,"https://maps.google.com/?q=20.925045,-103.864652&t=k"
27587,agave en pie,2.51,2021,5,0,0.98,20.810208,-103.765299,"https://maps.google.com/?q=20.810208,-103.765299&t=k"
6968,agave en pie,2.5,2021,5,0,1.0,20.899604,-103.843115,"https://maps.google.com/?q=20.899604,-103.843115&t=k"
9095,agave en pie,2.5,2021,5,0,0.98,20.890739,-103.795645,"https://maps.google.com/?q=20.890739,-103.795645&t=k"
18942,agave en pie,2.5,2021,5,0,0.95,20.848479,-103.717655,"https://maps.google.com/?q=20.848479,-103.717655&t=k"
22941,agave en pie,2.49,2021,5,0,0.84,20.831856,-103.785783,"https://maps.google.com/?q=20.831856,-103.785783&t=k"
8287,agave en pie,2.48,2021,5,0,0.65,20.893396,-103.800959,"https://maps.google.com/?q=20.893396,-103.800959&t=k"
24268,agave en pie,2.47,2021,5,0,0.64,20.82542,-103.696711,"https://maps.google.com/?q=20.82542,-103.696711&t=k"
3672,agave en pie,2.46,2021,5,0,0.67,20.912891,-103.779171,"https://maps.google.com/?q=20.912891,-103.779171&t=k"
8406,agave en pie,2.46,2021,5,0,0.93,20.892841,-103.761068,"https://maps.google.com/?q=20.892841,-103.761068&t=k"
11158,agave en pie,2.46,2021,5,0,0.86,20.881661,-103.751739,"https://maps.google.com/?q=20.881661,-103.751739&t=k"
30767,agave en pie,2.46,2021,5,0,0.62,20.796303,-103.729241,"https://maps.google.com/?q=20.796303,-103.729241&t=k"
1609,agave en pie,2.45,2021,5,0,0.5,20.923212,-103.85404,"https://maps.google.com/?q=20.923212,-103.85404&t=k"
14808,agave en pie,2.44,2021,5,0,0.66,20.865894,-103.745237,"https://maps.google.com/?q=20.865894,-103.745237&t=k"
14852,agave en pie,2.44,2021,5,0,0.62,20.866208,-103.76984,"https://maps.google.com/?q=20.866208,-103.76984&t=k"
17907,agave en pie,2.44,2021,5,0,0.82,20.852855,-103.728911,"https://maps.google.com/?q=20.852855,-103.728911&t=k"
30728,agave en pie,2.44,2021,5,0,0.46,20.795305,-103.69255,"https://maps.google.com/?q=20.795305,-103.69255&t=k"
4729,agave en pie,2.43,2021,5,0,0.4,20.909082,-103.875637,"https://maps.google.com/?q=20.909082,-103.875637&t=k"
12907,agave en pie,2.43,2021,5,0,0.94,20.872998,-103.710478,"https://maps.google.com/?q=20.872998,-103.710478&t=k"
8266,agave en pie,2.42,2021,5,0,0.54,20.893971,-103.818596,"https://maps.google.com/?q=20.893971,-103.818596&t=k"
20624,agave en pie,2.42,2021,5,0,0.44,20.841417,-103.703492,"https://maps.google.com/?q=20.841417,-103.703492&t=k"
23541,agave en pie,2.42,2021,5,0,0.98,20.829268,-103.796711,"https://maps.google.com/?q=20.829268,-103.796711&t=k"
33524,agave en pie,2.42,2021,5,0,0.86,20.783942,-103.707106,"https://maps.google.com/?q=20.783942,-103.707106&t=k"
34478,agave en pie,2.42,2021,5,0,0.72,20.780058,-103.774959,"https://maps.google.com/?q=20.780058,-103.774959&t=k"
26012,agave en pie,2.41,2021,5,0,0.95,20.817431,-103.715468,"https://maps.google.com/?q=20.817431,-103.715468&t=k"
7203,agave en pie,2.4,2021,5,0,0.57,20.897722,-103.76146,"https://maps.google.com/?q=20.897722,-103.76146&t=k"
10105,agave en pie,2.4,2021,5,0,0.58,20.884926,-103.687162,"https://maps.google.com/?q=20.884926,-103.687162&t=k"
18343,agave en pie,2.39,2021,5,0,0.52,20.852115,-103.834445,"https://maps.google.com/?q=20.852115,-103.834445&t=k"
5987,agave en pie,2.38,2021,5,0,0.75,20.90308,-103.728296,"https://maps.google.com/?q=20.90308,-103.728296&t=k"
13317,agave en pie,2.38,2021,5,0,0.97,20.872091,-103.70395,"https://maps.google.com/?q=20.872091,-103.70395&t=k"
14717,agave en pie,2.38,2021,5,0,0.59,20.865909,-103.728945,"https://maps.google.com/?q=20.865909,-103.728945&t=k"
25393,agave en pie,2.38,2021,5,0,0.93,20.820119,-103.688733,"https://maps.google.com/?q=20.820119,-103.688733&t=k"
1164,agave en pie,2.37,2021,5,0,0.93,20.925164,-103.848689,"https://maps.google.com/?q=20.925164,-103.848689&t=k"
7478,agave en pie,2.37,2021,5,0,0.81,20.897221,-103.878609,"https://maps.google.com/?q=20.897221,-103.878609&t=k"
25793,agave en pie,2.37,2021,5,0,0.64,20.817295,-103.697501,"https://maps.google.com/?q=20.817295,-103.697501&t=k"
26386,agave en pie,2.37,2021,5,0,0.53,20.816278,-103.767604,"https://maps.google.com/?q=20.816278,-103.767604&t=k"
6423,agave en pie,2.36,2021,5,0,0.99,20.901209,-103.707786,"https://maps.google.com/?q=20.901209,-103.707786&t=k"
27843,agave en pie,2.36,2021,5,0,0.6,20.809759,-103.771932,"https://maps.google.com/?q=20.809759,-103.771932&t=k"
3353,agave en pie,2.35,2021,5,0,0.7,20.914521,-103.77959,"https://maps.google.com/?q=20.914521,-103.77959&t=k"
11911,agave en pie,2.35,2021,5,0,0.8,20.878592,-103.79627,"https://maps.google.com/?q=20.878592,-103.79627&t=k"
1548,agave en pie,2.34,2021,5,0,0.59,20.92369,-103.864662,"https://maps.google.com/?q=20.92369,-103.864662&t=k"
11409,agave en pie,2.34,2021,5,0,0.94,20.880118,-103.75699,"https://maps.google.com/?q=20.880118,-103.75699&t=k"
7578,agave en pie,2.33,2021,5,0,0.97,20.896231,-103.780267,"https://maps.google.com/?q=20.896231,-103.780267&t=k"
12618,agave en pie,2.33,2021,5,0,0.97,20.874664,-103.68009,"https://maps.google.com/?q=20.874664,-103.68009&t=k"
15506,agave en pie,2.33,2021,5,0,0.58,20.863728,-103.808836,"https://maps.google.com/?q=20.863728,-103.808836&t=k"
4211,agave en pie,2.32,2021,5,0,0.44,20.910831,-103.762795,"https://maps.google.com/?q=20.910831,-103.762795&t=k"
24228,agave en pie,2.31,2021,5,0,0.94,20.825471,-103.703436,"https://maps.google.com/?q=20.825471,-103.703436&t=k"
13368,agave en pie,2.3,2021,5,0,0.77,20.871683,-103.75235,"https://maps.google.com/?q=20.871683,-103.75235&t=k"
23384,agave en pie,2.3,2021,5,0,0.93,20.829553,-103.754427,"https://maps.google.com/?q=20.829553,-103.754427&t=k"
23992,agave en pie,2.3,2021,5,0,0.5,20.826716,-103.724854,"https://maps.google.com/?q=20.826716,-103.724854&t=k"
4692,agave en pie,2.29,2021,5,0,0.45,20.908467,-103.837855,"https://maps.google.com/?q=20.908467,-103.837855&t=k"
17506,agave en pie,2.29,2021,5,0,0.81,20.855098,-103.789153,"https://maps.google.com/?q=20.855098,-103.789153&t=k"
19189,agave en pie,2.29,2021,5,0,0.37,20.848331,-103.829332,"https://maps.google.com/?q=20.848331,-103.829332&t=k"
21658,agave en pie,2.28,2021,5,0,0.48,20.837161,-103.744706,"https://maps.google.com/?q=20.837161,-103.744706&t=k"
29064,agave en pie,2.28,2021,5,0,0.65,20.804093,-103.76924,"https://maps.google.com/?q=20.804093,-103.76924&t=k"
5162,agave en pie,2.27,2021,5,0,0.66,20.906845,-103.812197,"https://maps.google.com/?q=20.906845,-103.812197&t=k"
6956,agave en pie,2.27,2021,5,0,0.79,20.89921,-103.7863,"https://maps.google.com/?q=20.89921,-103.7863&t=k"
1430,agave en pie,2.26,2021,5,0,1.0,20.924223,-103.863264,"https://maps.google.com/?q=20.924223,-103.863264&t=k"
13156,agave en pie,2.26,2021,5,0,0.98,20.872903,-103.746236,"https://maps.google.com/?q=20.872903,-103.746236&t=k"
16389,agave en pie,2.26,2021,5,0,0.87,20.859576,-103.733804,"https://maps.google.com/?q=20.859576,-103.733804&t=k"
20180,agave en pie,2.26,2021,5,0,0.99,20.843394,-103.684399,"https://maps.google.com/?q=20.843394,-103.684399&t=k"
335,agave en pie,2.25,2021,5,0,0.88,20.929893,-103.833315,"https://maps.google.com/?q=20.929893,-103.833315&t=k"
4210,agave en pie,2.25,2021,5,0,0.32,20.910455,-103.773278,"https://maps.google.com/?q=20.910455,-103.773278&t=k"
8353,agave en pie,2.25,2021,5,0,0.69,20.893928,-103.852148,"https://maps.google.com/?q=20.893928,-103.852148&t=k"
16408,agave en pie,2.25,2021,5,0,0.94,20.859742,-103.744039,"https://maps.google.com/?q=20.859742,-103.744039&t=k"
17059,agave en pie,2.25,2021,5,0,0.52,20.856546,-103.7395,"https://maps.google.com/?q=20.856546,-103.7395&t=k"
3826,agave en pie,2.24,2021,5,0,0.94,20.912329,-103.776291,"https://maps.google.com/?q=20.912329,-103.776291&t=k"
7071,agave en pie,2.24,2021,5,0,0.66,20.898019,-103.771264,"https://maps.google.com/?q=20.898019,-103.771264&t=k"
18753,agave en pie,2.24,2021,5,0,0.88,20.849597,-103.728217,"https://maps.google.com/?q=20.849597,-103.728217&t=k"
13658,agave en pie,2.23,2021,5,0,0.57,20.870938,-103.780664,"https://maps.google.com/?q=20.870938,-103.780664&t=k"
15367,agave en pie,2.23,2021,5,0,0.97,20.863874,-103.759383,"https://maps.google.com/?q=20.863874,-103.759383&t=k"
18788,agave en pie,2.23,2021,5,0,0.92,20.849774,-103.796404,"https://maps.google.com/?q=20.849774,-103.796404&t=k"
31104,agave en pie,2.23,2021,5,0,0.5,20.794391,-103.73334,"https://maps.google.com/?q=20.794391,-103.73334&t=k"
31631,agave en pie,2.23,2021,5,0,0.69,20.792473,-103.73057,"https://maps.google.com/?q=20.792473,-103.73057&t=k"
32850,agave en pie,2.23,2021,5,0,0.54,20.786227,-103.734993,"https://maps.google.com/?q=20.786227,-103.734993&t=k"
30743,agave en pie,2.22,2021,5,0,0.66,20.796038,-103.742261,"https://maps.google.com/?q=20.796038,-103.742261&t=k"
13944,agave en pie,2.21,2021,5,0,0.57,20.869425,-103.740161,"https://maps.google.com/?q=20.869425,-103.740161&t=k"
26885,agave en pie,2.21,2021,5,0,0.81,20.813468,-103.772623,"https://maps.google.com/?q=20.813468,-103.772623&t=k"
5748,agave en pie,2.2,2021,5,0,0.99,20.904217,-103.772655,"https://maps.google.com/?q=20.904217,-103.772655&t=k"
7033,agave en pie,2.2,2021,5,0,0.96,20.898951,-103.800723,"https://maps.google.com/?q=20.898951,-103.800723&t=k"
25224,agave en pie,2.2,2021,5,0,0.74,20.820886,-103.688534,"https://maps.google.com/?q=20.820886,-103.688534&t=k"
23564,agave en pie,2.19,2021,5,0,0.85,20.828679,-103.809352,"https://maps.google.com/?q=20.828679,-103.809352&t=k"
9290,agave en pie,2.16,2021,5,0,0.75,20.889115,-103.889437,"https://maps.google.com/?q=20.889115,-103.889437&t=k"
12459,agave en pie,2.16,2021,5,0,0.53,20.876147,-103.81489,"https://maps.google.com/?q=20.876147,-103.81489&t=k"
16738,agave en pie,2.16,2021,5,0,0.94,20.857804,-103.71426,"https://maps.google.com/?q=20.857804,-103.71426&t=k"
22598,agave en pie,2.16,2021,5,0,0.65,20.833129,-103.786926,"https://maps.google.com/?q=20.833129,-103.786926&t=k"
11477,agave en pie,2.15,2021,5,0,0.56,20.880348,-103.80832,"https://maps.google.com/?q=20.880348,-103.80832&t=k"
15838,agave en pie,2.15,2021,5,0,1.0,20.862208,-103.791691,"https://maps.google.com/?q=20.862208,-103.791691&t=k"
18478,agave en pie,2.15,2021,5,0,0.69,20.850783,-103.7543,"https://maps.google.com/?q=20.850783,-103.7543&t=k"
28280,agave en pie,2.15,2021,5,0,0.73,20.807271,-103.686106,"https://maps.google.com/?q=20.807271,-103.686106&t=k"
32963,agave en pie,2.15,2021,5,0,0.66,20.787072,-103.770387,"https://maps.google.com/?q=20.787072,-103.770387&t=k"
16649,agave en pie,2.14,2021,5,0,0.93,20.858848,-103.782827,"https://maps.google.com/?q=20.858848,-103.782827&t=k"
10101,agave en pie,2.13,2021,5,0,0.62,20.885615,-103.730558,"https://maps.google.com/?q=20.885615,-103.730558&t=k"
11208,agave en pie,2.13,2021,5,0,0.7,20.881361,-103.772745,"https://maps.google.com/?q=20.881361,-103.772745&t=k"
22765,agave en pie,2.13,2021,5,0,0.52,20.832319,-103.755798,"https://maps.google.com/?q=20.832319,-103.755798&t=k"
31601,agave en pie,2.13,2021,5,0,0.85,20.792696,-103.748581,"https://maps.google.com/?q=20.792696,-103.748581&t=k"
7814,agave en pie,2.12,2021,5,0,0.57,20.895564,-103.853577,"https://maps.google.com/?q=20.895564,-103.853577&t=k"
9043,agave en pie,2.1,2021,5,0,0.4,20.891227,-103.860196,"https://maps.google.com/?q=20.891227,-103.860196&t=k"
9354,agave en pie,2.1,2021,5,0,0.85,20.889075,-103.764992,"https://maps.google.com/?q=20.889075,-103.764992&t=k"
13292,agave en pie,2.1,2021,5,0,0.8,20.872774,-103.784686,"https://maps.google.com/?q=20.872774,-103.784686&t=k"
8119,agave en pie,2.09,2021,5,0,0.67,20.89359,-103.715638,"https://maps.google.com/?q=20.89359,-103.715638&t=k"
10772,agave en pie,2.09,2021,5,0,0.93,20.882794,-103.746058,"https://maps.google.com/?q=20.882794,-103.746058&t=k"
20442,agave en pie,2.09,2021,5,0,0.47,20.842431,-103.700264,"https://maps.google.com/?q=20.842431,-103.700264&t=k"
7004,agave en pie,2.08,2021,5,0,1.0,20.899454,-103.840905,"https://maps.google.com/?q=20.899454,-103.840905&t=k"
21129,agave en pie,2.08,2021,5,0,0.94,20.839376,-103.702452,"https://maps.google.com/?q=20.839376,-103.702452&t=k"
23171,agave en pie,2.08,2021,5,0,0.98,20.830757,-103.796459,"https://maps.google.com/?q=20.830757,-103.796459&t=k"
28078,agave en pie,2.08,2021,5,0,0.53,20.807446,-103.721173,"https://maps.google.com/?q=20.807446,-103.721173&t=k"
12409,agave en pie,2.07,2021,5,0,0.98,20.875464,-103.690176,"https://maps.google.com/?q=20.875464,-103.690176&t=k"
6676,agave en pie,2.06,2021,5,0,0.49,20.901076,-103.853728,"https://maps.google.com/?q=20.901076,-103.853728&t=k"
28524,agave en pie,2.06,2021,5,0,0.81,20.806775,-103.771572,"https://maps.google.com/?q=20.806775,-103.771572&t=k"
3288,agave en pie,2.05,2021,5,0,0.64,20.915664,-103.873761,"https://maps.google.com/?q=20.915664,-103.873761&t=k"
12288,agave en pie,2.05,2021,5,0,0.77,20.876197,-103.6857,"https://maps.google.com/?q=20.876197,-103.6857&t=k"
29536,agave en pie,2.05,2021,5,0,0.55,20.800856,-103.709844,"https://maps.google.com/?q=20.800856,-103.709844&t=k"
2715,agave en pie,2.04,2021,5,0,0.7,20.917294,-103.77577,"https://maps.google.com/?q=20.917294,-103.77577&t=k"
3656,agave en pie,2.04,2021,5,0,0.54,20.913679,-103.860411,"https://maps.google.com/?q=20.913679,-103.860411&t=k"
10391,agave en pie,2.04,2021,5,0,0.85,20.884749,-103.785359,"https://maps.google.com/?q=20.884749,-103.785359&t=k"
13268,agave en pie,2.04,2021,5,0,0.84,20.873429,-103.867059,"https://maps.google.com/?q=20.873429,-103.867059&t=k"
17232,agave en pie,2.04,2021,5,0,0.89,20.855665,-103.718171,"https://maps.google.com/?q=20.855665,-103.718171&t=k"
17285,agave en pie,2.04,2021,5,0,0.84,20.856213,-103.768096,"https://maps.google.com/?q=20.856213,-103.768096&t=k"
7349,agave en pie,2.03,2021,5,0,0.89,20.897692,-103.782466,"https://maps.google.com/?q=20.897692,-103.782466&t=k"
11155,agave en pie,2.03,2021,5,0,0.94,20.880985,-103.770729,"https://maps.google.com/?q=20.880985,-103.770729&t=k"
9302,agave en pie,2.02,2021,5,0,0.39,20.889643,-103.787578,"https://maps.google.com/?q=20.889643,-103.787578&t=k"
13720,agave en pie,2.02,2021,5,0,1.0,20.870072,-103.682197,"https://maps.google.com/?q=20.870072,-103.682197&t=k"
21334,agave en pie,2.02,2021,5,0,0.89,20.838977,-103.783564,"https://maps.google.com/?q=20.838977,-103.783564&t=k"
30745,agave en pie,2.02,2021,5,0,0.63,20.796381,-103.73976,"https://maps.google.com/?q=20.796381,-103.73976&t=k"
23630,agave en pie,2.01,2021,5,0,0.47,20.828539,-103.776681,"https://maps.google.com/?q=20.828539,-103.776681&t=k"
7520,agave en pie,2.0,2021,5,0,0.84,20.897716,-103.892209,"https://maps.google.com/?q=20.897716,-103.892209&t=k"
23297,agave en pie,2.0,2021,5,0,0.97,20.829891,-103.763697,"https://maps.google.com/?q=20.829891,-103.763697&t=k"
28044,agave en pie,1.99,2021,5,0,0.84,20.80822,-103.765171,"https://maps.google.com/?q=20.80822,-103.765171&t=k"
1257,agave en pie,1.98,2021,5,0,0.99,20.924943,-103.862922,"https://maps.google.com/?q=20.924943,-103.862922&t=k"
11459,agave en pie,1.98,2021,5,0,0.8,20.880386,-103.7691,"https://maps.google.com/?q=20.880386,-103.7691&t=k"
13007,agave en pie,1.98,2021,5,0,0.72,20.874057,-103.806544,"https://maps.google.com/?q=20.874057,-103.806544&t=k"
16650,agave en pie,1.98,2021,5,0,0.54,20.858667,-103.745297,"https://maps.google.com/?q=20.858667,-103.745297&t=k"
27510,agave en pie,1.98,2021,5,0,0.8,20.810971,-103.76462,"https://maps.google.com/?q=20.810971,-103.76462&t=k"
29459,agave en pie,1.98,2021,5,0,0.38,20.801887,-103.690908,"https://maps.google.com/?q=20.801887,-103.690908&t=k"
2435,agave en pie,1.97,2021,5,0,0.6,20.919431,-103.883348,"https://maps.google.com/?q=20.919431,-103.883348&t=k"
2612,agave en pie,1.96,2021,5,0,0.55,20.918591,-103.872296,"https://maps.google.com/?q=20.918591,-103.872296&t=k"
8466,agave en pie,1.96,2021,5,0,0.6,20.89317,-103.82038,"https://maps.google.com/?q=20.89317,-103.82038&t=k"
16388,agave en pie,1.96,2021,5,0,0.95,20.859728,-103.735965,"https://maps.google.com/?q=20.859728,-103.735965&t=k"
19202,agave en pie,1.96,2021,5,0,0.58,20.848068,-103.729143,"https://maps.google.com/?q=20.848068,-103.729143&t=k"
28624,agave en pie,1.96,2021,5,0,0.52,20.80578,-103.777681,"https://maps.google.com/?q=20.80578,-103.777681&t=k"
8020,agave en pie,1.95,2021,5,0,0.64,20.89483,-103.825318,"https://maps.google.com/?q=20.89483,-103.825318&t=k"
14406,agave en pie,1.95,2021,5,0,0.87,20.867757,-103.752959,"https://maps.google.com/?q=20.867757,-103.752959&t=k"
16031,agave en pie,1.95,2021,5,0,0.98,20.860973,-103.727208,"https://maps.google.com/?q=20.860973,-103.727208&t=k"
18613,agave en pie,1.95,2021,5,0,0.57,20.849747,-103.724131,"https://maps.google.com/?q=20.849747,-103.724131&t=k"
24525,agave en pie,1.95,2021,5,0,0.76,20.824513,-103.788581,"https://maps.google.com/?q=20.824513,-103.788581&t=k"
11032,agave en pie,1.93,2021,5,0,1.0,20.881811,-103.741452,"https://maps.google.com/?q=20.881811,-103.741452&t=k"
11431,agave en pie,1.93,2021,5,0,0.85,20.880172,-103.77064,"https://maps.google.com/?q=20.880172,-103.77064&t=k"
17233,agave en pie,1.93,2021,5,0,0.96,20.855917,-103.715526,"https://maps.google.com/?q=20.855917,-103.715526&t=k"
24879,agave en pie,1.93,2021,5,0,0.49,20.822902,-103.75919,"https://maps.google.com/?q=20.822902,-103.75919&t=k"
2903,agave en pie,1.92,2021,5,0,0.5,20.916056,-103.831163,"https://maps.google.com/?q=20.916056,-103.831163&t=k"
7298,agave en pie,1.92,2021,5,0,0.91,20.897346,-103.77199,"https://maps.google.com/?q=20.897346,-103.77199&t=k"
1310,agave en pie,1.9,2021,5,0,0.96,20.924609,-103.84677,"https://maps.google.com/?q=20.924609,-103.84677&t=k"
10382,agave en pie,1.9,2021,5,0,0.95,20.885485,-103.88682,"https://maps.google.com/?q=20.885485,-103.88682&t=k"
14397,agave en pie,1.9,2021,5,0,0.86,20.867851,-103.817022,"https://maps.google.com/?q=20.867851,-103.817022&t=k"
28417,agave en pie,1.9,2021,5,0,0.81,20.806784,-103.772773,"https://maps.google.com/?q=20.806784,-103.772773&t=k"
8226,agave en pie,1.89,2021,5,0,0.67,20.894683,-103.898192,"https://maps.google.com/?q=20.894683,-103.898192&t=k"
27454,agave en pie,1.89,2021,5,0,0.79,20.811344,-103.772496,"https://maps.google.com/?q=20.811344,-103.772496&t=k"
5326,agave en pie,1.88,2021,5,0,0.91,20.906211,-103.773552,"https://maps.google.com/?q=20.906211,-103.773552&t=k"
13937,agave en pie,1.88,2021,5,0,0.94,20.869338,-103.680665,"https://maps.google.com/?q=20.869338,-103.680665&t=k"
23495,agave en pie,1.88,2021,5,0,0.71,20.829341,-103.762501,"https://maps.google.com/?q=20.829341,-103.762501&t=k"
5386,agave en pie,1.87,2021,5,0,0.88,20.906532,-103.859022,"https://maps.google.com/?q=20.906532,-103.859022&t=k"
6785,agave en pie,1.87,2021,5,0,0.67,20.900306,-103.873731,"https://maps.google.com/?q=20.900306,-103.873731&t=k"
6947,agave en pie,1.87,2021,5,0,0.63,20.899507,-103.848788,"https://maps.google.com/?q=20.899507,-103.848788&t=k"
20625,agave en pie,1.87,2021,5,0,0.98,20.841815,-103.696521,"https://maps.google.com/?q=20.841815,-103.696521&t=k"
23402,agave en pie,1.86,2021,5,0,0.8,20.829376,-103.712147,"https://maps.google.com/?q=20.829376,-103.712147&t=k"
6578,agave en pie,1.85,2021,5,0,0.68,20.900681,-103.758359,"https://maps.google.com/?q=20.900681,-103.758359&t=k"
8581,agave en pie,1.85,2021,5,0,0.68,20.892967,-103.843551,"https://maps.google.com/?q=20.892967,-103.843551&t=k"
16275,agave en pie,1.85,2021,5,0,0.63,20.860379,-103.807853,"https://maps.google.com/?q=20.860379,-103.807853&t=k"
7041,agave en pie,1.84,2021,5,0,0.57,20.898473,-103.740544,"https://maps.google.com/?q=20.898473,-103.740544&t=k"
10430,agave en pie,1.84,2021,5,0,1.0,20.885099,-103.783818,"https://maps.google.com/?q=20.885099,-103.783818&t=k"
5178,agave en pie,1.83,2021,5,0,0.55,20.907157,-103.885169,"https://maps.google.com/?q=20.907157,-103.885169&t=k"
15441,agave en pie,1.83,2021,5,0,0.76,20.864241,-103.857468,"https://maps.google.com/?q=20.864241,-103.857468&t=k"
14221,agave en pie,1.82,2021,5,0,0.57,20.868633,-103.718638,"https://maps.google.com/?q=20.868633,-103.718638&t=k"
32894,agave en pie,1.82,2021,5,0,0.93,20.786795,-103.69027,"https://maps.google.com/?q=20.786795,-103.69027&t=k"
337,agave en pie,1.81,2021,5,0,0.58,20.929876,-103.830815,"https://maps.google.com/?q=20.929876,-103.830815&t=k"
2819,agave en pie,1.8,2021,5,0,0.51,20.91724,-103.852595,"https://maps.google.com/?q=20.91724,-103.852595&t=k"
8588,agave en pie,1.8,2021,5,0,0.84,20.892565,-103.798322,"https://maps.google.com/?q=20.892565,-103.798322&t=k"
14828,agave en pie,1.8,2021,5,0,0.92,20.866251,-103.757104,"https://maps.google.com/?q=20.866251,-103.757104&t=k"
32065,agave en pie,1.8,2021,5,0,0.47,20.790231,-103.788999,"https://maps.google.com/?q=20.790231,-103.788999&t=k"
9434,agave en pie,1.79,2021,5,0,0.64,20.888576,-103.783694,"https://maps.google.com/?q=20.888576,-103.783694&t=k"
13500,agave en pie,1.79,2021,5,0,0.74,20.872525,-103.894605,"https://maps.google.com/?q=20.872525,-103.894605&t=k"
14966,agave en pie,1.79,2021,5,0,0.95,20.865486,-103.808293,"https://maps.google.com/?q=20.865486,-103.808293&t=k"
18060,agave en pie,1.79,2021,5,0,0.56,20.853211,-103.797049,"https://maps.google.com/?q=20.853211,-103.797049&t=k"
22530,agave en pie,1.79,2021,5,0,0.91,20.832787,-103.697224,"https://maps.google.com/?q=20.832787,-103.697224&t=k"
9530,agave en pie,1.78,2021,5,0,0.88,20.887511,-103.730398,"https://maps.google.com/?q=20.887511,-103.730398&t=k"
12535,agave en pie,1.78,2021,5,0,0.53,20.875317,-103.706566,"https://maps.google.com/?q=20.875317,-103.706566&t=k"
12985,agave en pie,1.78,2021,5,0,0.84,20.873567,-103.756852,"https://maps.google.com/?q=20.873567,-103.756852&t=k"
16117,agave en pie,1.78,2021,5,0,0.55,20.860713,-103.753305,"https://maps.google.com/?q=20.860713,-103.753305&t=k"
18048,agave en pie,1.78,2021,5,0,0.67,20.852963,-103.731409,"https://maps.google.com/?q=20.852963,-103.731409&t=k"
29991,agave en pie,1.78,2021,5,0,0.57,20.7991,-103.722636,"https://maps.google.com/?q=20.7991,-103.722636&t=k"
4106,agave en pie,1.77,2021,5,0,0.83,20.911279,-103.768512,"https://maps.google.com/?q=20.911279,-103.768512&t=k"
7716,agave en pie,1.77,2021,5,0,0.88,20.896844,-103.890053,"https://maps.google.com/?q=20.896844,-103.890053&t=k"
8220,agave en pie,1.77,2021,5,0,0.85,20.89446,-103.804508,"https://maps.google.com/?q=20.89446,-103.804508&t=k"
23566,agave en pie,1.77,2021,5,0,0.64,20.829413,-103.785178,"https://maps.google.com/?q=20.829413,-103.785178&t=k"
26975,agave en pie,1.77,2021,5,0,0.79,20.81341,-103.764504,"https://maps.google.com/?q=20.81341,-103.764504&t=k"
4109,agave en pie,1.76,2021,5,0,0.89,20.910289,-103.71987,"https://maps.google.com/?q=20.910289,-103.71987&t=k"
9765,agave en pie,1.76,2021,5,0,0.91,20.887389,-103.738329,"https://maps.google.com/?q=20.887389,-103.738329&t=k"
10641,agave en pie,1.76,2021,5,0,0.63,20.883542,-103.749512,"https://maps.google.com/?q=20.883542,-103.749512&t=k"
12574,agave en pie,1.76,2021,5,0,0.62,20.87416,-103.691004,"https://maps.google.com/?q=20.87416,-103.691004&t=k"
17752,agave en pie,1.76,2021,5,0,0.93,20.854207,-103.716501,"https://maps.google.com/?q=20.854207,-103.716501&t=k"
18821,agave en pie,1.76,2021,5,0,0.53,20.849209,-103.825721,"https://maps.google.com/?q=20.849209,-103.825721&t=k"
5977,agave en pie,1.75,2021,5,0,0.9,20.903623,-103.842892,"https://maps.google.com/?q=20.903623,-103.842892&t=k"
6815,agave en pie,1.75,2021,5,0,0.85,20.900301,-103.845898,"https://maps.google.com/?q=20.900301,-103.845898&t=k"
12766,agave en pie,1.75,2021,5,0,0.52,20.874081,-103.686583,"https://maps.google.com/?q=20.874081,-103.686583&t=k"
18921,agave en pie,1.75,2021,5,0,0.87,20.848361,-103.719963,"https://maps.google.com/?q=20.848361,-103.719963&t=k"
19250,agave en pie,1.75,2021,5,0,0.63,20.847865,-103.744522,"https://maps.google.com/?q=20.847865,-103.744522&t=k"
28415,agave en pie,1.75,2021,5,0,0.78,20.807205,-103.774835,"https://maps.google.com/?q=20.807205,-103.774835&t=k"
28964,agave en pie,1.75,2021,5,0,0.83,20.804775,-103.782445,"https://maps.google.com/?q=20.804775,-103.782445&t=k"
30214,agave en pie,1.75,2021,5,0,0.53,20.798113,-103.681766,"https://maps.google.com/?q=20.798113,-103.681766&t=k"
5322,agave en pie,1.74,2021,5,0,0.57,20.906792,-103.85729,"https://maps.google.com/?q=20.906792,-103.85729&t=k"
6709,agave en pie,1.74,2021,5,0,0.48,20.900466,-103.797826,"https://maps.google.com/?q=20.900466,-103.797826&t=k"
24284,agave en pie,1.74,2021,5,0,0.89,20.825211,-103.70488,"https://maps.google.com/?q=20.825211,-103.70488&t=k"
15079,agave en pie,1.73,2021,5,0,0.99,20.865428,-103.74327,"https://maps.google.com/?q=20.865428,-103.74327&t=k"
23525,agave en pie,1.73,2021,5,0,0.98,20.829192,-103.805168,"https://maps.google.com/?q=20.829192,-103.805168&t=k"
27825,agave en pie,1.73,2021,5,0,0.27,20.808707,-103.72073,"https://maps.google.com/?q=20.808707,-103.72073&t=k"
33729,agave en pie,1.73,2021,5,0,0.95,20.78313,-103.750053,"https://maps.google.com/?q=20.78313,-103.750053&t=k"
7289,agave en pie,1.71,2021,5,0,0.88,20.898175,-103.859038,"https://maps.google.com/?q=20.898175,-103.859038&t=k"
14579,agave en pie,1.71,2021,5,0,0.95,20.867657,-103.776653,"https://maps.google.com/?q=20.867657,-103.776653&t=k"
29851,agave en pie,1.71,2021,5,0,0.89,20.800277,-103.753755,"https://maps.google.com/?q=20.800277,-103.753755&t=k"
5646,agave en pie,1.7,2021,5,0,0.95,20.905557,-103.875519,"https://maps.google.com/?q=20.905557,-103.875519&t=k"
18695,agave en pie,1.7,2021,5,0,0.69,20.850237,-103.791595,"https://maps.google.com/?q=20.850237,-103.791595&t=k"
27326,agave en pie,1.7,2021,5,0,0.74,20.811901,-103.768312,"https://maps.google.com/?q=20.811901,-103.768312&t=k"
28419,agave en pie,1.7,2021,5,0,0.95,20.806372,-103.765763,"https://maps.google.com/?q=20.806372,-103.765763&t=k"
2473,agave en pie,1.69,2021,5,0,0.69,20.918676,-103.871479,"https://maps.google.com/?q=20.918676,-103.871479&t=k"
10434,agave en pie,1.69,2021,5,0,0.81,20.884271,-103.732059,"https://maps.google.com/?q=20.884271,-103.732059&t=k"
10725,agave en pie,1.69,2021,5,0,0.7,20.883326,-103.75706,"https://maps.google.com/?q=20.883326,-103.75706&t=k"
19348,agave en pie,1.69,2021,5,0,0.71,20.847231,-103.762931,"https://maps.google.com/?q=20.847231,-103.762931&t=k"
28551,agave en pie,1.69,2021,5,0,0.75,20.805685,-103.697313,"https://maps.google.com/?q=20.805685,-103.697313&t=k"
31202,agave en pie,1.69,2021,5,0,0.85,20.793695,-103.688769,"https://maps.google.com/?q=20.793695,-103.688769&t=k"
32498,agave en pie,1.69,2021,5,0,0.92,20.788365,-103.694723,"https://maps.google.com/?q=20.788365,-103.694723&t=k"
6765,agave en pie,1.68,2021,5,0,0.93,20.899427,-103.711022,"https://maps.google.com/?q=20.899427,-103.711022&t=k"
9298,agave en pie,1.68,2021,5,0,0.86,20.889933,-103.796709,"https://maps.google.com/?q=20.889933,-103.796709&t=k"
13682,agave en pie,1.68,2021,5,0,0.46,20.87002,-103.728959,"https://maps.google.com/?q=20.87002,-103.728959&t=k"
13966,agave en pie,1.67,2021,5,0,0.55,20.869717,-103.761642,"https://maps.google.com/?q=20.869717,-103.761642&t=k"
18787,agave en pie,1.67,2021,5,0,0.6,20.850115,-103.799957,"https://maps.google.com/?q=20.850115,-103.799957&t=k"
19793,agave en pie,1.67,2021,5,0,0.46,20.845628,-103.741225,"https://maps.google.com/?q=20.845628,-103.741225&t=k"
28751,agave en pie,1.67,2021,5,0,0.92,20.805536,-103.768892,"https://maps.google.com/?q=20.805536,-103.768892&t=k"
4700,agave en pie,1.66,2021,5,0,0.93,20.908567,-103.762044,"https://maps.google.com/?q=20.908567,-103.762044&t=k"
7990,agave en pie,1.66,2021,5,0,0.92,20.894589,-103.71635,"https://maps.google.com/?q=20.894589,-103.71635&t=k"
17809,agave en pie,1.65,2021,5,0,0.99,20.854293,-103.764988,"https://maps.google.com/?q=20.854293,-103.764988&t=k"
22259,agave en pie,1.65,2021,5,0,0.82,20.83388,-103.740746,"https://maps.google.com/?q=20.83388,-103.740746&t=k"
24188,agave en pie,1.65,2021,5,0,0.91,20.826238,-103.783474,"https://maps.google.com/?q=20.826238,-103.783474&t=k"
7754,agave en pie,1.64,2021,5,0,0.49,20.895259,-103.758212,"https://maps.google.com/?q=20.895259,-103.758212&t=k"
9667,agave en pie,1.64,2021,5,0,0.94,20.887881,-103.725444,"https://maps.google.com/?q=20.887881,-103.725444&t=k"
13197,agave en pie,1.64,2021,5,0,0.9,20.872658,-103.781082,"https://maps.google.com/?q=20.872658,-103.781082&t=k"
22630,agave en pie,1.64,2021,5,0,0.91,20.833247,-103.753003,"https://maps.google.com/?q=20.833247,-103.753003&t=k"
2411,agave en pie,1.63,2021,5,0,0.88,20.919105,-103.739074,"https://maps.google.com/?q=20.919105,-103.739074&t=k"
9589,agave en pie,1.62,2021,5,0,0.98,20.888884,-103.888573,"https://maps.google.com/?q=20.888884,-103.888573&t=k"
17014,agave en pie,1.62,2021,5,0,0.88,20.857338,-103.767606,"https://maps.google.com/?q=20.857338,-103.767606&t=k"
9015,agave en pie,1.61,2021,5,0,0.9,20.890662,-103.797616,"https://maps.google.com/?q=20.890662,-103.797616&t=k"
9690,agave en pie,1.61,2021,5,0,0.98,20.888377,-103.887087,"https://maps.google.com/?q=20.888377,-103.887087&t=k"
13293,agave en pie,1.61,2021,5,0,0.6,20.872469,-103.780026,"https://maps.google.com/?q=20.872469,-103.780026&t=k"
13603,agave en pie,1.61,2021,5,0,0.63,20.871976,-103.893504,"https://maps.google.com/?q=20.871976,-103.893504&t=k"
17251,agave en pie,1.61,2021,5,0,0.82,20.856903,-103.808169,"https://maps.google.com/?q=20.856903,-103.808169&t=k"
3450,agave en pie,1.6,2021,5,0,0.78,20.914621,-103.845981,"https://maps.google.com/?q=20.914621,-103.845981&t=k"
5334,agave en pie,1.6,2021,5,0,0.49,20.906514,-103.876713,"https://maps.google.com/?q=20.906514,-103.876713&t=k"
10813,agave en pie,1.6,2021,5,0,0.71,20.882931,-103.752497,"https://maps.google.com/?q=20.882931,-103.752497&t=k"
11236,agave en pie,1.6,2021,5,0,0.7,20.881898,-103.863534,"https://maps.google.com/?q=20.881898,-103.863534&t=k"
12547,agave en pie,1.6,2021,5,0,0.94,20.875557,-103.74482,"https://maps.google.com/?q=20.875557,-103.74482&t=k"
16620,agave en pie,1.6,2021,5,0,0.96,20.858431,-103.713534,"https://maps.google.com/?q=20.858431,-103.713534&t=k"
31627,agave en pie,1.6,2021,5,0,0.44,20.792373,-103.747671,"https://maps.google.com/?q=20.792373,-103.747671&t=k"
31894,agave en pie,1.6,2021,5,0,0.49,20.791291,-103.741724,"https://maps.google.com/?q=20.791291,-103.741724&t=k"
2141,agave en pie,1.59,2021,5,0,0.4,20.920997,-103.827182,"https://maps.google.com/?q=20.920997,-103.827182&t=k"
6341,agave en pie,1.59,2021,5,0,0.92,20.902032,-103.848096,"https://maps.google.com/?q=20.902032,-103.848096&t=k"
13201,agave en pie,1.59,2021,5,0,1.0,20.873011,-103.761134,"https://maps.google.com/?q=20.873011,-103.761134&t=k"
23083,agave en pie,1.59,2021,5,0,1.0,20.831354,-103.791505,"https://maps.google.com/?q=20.831354,-103.791505&t=k"
24117,agave en pie,1.59,2021,5,0,0.81,20.826378,-103.715872,"https://maps.google.com/?q=20.826378,-103.715872&t=k"
249,agave en pie,1.58,2021,5,0,0.7,20.929819,-103.842355,"https://maps.google.com/?q=20.929819,-103.842355&t=k"
8180,agave en pie,1.58,2021,5,0,0.56,20.894105,-103.760961,"https://maps.google.com/?q=20.894105,-103.760961&t=k"
17048,agave en pie,1.58,2021,5,0,0.58,20.857293,-103.792932,"https://maps.google.com/?q=20.857293,-103.792932&t=k"
537,agave en pie,1.57,2021,5,0,0.65,20.929474,-103.892457,"https://maps.google.com/?q=20.929474,-103.892457&t=k"
7488,agave en pie,1.57,2021,5,0,0.8,20.897027,-103.752862,"https://maps.google.com/?q=20.897027,-103.752862&t=k"
17984,agave en pie,1.57,2021,5,0,1.0,20.853407,-103.792771,"https://maps.google.com/?q=20.853407,-103.792771&t=k"
18904,agave en pie,1.57,2021,5,0,0.76,20.84912,-103.718755,"https://maps.google.com/?q=20.84912,-103.718755&t=k"
25434,agave en pie,1.57,2021,5,0,0.88,20.820512,-103.722744,"https://maps.google.com/?q=20.820512,-103.722744&t=k"
28807,agave en pie,1.57,2021,5,0,0.92,20.805323,-103.770671,"https://maps.google.com/?q=20.805323,-103.770671&t=k"
1608,agave en pie,1.56,2021,5,0,0.83,20.92352,-103.859567,"https://maps.google.com/?q=20.92352,-103.859567&t=k"
16068,agave en pie,1.56,2021,5,0,0.45,20.861503,-103.813659,"https://maps.google.com/?q=20.861503,-103.813659&t=k"
22549,agave en pie,1.56,2021,5,0,0.54,20.833138,-103.750409,"https://maps.google.com/?q=20.833138,-103.750409&t=k"
27211,agave en pie,1.56,2021,5,0,0.4,20.811523,-103.698704,"https://maps.google.com/?q=20.811523,-103.698704&t=k"
9305,agave en pie,1.55,2021,5,0,0.55,20.888841,-103.782826,"https://maps.google.com/?q=20.888841,-103.782826&t=k"
23205,agave en pie,1.55,2021,5,0,0.69,20.82962,-103.696626,"https://maps.google.com/?q=20.82962,-103.696626&t=k"
31809,agave en pie,1.55,2021,5,0,0.63,20.791726,-103.697144,"https://maps.google.com/?q=20.791726,-103.697144&t=k"
5504,agave en pie,1.54,2021,5,0,0.54,20.906224,-103.88758,"https://maps.google.com/?q=20.906224,-103.88758&t=k"
6625,agave en pie,1.54,2021,5,0,0.94,20.900126,-103.781726,"https://maps.google.com/?q=20.900126,-103.781726&t=k"
12437,agave en pie,1.54,2021,5,0,0.56,20.876142,-103.788311,"https://maps.google.com/?q=20.876142,-103.788311&t=k"
24617,agave en pie,1.54,2021,5,0,0.45,20.824482,-103.771525,"https://maps.google.com/?q=20.824482,-103.771525&t=k"
7966,agave en pie,1.53,2021,5,0,0.97,20.89544,-103.815556,"https://maps.google.com/?q=20.89544,-103.815556&t=k"
10771,agave en pie,1.53,2021,5,0,0.99,20.883342,-103.74687,"https://maps.google.com/?q=20.883342,-103.74687&t=k"
11430,agave en pie,1.53,2021,5,0,0.78,20.88051,-103.78645,"https://maps.google.com/?q=20.88051,-103.78645&t=k"
15461,agave en pie,1.53,2021,5,0,0.46,20.863348,-103.819123,"https://maps.google.com/?q=20.863348,-103.819123&t=k"
20155,agave en pie,1.53,2021,5,0,0.83,20.844356,-103.752575,"https://maps.google.com/?q=20.844356,-103.752575&t=k"
20382,agave en pie,1.53,2021,5,0,0.82,20.842562,-103.693776,"https://maps.google.com/?q=20.842562,-103.693776&t=k"
16272,agave en pie,1.52,2021,5,0,0.87,20.859302,-103.679551,"https://maps.google.com/?q=20.859302,-103.679551&t=k"
16792,agave en pie,1.52,2021,5,0,0.63,20.858542,-103.842997,"https://maps.google.com/?q=20.858542,-103.842997&t=k"
16796,agave en pie,1.52,2021,5,0,0.6,20.85792,-103.792206,"https://maps.google.com/?q=20.85792,-103.792206&t=k"
20821,agave en pie,1.52,2021,5,0,0.64,20.840942,-103.700469,"https://maps.google.com/?q=20.840942,-103.700469&t=k"
29251,agave en pie,1.52,2021,5,0,0.7,20.803283,-103.769631,"https://maps.google.com/?q=20.803283,-103.769631&t=k"
31499,agave en pie,1.52,2021,5,0,0.91,20.793567,-103.775426,"https://maps.google.com/?q=20.793567,-103.775426&t=k"
4424,agave en pie,1.51,2021,5,0,0.68,20.909951,-103.766023,"https://maps.google.com/?q=20.909951,-103.766023&t=k"
7692,agave en pie,1.51,2021,5,0,0.61,20.896472,-103.788677,"https://maps.google.com/?q=20.896472,-103.788677&t=k"
13161,agave en pie,1.51,2021,5,0,0.9,20.872889,-103.726003,"https://maps.google.com/?q=20.872889,-103.726003&t=k"
13537,agave en pie,1.51,2021,5,0,0.47,20.870396,-103.683203,"https://maps.google.com/?q=20.870396,-103.683203&t=k"
18513,agave en pie,1.51,2021,5,0,0.89,20.851144,-103.785677,"https://maps.google.com/?q=20.851144,-103.785677&t=k"
32066,agave en pie,1.51,2021,5,0,0.56,20.791133,-103.788847,"https://maps.google.com/?q=20.791133,-103.788847&t=k"
33253,agave en pie,1.51,2021,5,0,0.63,20.784988,-103.714061,"https://maps.google.com/?q=20.784988,-103.714061&t=k"
1909,agave en pie,1.5,2021,5,0,0.43,20.921553,-103.783956,"https://maps.google.com/?q=20.921553,-103.783956&t=k"
27747,agave en pie,1.5,2021,5,0,0.65,20.808918,-103.694787,"https://maps.google.com/?q=20.808918,-103.694787&t=k"
5182,agave en pie,1.49,2021,5,0,0.49,20.90744,-103.859737,"https://maps.google.com/?q=20.90744,-103.859737&t=k"
12109,agave en pie,1.49,2021,5,0,0.89,20.876999,-103.684251,"https://maps.google.com/?q=20.876999,-103.684251&t=k"
12369,agave en pie,1.49,2021,5,0,0.41,20.876634,-103.781338,"https://maps.google.com/?q=20.876634,-103.781338&t=k"
19583,agave en pie,1.49,2021,5,0,0.86,20.846807,-103.792102,"https://maps.google.com/?q=20.846807,-103.792102&t=k"
21432,agave en pie,1.49,2021,5,0,0.8,20.83875,-103.789716,"https://maps.google.com/?q=20.83875,-103.789716&t=k"
25887,agave en pie,1.49,2021,5,0,0.71,20.81876,-103.7991,"https://maps.google.com/?q=20.81876,-103.7991&t=k"
32410,agave en pie,1.49,2021,5,0,0.5,20.788851,-103.687322,"https://maps.google.com/?q=20.788851,-103.687322&t=k"
3531,agave en pie,1.48,2021,5,0,0.78,20.91442,-103.863145,"https://maps.google.com/?q=20.91442,-103.863145&t=k"
3875,agave en pie,1.48,2021,5,0,0.57,20.911822,-103.731635,"https://maps.google.com/?q=20.911822,-103.731635&t=k"
6649,agave en pie,1.48,2021,5,0,0.52,20.900884,-103.900118,"https://maps.google.com/?q=20.900884,-103.900118&t=k"
9035,agave en pie,1.48,2021,5,0,0.98,20.890423,-103.721,"https://maps.google.com/?q=20.890423,-103.721&t=k"
13248,agave en pie,1.48,2021,5,0,0.82,20.87211,-103.706449,"https://maps.google.com/?q=20.87211,-103.706449&t=k"
16779,agave en pie,1.48,2021,5,0,0.87,20.85832,-103.74727,"https://maps.google.com/?q=20.85832,-103.74727&t=k"
18898,agave en pie,1.48,2021,5,0,0.64,20.849336,-103.729613,"https://maps.google.com/?q=20.849336,-103.729613&t=k"
19593,agave en pie,1.48,2021,5,0,0.8,20.845953,-103.688269,"https://maps.google.com/?q=20.845953,-103.688269&t=k"
22900,agave en pie,1.48,2021,5,0,0.99,20.831828,-103.762865,"https://maps.google.com/?q=20.831828,-103.762865&t=k"
31103,agave en pie,1.48,2021,5,0,0.49,20.794555,-103.749479,"https://maps.google.com/?q=20.794555,-103.749479&t=k"
583,agave en pie,1.47,2021,5,0,0.8,20.928525,-103.878569,"https://maps.google.com/?q=20.928525,-103.878569&t=k"
12157,agave en pie,1.47,2021,5,0,0.78,20.876797,-103.705063,"https://maps.google.com/?q=20.876797,-103.705063&t=k"
12531,agave en pie,1.47,2021,5,0,0.85,20.875789,-103.739435,"https://maps.google.com/?q=20.875789,-103.739435&t=k"
14905,agave en pie,1.47,2021,5,0,0.9,20.866645,-103.852307,"https://maps.google.com/?q=20.866645,-103.852307&t=k"
14938,agave en pie,1.47,2021,5,0,0.56,20.865511,-103.711984,"https://maps.google.com/?q=20.865511,-103.711984&t=k"
16546,agave en pie,1.47,2021,5,0,0.8,20.859304,-103.745964,"https://maps.google.com/?q=20.859304,-103.745964&t=k"
16632,agave en pie,1.47,2021,5,0,0.97,20.859012,-103.793351,"https://maps.google.com/?q=20.859012,-103.793351&t=k"
26252,agave en pie,1.47,2021,5,0,0.5,20.817044,-103.712012,"https://maps.google.com/?q=20.817044,-103.712012&t=k"
21210,agave en pie,1.46,2021,5,0,0.74,20.839538,-103.786202,"https://maps.google.com/?q=20.839538,-103.786202&t=k"
23468,agave en pie,1.46,2021,5,0,0.91,20.829488,-103.770475,"https://maps.google.com/?q=20.829488,-103.770475&t=k"
3795,agave en pie,1.45,2021,5,0,0.54,20.912221,-103.780138,"https://maps.google.com/?q=20.912221,-103.780138&t=k"
6030,agave en pie,1.45,2021,5,0,0.98,20.903987,-103.89798,"https://maps.google.com/?q=20.903987,-103.89798&t=k"
13741,agave en pie,1.45,2021,5,0,0.37,20.871157,-103.838047,"https://maps.google.com/?q=20.871157,-103.838047&t=k"
15442,agave en pie,1.45,2021,5,0,0.89,20.864434,-103.852612,"https://maps.google.com/?q=20.864434,-103.852612&t=k"
16610,agave en pie,1.45,2021,5,0,0.42,20.858466,-103.812097,"https://maps.google.com/?q=20.858466,-103.812097&t=k"
20582,agave en pie,1.45,2021,5,0,0.6,20.842486,-103.756291,"https://maps.google.com/?q=20.842486,-103.756291&t=k"
20858,agave en pie,1.45,2021,5,0,0.63,20.840693,-103.697492,"https://maps.google.com/?q=20.840693,-103.697492&t=k"
25216,agave en pie,1.45,2021,5,0,0.95,20.82157,-103.762276,"https://maps.google.com/?q=20.82157,-103.762276&t=k"
29275,agave en pie,1.45,2021,5,0,0.49,20.802407,-103.687973,"https://maps.google.com/?q=20.802407,-103.687973&t=k"
5133,agave en pie,1.44,2021,5,0,0.7,20.907467,-103.850266,"https://maps.google.com/?q=20.907467,-103.850266&t=k"
12908,agave en pie,1.44,2021,5,0,0.84,20.874085,-103.704798,"https://maps.google.com/?q=20.874085,-103.704798&t=k"
16866,agave en pie,1.44,2021,5,0,0.64,20.857947,-103.783171,"https://maps.google.com/?q=20.857947,-103.783171&t=k"
17178,agave en pie,1.44,2021,5,0,0.78,20.856199,-103.717109,"https://maps.google.com/?q=20.856199,-103.717109&t=k"
23233,agave en pie,1.44,2021,5,0,0.77,20.830674,-103.803955,"https://maps.google.com/?q=20.830674,-103.803955&t=k"
24312,agave en pie,1.44,2021,5,0,0.99,20.825143,-103.707907,"https://maps.google.com/?q=20.825143,-103.707907&t=k"
32940,agave en pie,1.44,2021,5,0,1.0,20.78653,-103.691041,"https://maps.google.com/?q=20.78653,-103.691041&t=k"
9810,agave en pie,1.43,2021,5,0,0.98,20.887202,-103.780917,"https://maps.google.com/?q=20.887202,-103.780917&t=k"
15373,agave en pie,1.43,2021,5,0,0.8,20.864846,-103.853378,"https://maps.google.com/?q=20.864846,-103.853378&t=k"
34344,agave en pie,1.43,2021,5,0,0.45,20.780937,-103.765249,"https://maps.google.com/?q=20.780937,-103.765249&t=k"
7155,agave en pie,1.42,2021,5,0,0.83,20.898579,-103.805773,"https://maps.google.com/?q=20.898579,-103.805773&t=k"
8134,agave en pie,1.42,2021,5,0,1.0,20.894412,-103.784944,"https://maps.google.com/?q=20.894412,-103.784944&t=k"
8810,agave en pie,1.42,2021,5,0,0.65,20.890903,-103.689032,"https://maps.google.com/?q=20.890903,-103.689032&t=k"
12800,agave en pie,1.42,2021,5,0,0.54,20.874241,-103.707632,"https://maps.google.com/?q=20.874241,-103.707632&t=k"
7021,agave en pie,1.41,2021,5,0,0.94,20.898454,-103.71377,"https://maps.google.com/?q=20.898454,-103.71377&t=k"
9636,agave en pie,1.41,2021,5,0,0.44,20.887578,-103.709104,"https://maps.google.com/?q=20.887578,-103.709104&t=k"
9852,agave en pie,1.41,2021,5,0,0.46,20.885652,-103.760117,"https://maps.google.com/?q=20.885652,-103.760117&t=k"
10943,agave en pie,1.41,2021,5,0,0.89,20.882621,-103.772014,"https://maps.google.com/?q=20.882621,-103.772014&t=k"
11129,agave en pie,1.41,2021,5,0,0.55,20.881677,-103.76635,"https://maps.google.com/?q=20.881677,-103.76635&t=k"
20892,agave en pie,1.41,2021,5,0,0.85,20.840291,-103.692114,"https://maps.google.com/?q=20.840291,-103.692114&t=k"
23836,agave en pie,1.41,2021,5,0,0.56,20.82776,-103.807101,"https://maps.google.com/?q=20.82776,-103.807101&t=k"
23961,agave en pie,1.41,2021,5,0,0.99,20.827075,-103.77405,"https://maps.google.com/?q=20.827075,-103.77405&t=k"
2863,agave en pie,1.4,2021,5,0,0.49,20.9172,-103.873797,"https://maps.google.com/?q=20.9172,-103.873797&t=k"
3257,agave en pie,1.4,2021,5,0,0.48,20.915062,-103.878284,"https://maps.google.com/?q=20.915062,-103.878284&t=k"
7143,agave en pie,1.4,2021,5,0,0.69,20.897929,-103.68628,"https://maps.google.com/?q=20.897929,-103.68628&t=k"
7894,agave en pie,1.4,2021,5,0,0.97,20.895475,-103.788252,"https://maps.google.com/?q=20.895475,-103.788252&t=k"
8054,agave en pie,1.4,2021,5,0,0.89,20.895743,-103.880543,"https://maps.google.com/?q=20.895743,-103.880543&t=k"
9033,agave en pie,1.4,2021,5,0,0.94,20.890729,-103.731764,"https://maps.google.com/?q=20.890729,-103.731764&t=k"
10241,agave en pie,1.4,2021,5,0,0.84,20.886282,-103.877489,"https://maps.google.com/?q=20.886282,-103.877489&t=k"
10436,agave en pie,1.4,2021,5,0,0.3,20.883183,-103.689532,"https://maps.google.com/?q=20.883183,-103.689532&t=k"
14152,agave en pie,1.4,2021,5,0,0.64,20.869041,-103.845752,"https://maps.google.com/?q=20.869041,-103.845752&t=k"
17609,agave en pie,1.4,2021,5,0,0.94,20.855042,-103.731535,"https://maps.google.com/?q=20.855042,-103.731535&t=k"
29660,agave en pie,1.4,2021,5,0,1.0,20.800536,-103.709366,"https://maps.google.com/?q=20.800536,-103.709366&t=k"
31803,agave en pie,1.4,2021,5,0,0.49,20.791908,-103.727452,"https://maps.google.com/?q=20.791908,-103.727452&t=k"
31923,agave en pie,1.4,2021,5,0,0.63,20.79022,-103.689184,"https://maps.google.com/?q=20.79022,-103.689184&t=k"
6297,agave en pie,1.39,2021,5,0,0.42,20.901974,-103.813197,"https://maps.google.com/?q=20.901974,-103.813197&t=k"
6884,agave en pie,1.39,2021,5,0,0.61,20.899695,-103.747023,"https://maps.google.com/?q=20.899695,-103.747023&t=k"
13840,agave en pie,1.39,2021,5,0,0.54,20.870283,-103.777449,"https://maps.google.com/?q=20.870283,-103.777449&t=k"
18103,agave en pie,1.39,2021,5,0,0.81,20.85257,-103.751643,"https://maps.google.com/?q=20.85257,-103.751643&t=k"
32653,agave en pie,1.39,2021,5,0,0.86,20.787363,-103.693579,"https://maps.google.com/?q=20.787363,-103.693579&t=k"
536,agave en pie,1.38,2021,5,0,0.38,20.929171,-103.894575,"https://maps.google.com/?q=20.929171,-103.894575&t=k"
2167,agave en pie,1.38,2021,5,0,0.72,20.920481,-103.891898,"https://maps.google.com/?q=20.920481,-103.891898&t=k"
3622,agave en pie,1.38,2021,5,0,0.96,20.912909,-103.775325,"https://maps.google.com/?q=20.912909,-103.775325&t=k"
4090,agave en pie,1.38,2021,5,0,0.65,20.911006,-103.737315,"https://maps.google.com/?q=20.911006,-103.737315&t=k"
5641,agave en pie,1.38,2021,5,0,0.57,20.90455,-103.756212,"https://maps.google.com/?q=20.90455,-103.756212&t=k"
6886,agave en pie,1.38,2021,5,0,0.91,20.899202,-103.717128,"https://maps.google.com/?q=20.899202,-103.717128&t=k"
8701,agave en pie,1.38,2021,5,0,1.0,20.891888,-103.766747,"https://maps.google.com/?q=20.891888,-103.766747&t=k"
24575,agave en pie,1.38,2021,5,0,0.54,20.82461,-103.757927,"https://maps.google.com/?q=20.82461,-103.757927&t=k"
26840,agave en pie,1.38,2021,5,0,0.98,20.814536,-103.770452,"https://maps.google.com/?q=20.814536,-103.770452&t=k"
30816,agave en pie,1.38,2021,5,0,0.38,20.796178,-103.730635,"https://maps.google.com/?q=20.796178,-103.730635&t=k"
32533,agave en pie,1.38,2021,5,0,0.8,20.788341,-103.69751,"https://maps.google.com/?q=20.788341,-103.69751&t=k"
11997,agave en pie,1.37,2021,5,0,1.0,20.87799,-103.768735,"https://maps.google.com/?q=20.87799,-103.768735&t=k"
31386,agave en pie,1.37,2021,5,0,0.99,20.793905,-103.747082,"https://maps.google.com/?q=20.793905,-103.747082&t=k"
32373,agave en pie,1.37,2021,5,0,0.98,20.789682,-103.788042,"https://maps.google.com/?q=20.789682,-103.788042&t=k"
1976,agave en pie,1.36,2021,5,0,0.94,20.92113,-103.769008,"https://maps.google.com/?q=20.92113,-103.769008&t=k"
4395,agave en pie,1.36,2021,5,0,0.44,20.910293,-103.833947,"https://maps.google.com/?q=20.910293,-103.833947&t=k"
4408,agave en pie,1.36,2021,5,0,0.87,20.910412,-103.767317,"https://maps.google.com/?q=20.910412,-103.767317&t=k"
7513,agave en pie,1.36,2021,5,0,1.0,20.896915,-103.762284,"https://maps.google.com/?q=20.896915,-103.762284&t=k"
13625,agave en pie,1.36,2021,5,0,0.79,20.870563,-103.681327,"https://maps.google.com/?q=20.870563,-103.681327&t=k"
15013,agave en pie,1.36,2021,5,0,0.49,20.865838,-103.826505,"https://maps.google.com/?q=20.865838,-103.826505&t=k"
16362,agave en pie,1.36,2021,5,0,0.92,20.860273,-103.812131,"https://maps.google.com/?q=20.860273,-103.812131&t=k"
18795,agave en pie,1.36,2021,5,0,0.84,20.849821,-103.721872,"https://maps.google.com/?q=20.849821,-103.721872&t=k"
22531,agave en pie,1.36,2021,5,0,1.0,20.833228,-103.695875,"https://maps.google.com/?q=20.833228,-103.695875&t=k"
30196,agave en pie,1.36,2021,5,0,0.67,20.798194,-103.704294,"https://maps.google.com/?q=20.798194,-103.704294&t=k"
31587,agave en pie,1.36,2021,5,0,0.93,20.792584,-103.715054,"https://maps.google.com/?q=20.792584,-103.715054&t=k"
33211,agave en pie,1.36,2021,5,0,0.92,20.785156,-103.700467,"https://maps.google.com/?q=20.785156,-103.700467&t=k"
34399,agave en pie,1.36,2021,5,0,0.88,20.780522,-103.751563,"https://maps.google.com/?q=20.780522,-103.751563&t=k"
1293,agave en pie,1.35,2021,5,0,0.71,20.924619,-103.841577,"https://maps.google.com/?q=20.924619,-103.841577&t=k"
5111,agave en pie,1.35,2021,5,0,0.48,20.907787,-103.884924,"https://maps.google.com/?q=20.907787,-103.884924&t=k"
8092,agave en pie,1.35,2021,5,0,0.98,20.894628,-103.783452,"https://maps.google.com/?q=20.894628,-103.783452&t=k"
16845,agave en pie,1.35,2021,5,0,0.94,20.857527,-103.737666,"https://maps.google.com/?q=20.857527,-103.737666&t=k"
19848,agave en pie,1.35,2021,5,0,0.88,20.845285,-103.768569,"https://maps.google.com/?q=20.845285,-103.768569&t=k"
21242,agave en pie,1.35,2021,5,0,0.86,20.839644,-103.750692,"https://maps.google.com/?q=20.839644,-103.750692&t=k"
23987,agave en pie,1.35,2021,5,0,0.73,20.827455,-103.757855,"https://maps.google.com/?q=20.827455,-103.757855&t=k"
29290,agave en pie,1.35,2021,5,0,0.77,20.802885,-103.758297,"https://maps.google.com/?q=20.802885,-103.758297&t=k"
30937,agave en pie,1.35,2021,5,0,0.5,20.795846,-103.716419,"https://maps.google.com/?q=20.795846,-103.716419&t=k"
31675,agave en pie,1.35,2021,5,0,0.58,20.791966,-103.698967,"https://maps.google.com/?q=20.791966,-103.698967&t=k"
318,agave en pie,1.34,2021,5,0,0.96,20.929535,-103.86731,"https://maps.google.com/?q=20.929535,-103.86731&t=k"
2352,agave en pie,1.34,2021,5,0,0.8,20.919302,-103.823637,"https://maps.google.com/?q=20.919302,-103.823637&t=k"
4431,agave en pie,1.34,2021,5,0,0.41,20.910752,-103.87548,"https://maps.google.com/?q=20.910752,-103.87548&t=k"
6025,agave en pie,1.34,2021,5,0,0.54,20.902977,-103.726662,"https://maps.google.com/?q=20.902977,-103.726662&t=k"
6339,agave en pie,1.34,2021,5,0,0.88,20.901679,-103.862905,"https://maps.google.com/?q=20.901679,-103.862905&t=k"
7699,agave en pie,1.34,2021,5,0,0.77,20.89569,-103.7186,"https://maps.google.com/?q=20.89569,-103.7186&t=k"
7976,agave en pie,1.34,2021,5,0,0.57,20.895295,-103.801184,"https://maps.google.com/?q=20.895295,-103.801184&t=k"
9233,agave en pie,1.34,2021,5,0,0.87,20.889189,-103.707168,"https://maps.google.com/?q=20.889189,-103.707168&t=k"
28665,agave en pie,1.34,2021,5,0,0.72,20.805177,-103.719895,"https://maps.google.com/?q=20.805177,-103.719895&t=k"
32044,agave en pie,1.34,2021,5,0,0.52,20.790953,-103.751141,"https://maps.google.com/?q=20.790953,-103.751141&t=k"
2626,agave en pie,1.33,2021,5,0,0.4,20.918736,-103.894507,"https://maps.google.com/?q=20.918736,-103.894507&t=k"
6867,agave en pie,1.33,2021,5,0,0.95,20.899553,-103.84225,"https://maps.google.com/?q=20.899553,-103.84225&t=k"
8658,agave en pie,1.33,2021,5,0,0.55,20.892186,-103.764245,"https://maps.google.com/?q=20.892186,-103.764245&t=k"
19147,agave en pie,1.33,2021,5,0,0.47,20.848919,-103.75273,"https://maps.google.com/?q=20.848919,-103.75273&t=k"
20838,agave en pie,1.33,2021,5,0,0.83,20.841017,-103.698402,"https://maps.google.com/?q=20.841017,-103.698402&t=k"
20562,agave en pie,1.32,2021,5,0,0.97,20.842231,-103.697719,"https://maps.google.com/?q=20.842231,-103.697719&t=k"
27288,agave en pie,1.32,2021,5,0,0.81,20.811849,-103.767303,"https://maps.google.com/?q=20.811849,-103.767303&t=k"
5198,agave en pie,1.31,2021,5,0,0.97,20.906348,-103.730431,"https://maps.google.com/?q=20.906348,-103.730431&t=k"
6228,agave en pie,1.31,2021,5,0,0.69,20.901963,-103.73614,"https://maps.google.com/?q=20.901963,-103.73614&t=k"
7348,agave en pie,1.31,2021,5,0,0.85,20.89684,-103.783242,"https://maps.google.com/?q=20.89684,-103.783242&t=k"
8531,agave en pie,1.31,2021,5,0,0.84,20.89256,-103.765925,"https://maps.google.com/?q=20.89256,-103.765925&t=k"
12913,agave en pie,1.31,2021,5,0,0.63,20.875044,-103.865316,"https://maps.google.com/?q=20.875044,-103.865316&t=k"
17352,agave en pie,1.31,2021,5,0,0.99,20.856276,-103.789576,"https://maps.google.com/?q=20.856276,-103.789576&t=k"
17840,agave en pie,1.31,2021,5,0,0.94,20.853715,-103.735343,"https://maps.google.com/?q=20.853715,-103.735343&t=k"
22243,agave en pie,1.31,2021,5,0,0.86,20.834691,-103.69812,"https://maps.google.com/?q=20.834691,-103.69812&t=k"
32740,agave en pie,1.31,2021,5,0,0.56,20.787774,-103.761255,"https://maps.google.com/?q=20.787774,-103.761255&t=k"
1951,agave en pie,1.3,2021,5,0,0.96,20.922035,-103.860395,"https://maps.google.com/?q=20.922035,-103.860395&t=k"
9923,agave en pie,1.3,2021,5,0,0.98,20.887181,-103.778033,"https://maps.google.com/?q=20.887181,-103.778033&t=k"
10301,agave en pie,1.3,2021,5,0,0.59,20.884836,-103.741186,"https://maps.google.com/?q=20.884836,-103.741186&t=k"
19634,agave en pie,1.3,2021,5,0,0.78,20.845519,-103.726522,"https://maps.google.com/?q=20.845519,-103.726522&t=k"
26188,agave en pie,1.3,2021,5,0,0.89,20.81776,-103.798243,"https://maps.google.com/?q=20.81776,-103.798243&t=k"
33202,agave en pie,1.3,2021,5,0,0.47,20.785008,-103.753592,"https://maps.google.com/?q=20.785008,-103.753592&t=k"
4691,agave en pie,1.29,2021,5,0,0.69,20.909507,-103.85799,"https://maps.google.com/?q=20.909507,-103.85799&t=k"
6160,agave en pie,1.29,2021,5,0,0.78,20.902907,-103.843859,"https://maps.google.com/?q=20.902907,-103.843859&t=k"
7372,agave en pie,1.29,2021,5,0,0.71,20.897594,-103.781314,"https://maps.google.com/?q=20.897594,-103.781314&t=k"
9022,agave en pie,1.29,2021,5,0,0.68,20.89083,-103.783002,"https://maps.google.com/?q=20.89083,-103.783002&t=k"
13541,agave en pie,1.29,2021,5,0,0.77,20.872411,-103.890953,"https://maps.google.com/?q=20.872411,-103.890953&t=k"
15052,agave en pie,1.29,2021,5,0,0.8,20.865275,-103.71064,"https://maps.google.com/?q=20.865275,-103.71064&t=k"
17599,agave en pie,1.29,2021,5,0,0.84,20.854819,-103.800881,"https://maps.google.com/?q=20.854819,-103.800881&t=k"
31243,agave en pie,1.29,2021,5,0,0.66,20.794337,-103.744389,"https://maps.google.com/?q=20.794337,-103.744389&t=k"
32960,agave en pie,1.29,2021,5,0,0.57,20.786939,-103.783453,"https://maps.google.com/?q=20.786939,-103.783453&t=k"
1177,agave en pie,1.28,2021,5,0,0.77,20.925596,-103.859167,"https://maps.google.com/?q=20.925596,-103.859167&t=k"
1831,agave en pie,1.28,2021,5,0,0.52,20.922942,-103.895197,"https://maps.google.com/?q=20.922942,-103.895197&t=k"
5099,agave en pie,1.28,2021,5,0,0.71,20.907212,-103.774602,"https://maps.google.com/?q=20.907212,-103.774602&t=k"
7846,agave en pie,1.28,2021,5,0,1.0,20.895759,-103.790125,"https://maps.google.com/?q=20.895759,-103.790125&t=k"
9333,agave en pie,1.28,2021,5,0,0.9,20.889928,-103.889334,"https://maps.google.com/?q=20.889928,-103.889334&t=k"
20399,agave en pie,1.28,2021,5,0,0.87,20.842672,-103.726401,"https://maps.google.com/?q=20.842672,-103.726401&t=k"
34136,agave en pie,1.28,2021,5,0,1.0,20.781936,-103.759765,"https://maps.google.com/?q=20.781936,-103.759765&t=k"
1731,agave en pie,1.27,2021,5,0,0.51,20.922633,-103.889382,"https://maps.google.com/?q=20.922633,-103.889382&t=k"
8013,agave en pie,1.27,2021,5,0,0.94,20.895595,-103.878717,"https://maps.google.com/?q=20.895595,-103.878717&t=k"
9165,agave en pie,1.27,2021,5,0,0.62,20.890179,-103.825547,"https://maps.google.com/?q=20.890179,-103.825547&t=k"
10855,agave en pie,1.27,2021,5,0,0.66,20.882813,-103.730245,"https://maps.google.com/?q=20.882813,-103.730245&t=k"
12696,agave en pie,1.27,2021,5,0,0.58,20.873931,-103.684662,"https://maps.google.com/?q=20.873931,-103.684662&t=k"
16663,agave en pie,1.27,2021,5,0,0.63,20.858367,-103.681386,"https://maps.google.com/?q=20.858367,-103.681386&t=k"
23819,agave en pie,1.27,2021,5,0,0.53,20.828075,-103.762367,"https://maps.google.com/?q=20.828075,-103.762367&t=k"
4061,agave en pie,1.26,2021,5,0,0.62,20.91223,-103.859893,"https://maps.google.com/?q=20.91223,-103.859893&t=k"
7614,agave en pie,1.26,2021,5,0,1.0,20.896743,-103.78233,"https://maps.google.com/?q=20.896743,-103.78233&t=k"
15174,agave en pie,1.26,2021,5,0,0.91,20.865606,-103.852219,"https://maps.google.com/?q=20.865606,-103.852219&t=k"
2444,agave en pie,1.25,2021,5,0,0.76,20.918943,-103.824025,"https://maps.google.com/?q=20.918943,-103.824025&t=k"
3859,agave en pie,1.25,2021,5,0,0.65,20.912406,-103.852536,"https://maps.google.com/?q=20.912406,-103.852536&t=k"
3973,agave en pie,1.25,2021,5,0,0.67,20.912661,-103.870466,"https://maps.google.com/?q=20.912661,-103.870466&t=k"
8717,agave en pie,1.25,2021,5,0,0.65,20.891709,-103.773238,"https://maps.google.com/?q=20.891709,-103.773238&t=k"
9228,agave en pie,1.25,2021,5,0,0.78,20.88865,-103.73159,"https://maps.google.com/?q=20.88865,-103.73159&t=k"
12920,agave en pie,1.25,2021,5,0,0.93,20.873348,-103.679332,"https://maps.google.com/?q=20.873348,-103.679332&t=k"
13283,agave en pie,1.25,2021,5,0,1.0,20.872765,-103.758349,"https://maps.google.com/?q=20.872765,-103.758349&t=k"
14241,agave en pie,1.25,2021,5,0,0.79,20.869337,-103.876653,"https://maps.google.com/?q=20.869337,-103.876653&t=k"
14610,agave en pie,1.25,2021,5,0,0.51,20.867707,-103.889978,"https://maps.google.com/?q=20.867707,-103.889978&t=k"
23204,agave en pie,1.25,2021,5,0,0.66,20.829955,-103.717091,"https://maps.google.com/?q=20.829955,-103.717091&t=k"
23430,agave en pie,1.25,2021,5,0,0.88,20.829998,-103.804152,"https://maps.google.com/?q=20.829998,-103.804152&t=k"
26957,agave en pie,1.25,2021,5,0,0.76,20.813777,-103.77166,"https://maps.google.com/?q=20.813777,-103.77166&t=k"
1108,agave en pie,1.24,2021,5,0,0.97,20.925941,-103.830028,"https://maps.google.com/?q=20.925941,-103.830028&t=k"
4478,agave en pie,1.24,2021,5,0,0.5,20.910268,-103.850293,"https://maps.google.com/?q=20.910268,-103.850293&t=k"
6998,agave en pie,1.24,2021,5,0,0.93,20.898583,-103.706991,"https://maps.google.com/?q=20.898583,-103.706991&t=k"
9906,agave en pie,1.24,2021,5,0,0.4,20.886216,-103.684507,"https://maps.google.com/?q=20.886216,-103.684507&t=k"
14401,agave en pie,1.24,2021,5,0,0.7,20.868247,-103.783377,"https://maps.google.com/?q=20.868247,-103.783377&t=k"
16351,agave en pie,1.24,2021,5,0,0.8,20.85981,-103.740962,"https://maps.google.com/?q=20.85981,-103.740962&t=k"
19977,agave en pie,1.24,2021,5,0,0.88,20.844878,-103.725326,"https://maps.google.com/?q=20.844878,-103.725326&t=k"
32268,agave en pie,1.24,2021,5,0,0.76,20.789439,-103.717386,"https://maps.google.com/?q=20.789439,-103.717386&t=k"
2403,agave en pie,1.23,2021,5,0,0.78,20.919516,-103.815463,"https://maps.google.com/?q=20.919516,-103.815463&t=k"
6919,agave en pie,1.23,2021,5,0,0.79,20.898842,-103.729485,"https://maps.google.com/?q=20.898842,-103.729485&t=k"
8859,agave en pie,1.23,2021,5,0,0.51,20.891089,-103.719504,"https://maps.google.com/?q=20.891089,-103.719504&t=k"
15330,agave en pie,1.23,2021,5,0,0.93,20.865051,-103.856981,"https://maps.google.com/?q=20.865051,-103.856981&t=k"
23767,agave en pie,1.23,2021,5,0,0.95,20.828372,-103.741128,"https://maps.google.com/?q=20.828372,-103.741128&t=k"
26633,agave en pie,1.23,2021,5,0,0.71,20.815283,-103.773809,"https://maps.google.com/?q=20.815283,-103.773809&t=k"
3263,agave en pie,1.22,2021,5,0,0.76,20.915548,-103.829532,"https://maps.google.com/?q=20.915548,-103.829532&t=k"
5681,agave en pie,1.22,2021,5,0,1.0,20.905317,-103.839514,"https://maps.google.com/?q=20.905317,-103.839514&t=k"
13188,agave en pie,1.22,2021,5,0,0.76,20.873871,-103.865565,"https://maps.google.com/?q=20.873871,-103.865565&t=k"
18703,agave en pie,1.22,2021,5,0,0.41,20.850084,-103.720861,"https://maps.google.com/?q=20.850084,-103.720861&t=k"
26256,agave en pie,1.22,2021,5,0,0.77,20.816822,-103.694719,"https://maps.google.com/?q=20.816822,-103.694719&t=k"
27993,agave en pie,1.22,2021,5,0,0.83,20.809377,-103.788029,"https://maps.google.com/?q=20.809377,-103.788029&t=k"
33511,agave en pie,1.22,2021,5,0,0.78,20.78429,-103.705421,"https://maps.google.com/?q=20.78429,-103.705421&t=k"
5695,agave en pie,1.21,2021,5,0,0.83,20.904235,-103.713625,"https://maps.google.com/?q=20.904235,-103.713625&t=k"
10549,agave en pie,1.21,2021,5,0,0.95,20.884212,-103.76085,"https://maps.google.com/?q=20.884212,-103.76085&t=k"
14223,agave en pie,1.21,2021,5,0,0.97,20.869534,-103.893137,"https://maps.google.com/?q=20.869534,-103.893137&t=k"
26658,agave en pie,1.21,2021,5,0,0.61,20.814917,-103.766846,"https://maps.google.com/?q=20.814917,-103.766846&t=k"
32513,agave en pie,1.21,2021,5,0,0.76,20.788559,-103.757357,"https://maps.google.com/?q=20.788559,-103.757357&t=k"
5053,agave en pie,1.2,2021,5,0,0.78,20.907497,-103.751573,"https://maps.google.com/?q=20.907497,-103.751573&t=k"
6017,agave en pie,1.2,2021,5,0,0.8,20.902727,-103.785406,"https://maps.google.com/?q=20.902727,-103.785406&t=k"
6276,agave en pie,1.2,2021,5,0,0.32,20.901801,-103.788586,"https://maps.google.com/?q=20.901801,-103.788586&t=k"
9912,agave en pie,1.2,2021,5,0,0.72,20.887512,-103.865415,"https://maps.google.com/?q=20.887512,-103.865415&t=k"
15615,agave en pie,1.2,2021,5,0,0.51,20.862989,-103.793607,"https://maps.google.com/?q=20.862989,-103.793607&t=k"
16657,agave en pie,1.2,2021,5,0,0.88,20.858407,-103.716369,"https://maps.google.com/?q=20.858407,-103.716369&t=k"
19903,agave en pie,1.2,2021,5,0,0.85,20.845159,-103.751223,"https://maps.google.com/?q=20.845159,-103.751223&t=k"
27478,agave en pie,1.2,2021,5,0,0.56,20.811246,-103.715904,"https://maps.google.com/?q=20.811246,-103.715904&t=k"
27483,agave en pie,1.2,2021,5,0,0.56,20.810887,-103.686411,"https://maps.google.com/?q=20.810887,-103.686411&t=k"
6823,agave en pie,1.19,2021,5,0,0.55,20.899533,-103.737363,"https://maps.google.com/?q=20.899533,-103.737363&t=k"
6963,agave en pie,1.19,2021,5,0,0.96,20.898773,-103.708191,"https://maps.google.com/?q=20.898773,-103.708191&t=k"
10355,agave en pie,1.19,2021,5,0,0.47,20.883627,-103.730478,"https://maps.google.com/?q=20.883627,-103.730478&t=k"
27901,agave en pie,1.19,2021,5,0,0.9,20.809923,-103.788697,"https://maps.google.com/?q=20.809923,-103.788697&t=k"
4169,agave en pie,1.18,2021,5,0,0.97,20.911041,-103.779378,"https://maps.google.com/?q=20.911041,-103.779378&t=k"
5482,agave en pie,1.18,2021,5,0,0.48,20.906073,-103.844412,"https://maps.google.com/?q=20.906073,-103.844412&t=k"
7711,agave en pie,1.18,2021,5,0,0.61,20.895444,-103.771333,"https://maps.google.com/?q=20.895444,-103.771333&t=k"
10257,agave en pie,1.18,2021,5,0,0.88,20.885546,-103.789438,"https://maps.google.com/?q=20.885546,-103.789438&t=k"
13032,agave en pie,1.18,2021,5,0,0.91,20.872493,-103.745855,"https://maps.google.com/?q=20.872493,-103.745855&t=k"
13730,agave en pie,1.18,2021,5,0,0.94,20.870385,-103.723477,"https://maps.google.com/?q=20.870385,-103.723477&t=k"
14454,agave en pie,1.18,2021,5,0,0.92,20.867933,-103.777372,"https://maps.google.com/?q=20.867933,-103.777372&t=k"
16971,agave en pie,1.18,2021,5,0,0.74,20.857086,-103.74531,"https://maps.google.com/?q=20.857086,-103.74531&t=k"
17145,agave en pie,1.18,2021,5,0,1.0,20.856723,-103.714654,"https://maps.google.com/?q=20.856723,-103.714654&t=k"
26346,agave en pie,1.18,2021,5,0,0.97,20.816472,-103.720136,"https://maps.google.com/?q=20.816472,-103.720136&t=k"
29786,agave en pie,1.18,2021,5,0,0.81,20.800468,-103.755098,"https://maps.google.com/?q=20.800468,-103.755098&t=k"
30938,agave en pie,1.18,2021,5,0,0.86,20.795211,-103.710036,"https://maps.google.com/?q=20.795211,-103.710036&t=k"
31971,agave en pie,1.18,2021,5,0,0.75,20.79133,-103.73471,"https://maps.google.com/?q=20.79133,-103.73471&t=k"
33368,agave en pie,1.18,2021,5,0,1.0,20.785085,-103.776839,"https://maps.google.com/?q=20.785085,-103.776839&t=k"
12613,agave en pie,1.17,2021,5,0,0.89,20.875283,-103.707912,"https://maps.google.com/?q=20.875283,-103.707912&t=k"
16804,agave en pie,1.17,2021,5,0,0.9,20.857695,-103.717817,"https://maps.google.com/?q=20.857695,-103.717817&t=k"
18439,agave en pie,1.17,2021,5,0,0.46,20.85106,-103.748916,"https://maps.google.com/?q=20.85106,-103.748916&t=k"
21434,agave en pie,1.17,2021,5,0,1.0,20.839029,-103.784428,"https://maps.google.com/?q=20.839029,-103.784428&t=k"
27007,agave en pie,1.17,2021,5,0,0.96,20.813067,-103.717811,"https://maps.google.com/?q=20.813067,-103.717811&t=k"
32725,agave en pie,1.17,2021,5,0,0.79,20.78756,-103.707747,"https://maps.google.com/?q=20.78756,-103.707747&t=k"
4833,agave en pie,1.16,2021,5,0,0.97,20.908439,-103.763055,"https://maps.google.com/?q=20.908439,-103.763055&t=k"
6436,agave en pie,1.16,2021,5,0,0.91,20.90199,-103.815456,"https://maps.google.com/?q=20.90199,-103.815456&t=k"
7795,agave en pie,1.16,2021,5,0,0.82,20.895273,-103.772584,"https://maps.google.com/?q=20.895273,-103.772584&t=k"
20728,agave en pie,1.16,2021,5,0,1.0,20.841693,-103.746735,"https://maps.google.com/?q=20.841693,-103.746735&t=k"
24538,agave en pie,1.16,2021,5,0,0.86,20.824203,-103.6911,"https://maps.google.com/?q=20.824203,-103.6911&t=k"
8670,agave en pie,1.15,2021,5,0,1.0,20.892382,-103.877732,"https://maps.google.com/?q=20.892382,-103.877732&t=k"
9438,agave en pie,1.15,2021,5,0,0.53,20.888559,-103.756152,"https://maps.google.com/?q=20.888559,-103.756152&t=k"
10590,agave en pie,1.15,2021,5,0,1.0,20.884277,-103.782478,"https://maps.google.com/?q=20.884277,-103.782478&t=k"
11695,agave en pie,1.15,2021,5,0,0.9,20.879609,-103.767761,"https://maps.google.com/?q=20.879609,-103.767761&t=k"
16322,agave en pie,1.15,2021,5,0,0.61,20.859734,-103.793201,"https://maps.google.com/?q=20.859734,-103.793201&t=k"
16933,agave en pie,1.15,2021,5,0,0.6,20.857693,-103.785576,"https://maps.google.com/?q=20.857693,-103.785576&t=k"
18037,agave en pie,1.15,2021,5,0,0.63,20.853505,-103.793779,"https://maps.google.com/?q=20.853505,-103.793779&t=k"
20938,agave en pie,1.15,2021,5,0,0.68,20.840419,-103.751647,"https://maps.google.com/?q=20.840419,-103.751647&t=k"
21250,agave en pie,1.15,2021,5,0,0.91,20.838652,-103.690398,"https://maps.google.com/?q=20.838652,-103.690398&t=k"
23613,agave en pie,1.15,2021,5,0,0.83,20.828691,-103.778938,"https://maps.google.com/?q=20.828691,-103.778938&t=k"
24714,agave en pie,1.15,2021,5,0,0.59,20.82428,-103.787526,"https://maps.google.com/?q=20.82428,-103.787526&t=k"
27588,agave en pie,1.15,2021,5,0,0.7,20.810914,-103.762891,"https://maps.google.com/?q=20.810914,-103.762891&t=k"
28180,agave en pie,1.15,2021,5,0,0.87,20.808152,-103.719053,"https://maps.google.com/?q=20.808152,-103.719053&t=k"
30438,agave en pie,1.15,2021,5,0,0.5,20.797224,-103.695416,"https://maps.google.com/?q=20.797224,-103.695416&t=k"
32015,agave en pie,1.15,2021,5,0,0.82,20.790959,-103.697295,"https://maps.google.com/?q=20.790959,-103.697295&t=k"
1543,agave en pie,1.14,2021,5,0,0.97,20.924003,-103.891728,"https://maps.google.com/?q=20.924003,-103.891728&t=k"
3316,agave en pie,1.14,2021,5,0,0.67,20.914879,-103.735696,"https://maps.google.com/?q=20.914879,-103.735696&t=k"
3771,agave en pie,1.14,2021,5,0,1.0,20.913645,-103.862142,"https://maps.google.com/?q=20.913645,-103.862142&t=k"
6056,agave en pie,1.14,2021,5,0,0.55,20.903625,-103.877071,"https://maps.google.com/?q=20.903625,-103.877071&t=k"
6853,agave en pie,1.14,2021,5,0,0.51,20.899633,-103.788652,"https://maps.google.com/?q=20.899633,-103.788652&t=k"
17112,agave en pie,1.14,2021,5,0,0.71,20.857154,-103.798892,"https://maps.google.com/?q=20.857154,-103.798892&t=k"
1329,agave en pie,1.13,2021,5,0,0.87,20.924752,-103.847826,"https://maps.google.com/?q=20.924752,-103.847826&t=k"
7209,agave en pie,1.13,2021,5,0,1.0,20.898105,-103.727569,"https://maps.google.com/?q=20.898105,-103.727569&t=k"
9432,agave en pie,1.13,2021,5,0,0.86,20.889218,-103.804165,"https://maps.google.com/?q=20.889218,-103.804165&t=k"
19606,agave en pie,1.13,2021,5,0,0.48,20.846378,-103.769857,"https://maps.google.com/?q=20.846378,-103.769857&t=k"
19816,agave en pie,1.13,2021,5,0,0.88,20.845132,-103.72912,"https://maps.google.com/?q=20.845132,-103.72912&t=k"
24643,agave en pie,1.13,2021,5,0,0.58,20.823645,-103.712869,"https://maps.google.com/?q=20.823645,-103.712869&t=k"
3600,agave en pie,1.12,2021,5,0,0.53,20.913452,-103.781762,"https://maps.google.com/?q=20.913452,-103.781762&t=k"
3834,agave en pie,1.12,2021,5,0,0.91,20.912596,-103.732398,"https://maps.google.com/?q=20.912596,-103.732398&t=k"
6316,agave en pie,1.12,2021,5,0,0.69,20.902154,-103.880063,"https://maps.google.com/?q=20.902154,-103.880063&t=k"
6889,agave en pie,1.12,2021,5,0,0.47,20.899437,-103.773752,"https://maps.google.com/?q=20.899437,-103.773752&t=k"
8930,agave en pie,1.12,2021,5,0,0.69,20.891188,-103.720609,"https://maps.google.com/?q=20.891188,-103.720609&t=k"
9921,agave en pie,1.12,2021,5,0,0.95,20.886827,-103.779093,"https://maps.google.com/?q=20.886827,-103.779093&t=k"
10183,agave en pie,1.12,2021,5,0,0.75,20.885581,-103.696,"https://maps.google.com/?q=20.885581,-103.696&t=k"
22450,agave en pie,1.12,2021,5,0,0.79,20.83402,-103.741321,"https://maps.google.com/?q=20.83402,-103.741321&t=k"
23018,agave en pie,1.12,2021,5,0,0.96,20.831857,-103.792318,"https://maps.google.com/?q=20.831857,-103.792318&t=k"
33270,agave en pie,1.12,2021,5,0,0.75,20.785094,-103.692302,"https://maps.google.com/?q=20.785094,-103.692302&t=k"
33599,agave en pie,1.12,2021,5,0,0.54,20.783208,-103.711627,"https://maps.google.com/?q=20.783208,-103.711627&t=k"
33728,agave en pie,1.12,2021,5,0,0.65,20.783908,-103.75144,"https://maps.google.com/?q=20.783908,-103.75144&t=k"
948,agave en pie,1.11,2021,5,0,0.96,20.926642,-103.826898,"https://maps.google.com/?q=20.926642,-103.826898&t=k"
2313,agave en pie,1.11,2021,5,0,0.63,20.919764,-103.865317,"https://maps.google.com/?q=20.919764,-103.865317&t=k"
4218,agave en pie,1.11,2021,5,0,0.57,20.911662,-103.890232,"https://maps.google.com/?q=20.911662,-103.890232&t=k"
9481,agave en pie,1.11,2021,5,0,0.59,20.889075,-103.777633,"https://maps.google.com/?q=20.889075,-103.777633&t=k"
14144,agave en pie,1.11,2021,5,0,0.44,20.87028,-103.89664,"https://maps.google.com/?q=20.87028,-103.89664&t=k"
15270,agave en pie,1.11,2021,5,0,0.86,20.864267,-103.745202,"https://maps.google.com/?q=20.864267,-103.745202&t=k"
15413,agave en pie,1.11,2021,5,0,0.93,20.86464,-103.856311,"https://maps.google.com/?q=20.86464,-103.856311&t=k"
16149,agave en pie,1.11,2021,5,0,0.78,20.861076,-103.810635,"https://maps.google.com/?q=20.861076,-103.810635&t=k"
28864,agave en pie,1.11,2021,5,0,0.8,20.805379,-103.772112,"https://maps.google.com/?q=20.805379,-103.772112&t=k"
29267,agave en pie,1.11,2021,5,0,0.9,20.803074,-103.765645,"https://maps.google.com/?q=20.803074,-103.765645&t=k"
30151,agave en pie,1.11,2021,5,0,0.67,20.798802,-103.683297,"https://maps.google.com/?q=20.798802,-103.683297&t=k"
7434,agave en pie,1.1,2021,5,0,0.79,20.897349,-103.836932,"https://maps.google.com/?q=20.897349,-103.836932&t=k"
8112,agave en pie,1.1,2021,5,0,0.74,20.894671,-103.795902,"https://maps.google.com/?q=20.894671,-103.795902&t=k"
13769,agave en pie,1.1,2021,5,0,0.68,20.870937,-103.819208,"https://maps.google.com/?q=20.870937,-103.819208&t=k"
14744,agave en pie,1.1,2021,5,0,1.0,20.866578,-103.715675,"https://maps.google.com/?q=20.866578,-103.715675&t=k"
16168,agave en pie,1.1,2021,5,0,0.71,20.861293,-103.809384,"https://maps.google.com/?q=20.861293,-103.809384&t=k"
26895,agave en pie,1.1,2021,5,0,0.98,20.813999,-103.697722,"https://maps.google.com/?q=20.813999,-103.697722&t=k"
32939,agave en pie,1.1,2021,5,0,0.85,20.786716,-103.691663,"https://maps.google.com/?q=20.786716,-103.691663&t=k"
33734,agave en pie,1.1,2021,5,0,0.71,20.783229,-103.732665,"https://maps.google.com/?q=20.783229,-103.732665&t=k"
13140,agave en pie,1.09,2021,5,0,0.91,20.872876,-103.68842,"https://maps.google.com/?q=20.872876,-103.68842&t=k"
13313,agave en pie,1.09,2021,5,0,0.85,20.872325,-103.75989,"https://maps.google.com/?q=20.872325,-103.75989&t=k"
13315,agave en pie,1.09,2021,5,0,0.77,20.872105,-103.742158,"https://maps.google.com/?q=20.872105,-103.742158&t=k"
14216,agave en pie,1.09,2021,5,0,0.96,20.869001,-103.781352,"https://maps.google.com/?q=20.869001,-103.781352&t=k"
16321,agave en pie,1.09,2021,5,0,0.96,20.860497,-103.792426,"https://maps.google.com/?q=20.860497,-103.792426&t=k"
23783,agave en pie,1.09,2021,5,0,0.39,20.827962,-103.810174,"https://maps.google.com/?q=20.827962,-103.810174&t=k"
29694,agave en pie,1.09,2021,5,0,0.74,20.800053,-103.723205,"https://maps.google.com/?q=20.800053,-103.723205&t=k"
31987,agave en pie,1.09,2021,5,0,1.0,20.79115,-103.753349,"https://maps.google.com/?q=20.79115,-103.753349&t=k"
9080,agave en pie,1.08,2021,5,0,0.83,20.890436,-103.728787,"https://maps.google.com/?q=20.890436,-103.728787&t=k"
10806,agave en pie,1.08,2021,5,0,0.56,20.88333,-103.782726,"https://maps.google.com/?q=20.88333,-103.782726&t=k"
20122,agave en pie,1.08,2021,5,0,0.4,20.843472,-103.682813,"https://maps.google.com/?q=20.843472,-103.682813&t=k"
23838,agave en pie,1.08,2021,5,0,0.63,20.827936,-103.774428,"https://maps.google.com/?q=20.827936,-103.774428&t=k"
28232,agave en pie,1.08,2021,5,0,0.91,20.808366,-103.766611,"https://maps.google.com/?q=20.808366,-103.766611&t=k"
33894,agave en pie,1.08,2021,5,0,0.84,20.78222,-103.700492,"https://maps.google.com/?q=20.78222,-103.700492&t=k"
1183,agave en pie,1.07,2021,5,0,0.86,20.925664,-103.829261,"https://maps.google.com/?q=20.925664,-103.829261&t=k"
4439,agave en pie,1.07,2021,5,0,0.95,20.909869,-103.779676,"https://maps.google.com/?q=20.909869,-103.779676&t=k"
12663,agave en pie,1.07,2021,5,0,0.7,20.874523,-103.679418,"https://maps.google.com/?q=20.874523,-103.679418&t=k"
12739,agave en pie,1.07,2021,5,0,0.66,20.875279,-103.774909,"https://maps.google.com/?q=20.875279,-103.774909&t=k"
12866,agave en pie,1.07,2021,5,0,0.91,20.874737,-103.774962,"https://maps.google.com/?q=20.874737,-103.774962&t=k"
13303,agave en pie,1.07,2021,5,0,0.95,20.871933,-103.872981,"https://maps.google.com/?q=20.871933,-103.872981&t=k"
31161,agave en pie,1.07,2021,5,0,0.86,20.794371,-103.700388,"https://maps.google.com/?q=20.794371,-103.700388&t=k"
6742,agave en pie,1.06,2021,5,0,0.92,20.901016,-103.89954,"https://maps.google.com/?q=20.901016,-103.89954&t=k"
6813,agave en pie,1.06,2021,5,0,0.92,20.900416,-103.849599,"https://maps.google.com/?q=20.900416,-103.849599&t=k"
10804,agave en pie,1.06,2021,5,0,0.85,20.88338,-103.796184,"https://maps.google.com/?q=20.88338,-103.796184&t=k"
15288,agave en pie,1.06,2021,5,0,0.64,20.864857,-103.776724,"https://maps.google.com/?q=20.864857,-103.776724&t=k"
17924,agave en pie,1.06,2021,5,0,0.98,20.853737,-103.794738,"https://maps.google.com/?q=20.853737,-103.794738&t=k"
17974,agave en pie,1.06,2021,5,0,0.85,20.853287,-103.732367,"https://maps.google.com/?q=20.853287,-103.732367&t=k"
23897,agave en pie,1.06,2021,5,0,0.64,20.827081,-103.787599,"https://maps.google.com/?q=20.827081,-103.787599&t=k"
27009,agave en pie,1.06,2021,5,0,0.76,20.813413,-103.697775,"https://maps.google.com/?q=20.813413,-103.697775&t=k"
6106,agave en pie,1.05,2021,5,0,1.0,20.90331,-103.843423,"https://maps.google.com/?q=20.90331,-103.843423&t=k"
6229,agave en pie,1.05,2021,5,0,0.96,20.902315,-103.73484,"https://maps.google.com/?q=20.902315,-103.73484&t=k"
6712,agave en pie,1.05,2021,5,0,0.76,20.900403,-103.782493,"https://maps.google.com/?q=20.900403,-103.782493&t=k"
7485,agave en pie,1.05,2021,5,0,1.0,20.897338,-103.770789,"https://maps.google.com/?q=20.897338,-103.770789&t=k"
7950,agave en pie,1.05,2021,5,0,0.85,20.895425,-103.781187,"https://maps.google.com/?q=20.895425,-103.781187&t=k"
12630,agave en pie,1.05,2021,5,0,0.7,20.875304,-103.747274,"https://maps.google.com/?q=20.875304,-103.747274&t=k"
14008,agave en pie,1.05,2021,5,0,0.66,20.870017,-103.816764,"https://maps.google.com/?q=20.870017,-103.816764&t=k"
14985,agave en pie,1.05,2021,5,0,0.38,20.865886,-103.807281,"https://maps.google.com/?q=20.865886,-103.807281&t=k"
15773,agave en pie,1.05,2021,5,0,0.99,20.862764,-103.774626,"https://maps.google.com/?q=20.862764,-103.774626&t=k"
27052,agave en pie,1.05,2021,5,0,0.67,20.813014,-103.686969,"https://maps.google.com/?q=20.813014,-103.686969&t=k"
33198,agave en pie,1.05,2021,5,0,0.48,20.785898,-103.77054,"https://maps.google.com/?q=20.785898,-103.77054&t=k"
719,agave en pie,1.04,2021,5,0,0.7,20.92782,-103.867516,"https://maps.google.com/?q=20.92782,-103.867516&t=k"
4885,agave en pie,1.04,2021,5,0,0.96,20.90795,-103.72114,"https://maps.google.com/?q=20.90795,-103.72114&t=k"
5574,agave en pie,1.04,2021,5,0,0.84,20.905718,-103.845376,"https://maps.google.com/?q=20.905718,-103.845376&t=k"
13043,agave en pie,1.04,2021,5,0,0.63,20.874182,-103.87854,"https://maps.google.com/?q=20.874182,-103.87854&t=k"
17055,agave en pie,1.04,2021,5,0,0.45,20.856851,-103.76266,"https://maps.google.com/?q=20.856851,-103.76266&t=k"
17092,agave en pie,1.04,2021,5,0,0.7,20.857393,-103.794325,"https://maps.google.com/?q=20.857393,-103.794325&t=k"
22352,agave en pie,1.04,2021,5,0,0.59,20.834751,-103.792775,"https://maps.google.com/?q=20.834751,-103.792775&t=k"
28923,agave en pie,1.04,2021,5,0,0.61,20.805045,-103.76342,"https://maps.google.com/?q=20.805045,-103.76342&t=k"
30033,agave en pie,1.04,2021,5,0,0.77,20.799115,-103.682862,"https://maps.google.com/?q=20.799115,-103.682862&t=k"
32375,agave en pie,1.04,2021,5,0,0.46,20.789743,-103.783959,"https://maps.google.com/?q=20.789743,-103.783959&t=k"
1163,agave en pie,1.03,2021,5,0,1.0,20.925782,-103.859983,"https://maps.google.com/?q=20.925782,-103.859983&t=k"
2439,agave en pie,1.03,2021,5,0,0.62,20.91957,-103.85652,"https://maps.google.com/?q=20.91957,-103.85652&t=k"
4272,agave en pie,1.03,2021,5,0,0.63,20.910842,-103.764237,"https://maps.google.com/?q=20.910842,-103.764237&t=k"
6870,agave en pie,1.03,2021,5,0,0.95,20.899695,-103.836481,"https://maps.google.com/?q=20.899695,-103.836481&t=k"
8651,agave en pie,1.03,2021,5,0,0.81,20.891762,-103.689073,"https://maps.google.com/?q=20.891762,-103.689073&t=k"
8999,agave en pie,1.03,2021,5,0,0.42,20.88946,-103.731198,"https://maps.google.com/?q=20.88946,-103.731198&t=k"
12241,agave en pie,1.03,2021,5,0,0.86,20.876637,-103.769035,"https://maps.google.com/?q=20.876637,-103.769035&t=k"
13637,agave en pie,1.03,2021,5,0,0.91,20.871013,-103.759709,"https://maps.google.com/?q=20.871013,-103.759709&t=k"
14511,agave en pie,1.03,2021,5,0,0.41,20.867688,-103.813034,"https://maps.google.com/?q=20.867688,-103.813034&t=k"
27265,agave en pie,1.03,2021,5,0,0.95,20.812859,-103.769649,"https://maps.google.com/?q=20.812859,-103.769649&t=k"
28757,agave en pie,1.03,2021,5,0,0.51,20.805454,-103.720565,"https://maps.google.com/?q=20.805454,-103.720565&t=k"
673,agave en pie,1.02,2021,5,0,0.89,20.92831,-103.846357,"https://maps.google.com/?q=20.92831,-103.846357&t=k"
6624,agave en pie,1.02,2021,5,0,0.93,20.900061,-103.785235,"https://maps.google.com/?q=20.900061,-103.785235&t=k"
7280,agave en pie,1.02,2021,5,0,1.0,20.898849,-103.8997,"https://maps.google.com/?q=20.898849,-103.8997&t=k"
10179,agave en pie,1.02,2021,5,0,0.62,20.884798,-103.736092,"https://maps.google.com/?q=20.884798,-103.736092&t=k"
14207,agave en pie,1.02,2021,5,0,0.87,20.869775,-103.860982,"https://maps.google.com/?q=20.869775,-103.860982&t=k"
15462,agave en pie,1.02,2021,5,0,0.66,20.864299,-103.812916,"https://maps.google.com/?q=20.864299,-103.812916&t=k"
17513,agave en pie,1.02,2021,5,0,1.0,20.855426,-103.74691,"https://maps.google.com/?q=20.855426,-103.74691&t=k"
25552,agave en pie,1.02,2021,5,0,0.63,20.819833,-103.716552,"https://maps.google.com/?q=20.819833,-103.716552&t=k"
31798,agave en pie,1.02,2021,5,0,0.98,20.792071,-103.749643,"https://maps.google.com/?q=20.792071,-103.749643&t=k"
31973,agave en pie,1.02,2021,5,0,0.97,20.791409,-103.727072,"https://maps.google.com/?q=20.791409,-103.727072&t=k"
5076,agave en pie,1.01,2021,5,0,0.83,20.908092,-103.890018,"https://maps.google.com/?q=20.908092,-103.890018&t=k"
7165,agave en pie,1.01,2021,5,0,0.95,20.898122,-103.735932,"https://maps.google.com/?q=20.898122,-103.735932&t=k"
13635,agave en pie,1.01,2021,5,0,0.97,20.871556,-103.77864,"https://maps.google.com/?q=20.871556,-103.77864&t=k"
15044,agave en pie,1.01,2021,5,0,0.54,20.864917,-103.759951,"https://maps.google.com/?q=20.864917,-103.759951&t=k"
16129,agave en pie,1.01,2021,5,0,0.72,20.861816,-103.846144,"https://maps.google.com/?q=20.861816,-103.846144&t=k"
16420,agave en pie,1.01,2021,5,0,0.77,20.860349,-103.816504,"https://maps.google.com/?q=20.860349,-103.816504&t=k"
16518,agave en pie,1.01,2021,5,0,0.78,20.859443,-103.79032,"https://maps.google.com/?q=20.859443,-103.79032&t=k"
23986,agave en pie,1.01,2021,5,0,0.85,20.826629,-103.762283,"https://maps.google.com/?q=20.826629,-103.762283&t=k"
24576,agave en pie,1.01,2021,5,0,0.68,20.824195,-103.756825,"https://maps.google.com/?q=20.824195,-103.756825&t=k"
28170,agave en pie,1.01,2021,5,0,0.95,20.808081,-103.685763,"https://maps.google.com/?q=20.808081,-103.685763&t=k"
28758,agave en pie,1.01,2021,5,0,0.67,20.80517,-103.718838,"https://maps.google.com/?q=20.80517,-103.718838&t=k"
31297,agave en pie,1.01,2021,5,0,0.42,20.793984,-103.708989,"https://maps.google.com/?q=20.793984,-103.708989&t=k"
6332,agave en pie,1.0,2021,5,0,0.63,20.901263,-103.691105,"https://maps.google.com/?q=20.901263,-103.691105&t=k"
6980,agave en pie,1.0,2021,5,0,0.76,20.899951,-103.861043,"https://maps.google.com/?q=20.899951,-103.861043&t=k"
7644,agave en pie,1.0,2021,5,0,0.76,20.895644,-103.688751,"https://maps.google.com/?q=20.895644,-103.688751&t=k"
16499,agave en pie,1.0,2021,5,0,1.0,20.859371,-103.718332,"https://maps.google.com/?q=20.859371,-103.718332&t=k"
24215,agave en pie,1.0,2021,5,0,0.81,20.826329,-103.770837,"https://maps.google.com/?q=20.826329,-103.770837&t=k"
28443,agave en pie,1.0,2021,5,0,0.93,20.806774,-103.680249,"https://maps.google.com/?q=20.806774,-103.680249&t=k"
29806,agave en pie,1.0,2021,5,0,0.92,20.800555,-103.754665,"https://maps.google.com/?q=20.800555,-103.754665&t=k"
65,agave en pie,0.99,2021,5,0,0.75,20.930577,-103.847541,"https://maps.google.com/?q=20.930577,-103.847541&t=k"
7381,agave en pie,0.99,2021,5,0,0.45,20.897617,-103.890912,"https://maps.google.com/?q=20.897617,-103.890912&t=k"
12491,agave en pie,0.99,2021,5,0,0.92,20.876005,-103.74424,"https://maps.google.com/?q=20.876005,-103.74424&t=k"
15038,agave en pie,0.99,2021,5,0,0.57,20.865928,-103.853081,"https://maps.google.com/?q=20.865928,-103.853081&t=k"
20563,agave en pie,0.99,2021,5,0,0.89,20.841805,-103.683404,"https://maps.google.com/?q=20.841805,-103.683404&t=k"
20708,agave en pie,0.99,2021,5,0,0.85,20.841151,-103.692347,"https://maps.google.com/?q=20.841151,-103.692347&t=k"
21262,agave en pie,0.99,2021,5,0,0.7,20.839069,-103.697698,"https://maps.google.com/?q=20.839069,-103.697698&t=k"
23927,agave en pie,0.99,2021,5,0,0.95,20.827373,-103.716152,"https://maps.google.com/?q=20.827373,-103.716152&t=k"
29776,agave en pie,0.99,2021,5,0,0.79,20.800778,-103.687699,"https://maps.google.com/?q=20.800778,-103.687699&t=k"
33011,agave en pie,0.99,2021,5,0,1.0,20.786466,-103.706412,"https://maps.google.com/?q=20.786466,-103.706412&t=k"
33335,agave en pie,0.99,2021,5,0,0.81,20.785235,-103.716893,"https://maps.google.com/?q=20.785235,-103.716893&t=k"
4575,agave en pie,0.98,2021,5,0,0.72,20.909857,-103.856305,"https://maps.google.com/?q=20.909857,-103.856305&t=k"
8967,agave en pie,0.98,2021,5,0,0.71,20.891171,-103.780164,"https://maps.google.com/?q=20.891171,-103.780164&t=k"
10135,agave en pie,0.98,2021,5,0,0.58,20.885692,-103.771989,"https://maps.google.com/?q=20.885692,-103.771989&t=k"
10719,agave en pie,0.98,2021,5,0,0.69,20.883774,-103.794499,"https://maps.google.com/?q=20.883774,-103.794499&t=k"
11307,agave en pie,0.98,2021,5,0,0.59,20.881746,-103.867813,"https://maps.google.com/?q=20.881746,-103.867813&t=k"
13354,agave en pie,0.98,2021,5,0,0.65,20.872317,-103.758785,"https://maps.google.com/?q=20.872317,-103.758785&t=k"
14948,agave en pie,0.98,2021,5,0,0.86,20.865757,-103.776188,"https://maps.google.com/?q=20.865757,-103.776188&t=k"
16827,agave en pie,0.98,2021,5,0,1.0,20.858062,-103.718487,"https://maps.google.com/?q=20.858062,-103.718487&t=k"
17217,agave en pie,0.98,2021,5,0,0.64,20.856367,-103.71533,"https://maps.google.com/?q=20.856367,-103.71533&t=k"
20657,agave en pie,0.98,2021,5,0,1.0,20.841721,-103.684125,"https://maps.google.com/?q=20.841721,-103.684125&t=k"
23510,agave en pie,0.98,2021,5,0,0.59,20.829003,-103.778455,"https://maps.google.com/?q=20.829003,-103.778455&t=k"
23985,agave en pie,0.98,2021,5,0,0.72,20.827171,-103.774914,"https://maps.google.com/?q=20.827171,-103.774914&t=k"
25940,agave en pie,0.98,2021,5,0,0.66,20.818267,-103.688653,"https://maps.google.com/?q=20.818267,-103.688653&t=k"
26334,agave en pie,0.98,2021,5,0,0.78,20.816182,-103.681849,"https://maps.google.com/?q=20.816182,-103.681849&t=k"
33642,agave en pie,0.98,2021,5,0,0.87,20.783864,-103.757828,"https://maps.google.com/?q=20.783864,-103.757828&t=k"
7865,agave en pie,0.97,2021,5,0,0.45,20.895944,-103.803486,"https://maps.google.com/?q=20.895944,-103.803486&t=k"
13010,agave en pie,0.97,2021,5,0,0.95,20.873888,-103.776218,"https://maps.google.com/?q=20.873888,-103.776218&t=k"
15014,agave en pie,0.97,2021,5,0,0.98,20.866019,-103.820016,"https://maps.google.com/?q=20.866019,-103.820016&t=k"
17226,agave en pie,0.97,2021,5,0,0.46,20.856488,-103.79414,"https://maps.google.com/?q=20.856488,-103.79414&t=k"
18858,agave en pie,0.97,2021,5,0,0.89,20.849451,-103.72077,"https://maps.google.com/?q=20.849451,-103.72077&t=k"
24170,agave en pie,0.97,2021,5,0,0.85,20.826435,-103.785683,"https://maps.google.com/?q=20.826435,-103.785683&t=k"
24277,agave en pie,0.97,2021,5,0,0.68,20.826242,-103.771318,"https://maps.google.com/?q=20.826242,-103.771318&t=k"
28475,agave en pie,0.97,2021,5,0,0.62,20.806889,-103.683419,"https://maps.google.com/?q=20.806889,-103.683419&t=k"
29549,agave en pie,0.97,2021,5,0,0.51,20.801938,-103.758449,"https://maps.google.com/?q=20.801938,-103.758449&t=k"
32322,agave en pie,0.97,2021,5,0,0.99,20.789463,-103.714552,"https://maps.google.com/?q=20.789463,-103.714552&t=k"
4292,agave en pie,0.96,2021,5,0,0.29,20.909169,-103.739349,"https://maps.google.com/?q=20.909169,-103.739349&t=k"
12371,agave en pie,0.96,2021,5,0,1.0,20.876996,-103.768695,"https://maps.google.com/?q=20.876996,-103.768695&t=k"
16619,agave en pie,0.96,2021,5,0,0.88,20.858354,-103.715313,"https://maps.google.com/?q=20.858354,-103.715313&t=k"
17215,agave en pie,0.96,2021,5,0,0.94,20.856041,-103.720138,"https://maps.google.com/?q=20.856041,-103.720138&t=k"
17768,agave en pie,0.96,2021,5,0,1.0,20.854272,-103.731253,"https://maps.google.com/?q=20.854272,-103.731253&t=k"
23908,agave en pie,0.96,2021,5,0,0.96,20.827656,-103.717687,"https://maps.google.com/?q=20.827656,-103.717687&t=k"
25778,agave en pie,0.96,2021,5,0,0.92,20.819037,-103.689031,"https://maps.google.com/?q=20.819037,-103.689031&t=k"
33818,agave en pie,0.96,2021,5,0,0.91,20.783253,-103.742031,"https://maps.google.com/?q=20.783253,-103.742031&t=k"
34112,agave en pie,0.96,2021,5,0,1.0,20.78194,-103.760342,"https://maps.google.com/?q=20.78194,-103.760342&t=k"
1006,agave en pie,0.95,2021,5,0,0.71,20.926309,-103.831035,"https://maps.google.com/?q=20.926309,-103.831035&t=k"
4165,agave en pie,0.95,2021,5,0,0.95,20.911794,-103.8623,"https://maps.google.com/?q=20.911794,-103.8623&t=k"
5884,agave en pie,0.95,2021,5,0,0.87,20.904136,-103.838658,"https://maps.google.com/?q=20.904136,-103.838658&t=k"
5957,agave en pie,0.95,2021,5,0,0.8,20.903488,-103.771796,"https://maps.google.com/?q=20.903488,-103.771796&t=k"
6375,agave en pie,0.95,2021,5,0,0.39,20.901088,-103.752203,"https://maps.google.com/?q=20.901088,-103.752203&t=k"
6431,agave en pie,0.95,2021,5,0,0.96,20.901994,-103.849106,"https://maps.google.com/?q=20.901994,-103.849106&t=k"
6500,agave en pie,0.95,2021,5,0,0.36,20.900656,-103.694379,"https://maps.google.com/?q=20.900656,-103.694379&t=k"
7295,agave en pie,0.95,2021,5,0,0.53,20.898145,-103.80818,"https://maps.google.com/?q=20.898145,-103.80818&t=k"
11578,agave en pie,0.95,2021,5,0,1.0,20.880278,-103.785587,"https://maps.google.com/?q=20.880278,-103.785587&t=k"
12564,agave en pie,0.95,2021,5,0,1.0,20.875826,-103.769426,"https://maps.google.com/?q=20.875826,-103.769426&t=k"
15267,agave en pie,0.95,2021,5,0,0.83,20.864614,-103.767979,"https://maps.google.com/?q=20.864614,-103.767979&t=k"
17890,agave en pie,0.95,2021,5,0,0.59,20.853071,-103.733714,"https://maps.google.com/?q=20.853071,-103.733714&t=k"
18922,agave en pie,0.95,2021,5,0,1.0,20.849352,-103.71957,"https://maps.google.com/?q=20.849352,-103.71957&t=k"
19771,agave en pie,0.95,2021,5,0,0.51,20.844924,-103.76862,"https://maps.google.com/?q=20.844924,-103.76862&t=k"
24920,agave en pie,0.95,2021,5,0,0.97,20.823196,-103.762263,"https://maps.google.com/?q=20.823196,-103.762263&t=k"
29079,agave en pie,0.95,2021,5,0,1.0,20.80378,-103.690363,"https://maps.google.com/?q=20.80378,-103.690363&t=k"
29286,agave en pie,0.95,2021,5,0,1.0,20.803195,-103.770016,"https://maps.google.com/?q=20.803195,-103.770016&t=k"
34247,agave en pie,0.95,2021,5,0,1.0,20.781661,-103.771824,"https://maps.google.com/?q=20.781661,-103.771824&t=k"
2584,agave en pie,0.94,2021,5,0,0.52,20.918032,-103.722353,"https://maps.google.com/?q=20.918032,-103.722353&t=k"
6151,agave en pie,0.94,2021,5,0,0.66,20.903355,-103.897985,"https://maps.google.com/?q=20.903355,-103.897985&t=k"
9815,agave en pie,0.94,2021,5,0,0.84,20.888268,-103.884203,"https://maps.google.com/?q=20.888268,-103.884203&t=k"
11128,agave en pie,0.94,2021,5,0,0.73,20.881827,-103.787353,"https://maps.google.com/?q=20.881827,-103.787353&t=k"
12698,agave en pie,0.94,2021,5,0,0.95,20.874723,-103.681916,"https://maps.google.com/?q=20.874723,-103.681916&t=k"
13492,agave en pie,0.94,2021,5,0,1.0,20.871674,-103.745045,"https://maps.google.com/?q=20.871674,-103.745045&t=k"
15129,agave en pie,0.94,2021,5,0,0.62,20.865096,-103.729,"https://maps.google.com/?q=20.865096,-103.729&t=k"
17381,agave en pie,0.94,2021,5,0,0.56,20.856578,-103.813458,"https://maps.google.com/?q=20.856578,-103.813458&t=k"
17858,agave en pie,0.94,2021,5,0,1.0,20.853673,-103.729673,"https://maps.google.com/?q=20.853673,-103.729673&t=k"
26118,agave en pie,0.94,2021,5,0,1.0,20.817382,-103.720993,"https://maps.google.com/?q=20.817382,-103.720993&t=k"
29369,agave en pie,0.94,2021,5,0,0.61,20.802722,-103.766945,"https://maps.google.com/?q=20.802722,-103.766945&t=k"
31537,agave en pie,0.94,2021,5,0,0.41,20.793492,-103.790222,"https://maps.google.com/?q=20.793492,-103.790222&t=k"
4979,agave en pie,0.93,2021,5,0,0.44,20.908587,-103.855642,"https://maps.google.com/?q=20.908587,-103.855642&t=k"
7949,agave en pie,0.93,2021,5,0,0.51,20.895106,-103.787246,"https://maps.google.com/?q=20.895106,-103.787246&t=k"
9021,agave en pie,0.93,2021,5,0,0.65,20.890932,-103.784588,"https://maps.google.com/?q=20.890932,-103.784588&t=k"
13105,agave en pie,0.93,2021,5,0,0.94,20.873575,-103.828271,"https://maps.google.com/?q=20.873575,-103.828271&t=k"
20179,agave en pie,0.93,2021,5,0,1.0,20.843583,-103.685503,"https://maps.google.com/?q=20.843583,-103.685503&t=k"
28362,agave en pie,0.93,2021,5,0,0.49,20.807641,-103.772622,"https://maps.google.com/?q=20.807641,-103.772622&t=k"
30031,agave en pie,0.93,2021,5,0,0.42,20.799537,-103.726812,"https://maps.google.com/?q=20.799537,-103.726812&t=k"
32447,agave en pie,0.93,2021,5,0,0.84,20.788877,-103.696688,"https://maps.google.com/?q=20.788877,-103.696688&t=k"
34784,agave en pie,0.93,2021,5,0,0.81,20.779397,-103.764685,"https://maps.google.com/?q=20.779397,-103.764685&t=k"
3844,agave en pie,0.92,2021,5,0,0.89,20.912969,-103.862435,"https://maps.google.com/?q=20.912969,-103.862435&t=k"
4011,agave en pie,0.92,2021,5,0,0.29,20.911524,-103.721975,"https://maps.google.com/?q=20.911524,-103.721975&t=k"
6146,agave en pie,0.92,2021,5,0,0.27,20.902618,-103.782715,"https://maps.google.com/?q=20.902618,-103.782715&t=k"
9034,agave en pie,0.92,2021,5,0,0.92,20.890828,-103.726909,"https://maps.google.com/?q=20.890828,-103.726909&t=k"
12875,agave en pie,0.92,2021,5,0,0.96,20.873993,-103.680961,"https://maps.google.com/?q=20.873993,-103.680961&t=k"
16448,agave en pie,0.92,2021,5,0,0.84,20.860356,-103.811121,"https://maps.google.com/?q=20.860356,-103.811121&t=k"
17796,agave en pie,0.92,2021,5,0,0.55,20.854668,-103.857972,"https://maps.google.com/?q=20.854668,-103.857972&t=k"
27718,agave en pie,0.92,2021,5,0,0.67,20.810076,-103.686706,"https://maps.google.com/?q=20.810076,-103.686706&t=k"
31219,agave en pie,0.92,2021,5,0,0.73,20.794327,-103.742996,"https://maps.google.com/?q=20.794327,-103.742996&t=k"
32825,agave en pie,0.92,2021,5,0,0.66,20.787197,-103.725619,"https://maps.google.com/?q=20.787197,-103.725619&t=k"
34227,agave en pie,0.92,2021,5,0,1.0,20.781416,-103.762844,"https://maps.google.com/?q=20.781416,-103.762844&t=k"
403,agave en pie,0.91,2021,5,0,0.52,20.929521,-103.818606,"https://maps.google.com/?q=20.929521,-103.818606&t=k"
766,agave en pie,0.91,2021,5,0,0.99,20.928165,-103.871936,"https://maps.google.com/?q=20.928165,-103.871936&t=k"
1674,agave en pie,0.91,2021,5,0,0.96,20.923278,-103.8638,"https://maps.google.com/?q=20.923278,-103.8638&t=k"
6711,agave en pie,0.91,2021,5,0,0.86,20.900519,-103.786145,"https://maps.google.com/?q=20.900519,-103.786145&t=k"
7437,agave en pie,0.91,2021,5,0,0.71,20.897539,-103.825057,"https://maps.google.com/?q=20.897539,-103.825057&t=k"
7726,agave en pie,0.91,2021,5,0,0.73,20.89631,-103.797763,"https://maps.google.com/?q=20.89631,-103.797763&t=k"
8171,agave en pie,0.91,2021,5,0,0.35,20.895043,-103.877183,"https://maps.google.com/?q=20.895043,-103.877183&t=k"
8419,agave en pie,0.91,2021,5,0,0.65,20.894152,-103.845176,"https://maps.google.com/?q=20.894152,-103.845176&t=k"
9275,agave en pie,0.91,2021,5,0,0.65,20.88863,-103.810562,"https://maps.google.com/?q=20.88863,-103.810562&t=k"
12660,agave en pie,0.91,2021,5,0,0.87,20.875401,-103.766738,"https://maps.google.com/?q=20.875401,-103.766738&t=k"
13206,agave en pie,0.91,2021,5,0,0.69,20.872645,-103.723554,"https://maps.google.com/?q=20.872645,-103.723554&t=k"
17542,agave en pie,0.91,2021,5,0,0.71,20.855771,-103.840664,"https://maps.google.com/?q=20.855771,-103.840664&t=k"
17607,agave en pie,0.91,2021,5,0,0.89,20.854558,-103.733221,"https://maps.google.com/?q=20.854558,-103.733221&t=k"
17810,agave en pie,0.91,2021,5,0,0.74,20.854268,-103.749082,"https://maps.google.com/?q=20.854268,-103.749082&t=k"
19347,agave en pie,0.91,2021,5,0,0.86,20.847755,-103.791999,"https://maps.google.com/?q=20.847755,-103.791999&t=k"
19673,agave en pie,0.91,2021,5,0,1.0,20.846237,-103.762891,"https://maps.google.com/?q=20.846237,-103.762891&t=k"
19797,agave en pie,0.91,2021,5,0,0.75,20.845296,-103.685103,"https://maps.google.com/?q=20.845296,-103.685103&t=k"
23855,agave en pie,0.91,2021,5,0,0.63,20.828392,-103.820213,"https://maps.google.com/?q=20.828392,-103.820213&t=k"
27266,agave en pie,0.91,2021,5,0,0.76,20.81196,-103.763892,"https://maps.google.com/?q=20.81196,-103.763892&t=k"
28379,agave en pie,0.91,2021,5,0,1.0,20.807366,-103.765755,"https://maps.google.com/?q=20.807366,-103.765755&t=k"
28420,agave en pie,0.91,2021,5,0,0.67,20.80749,-103.764264,"https://maps.google.com/?q=20.80749,-103.764264&t=k"
32639,agave en pie,0.91,2021,5,0,0.79,20.788037,-103.711057,"https://maps.google.com/?q=20.788037,-103.711057&t=k"
33646,agave en pie,0.91,2021,5,0,0.87,20.784326,-103.746729,"https://maps.google.com/?q=20.784326,-103.746729&t=k"
634,agave en pie,0.9,2021,5,0,0.63,20.928969,-103.891211,"https://maps.google.com/?q=20.928969,-103.891211&t=k"
3221,agave en pie,0.9,2021,5,0,0.72,20.915637,-103.777803,"https://maps.google.com/?q=20.915637,-103.777803&t=k"
5490,agave en pie,0.9,2021,5,0,0.41,20.905343,-103.759619,"https://maps.google.com/?q=20.905343,-103.759619&t=k"
6637,agave en pie,0.9,2021,5,0,0.92,20.901558,-103.871799,"https://maps.google.com/?q=20.901558,-103.871799&t=k"
14851,agave en pie,0.9,2021,5,0,0.63,20.866713,-103.783677,"https://maps.google.com/?q=20.866713,-103.783677&t=k"
15814,agave en pie,0.9,2021,5,0,0.73,20.862793,-103.810766,"https://maps.google.com/?q=20.862793,-103.810766&t=k"
17438,agave en pie,0.9,2021,5,0,0.6,20.855239,-103.733696,"https://maps.google.com/?q=20.855239,-103.733696&t=k"
17930,agave en pie,0.9,2021,5,0,0.7,20.852951,-103.73583,"https://maps.google.com/?q=20.852951,-103.73583&t=k"
20529,agave en pie,0.9,2021,5,0,0.7,20.842377,-103.753793,"https://maps.google.com/?q=20.842377,-103.753793&t=k"
20653,agave en pie,0.9,2021,5,0,0.59,20.842006,-103.727897,"https://maps.google.com/?q=20.842006,-103.727897&t=k"
23960,agave en pie,0.9,2021,5,0,0.87,20.827634,-103.7764,"https://maps.google.com/?q=20.827634,-103.7764&t=k"
28753,agave en pie,0.9,2021,5,0,0.61,20.805347,-103.767693,"https://maps.google.com/?q=20.805347,-103.767693&t=k"
33268,agave en pie,0.9,2021,5,0,0.54,20.784988,-103.702101,"https://maps.google.com/?q=20.784988,-103.702101&t=k"
33861,agave en pie,0.9,2021,5,0,0.48,20.782567,-103.692564,"https://maps.google.com/?q=20.782567,-103.692564&t=k"
34711,agave en pie,0.9,2021,5,0,0.91,20.779655,-103.762954,"https://maps.google.com/?q=20.779655,-103.762954&t=k"
2130,agave en pie,0.89,2021,5,0,0.49,20.921272,-103.874776,"https://maps.google.com/?q=20.921272,-103.874776&t=k"
3092,agave en pie,0.89,2021,5,0,0.71,20.91679,-103.880098,"https://maps.google.com/?q=20.91679,-103.880098&t=k"
3269,agave en pie,0.89,2021,5,0,0.55,20.915379,-103.779583,"https://maps.google.com/?q=20.915379,-103.779583&t=k"
3731,agave en pie,0.89,2021,5,0,0.58,20.913728,-103.860987,"https://maps.google.com/?q=20.913728,-103.860987&t=k"
14238,agave en pie,0.89,2021,5,0,0.74,20.869418,-103.889053,"https://maps.google.com/?q=20.869418,-103.889053&t=k"
14630,agave en pie,0.89,2021,5,0,0.53,20.866799,-103.721104,"https://maps.google.com/?q=20.866799,-103.721104&t=k"
16087,agave en pie,0.89,2021,5,0,0.69,20.860536,-103.729231,"https://maps.google.com/?q=20.860536,-103.729231&t=k"
17827,agave en pie,0.89,2021,5,0,0.89,20.8547,-103.83601,"https://maps.google.com/?q=20.8547,-103.83601&t=k"
27167,agave en pie,0.89,2021,5,0,0.55,20.81283,-103.710318,"https://maps.google.com/?q=20.81283,-103.710318&t=k"
32436,agave en pie,0.89,2021,5,0,0.67,20.789587,-103.774641,"https://maps.google.com/?q=20.789587,-103.774641&t=k"
4282,agave en pie,0.88,2021,5,0,0.82,20.910949,-103.850816,"https://maps.google.com/?q=20.910949,-103.850816&t=k"
9226,agave en pie,0.88,2021,5,0,0.72,20.890078,-103.778923,"https://maps.google.com/?q=20.890078,-103.778923&t=k"
13221,agave en pie,0.88,2021,5,0,1.0,20.872877,-103.767527,"https://maps.google.com/?q=20.872877,-103.767527&t=k"
13240,agave en pie,0.88,2021,5,0,0.73,20.872595,-103.747344,"https://maps.google.com/?q=20.872595,-103.747344&t=k"
13437,agave en pie,0.88,2021,5,0,0.97,20.872152,-103.761045,"https://maps.google.com/?q=20.872152,-103.761045&t=k"
14362,agave en pie,0.88,2021,5,0,0.82,20.867954,-103.712492,"https://maps.google.com/?q=20.867954,-103.712492&t=k"
14423,agave en pie,0.88,2021,5,0,0.6,20.86748,-103.752096,"https://maps.google.com/?q=20.86748,-103.752096&t=k"
17512,agave en pie,0.88,2021,5,0,0.44,20.855312,-103.768439,"https://maps.google.com/?q=20.855312,-103.768439&t=k"
22667,agave en pie,0.88,2021,5,0,0.92,20.833216,-103.773808,"https://maps.google.com/?q=20.833216,-103.773808&t=k"
26305,agave en pie,0.88,2021,5,0,0.89,20.816786,-103.713792,"https://maps.google.com/?q=20.816786,-103.713792&t=k"
32217,agave en pie,0.88,2021,5,0,0.62,20.790626,-103.743507,"https://maps.google.com/?q=20.790626,-103.743507&t=k"
6426,agave en pie,0.87,2021,5,0,1.0,20.901115,-103.695385,"https://maps.google.com/?q=20.901115,-103.695385&t=k"
7899,agave en pie,0.87,2021,5,0,0.64,20.895147,-103.76773,"https://maps.google.com/?q=20.895147,-103.76773&t=k"
8925,agave en pie,0.87,2021,5,0,0.95,20.891071,-103.766177,"https://maps.google.com/?q=20.891071,-103.766177&t=k"
9205,agave en pie,0.87,2021,5,0,0.51,20.890339,-103.809539,"https://maps.google.com/?q=20.890339,-103.809539&t=k"
10742,agave en pie,0.87,2021,5,0,0.56,20.883734,-103.795172,"https://maps.google.com/?q=20.883734,-103.795172&t=k"
10758,agave en pie,0.87,2021,5,0,0.85,20.883914,-103.867749,"https://maps.google.com/?q=20.883914,-103.867749&t=k"
13257,agave en pie,0.87,2021,5,0,0.82,20.873113,-103.781655,"https://maps.google.com/?q=20.873113,-103.781655&t=k"
13616,agave en pie,0.87,2021,5,0,0.95,20.87139,-103.774364,"https://maps.google.com/?q=20.87139,-103.774364&t=k"
20137,agave en pie,0.87,2021,5,0,0.87,20.841513,-103.686578,"https://maps.google.com/?q=20.841513,-103.686578&t=k"
26570,agave en pie,0.87,2021,5,0,0.7,20.814917,-103.681812,"https://maps.google.com/?q=20.814917,-103.681812&t=k"
27299,agave en pie,0.87,2021,5,0,0.92,20.812071,-103.687746,"https://maps.google.com/?q=20.812071,-103.687746&t=k"
27697,agave en pie,0.87,2021,5,0,0.95,20.810909,-103.787488,"https://maps.google.com/?q=20.810909,-103.787488&t=k"
28126,agave en pie,0.87,2021,5,0,0.47,20.808272,-103.681197,"https://maps.google.com/?q=20.808272,-103.681197&t=k"
31632,agave en pie,0.87,2021,5,0,1.0,20.792861,-103.728021,"https://maps.google.com/?q=20.792861,-103.728021&t=k"
32323,agave en pie,0.87,2021,5,0,0.97,20.789597,-103.696346,"https://maps.google.com/?q=20.789597,-103.696346&t=k"
33349,agave en pie,0.87,2021,5,0,0.82,20.785345,-103.762667,"https://maps.google.com/?q=20.785345,-103.762667&t=k"
2703,agave en pie,0.86,2021,5,0,0.57,20.918437,-103.862778,"https://maps.google.com/?q=20.918437,-103.862778&t=k"
7736,agave en pie,0.86,2021,5,0,0.5,20.896153,-103.744553,"https://maps.google.com/?q=20.896153,-103.744553&t=k"
7794,agave en pie,0.86,2021,5,0,0.45,20.895592,-103.772966,"https://maps.google.com/?q=20.895592,-103.772966&t=k"
8545,agave en pie,0.86,2021,5,0,0.85,20.893333,-103.844173,"https://maps.google.com/?q=20.893333,-103.844173&t=k"
8548,agave en pie,0.86,2021,5,0,0.56,20.893175,-103.821053,"https://maps.google.com/?q=20.893175,-103.821053&t=k"
9704,agave en pie,0.86,2021,5,0,0.92,20.887897,-103.75832,"https://maps.google.com/?q=20.887897,-103.75832&t=k"
10822,agave en pie,0.86,2021,5,0,0.76,20.882801,-103.704579,"https://maps.google.com/?q=20.882801,-103.704579&t=k"
10980,agave en pie,0.86,2021,5,0,0.74,20.882677,-103.792585,"https://maps.google.com/?q=20.882677,-103.792585&t=k"
15897,agave en pie,0.86,2021,5,0,0.59,20.862452,-103.794284,"https://maps.google.com/?q=20.862452,-103.794284&t=k"
17002,agave en pie,0.86,2021,5,0,0.85,20.857881,-103.838821,"https://maps.google.com/?q=20.857881,-103.838821&t=k"
19773,agave en pie,0.86,2021,5,0,0.81,20.84579,-103.751074,"https://maps.google.com/?q=20.84579,-103.751074&t=k"
19796,agave en pie,0.86,2021,5,0,0.91,20.845041,-103.687172,"https://maps.google.com/?q=20.845041,-103.687172&t=k"
21601,agave en pie,0.86,2021,5,0,0.56,20.837899,-103.740568,"https://maps.google.com/?q=20.837899,-103.740568&t=k"
30490,agave en pie,0.86,2021,5,0,0.71,20.798054,-103.790281,"https://maps.google.com/?q=20.798054,-103.790281&t=k"
33336,agave en pie,0.86,2021,5,0,0.43,20.785006,-103.716463,"https://maps.google.com/?q=20.785006,-103.716463&t=k"
6458,agave en pie,0.85,2021,5,0,0.72,20.901434,-103.762535,"https://maps.google.com/?q=20.901434,-103.762535&t=k"
11580,agave en pie,0.85,2021,5,0,0.95,20.879974,-103.768238,"https://maps.google.com/?q=20.879974,-103.768238&t=k"
14696,agave en pie,0.85,2021,5,0,0.67,20.867613,-103.882482,"https://maps.google.com/?q=20.867613,-103.882482&t=k"
16423,agave en pie,0.85,2021,5,0,0.88,20.859921,-103.80704,"https://maps.google.com/?q=20.859921,-103.80704&t=k"
22908,agave en pie,0.85,2021,5,0,0.96,20.831682,-103.712416,"https://maps.google.com/?q=20.831682,-103.712416&t=k"
27003,agave en pie,0.85,2021,5,0,0.88,20.813759,-103.769065,"https://maps.google.com/?q=20.813759,-103.769065&t=k"
28252,agave en pie,0.85,2021,5,0,0.55,20.807527,-103.769356,"https://maps.google.com/?q=20.807527,-103.769356&t=k"
29104,agave en pie,0.85,2021,5,0,0.84,20.804201,-103.771737,"https://maps.google.com/?q=20.804201,-103.771737&t=k"
32616,agave en pie,0.85,2021,5,0,0.91,20.787808,-103.692807,"https://maps.google.com/?q=20.787808,-103.692807&t=k"
33963,agave en pie,0.85,2021,5,0,1.0,20.782442,-103.699866,"https://maps.google.com/?q=20.782442,-103.699866&t=k"
5320,agave en pie,0.84,2021,5,0,0.46,20.907098,-103.87618,"https://maps.google.com/?q=20.907098,-103.87618&t=k"
5772,agave en pie,0.84,2021,5,0,0.79,20.903847,-103.75891,"https://maps.google.com/?q=20.903847,-103.75891&t=k"
7847,agave en pie,0.84,2021,5,0,0.51,20.895514,-103.743693,"https://maps.google.com/?q=20.895514,-103.743693&t=k"
8055,agave en pie,0.84,2021,5,0,0.96,20.895238,-103.879297,"https://maps.google.com/?q=20.895238,-103.879297&t=k"
8376,agave en pie,0.84,2021,5,0,0.81,20.894012,-103.798551,"https://maps.google.com/?q=20.894012,-103.798551&t=k"
12189,agave en pie,0.84,2021,5,0,0.77,20.87726,-103.767828,"https://maps.google.com/?q=20.87726,-103.767828&t=k"
13057,agave en pie,0.84,2021,5,0,0.71,20.873667,-103.776989,"https://maps.google.com/?q=20.873667,-103.776989&t=k"
13555,agave en pie,0.84,2021,5,0,1.0,20.871974,-103.780175,"https://maps.google.com/?q=20.871974,-103.780175&t=k"
13938,agave en pie,0.84,2021,5,0,0.81,20.871063,-103.891972,"https://maps.google.com/?q=20.871063,-103.891972&t=k"
14504,agave en pie,0.84,2021,5,0,0.9,20.867451,-103.717638,"https://maps.google.com/?q=20.867451,-103.717638&t=k"
17206,agave en pie,0.84,2021,5,0,0.44,20.856359,-103.788662,"https://maps.google.com/?q=20.856359,-103.788662&t=k"
17833,agave en pie,0.84,2021,5,0,0.71,20.854015,-103.789354,"https://maps.google.com/?q=20.854015,-103.789354&t=k"
20343,agave en pie,0.84,2021,5,0,0.74,20.842559,-103.687385,"https://maps.google.com/?q=20.842559,-103.687385&t=k"
23281,agave en pie,0.84,2021,5,0,0.93,20.830364,-103.754084,"https://maps.google.com/?q=20.830364,-103.754084&t=k"
26920,agave en pie,0.84,2021,5,0,0.82,20.814169,-103.769639,"https://maps.google.com/?q=20.814169,-103.769639&t=k"
28525,agave en pie,0.84,2021,5,0,1.0,20.806991,-103.770177,"https://maps.google.com/?q=20.806991,-103.770177&t=k"
30209,agave en pie,0.84,2021,5,0,0.45,20.799284,-103.753811,"https://maps.google.com/?q=20.799284,-103.753811&t=k"
31382,agave en pie,0.84,2021,5,0,0.86,20.793795,-103.769324,"https://maps.google.com/?q=20.793795,-103.769324&t=k"
31761,agave en pie,0.84,2021,5,0,0.62,20.792387,-103.755837,"https://maps.google.com/?q=20.792387,-103.755837&t=k"
5537,agave en pie,0.83,2021,5,0,0.45,20.905691,-103.776681,"https://maps.google.com/?q=20.905691,-103.776681&t=k"
6023,agave en pie,0.83,2021,5,0,0.63,20.903418,-103.755885,"https://maps.google.com/?q=20.903418,-103.755885&t=k"
6888,agave en pie,0.83,2021,5,0,0.65,20.899962,-103.849266,"https://maps.google.com/?q=20.899962,-103.849266&t=k"
7978,agave en pie,0.83,2021,5,0,0.94,20.895526,-103.79551,"https://maps.google.com/?q=20.895526,-103.79551&t=k"
8652,agave en pie,0.83,2021,5,0,0.94,20.891845,-103.688159,"https://maps.google.com/?q=20.891845,-103.688159&t=k"
9448,agave en pie,0.83,2021,5,0,0.28,20.888512,-103.689438,"https://maps.google.com/?q=20.888512,-103.689438&t=k"
9568,agave en pie,0.83,2021,5,0,0.54,20.888175,-103.883723,"https://maps.google.com/?q=20.888175,-103.883723&t=k"
12439,agave en pie,0.83,2021,5,0,0.6,20.876687,-103.782347,"https://maps.google.com/?q=20.876687,-103.782347&t=k"
12609,agave en pie,0.83,2021,5,0,0.94,20.875889,-103.76558,"https://maps.google.com/?q=20.875889,-103.76558&t=k"
12749,agave en pie,0.83,2021,5,0,0.54,20.874484,-103.709841,"https://maps.google.com/?q=20.874484,-103.709841&t=k"
13721,agave en pie,0.83,2021,5,0,0.89,20.870284,-103.680368,"https://maps.google.com/?q=20.870284,-103.680368&t=k"
13989,agave en pie,0.83,2021,5,0,0.76,20.869305,-103.723918,"https://maps.google.com/?q=20.869305,-103.723918&t=k"
15076,agave en pie,0.83,2021,5,0,0.53,20.865448,-103.770952,"https://maps.google.com/?q=20.865448,-103.770952&t=k"
17287,agave en pie,0.83,2021,5,0,0.86,20.856325,-103.746181,"https://maps.google.com/?q=20.856325,-103.746181&t=k"
19744,agave en pie,0.83,2021,5,0,0.69,20.84611,-103.763949,"https://maps.google.com/?q=20.84611,-103.763949&t=k"
23784,agave en pie,0.83,2021,5,0,0.42,20.82818,-103.809116,"https://maps.google.com/?q=20.82818,-103.809116&t=k"
26051,agave en pie,0.83,2021,5,0,0.58,20.817469,-103.720512,"https://maps.google.com/?q=20.817469,-103.720512&t=k"
27113,agave en pie,0.83,2021,5,0,1.0,20.813123,-103.76859,"https://maps.google.com/?q=20.813123,-103.76859&t=k"
31504,agave en pie,0.83,2021,5,0,1.0,20.792801,-103.713899,"https://maps.google.com/?q=20.792801,-103.713899&t=k"
2776,agave en pie,0.82,2021,5,0,0.38,20.91804,-103.850618,"https://maps.google.com/?q=20.91804,-103.850618&t=k"
4142,agave en pie,0.82,2021,5,0,1.0,20.9117,-103.861772,"https://maps.google.com/?q=20.9117,-103.861772&t=k"
4207,agave en pie,0.82,2021,5,0,0.57,20.91088,-103.794859,"https://maps.google.com/?q=20.91088,-103.794859&t=k"
6243,agave en pie,0.82,2021,5,0,0.34,20.902638,-103.81771,"https://maps.google.com/?q=20.902638,-103.81771&t=k"
6605,agave en pie,0.82,2021,5,0,0.7,20.900202,-103.694095,"https://maps.google.com/?q=20.900202,-103.694095&t=k"
7260,agave en pie,0.82,2021,5,0,0.94,20.898076,-103.772994,"https://maps.google.com/?q=20.898076,-103.772994&t=k"
16651,agave en pie,0.82,2021,5,0,0.85,20.858929,-103.744045,"https://maps.google.com/?q=20.858929,-103.744045&t=k"
17091,agave en pie,0.82,2021,5,0,0.76,20.856866,-103.80937,"https://maps.google.com/?q=20.856866,-103.80937&t=k"
17186,agave en pie,0.82,2021,5,0,0.51,20.856345,-103.761367,"https://maps.google.com/?q=20.856345,-103.761367&t=k"
18628,agave en pie,0.82,2021,5,0,0.56,20.851259,-103.834787,"https://maps.google.com/?q=20.851259,-103.834787&t=k"
22768,agave en pie,0.82,2021,5,0,1.0,20.832507,-103.713995,"https://maps.google.com/?q=20.832507,-103.713995&t=k"
23924,agave en pie,0.82,2021,5,0,0.73,20.827477,-103.760834,"https://maps.google.com/?q=20.827477,-103.760834&t=k"
26529,agave en pie,0.82,2021,5,0,1.0,20.815564,-103.719519,"https://maps.google.com/?q=20.815564,-103.719519&t=k"
27860,agave en pie,0.82,2021,5,0,0.98,20.80951,-103.787692,"https://maps.google.com/?q=20.80951,-103.787692&t=k"
28125,agave en pie,0.82,2021,5,0,0.95,20.808326,-103.682302,"https://maps.google.com/?q=20.808326,-103.682302&t=k"
30109,agave en pie,0.82,2021,5,0,0.8,20.799109,-103.681997,"https://maps.google.com/?q=20.799109,-103.681997&t=k"
1389,agave en pie,0.81,2021,5,0,0.51,20.925155,-103.895229,"https://maps.google.com/?q=20.925155,-103.895229&t=k"
2312,agave en pie,0.81,2021,5,0,0.95,20.920275,-103.874159,"https://maps.google.com/?q=20.920275,-103.874159&t=k"
6099,agave en pie,0.81,2021,5,0,0.43,20.90278,-103.736614,"https://maps.google.com/?q=20.90278,-103.736614&t=k"
10231,agave en pie,0.81,2021,5,0,0.79,20.885276,-103.770598,"https://maps.google.com/?q=20.885276,-103.770598&t=k"
11858,agave en pie,0.81,2021,5,0,0.6,20.878573,-103.76825,"https://maps.google.com/?q=20.878573,-103.76825&t=k"
13061,agave en pie,0.81,2021,5,0,0.78,20.872241,-103.760804,"https://maps.google.com/?q=20.872241,-103.760804&t=k"
17467,agave en pie,0.81,2021,5,0,0.79,20.856223,-103.807886,"https://maps.google.com/?q=20.856223,-103.807886&t=k"
26508,agave en pie,0.81,2021,5,0,0.8,20.815469,-103.718943,"https://maps.google.com/?q=20.815469,-103.718943&t=k"
29025,agave en pie,0.81,2021,5,0,0.63,20.804647,-103.770869,"https://maps.google.com/?q=20.804647,-103.770869&t=k"
30625,agave en pie,0.81,2021,5,0,0.41,20.797533,-103.786875,"https://maps.google.com/?q=20.797533,-103.786875&t=k"
32109,agave en pie,0.81,2021,5,0,0.84,20.79029,-103.753164,"https://maps.google.com/?q=20.79029,-103.753164&t=k"
33200,agave en pie,0.81,2021,5,0,1.0,20.786366,-103.754013,"https://maps.google.com/?q=20.786366,-103.754013&t=k"
4630,agave en pie,0.8,2021,5,0,0.46,20.910019,-103.894667,"https://maps.google.com/?q=20.910019,-103.894667&t=k"
12728,agave en pie,0.8,2021,5,0,0.92,20.87531,-103.817876,"https://maps.google.com/?q=20.87531,-103.817876&t=k"
13594,agave en pie,0.8,2021,5,0,0.95,20.87135,-103.762541,"https://maps.google.com/?q=20.87135,-103.762541&t=k"
17350,agave en pie,0.8,2021,5,0,0.9,20.856204,-103.798659,"https://maps.google.com/?q=20.856204,-103.798659&t=k"
20692,agave en pie,0.8,2021,5,0,0.76,20.841179,-103.690088,"https://maps.google.com/?q=20.841179,-103.690088&t=k"
24826,agave en pie,0.8,2021,5,0,0.45,20.824009,-103.813473,"https://maps.google.com/?q=20.824009,-103.813473&t=k"
27684,agave en pie,0.8,2021,5,0,0.46,20.810514,-103.720811,"https://maps.google.com/?q=20.810514,-103.720811&t=k"
31393,agave en pie,0.8,2021,5,0,0.62,20.793364,-103.692711,"https://maps.google.com/?q=20.793364,-103.692711&t=k"
33621,agave en pie,0.8,2021,5,0,0.54,20.783661,-103.693947,"https://maps.google.com/?q=20.783661,-103.693947&t=k"
257,agave en pie,0.79,2021,5,0,0.77,20.930072,-103.775089,"https://maps.google.com/?q=20.930072,-103.775089&t=k"
3759,agave en pie,0.79,2021,5,0,0.61,20.912718,-103.736723,"https://maps.google.com/?q=20.912718,-103.736723&t=k"
6606,agave en pie,0.79,2021,5,0,1.0,20.90014,-103.68602,"https://maps.google.com/?q=20.90014,-103.68602&t=k"
11254,agave en pie,0.79,2021,5,0,0.35,20.881035,-103.721993,"https://maps.google.com/?q=20.881035,-103.721993&t=k"
12377,agave en pie,0.79,2021,5,0,0.38,20.877178,-103.846748,"https://maps.google.com/?q=20.877178,-103.846748&t=k"
12414,agave en pie,0.79,2021,5,0,0.65,20.876513,-103.776918,"https://maps.google.com/?q=20.876513,-103.776918&t=k"
16329,agave en pie,0.79,2021,5,0,0.86,20.859713,-103.680172,"https://maps.google.com/?q=20.859713,-103.680172&t=k"
17606,agave en pie,0.79,2021,5,0,0.44,20.854436,-103.747398,"https://maps.google.com/?q=20.854436,-103.747398&t=k"
31173,agave en pie,0.79,2021,5,0,0.68,20.794649,-103.762496,"https://maps.google.com/?q=20.794649,-103.762496&t=k"
1577,agave en pie,0.78,2021,5,0,0.51,20.923616,-103.840239,"https://maps.google.com/?q=20.923616,-103.840239&t=k"
3222,agave en pie,0.78,2021,5,0,0.64,20.91531,-103.776267,"https://maps.google.com/?q=20.91531,-103.776267&t=k"
3246,agave en pie,0.78,2021,5,0,0.51,20.915315,-103.77694,"https://maps.google.com/?q=20.915315,-103.77694&t=k"
4271,agave en pie,0.78,2021,5,0,0.67,20.910895,-103.765342,"https://maps.google.com/?q=20.910895,-103.765342&t=k"
5457,agave en pie,0.78,2021,5,0,0.53,20.905957,-103.814416,"https://maps.google.com/?q=20.905957,-103.814416&t=k"
7056,agave en pie,0.78,2021,5,0,1.0,20.899075,-103.773755,"https://maps.google.com/?q=20.899075,-103.773755&t=k"
7394,agave en pie,0.78,2021,5,0,1.0,20.897349,-103.759829,"https://maps.google.com/?q=20.897349,-103.759829&t=k"
7467,agave en pie,0.78,2021,5,0,0.74,20.897287,-103.769972,"https://maps.google.com/?q=20.897287,-103.769972&t=k"
9880,agave en pie,0.78,2021,5,0,0.79,20.886712,-103.69623,"https://maps.google.com/?q=20.886712,-103.69623&t=k"
10051,agave en pie,0.78,2021,5,0,0.82,20.886625,-103.757321,"https://maps.google.com/?q=20.886625,-103.757321&t=k"
13202,agave en pie,0.78,2021,5,0,0.58,20.873031,-103.757625,"https://maps.google.com/?q=20.873031,-103.757625&t=k"
18843,agave en pie,0.78,2021,5,0,0.51,20.850128,-103.821389,"https://maps.google.com/?q=20.850128,-103.821389&t=k"
20631,agave en pie,0.78,2021,5,0,0.81,20.841881,-103.699212,"https://maps.google.com/?q=20.841881,-103.699212&t=k"
29027,agave en pie,0.78,2021,5,0,0.46,20.804441,-103.761023,"https://maps.google.com/?q=20.804441,-103.761023&t=k"
29088,agave en pie,0.78,2021,5,0,0.51,20.804218,-103.761505,"https://maps.google.com/?q=20.804218,-103.761505&t=k"
1672,agave en pie,0.77,2021,5,0,0.69,20.923577,-103.888702,"https://maps.google.com/?q=20.923577,-103.888702&t=k"
2164,agave en pie,0.77,2021,5,0,0.81,20.920126,-103.767574,"https://maps.google.com/?q=20.920126,-103.767574&t=k"
2426,agave en pie,0.77,2021,5,0,0.87,20.919471,-103.862001,"https://maps.google.com/?q=20.919471,-103.862001&t=k"
8450,agave en pie,0.77,2021,5,0,0.78,20.892837,-103.735928,"https://maps.google.com/?q=20.892837,-103.735928&t=k"
9170,agave en pie,0.77,2021,5,0,0.71,20.889933,-103.783923,"https://maps.google.com/?q=20.889933,-103.783923&t=k"
17493,agave en pie,0.77,2021,5,0,1.0,20.855294,-103.716876,"https://maps.google.com/?q=20.855294,-103.716876&t=k"
17608,agave en pie,0.77,2021,5,0,0.99,20.854961,-103.732785,"https://maps.google.com/?q=20.854961,-103.732785&t=k"
21970,agave en pie,0.77,2021,5,0,0.61,20.835727,-103.697823,"https://maps.google.com/?q=20.835727,-103.697823&t=k"
24435,agave en pie,0.77,2021,5,0,0.32,20.82536,-103.78694,"https://maps.google.com/?q=20.82536,-103.78694&t=k"
28340,agave en pie,0.77,2021,5,0,0.73,20.8081,-103.773627,"https://maps.google.com/?q=20.8081,-103.773627&t=k"
28982,agave en pie,0.77,2021,5,0,0.84,20.804519,-103.765682,"https://maps.google.com/?q=20.804519,-103.765682&t=k"
32787,agave en pie,0.77,2021,5,0,0.87,20.787657,-103.776434,"https://maps.google.com/?q=20.787657,-103.776434&t=k"
1434,agave en pie,0.76,2021,5,0,1.0,20.924035,-103.842111,"https://maps.google.com/?q=20.924035,-103.842111&t=k"
1482,agave en pie,0.76,2021,5,0,0.45,20.924157,-103.846677,"https://maps.google.com/?q=20.924157,-103.846677&t=k"
6745,agave en pie,0.76,2021,5,0,0.36,20.900705,-103.879497,"https://maps.google.com/?q=20.900705,-103.879497&t=k"
8374,agave en pie,0.76,2021,5,0,1.0,20.893676,-103.82177,"https://maps.google.com/?q=20.893676,-103.82177&t=k"
10596,agave en pie,0.76,2021,5,0,0.5,20.883993,-103.749412,"https://maps.google.com/?q=20.883993,-103.749412&t=k"
11964,agave en pie,0.76,2021,5,0,0.97,20.878374,-103.734752,"https://maps.google.com/?q=20.878374,-103.734752&t=k"
12504,agave en pie,0.76,2021,5,0,0.87,20.875531,-103.765968,"https://maps.google.com/?q=20.875531,-103.765968&t=k"
21324,agave en pie,0.76,2021,5,0,0.68,20.839201,-103.685445,"https://maps.google.com/?q=20.839201,-103.685445&t=k"
23720,agave en pie,0.76,2021,5,0,0.8,20.828424,-103.73589,"https://maps.google.com/?q=20.828424,-103.73589&t=k"
30104,agave en pie,0.76,2021,5,0,0.66,20.799222,-103.708849,"https://maps.google.com/?q=20.799222,-103.708849&t=k"
30425,agave en pie,0.76,2021,5,0,0.71,20.797887,-103.705402,"https://maps.google.com/?q=20.797887,-103.705402&t=k"
31068,agave en pie,0.76,2021,5,0,0.75,20.795141,-103.730932,"https://maps.google.com/?q=20.795141,-103.730932&t=k"
31254,agave en pie,0.76,2021,5,0,0.89,20.793929,-103.695828,"https://maps.google.com/?q=20.793929,-103.695828&t=k"
32269,agave en pie,0.76,2021,5,0,0.97,20.789759,-103.699899,"https://maps.google.com/?q=20.789759,-103.699899&t=k"
32405,agave en pie,0.76,2021,5,0,0.74,20.789018,-103.715468,"https://maps.google.com/?q=20.789018,-103.715468&t=k"
32676,agave en pie,0.76,2021,5,0,0.74,20.787868,-103.730897,"https://maps.google.com/?q=20.787868,-103.730897&t=k"
34113,agave en pie,0.76,2021,5,0,1.0,20.781788,-103.745645,"https://maps.google.com/?q=20.781788,-103.745645&t=k"
2593,agave en pie,0.75,2021,5,0,0.72,20.918985,-103.884169,"https://maps.google.com/?q=20.918985,-103.884169&t=k"
5733,agave en pie,0.75,2021,5,0,0.53,20.904067,-103.721365,"https://maps.google.com/?q=20.904067,-103.721365&t=k"
8229,agave en pie,0.75,2021,5,0,1.0,20.894743,-103.879685,"https://maps.google.com/?q=20.894743,-103.879685&t=k"
12540,agave en pie,0.75,2021,5,0,0.95,20.876715,-103.872177,"https://maps.google.com/?q=20.876715,-103.872177&t=k"
13249,agave en pie,0.75,2021,5,0,0.91,20.872204,-103.689243,"https://maps.google.com/?q=20.872204,-103.689243&t=k"
13502,agave en pie,0.75,2021,5,0,0.83,20.872693,-103.892585,"https://maps.google.com/?q=20.872693,-103.892585&t=k"
13593,agave en pie,0.75,2021,5,0,0.67,20.871547,-103.777342,"https://maps.google.com/?q=20.871547,-103.777342&t=k"
15091,agave en pie,0.75,2021,5,0,0.85,20.866263,-103.855914,"https://maps.google.com/?q=20.866263,-103.855914&t=k"
15592,agave en pie,0.75,2021,5,0,0.43,20.863998,-103.861747,"https://maps.google.com/?q=20.863998,-103.861747&t=k"
15723,agave en pie,0.75,2021,5,0,0.72,20.86313,-103.813791,"https://maps.google.com/?q=20.86313,-103.813791&t=k"
16477,agave en pie,0.75,2021,5,0,0.72,20.859493,-103.716649,"https://maps.google.com/?q=20.859493,-103.716649&t=k"
16514,agave en pie,0.75,2021,5,0,0.95,20.85989,-103.822034,"https://maps.google.com/?q=20.85989,-103.822034&t=k"
16621,agave en pie,0.75,2021,5,0,0.73,20.858425,-103.712765,"https://maps.google.com/?q=20.858425,-103.712765&t=k"
17118,agave en pie,0.75,2021,5,0,0.77,20.856855,-103.744639,"https://maps.google.com/?q=20.856855,-103.744639&t=k"
18647,agave en pie,0.75,2021,5,0,0.76,20.850633,-103.727824,"https://maps.google.com/?q=20.850633,-103.727824&t=k"
20021,agave en pie,0.75,2021,5,0,0.47,20.844347,-103.726772,"https://maps.google.com/?q=20.844347,-103.726772&t=k"
20121,agave en pie,0.75,2021,5,0,0.91,20.843496,-103.685888,"https://maps.google.com/?q=20.843496,-103.685888&t=k"
20489,agave en pie,0.75,2021,5,0,0.56,20.842495,-103.70281,"https://maps.google.com/?q=20.842495,-103.70281&t=k"
21886,agave en pie,0.75,2021,5,0,0.85,20.836548,-103.710837,"https://maps.google.com/?q=20.836548,-103.710837&t=k"
23814,agave en pie,0.75,2021,5,0,0.91,20.827576,-103.781013,"https://maps.google.com/?q=20.827576,-103.781013&t=k"
24199,agave en pie,0.75,2021,5,0,0.85,20.826023,-103.704777,"https://maps.google.com/?q=20.826023,-103.704777&t=k"
26375,agave en pie,0.75,2021,5,0,0.4,20.814841,-103.719477,"https://maps.google.com/?q=20.814841,-103.719477&t=k"
26894,agave en pie,0.75,2021,5,0,0.76,20.813905,-103.703103,"https://maps.google.com/?q=20.813905,-103.703103&t=k"
29992,agave en pie,0.75,2021,5,0,1.0,20.799633,-103.709374,"https://maps.google.com/?q=20.799633,-103.709374&t=k"
33504,agave en pie,0.75,2021,5,0,0.67,20.784385,-103.742454,"https://maps.google.com/?q=20.784385,-103.742454&t=k"
34104,agave en pie,0.75,2021,5,0,0.99,20.782148,-103.733106,"https://maps.google.com/?q=20.782148,-103.733106&t=k"
5267,agave en pie,0.74,2021,5,0,0.47,20.907445,-103.880937,"https://maps.google.com/?q=20.907445,-103.880937&t=k"
6401,agave en pie,0.74,2021,5,0,0.34,20.901561,-103.736673,"https://maps.google.com/?q=20.901561,-103.736673&t=k"
6957,agave en pie,0.74,2021,5,0,1.0,20.89931,-103.781252,"https://maps.google.com/?q=20.89931,-103.781252&t=k"
10636,agave en pie,0.74,2021,5,0,0.97,20.884104,-103.796323,"https://maps.google.com/?q=20.884104,-103.796323&t=k"
11576,agave en pie,0.74,2021,5,0,0.42,20.880384,-103.787797,"https://maps.google.com/?q=20.880384,-103.787797&t=k"
11830,agave en pie,0.74,2021,5,0,0.7,20.878903,-103.795451,"https://maps.google.com/?q=20.878903,-103.795451&t=k"
12259,agave en pie,0.74,2021,5,0,0.43,20.877645,-103.796422,"https://maps.google.com/?q=20.877645,-103.796422&t=k"
15738,agave en pie,0.74,2021,5,0,0.59,20.861966,-103.679528,"https://maps.google.com/?q=20.861966,-103.679528&t=k"
16340,agave en pie,0.74,2021,5,0,0.69,20.860692,-103.840338,"https://maps.google.com/?q=20.860692,-103.840338&t=k"
18536,agave en pie,0.74,2021,5,0,0.7,20.850654,-103.724604,"https://maps.google.com/?q=20.850654,-103.724604&t=k"
18902,agave en pie,0.74,2021,5,0,0.88,20.848869,-103.721448,"https://maps.google.com/?q=20.848869,-103.721448&t=k"
20050,agave en pie,0.74,2021,5,0,1.0,20.844239,-103.68862,"https://maps.google.com/?q=20.844239,-103.68862&t=k"
23716,agave en pie,0.74,2021,5,0,0.96,20.828712,-103.775623,"https://maps.google.com/?q=20.828712,-103.775623&t=k"
31391,agave en pie,0.74,2021,5,0,0.53,20.793311,-103.697611,"https://maps.google.com/?q=20.793311,-103.697611&t=k"
569,agave en pie,0.73,2021,5,0,0.42,20.928436,-103.858328,"https://maps.google.com/?q=20.928436,-103.858328&t=k"
2328,agave en pie,0.73,2021,5,0,0.9,20.919999,-103.87344,"https://maps.google.com/?q=20.919999,-103.87344&t=k"
2424,agave en pie,0.73,2021,5,0,0.73,20.919993,-103.872574,"https://maps.google.com/?q=20.919993,-103.872574&t=k"
2901,agave en pie,0.73,2021,5,0,0.73,20.917718,-103.856438,"https://maps.google.com/?q=20.917718,-103.856438&t=k"
4168,agave en pie,0.73,2021,5,0,0.86,20.911182,-103.780098,"https://maps.google.com/?q=20.911182,-103.780098&t=k"
4677,agave en pie,0.73,2021,5,0,0.58,20.909762,-103.876016,"https://maps.google.com/?q=20.909762,-103.876016&t=k"
6453,agave en pie,0.73,2021,5,0,1.0,20.900696,-103.687842,"https://maps.google.com/?q=20.900696,-103.687842&t=k"
9118,agave en pie,0.73,2021,5,0,0.53,20.890551,-103.781899,"https://maps.google.com/?q=20.890551,-103.781899&t=k"
9469,agave en pie,0.73,2021,5,0,0.97,20.889397,-103.877177,"https://maps.google.com/?q=20.889397,-103.877177&t=k"
11301,agave en pie,0.73,2021,5,0,0.58,20.880624,-103.72142,"https://maps.google.com/?q=20.880624,-103.72142&t=k"
11681,agave en pie,0.73,2021,5,0,0.56,20.879414,-103.784729,"https://maps.google.com/?q=20.879414,-103.784729&t=k"
15779,agave en pie,0.73,2021,5,0,0.47,20.862285,-103.727534,"https://maps.google.com/?q=20.862285,-103.727534&t=k"
16476,agave en pie,0.73,2021,5,0,0.75,20.859499,-103.717417,"https://maps.google.com/?q=20.859499,-103.717417&t=k"
20834,agave en pie,0.73,2021,5,0,0.73,20.84096,-103.745348,"https://maps.google.com/?q=20.84096,-103.745348&t=k"
25376,agave en pie,0.73,2021,5,0,0.53,20.821847,-103.82084,"https://maps.google.com/?q=20.821847,-103.82084&t=k"
29565,agave en pie,0.73,2021,5,0,0.59,20.801992,-103.778625,"https://maps.google.com/?q=20.801992,-103.778625&t=k"
31418,agave en pie,0.73,2021,5,0,1.0,20.792986,-103.714426,"https://maps.google.com/?q=20.792986,-103.714426&t=k"
32532,agave en pie,0.73,2021,5,0,0.49,20.788739,-103.732522,"https://maps.google.com/?q=20.788739,-103.732522&t=k"
1209,agave en pie,0.72,2021,5,0,0.69,20.925753,-103.862435,"https://maps.google.com/?q=20.925753,-103.862435&t=k"
1292,agave en pie,0.72,2021,5,0,0.64,20.924462,-103.865329,"https://maps.google.com/?q=20.924462,-103.865329&t=k"
1636,agave en pie,0.72,2021,5,0,0.53,20.923804,-103.86144,"https://maps.google.com/?q=20.923804,-103.86144&t=k"
5329,agave en pie,0.72,2021,5,0,0.96,20.905708,-103.729379,"https://maps.google.com/?q=20.905708,-103.729379&t=k"
5451,agave en pie,0.72,2021,5,0,0.64,20.906507,-103.875704,"https://maps.google.com/?q=20.906507,-103.875704&t=k"
7086,agave en pie,0.72,2021,5,0,0.86,20.897826,-103.714352,"https://maps.google.com/?q=20.897826,-103.714352&t=k"
8492,agave en pie,0.72,2021,5,0,0.97,20.893335,-103.766928,"https://maps.google.com/?q=20.893335,-103.766928&t=k"
9870,agave en pie,0.72,2021,5,0,0.35,20.887682,-103.810618,"https://maps.google.com/?q=20.887682,-103.810618&t=k"
11246,agave en pie,0.72,2021,5,0,0.93,20.881515,-103.762747,"https://maps.google.com/?q=20.881515,-103.762747&t=k"
11963,agave en pie,0.72,2021,5,0,0.71,20.878121,-103.737157,"https://maps.google.com/?q=20.878121,-103.737157&t=k"
13011,agave en pie,0.72,2021,5,0,0.94,20.874017,-103.775352,"https://maps.google.com/?q=20.874017,-103.775352&t=k"
14605,agave en pie,0.72,2021,5,0,0.58,20.866902,-103.728889,"https://maps.google.com/?q=20.866902,-103.728889&t=k"
17519,agave en pie,0.72,2021,5,0,0.93,20.855027,-103.717407,"https://maps.google.com/?q=20.855027,-103.717407&t=k"
25139,agave en pie,0.72,2021,5,0,0.68,20.820713,-103.689545,"https://maps.google.com/?q=20.820713,-103.689545&t=k"
27152,agave en pie,0.72,2021,5,0,0.39,20.812639,-103.770468,"https://maps.google.com/?q=20.812639,-103.770468&t=k"
28882,agave en pie,0.72,2021,5,0,0.44,20.804809,-103.718985,"https://maps.google.com/?q=20.804809,-103.718985&t=k"
5021,agave en pie,0.71,2021,5,0,0.56,20.908386,-103.812858,"https://maps.google.com/?q=20.908386,-103.812858&t=k"
6797,agave en pie,0.71,2021,5,0,1.0,20.900201,-103.779514,"https://maps.google.com/?q=20.900201,-103.779514&t=k"
6814,agave en pie,0.71,2021,5,0,0.79,20.900586,-103.848011,"https://maps.google.com/?q=20.900586,-103.848011&t=k"
7050,agave en pie,0.71,2021,5,0,0.87,20.899716,-103.894166,"https://maps.google.com/?q=20.899716,-103.894166&t=k"
9353,agave en pie,0.71,2021,5,0,0.83,20.889171,-103.765856,"https://maps.google.com/?q=20.889171,-103.765856&t=k"
9620,agave en pie,0.71,2021,5,0,0.55,20.888897,-103.876796,"https://maps.google.com/?q=20.888897,-103.876796&t=k"
9963,agave en pie,0.71,2021,5,0,1.0,20.887197,-103.780292,"https://maps.google.com/?q=20.887197,-103.780292&t=k"
10507,agave en pie,0.71,2021,5,0,0.63,20.884227,-103.788247,"https://maps.google.com/?q=20.884227,-103.788247&t=k"
13939,agave en pie,0.71,2021,5,0,0.52,20.870678,-103.888322,"https://maps.google.com/?q=20.870678,-103.888322&t=k"
17854,agave en pie,0.71,2021,5,0,0.61,20.854381,-103.835484,"https://maps.google.com/?q=20.854381,-103.835484&t=k"
19973,agave en pie,0.71,2021,5,0,0.87,20.845583,-103.766116,"https://maps.google.com/?q=20.845583,-103.766116&t=k"
23741,agave en pie,0.71,2021,5,0,0.54,20.828334,-103.742089,"https://maps.google.com/?q=20.828334,-103.742089&t=k"
24285,agave en pie,0.71,2021,5,0,0.7,20.825071,-103.704257,"https://maps.google.com/?q=20.825071,-103.704257&t=k"
25053,agave en pie,0.71,2021,5,0,0.61,20.822076,-103.696595,"https://maps.google.com/?q=20.822076,-103.696595&t=k"
32644,agave en pie,0.71,2021,5,0,0.48,20.788105,-103.696215,"https://maps.google.com/?q=20.788105,-103.696215&t=k"
2384,agave en pie,0.7,2021,5,0,0.63,20.919324,-103.788061,"https://maps.google.com/?q=20.919324,-103.788061&t=k"
6996,agave en pie,0.7,2021,5,0,0.94,20.898931,-103.735397,"https://maps.google.com/?q=20.898931,-103.735397&t=k"
7081,agave en pie,0.7,2021,5,0,0.57,20.898462,-103.726989,"https://maps.google.com/?q=20.898462,-103.726989&t=k"
8153,agave en pie,0.7,2021,5,0,0.77,20.894704,-103.807101,"https://maps.google.com/?q=20.894704,-103.807101&t=k"
15748,agave en pie,0.7,2021,5,0,0.77,20.862932,-103.791878,"https://maps.google.com/?q=20.862932,-103.791878&t=k"
17029,agave en pie,0.7,2021,5,0,0.83,20.857872,-103.804653,"https://maps.google.com/?q=20.857872,-103.804653&t=k"
18133,agave en pie,0.7,2021,5,0,0.89,20.85199,-103.728053,"https://maps.google.com/?q=20.85199,-103.728053&t=k"
19414,agave en pie,0.7,2021,5,0,0.74,20.847495,-103.743323,"https://maps.google.com/?q=20.847495,-103.743323&t=k"
22955,agave en pie,0.7,2021,5,0,0.37,20.830513,-103.713099,"https://maps.google.com/?q=20.830513,-103.713099&t=k"
23397,agave en pie,0.7,2021,5,0,1.0,20.830223,-103.772199,"https://maps.google.com/?q=20.830223,-103.772199&t=k"
23842,agave en pie,0.7,2021,5,0,0.6,20.827877,-103.717013,"https://maps.google.com/?q=20.827877,-103.717013&t=k"
26347,agave en pie,0.7,2021,5,0,0.51,20.816513,-103.713554,"https://maps.google.com/?q=20.816513,-103.713554&t=k"
30915,agave en pie,0.7,2021,5,0,0.81,20.795165,-103.680254,"https://maps.google.com/?q=20.795165,-103.680254&t=k"
32934,agave en pie,0.7,2021,5,0,1.0,20.786794,-103.726102,"https://maps.google.com/?q=20.786794,-103.726102&t=k"
4612,agave en pie,0.69,2021,5,0,0.75,20.909784,-103.832173,"https://maps.google.com/?q=20.909784,-103.832173&t=k"
5821,agave en pie,0.69,2021,5,0,1.0,20.90374,-103.762853,"https://maps.google.com/?q=20.90374,-103.762853&t=k"
7532,agave en pie,0.69,2021,5,0,0.75,20.897311,-103.805254,"https://maps.google.com/?q=20.897311,-103.805254&t=k"
8674,agave en pie,0.69,2021,5,0,1.0,20.892968,-103.850473,"https://maps.google.com/?q=20.892968,-103.850473&t=k"
9180,agave en pie,0.69,2021,5,0,0.36,20.890703,-103.829436,"https://maps.google.com/?q=20.890703,-103.829436&t=k"
9371,agave en pie,0.69,2021,5,0,1.0,20.88962,-103.777965,"https://maps.google.com/?q=20.88962,-103.777965&t=k"
9387,agave en pie,0.69,2021,5,0,0.88,20.889035,-103.797389,"https://maps.google.com/?q=20.889035,-103.797389&t=k"
9840,agave en pie,0.69,2021,5,0,0.71,20.887096,-103.699159,"https://maps.google.com/?q=20.887096,-103.699159&t=k"
12020,agave en pie,0.69,2021,5,0,0.99,20.877636,-103.684822,"https://maps.google.com/?q=20.877636,-103.684822&t=k"
12200,agave en pie,0.69,2021,5,0,0.71,20.877189,-103.709097,"https://maps.google.com/?q=20.877189,-103.709097&t=k"
12690,agave en pie,0.69,2021,5,0,0.71,20.875295,-103.746024,"https://maps.google.com/?q=20.875295,-103.746024&t=k"
14647,agave en pie,0.69,2021,5,0,0.46,20.867293,-103.776271,"https://maps.google.com/?q=20.867293,-103.776271&t=k"
27112,agave en pie,0.69,2021,5,0,0.42,20.812833,-103.772292,"https://maps.google.com/?q=20.812833,-103.772292&t=k"
729,agave en pie,0.68,2021,5,0,0.88,20.928003,-103.847705,"https://maps.google.com/?q=20.928003,-103.847705&t=k"
4355,agave en pie,0.68,2021,5,0,0.87,20.910494,-103.778661,"https://maps.google.com/?q=20.910494,-103.778661&t=k"
7399,agave en pie,0.68,2021,5,0,0.54,20.896537,-103.723208,"https://maps.google.com/?q=20.896537,-103.723208&t=k"
7869,agave en pie,0.68,2021,5,0,0.84,20.89577,-103.766331,"https://maps.google.com/?q=20.89577,-103.766331&t=k"
8031,agave en pie,0.68,2021,5,0,0.79,20.893815,-103.752119,"https://maps.google.com/?q=20.893815,-103.752119&t=k"
8682,agave en pie,0.68,2021,5,0,1.0,20.892759,-103.800339,"https://maps.google.com/?q=20.892759,-103.800339&t=k"
11227,agave en pie,0.68,2021,5,0,0.76,20.881534,-103.765438,"https://maps.google.com/?q=20.881534,-103.765438&t=k"
14277,agave en pie,0.68,2021,5,0,0.43,20.869081,-103.81211,"https://maps.google.com/?q=20.869081,-103.81211&t=k"
15772,agave en pie,0.68,2021,5,0,0.71,20.86308,-103.780967,"https://maps.google.com/?q=20.86308,-103.780967&t=k"
19062,agave en pie,0.68,2021,5,0,1.0,20.848828,-103.721929,"https://maps.google.com/?q=20.848828,-103.721929&t=k"
19207,agave en pie,0.68,2021,5,0,1.0,20.847949,-103.689357,"https://maps.google.com/?q=20.847949,-103.689357&t=k"
19432,agave en pie,0.68,2021,5,0,0.74,20.847594,-103.763072,"https://maps.google.com/?q=20.847594,-103.763072&t=k"
24494,agave en pie,0.68,2021,5,0,0.94,20.824859,-103.786416,"https://maps.google.com/?q=20.824859,-103.786416&t=k"
26731,agave en pie,0.68,2021,5,0,1.0,20.815194,-103.767661,"https://maps.google.com/?q=20.815194,-103.767661&t=k"
31776,agave en pie,0.68,2021,5,0,0.97,20.792351,-103.75699,"https://maps.google.com/?q=20.792351,-103.75699&t=k"
33376,agave en pie,0.68,2021,5,0,0.96,20.785335,-103.73649,"https://maps.google.com/?q=20.785335,-103.73649&t=k"
845,agave en pie,0.67,2021,5,0,0.78,20.926907,-103.82603,"https://maps.google.com/?q=20.926907,-103.82603&t=k"
1258,agave en pie,0.67,2021,5,0,0.73,20.925149,-103.846525,"https://maps.google.com/?q=20.925149,-103.846525&t=k"
7632,agave en pie,0.67,2021,5,0,0.97,20.897141,-103.819821,"https://maps.google.com/?q=20.897141,-103.819821&t=k"
8951,agave en pie,0.67,2021,5,0,1.0,20.891793,-103.877448,"https://maps.google.com/?q=20.891793,-103.877448&t=k"
9356,agave en pie,0.67,2021,5,0,0.97,20.889207,-103.739756,"https://maps.google.com/?q=20.889207,-103.739756&t=k"
9835,agave en pie,0.67,2021,5,0,0.4,20.88708,-103.739293,"https://maps.google.com/?q=20.88708,-103.739293&t=k"
11290,agave en pie,0.67,2021,5,0,0.79,20.880602,-103.688689,"https://maps.google.com/?q=20.880602,-103.688689&t=k"
15366,agave en pie,0.67,2021,5,0,1.0,20.864564,-103.767307,"https://maps.google.com/?q=20.864564,-103.767307&t=k"
15720,agave en pie,0.67,2021,5,0,0.9,20.863444,-103.8531,"https://maps.google.com/?q=20.863444,-103.8531&t=k"
21485,agave en pie,0.67,2021,5,0,0.94,20.83801,-103.689203,"https://maps.google.com/?q=20.83801,-103.689203&t=k"
23429,agave en pie,0.67,2021,5,0,0.85,20.830217,-103.809676,"https://maps.google.com/?q=20.830217,-103.809676&t=k"
24787,agave en pie,0.67,2021,5,0,1.0,20.823867,-103.786616,"https://maps.google.com/?q=20.823867,-103.786616&t=k"
28220,agave en pie,0.67,2021,5,0,0.72,20.80776,-103.685045,"https://maps.google.com/?q=20.80776,-103.685045&t=k"
29661,agave en pie,0.67,2021,5,0,0.76,20.800352,-103.708839,"https://maps.google.com/?q=20.800352,-103.708839&t=k"
31629,agave en pie,0.67,2021,5,0,0.97,20.792862,-103.740366,"https://maps.google.com/?q=20.792862,-103.740366&t=k"
33911,agave en pie,0.67,2021,5,0,0.69,20.783148,-103.758699,"https://maps.google.com/?q=20.783148,-103.758699&t=k"
1074,agave en pie,0.66,2021,5,0,0.52,20.926715,-103.857716,"https://maps.google.com/?q=20.926715,-103.857716&t=k"
2614,agave en pie,0.66,2021,5,0,0.5,20.918901,-103.864602,"https://maps.google.com/?q=20.918901,-103.864602&t=k"
2650,agave en pie,0.66,2021,5,0,0.89,20.919168,-103.898398,"https://maps.google.com/?q=20.919168,-103.898398&t=k"
6802,agave en pie,0.66,2021,5,0,0.71,20.900123,-103.737742,"https://maps.google.com/?q=20.900123,-103.737742&t=k"
6836,agave en pie,0.66,2021,5,0,0.8,20.899225,-103.847108,"https://maps.google.com/?q=20.899225,-103.847108&t=k"
8035,agave en pie,0.66,2021,5,0,0.74,20.894763,-103.715484,"https://maps.google.com/?q=20.894763,-103.715484&t=k"
10869,agave en pie,0.66,2021,5,0,0.59,20.88313,-103.761147,"https://maps.google.com/?q=20.88313,-103.761147&t=k"
11152,agave en pie,0.66,2021,5,0,0.67,20.881591,-103.785961,"https://maps.google.com/?q=20.881591,-103.785961&t=k"
13258,agave en pie,0.66,2021,5,0,0.83,20.872965,-103.773486,"https://maps.google.com/?q=20.872965,-103.773486&t=k"
13540,agave en pie,0.66,2021,5,0,0.52,20.872419,-103.892059,"https://maps.google.com/?q=20.872419,-103.892059&t=k"
15254,agave en pie,0.66,2021,5,0,0.76,20.864536,-103.744864,"https://maps.google.com/?q=20.864536,-103.744864&t=k"
16140,agave en pie,0.66,2021,5,0,0.53,20.861144,-103.726006,"https://maps.google.com/?q=20.861144,-103.726006&t=k"
17016,agave en pie,0.66,2021,5,0,0.44,20.857489,-103.744826,"https://maps.google.com/?q=20.857489,-103.744826&t=k"
17841,agave en pie,0.66,2021,5,0,1.0,20.854279,-103.732118,"https://maps.google.com/?q=20.854279,-103.732118&t=k"
17931,agave en pie,0.66,2021,5,0,1.0,20.853398,-103.735153,"https://maps.google.com/?q=20.853398,-103.735153&t=k"
26921,agave en pie,0.66,2021,5,0,1.0,20.814338,-103.767956,"https://maps.google.com/?q=20.814338,-103.767956&t=k"
31540,agave en pie,0.66,2021,5,0,0.71,20.793379,-103.774371,"https://maps.google.com/?q=20.793379,-103.774371&t=k"
33041,agave en pie,0.66,2021,5,0,1.0,20.786541,-103.734702,"https://maps.google.com/?q=20.786541,-103.734702&t=k"
33088,agave en pie,0.66,2021,5,0,0.64,20.785605,-103.700127,"https://maps.google.com/?q=20.785605,-103.700127&t=k"
33388,agave en pie,0.66,2021,5,0,0.58,20.783726,-103.776274,"https://maps.google.com/?q=20.783726,-103.776274&t=k"
34191,agave en pie,0.66,2021,5,0,0.39,20.781326,-103.695696,"https://maps.google.com/?q=20.781326,-103.695696&t=k"
2700,agave en pie,0.65,2021,5,0,0.51,20.917458,-103.718079,"https://maps.google.com/?q=20.917458,-103.718079&t=k"
6805,agave en pie,0.65,2021,5,0,0.57,20.899737,-103.716162,"https://maps.google.com/?q=20.899737,-103.716162&t=k"
6881,agave en pie,0.65,2021,5,0,0.74,20.899606,-103.784758,"https://maps.google.com/?q=20.899606,-103.784758&t=k"
7832,agave en pie,0.65,2021,5,0,0.68,20.89561,-103.732204,"https://maps.google.com/?q=20.89561,-103.732204&t=k"
8593,agave en pie,0.65,2021,5,0,0.46,20.891855,-103.731322,"https://maps.google.com/?q=20.891855,-103.731322&t=k"
9206,agave en pie,0.65,2021,5,0,0.74,20.89017,-103.798293,"https://maps.google.com/?q=20.89017,-103.798293&t=k"
9710,agave en pie,0.65,2021,5,0,0.91,20.887803,-103.727031,"https://maps.google.com/?q=20.887803,-103.727031&t=k"
9741,agave en pie,0.65,2021,5,0,0.83,20.888073,-103.795522,"https://maps.google.com/?q=20.888073,-103.795522&t=k"
12353,agave en pie,0.65,2021,5,0,0.98,20.877612,-103.871113,"https://maps.google.com/?q=20.877612,-103.871113&t=k"
13401,agave en pie,0.65,2021,5,0,1.0,20.872102,-103.705392,"https://maps.google.com/?q=20.872102,-103.705392&t=k"
15516,agave en pie,0.65,2021,5,0,0.72,20.864,-103.776827,"https://maps.google.com/?q=20.864,-103.776827&t=k"
15799,agave en pie,0.65,2021,5,0,0.46,20.862143,-103.72667,"https://maps.google.com/?q=20.862143,-103.72667&t=k"
16331,agave en pie,0.65,2021,5,0,0.4,20.861257,-103.898532,"https://maps.google.com/?q=20.861257,-103.898532&t=k"
17017,agave en pie,0.65,2021,5,0,0.51,20.857233,-103.73464,"https://maps.google.com/?q=20.857233,-103.73464&t=k"
17520,agave en pie,0.65,2021,5,0,0.77,20.855332,-103.715867,"https://maps.google.com/?q=20.855332,-103.715867&t=k"
21036,agave en pie,0.65,2021,5,0,0.85,20.840292,-103.746554,"https://maps.google.com/?q=20.840292,-103.746554&t=k"
30415,agave en pie,0.65,2021,5,0,0.77,20.798557,-103.784753,"https://maps.google.com/?q=20.798557,-103.784753&t=k"
30507,agave en pie,0.65,2021,5,0,0.4,20.797989,-103.787448,"https://maps.google.com/?q=20.797989,-103.787448&t=k"
32941,agave en pie,0.65,2021,5,0,0.6,20.786627,-103.680136,"https://maps.google.com/?q=20.786627,-103.680136&t=k"
34805,agave en pie,0.65,2021,5,0,0.58,20.778958,-103.717186,"https://maps.google.com/?q=20.778958,-103.717186&t=k"
1405,agave en pie,0.64,2021,5,0,0.83,20.924351,-103.862157,"https://maps.google.com/?q=20.924351,-103.862157&t=k"
2173,agave en pie,0.64,2021,5,0,0.72,20.920945,-103.826077,"https://maps.google.com/?q=20.920945,-103.826077&t=k"
5315,agave en pie,0.64,2021,5,0,0.52,20.90566,-103.729043,"https://maps.google.com/?q=20.90566,-103.729043&t=k"
6846,agave en pie,0.64,2021,5,0,0.55,20.899457,-103.715011,"https://maps.google.com/?q=20.899457,-103.715011&t=k"
7046,agave en pie,0.64,2021,5,0,1.0,20.898794,-103.710931,"https://maps.google.com/?q=20.898794,-103.710931&t=k"
7191,agave en pie,0.64,2021,5,0,0.36,20.898599,-103.861582,"https://maps.google.com/?q=20.898599,-103.861582&t=k"
12512,agave en pie,0.64,2021,5,0,0.94,20.876902,-103.866167,"https://maps.google.com/?q=20.876902,-103.866167&t=k"
13418,agave en pie,0.64,2021,5,0,0.91,20.871799,-103.689438,"https://maps.google.com/?q=20.871799,-103.689438&t=k"
14189,agave en pie,0.64,2021,5,0,0.92,20.869151,-103.815618,"https://maps.google.com/?q=20.869151,-103.815618&t=k"
14679,agave en pie,0.64,2021,5,0,0.84,20.86669,-103.71851,"https://maps.google.com/?q=20.86669,-103.71851&t=k"
15648,agave en pie,0.64,2021,5,0,0.53,20.863016,-103.74084,"https://maps.google.com/?q=20.863016,-103.74084&t=k"
18813,agave en pie,0.64,2021,5,0,0.75,20.849362,-103.696985,"https://maps.google.com/?q=20.849362,-103.696985&t=k"
19672,agave en pie,0.64,2021,5,0,0.83,20.845828,-103.762462,"https://maps.google.com/?q=20.845828,-103.762462&t=k"
30268,agave en pie,0.64,2021,5,0,1.0,20.798389,-103.68234,"https://maps.google.com/?q=20.798389,-103.68234&t=k"
30667,agave en pie,0.64,2021,5,0,0.7,20.796951,-103.707091,"https://maps.google.com/?q=20.796951,-103.707091&t=k"
1544,agave en pie,0.63,2021,5,0,0.92,20.924344,-103.888552,"https://maps.google.com/?q=20.924344,-103.888552&t=k"
1818,agave en pie,0.63,2021,5,0,0.48,20.9227,-103.865198,"https://maps.google.com/?q=20.9227,-103.865198&t=k"
2423,agave en pie,0.63,2021,5,0,0.73,20.919641,-103.873923,"https://maps.google.com/?q=20.919641,-103.873923&t=k"
3406,agave en pie,0.63,2021,5,0,0.97,20.914366,-103.733489,"https://maps.google.com/?q=20.914366,-103.733489&t=k"
4880,agave en pie,0.63,2021,5,0,0.83,20.908095,-103.752962,"https://maps.google.com/?q=20.908095,-103.752962&t=k"
6352,agave en pie,0.63,2021,5,0,1.0,20.900526,-103.787154,"https://maps.google.com/?q=20.900526,-103.787154&t=k"
7227,agave en pie,0.63,2021,5,0,0.75,20.898701,-103.797312,"https://maps.google.com/?q=20.898701,-103.797312&t=k"
7291,agave en pie,0.63,2021,5,0,0.57,20.898657,-103.843363,"https://maps.google.com/?q=20.898657,-103.843363&t=k"
10887,agave en pie,0.63,2021,5,0,0.75,20.882853,-103.766677,"https://maps.google.com/?q=20.882853,-103.766677&t=k"
13297,agave en pie,0.63,2021,5,0,1.0,20.872083,-103.702893,"https://maps.google.com/?q=20.872083,-103.702893&t=k"
14452,agave en pie,0.63,2021,5,0,0.52,20.867882,-103.782803,"https://maps.google.com/?q=20.867882,-103.782803&t=k"
14843,agave en pie,0.63,2021,5,0,0.75,20.867097,-103.852304,"https://maps.google.com/?q=20.867097,-103.852304&t=k"
16617,agave en pie,0.63,2021,5,0,0.75,20.859179,-103.747311,"https://maps.google.com/?q=20.859179,-103.747311&t=k"
17548,agave en pie,0.63,2021,5,0,1.0,20.855465,-103.789919,"https://maps.google.com/?q=20.855465,-103.789919&t=k"
22516,agave en pie,0.63,2021,5,0,0.7,20.833224,-103.695298,"https://maps.google.com/?q=20.833224,-103.695298&t=k"
23913,agave en pie,0.63,2021,5,0,0.41,20.827444,-103.701546,"https://maps.google.com/?q=20.827444,-103.701546&t=k"
24321,agave en pie,0.63,2021,5,0,0.97,20.826201,-103.784531,"https://maps.google.com/?q=20.826201,-103.784531&t=k"
27059,agave en pie,0.63,2021,5,0,0.76,20.813586,-103.770172,"https://maps.google.com/?q=20.813586,-103.770172&t=k"
27081,agave en pie,0.63,2021,5,0,0.76,20.813571,-103.768154,"https://maps.google.com/?q=20.813571,-103.768154&t=k"
27255,agave en pie,0.63,2021,5,0,0.79,20.812506,-103.709312,"https://maps.google.com/?q=20.812506,-103.709312&t=k"
32679,agave en pie,0.63,2021,5,0,1.0,20.787721,-103.693144,"https://maps.google.com/?q=20.787721,-103.693144&t=k"
32821,agave en pie,0.63,2021,5,0,1.0,20.78802,-103.757842,"https://maps.google.com/?q=20.78802,-103.757842&t=k"
297,agave en pie,0.62,2021,5,0,0.84,20.93003,-103.820332,"https://maps.google.com/?q=20.93003,-103.820332&t=k"
370,agave en pie,0.62,2021,5,0,0.79,20.930037,-103.827977,"https://maps.google.com/?q=20.930037,-103.827977&t=k"
5122,agave en pie,0.62,2021,5,0,0.6,20.908315,-103.896699,"https://maps.google.com/?q=20.908315,-103.896699&t=k"
5518,agave en pie,0.62,2021,5,0,0.55,20.90538,-103.758513,"https://maps.google.com/?q=20.90538,-103.758513&t=k"
5802,agave en pie,0.62,2021,5,0,0.98,20.904161,-103.727902,"https://maps.google.com/?q=20.904161,-103.727902&t=k"
6525,agave en pie,0.62,2021,5,0,0.5,20.901035,-103.757395,"https://maps.google.com/?q=20.901035,-103.757395&t=k"
8976,agave en pie,0.62,2021,5,0,0.89,20.890778,-103.732341,"https://maps.google.com/?q=20.890778,-103.732341&t=k"
10342,agave en pie,0.62,2021,5,0,0.55,20.885891,-103.787176,"https://maps.google.com/?q=20.885891,-103.787176&t=k"
10889,agave en pie,0.62,2021,5,0,0.81,20.88315,-103.757783,"https://maps.google.com/?q=20.88315,-103.757783&t=k"
11387,agave en pie,0.62,2021,5,0,1.0,20.880393,-103.757517,"https://maps.google.com/?q=20.880393,-103.757517&t=k"
12903,agave en pie,0.62,2021,5,0,0.44,20.874126,-103.77165,"https://maps.google.com/?q=20.874126,-103.77165&t=k"
13219,agave en pie,0.62,2021,5,0,0.95,20.873246,-103.774926,"https://maps.google.com/?q=20.873246,-103.774926&t=k"
17072,agave en pie,0.62,2021,5,0,1.0,20.857806,-103.808162,"https://maps.google.com/?q=20.857806,-103.808162&t=k"
17572,agave en pie,0.62,2021,5,0,0.65,20.855558,-103.855995,"https://maps.google.com/?q=20.855558,-103.855995&t=k"
20859,agave en pie,0.62,2021,5,0,0.61,20.840868,-103.696722,"https://maps.google.com/?q=20.840868,-103.696722&t=k"
22722,agave en pie,0.62,2021,5,0,1.0,20.833304,-103.78606,"https://maps.google.com/?q=20.833304,-103.78606&t=k"
24531,agave en pie,0.62,2021,5,0,0.76,20.824696,-103.726601,"https://maps.google.com/?q=20.824696,-103.726601&t=k"
24715,agave en pie,0.62,2021,5,0,0.97,20.82437,-103.774841,"https://maps.google.com/?q=20.82437,-103.774841&t=k"
30187,agave en pie,0.62,2021,5,0,0.37,20.799226,-103.770769,"https://maps.google.com/?q=20.799226,-103.770769&t=k"
31691,agave en pie,0.62,2021,5,0,0.5,20.792848,-103.78869,"https://maps.google.com/?q=20.792848,-103.78869&t=k"
31716,agave en pie,0.62,2021,5,0,0.65,20.791177,-103.757096,"https://maps.google.com/?q=20.791177,-103.757096&t=k"
33980,agave en pie,0.62,2021,5,0,1.0,20.782695,-103.733822,"https://maps.google.com/?q=20.782695,-103.733822&t=k"
2200,agave en pie,0.61,2021,5,0,1.0,20.92058,-103.786849,"https://maps.google.com/?q=20.92058,-103.786849&t=k"
3054,agave en pie,0.61,2021,5,0,0.98,20.916103,-103.71809,"https://maps.google.com/?q=20.916103,-103.71809&t=k"
4576,agave en pie,0.61,2021,5,0,0.93,20.910169,-103.855774,"https://maps.google.com/?q=20.910169,-103.855774&t=k"
5575,agave en pie,0.61,2021,5,0,0.69,20.905549,-103.840426,"https://maps.google.com/?q=20.905549,-103.840426&t=k"
5662,agave en pie,0.61,2021,5,0,0.52,20.905066,-103.790291,"https://maps.google.com/?q=20.905066,-103.790291&t=k"
5805,agave en pie,0.61,2021,5,0,0.82,20.905173,-103.899702,"https://maps.google.com/?q=20.905173,-103.899702&t=k"
6437,agave en pie,0.61,2021,5,0,1.0,20.901842,-103.813679,"https://maps.google.com/?q=20.901842,-103.813679&t=k"
8179,agave en pie,0.61,2021,5,0,0.85,20.894147,-103.785716,"https://maps.google.com/?q=20.894147,-103.785716&t=k"
8283,agave en pie,0.61,2021,5,0,0.84,20.894239,-103.844599,"https://maps.google.com/?q=20.894239,-103.844599&t=k"
11325,agave en pie,0.61,2021,5,0,0.97,20.881335,-103.769092,"https://maps.google.com/?q=20.881335,-103.769092&t=k"
11620,agave en pie,0.61,2021,5,0,0.64,20.880242,-103.793181,"https://maps.google.com/?q=20.880242,-103.793181&t=k"
12578,agave en pie,0.61,2021,5,0,0.49,20.876572,-103.870928,"https://maps.google.com/?q=20.876572,-103.870928&t=k"
14258,agave en pie,0.61,2021,5,0,0.95,20.868882,-103.77102,"https://maps.google.com/?q=20.868882,-103.77102&t=k"
15197,agave en pie,0.61,2021,5,0,0.75,20.864987,-103.807961,"https://maps.google.com/?q=20.864987,-103.807961&t=k"
17176,agave en pie,0.61,2021,5,0,0.82,20.856001,-103.732969,"https://maps.google.com/?q=20.856001,-103.732969&t=k"
17709,agave en pie,0.61,2021,5,0,0.52,20.854129,-103.730245,"https://maps.google.com/?q=20.854129,-103.730245&t=k"
20084,agave en pie,0.61,2021,5,0,1.0,20.844234,-103.687947,"https://maps.google.com/?q=20.844234,-103.687947&t=k"
23278,agave en pie,0.61,2021,5,0,0.95,20.829548,-103.798054,"https://maps.google.com/?q=20.829548,-103.798054&t=k"
24197,agave en pie,0.61,2021,5,0,0.93,20.826293,-103.716642,"https://maps.google.com/?q=20.826293,-103.716642&t=k"
2969,agave en pie,0.6,2021,5,0,0.98,20.91691,-103.830627,"https://maps.google.com/?q=20.91691,-103.830627&t=k"
5815,agave en pie,0.6,2021,5,0,0.58,20.904956,-103.839565,"https://maps.google.com/?q=20.904956,-103.839565&t=k"
6413,agave en pie,0.6,2021,5,0,1.0,20.901704,-103.787674,"https://maps.google.com/?q=20.901704,-103.787674&t=k"
7212,agave en pie,0.6,2021,5,0,0.82,20.897923,-103.715313,"https://maps.google.com/?q=20.897923,-103.715313&t=k"
7258,agave en pie,0.6,2021,5,0,0.62,20.897633,-103.786841,"https://maps.google.com/?q=20.897633,-103.786841&t=k"
8095,agave en pie,0.6,2021,5,0,0.82,20.894782,-103.773405,"https://maps.google.com/?q=20.894782,-103.773405&t=k"
11031,agave en pie,0.6,2021,5,0,0.68,20.882348,-103.759327,"https://maps.google.com/?q=20.882348,-103.759327&t=k"
11947,agave en pie,0.6,2021,5,0,0.4,20.877615,-103.711785,"https://maps.google.com/?q=20.877615,-103.711785&t=k"
12919,agave en pie,0.6,2021,5,0,0.57,20.873941,-103.721813,"https://maps.google.com/?q=20.873941,-103.721813&t=k"
13719,agave en pie,0.6,2021,5,0,0.58,20.870646,-103.692188,"https://maps.google.com/?q=20.870646,-103.692188&t=k"
16283,agave en pie,0.6,2021,5,0,0.42,20.860658,-103.733458,"https://maps.google.com/?q=20.860658,-103.733458&t=k"
19902,agave en pie,0.6,2021,5,0,0.65,20.845523,-103.751605,"https://maps.google.com/?q=20.845523,-103.751605&t=k"
24420,agave en pie,0.6,2021,5,0,1.0,20.825036,-103.705698,"https://maps.google.com/?q=20.825036,-103.705698&t=k"
24535,agave en pie,0.6,2021,5,0,1.0,20.824409,-103.706376,"https://maps.google.com/?q=20.824409,-103.706376&t=k"
27987,agave en pie,0.6,2021,5,0,0.72,20.809329,-103.719332,"https://maps.google.com/?q=20.809329,-103.719332&t=k"
33199,agave en pie,0.6,2021,5,0,0.63,20.786189,-103.767032,"https://maps.google.com/?q=20.786189,-103.767032&t=k"
33332,agave en pie,0.6,2021,5,0,0.85,20.785586,-103.758583,"https://maps.google.com/?q=20.785586,-103.758583&t=k"
650,agave en pie,0.59,2021,5,0,0.49,20.928576,-103.845634,"https://maps.google.com/?q=20.928576,-103.845634&t=k"
1507,agave en pie,0.59,2021,5,0,0.44,20.923685,-103.843796,"https://maps.google.com/?q=20.923685,-103.843796&t=k"
6557,agave en pie,0.59,2021,5,0,0.71,20.900879,-103.711875,"https://maps.google.com/?q=20.900879,-103.711875&t=k"
6830,agave en pie,0.59,2021,5,0,0.78,20.900089,-103.868349,"https://maps.google.com/?q=20.900089,-103.868349&t=k"
7909,agave en pie,0.59,2021,5,0,0.56,20.895254,-103.732928,"https://maps.google.com/?q=20.895254,-103.732928&t=k"
9209,agave en pie,0.59,2021,5,0,0.95,20.889815,-103.767437,"https://maps.google.com/?q=20.889815,-103.767437&t=k"
9598,agave en pie,0.59,2021,5,0,0.97,20.88896,-103.825653,"https://maps.google.com/?q=20.88896,-103.825653&t=k"
10680,agave en pie,0.59,2021,5,0,0.58,20.883448,-103.700536,"https://maps.google.com/?q=20.883448,-103.700536&t=k"
10946,agave en pie,0.59,2021,5,0,0.9,20.882303,-103.728567,"https://maps.google.com/?q=20.882303,-103.728567&t=k"
11857,agave en pie,0.59,2021,5,0,0.97,20.878804,-103.768921,"https://maps.google.com/?q=20.878804,-103.768921&t=k"
12345,agave en pie,0.59,2021,5,0,0.98,20.877696,-103.897884,"https://maps.google.com/?q=20.877696,-103.897884&t=k"
12887,agave en pie,0.59,2021,5,0,0.75,20.874307,-103.746801,"https://maps.google.com/?q=20.874307,-103.746801&t=k"
14583,agave en pie,0.59,2021,5,0,0.75,20.867564,-103.745127,"https://maps.google.com/?q=20.867564,-103.745127&t=k"
14992,agave en pie,0.59,2021,5,0,0.81,20.86563,-103.715828,"https://maps.google.com/?q=20.86563,-103.715828&t=k"
15727,agave en pie,0.59,2021,5,0,0.46,20.862395,-103.773572,"https://maps.google.com/?q=20.862395,-103.773572&t=k"
15963,agave en pie,0.59,2021,5,0,0.97,20.861901,-103.792943,"https://maps.google.com/?q=20.861901,-103.792943&t=k"
16285,agave en pie,0.59,2021,5,0,0.44,20.860336,-103.726637,"https://maps.google.com/?q=20.860336,-103.726637&t=k"
17665,agave en pie,0.59,2021,5,0,0.85,20.854268,-103.730677,"https://maps.google.com/?q=20.854268,-103.730677&t=k"
18102,agave en pie,0.59,2021,5,0,0.34,20.852767,-103.7539,"https://maps.google.com/?q=20.852767,-103.7539&t=k"
19810,agave en pie,0.59,2021,5,0,0.63,20.845894,-103.765345,"https://maps.google.com/?q=20.845894,-103.765345&t=k"
24112,agave en pie,0.59,2021,5,0,0.68,20.82722,-103.807442,"https://maps.google.com/?q=20.82722,-103.807442&t=k"
26745,agave en pie,0.59,2021,5,0,0.71,20.815018,-103.768383,"https://maps.google.com/?q=20.815018,-103.768383&t=k"
28378,agave en pie,0.59,2021,5,0,1.0,20.807832,-103.767768,"https://maps.google.com/?q=20.807832,-103.767768&t=k"
32110,agave en pie,0.59,2021,5,0,0.56,20.790801,-103.73654,"https://maps.google.com/?q=20.790801,-103.73654&t=k"
2694,agave en pie,0.58,2021,5,0,0.84,20.918067,-103.814897,"https://maps.google.com/?q=20.918067,-103.814897&t=k"
3796,agave en pie,0.58,2021,5,0,0.55,20.911195,-103.775627,"https://maps.google.com/?q=20.911195,-103.775627&t=k"
4108,agave en pie,0.58,2021,5,0,0.88,20.911325,-103.731591,"https://maps.google.com/?q=20.911325,-103.731591&t=k"
4435,agave en pie,0.58,2021,5,0,0.34,20.910703,-103.861202,"https://maps.google.com/?q=20.910703,-103.861202&t=k"
5153,agave en pie,0.58,2021,5,0,0.76,20.906756,-103.730668,"https://maps.google.com/?q=20.906756,-103.730668&t=k"
10951,agave en pie,0.58,2021,5,0,0.95,20.88351,-103.881835,"https://maps.google.com/?q=20.88351,-103.881835&t=k"
11009,agave en pie,0.58,2021,5,0,0.59,20.882164,-103.765048,"https://maps.google.com/?q=20.882164,-103.765048&t=k"
12614,agave en pie,0.58,2021,5,0,0.84,20.87544,-103.704786,"https://maps.google.com/?q=20.87544,-103.704786&t=k"
13238,agave en pie,0.58,2021,5,0,1.0,20.872726,-103.759118,"https://maps.google.com/?q=20.872726,-103.759118&t=k"
14010,agave en pie,0.58,2021,5,0,0.76,20.87008,-103.799847,"https://maps.google.com/?q=20.87008,-103.799847&t=k"
15601,agave en pie,0.58,2021,5,0,0.9,20.86309,-103.726422,"https://maps.google.com/?q=20.86309,-103.726422&t=k"
16225,agave en pie,0.58,2021,5,0,0.86,20.860905,-103.742443,"https://maps.google.com/?q=20.860905,-103.742443&t=k"
17731,agave en pie,0.58,2021,5,0,0.72,20.854119,-103.681038,"https://maps.google.com/?q=20.854119,-103.681038&t=k"
19586,agave en pie,0.58,2021,5,0,0.57,20.846689,-103.769134,"https://maps.google.com/?q=20.846689,-103.769134&t=k"
20929,agave en pie,0.58,2021,5,0,0.47,20.840329,-103.691201,"https://maps.google.com/?q=20.840329,-103.691201&t=k"
22963,agave en pie,0.58,2021,5,0,0.45,20.831895,-103.765939,"https://maps.google.com/?q=20.831895,-103.765939&t=k"
23253,agave en pie,0.58,2021,5,0,0.47,20.830001,-103.681489,"https://maps.google.com/?q=20.830001,-103.681489&t=k"
24838,agave en pie,0.58,2021,5,0,0.33,20.823243,-103.731658,"https://maps.google.com/?q=20.823243,-103.731658&t=k"
26099,agave en pie,0.58,2021,5,0,0.52,20.817116,-103.697695,"https://maps.google.com/?q=20.817116,-103.697695&t=k"
29370,agave en pie,0.58,2021,5,0,0.67,20.802527,-103.764977,"https://maps.google.com/?q=20.802527,-103.764977&t=k"
29733,agave en pie,0.58,2021,5,0,0.67,20.800612,-103.683714,"https://maps.google.com/?q=20.800612,-103.683714&t=k"
32096,agave en pie,0.58,2021,5,0,0.69,20.790896,-103.718863,"https://maps.google.com/?q=20.790896,-103.718863&t=k"
1897,agave en pie,0.57,2021,5,0,1.0,20.922624,-103.874238,"https://maps.google.com/?q=20.922624,-103.874238&t=k"
2063,agave en pie,0.57,2021,5,0,0.53,20.920567,-103.843628,"https://maps.google.com/?q=20.920567,-103.843628&t=k"
5123,agave en pie,0.57,2021,5,0,0.49,20.907997,-103.889442,"https://maps.google.com/?q=20.907997,-103.889442&t=k"
5161,agave en pie,0.57,2021,5,0,0.56,20.907673,-103.833968,"https://maps.google.com/?q=20.907673,-103.833968&t=k"
6724,agave en pie,0.57,2021,5,0,0.93,20.899835,-103.729381,"https://maps.google.com/?q=20.899835,-103.729381&t=k"
6930,agave en pie,0.57,2021,5,0,0.51,20.899555,-103.78399,"https://maps.google.com/?q=20.899555,-103.78399&t=k"
7460,agave en pie,0.57,2021,5,0,0.79,20.897715,-103.824383,"https://maps.google.com/?q=20.897715,-103.824383&t=k"
9026,agave en pie,0.57,2021,5,0,0.6,20.890886,-103.765554,"https://maps.google.com/?q=20.890886,-103.765554&t=k"
9248,agave en pie,0.57,2021,5,0,0.91,20.890553,-103.874429,"https://maps.google.com/?q=20.890553,-103.874429&t=k"
11161,agave en pie,0.57,2021,5,0,0.96,20.881534,-103.740589,"https://maps.google.com/?q=20.881534,-103.740589&t=k"
11598,agave en pie,0.57,2021,5,0,0.89,20.879356,-103.757814,"https://maps.google.com/?q=20.879356,-103.757814&t=k"
11689,agave en pie,0.57,2021,5,0,0.86,20.879174,-103.685145,"https://maps.google.com/?q=20.879174,-103.685145&t=k"
13586,agave en pie,0.57,2021,5,0,0.86,20.871159,-103.682475,"https://maps.google.com/?q=20.871159,-103.682475&t=k"
13703,agave en pie,0.57,2021,5,0,0.58,20.871214,-103.775038,"https://maps.google.com/?q=20.871214,-103.775038&t=k"
15641,agave en pie,0.57,2021,5,0,0.44,20.863447,-103.781637,"https://maps.google.com/?q=20.863447,-103.781637&t=k"
15985,agave en pie,0.57,2021,5,0,0.84,20.861601,-103.726675,"https://maps.google.com/?q=20.861601,-103.726675&t=k"
18097,agave en pie,0.57,2021,5,0,1.0,20.853255,-103.784074,"https://maps.google.com/?q=20.853255,-103.784074&t=k"
19625,agave en pie,0.57,2021,5,0,0.51,20.846772,-103.799983,"https://maps.google.com/?q=20.846772,-103.799983&t=k"
21263,agave en pie,0.57,2021,5,0,0.81,20.839409,-103.69486,"https://maps.google.com/?q=20.839409,-103.69486&t=k"
25991,agave en pie,0.57,2021,5,0,0.77,20.818289,-103.715509,"https://maps.google.com/?q=20.818289,-103.715509&t=k"
29186,agave en pie,0.57,2021,5,0,0.51,20.803645,-103.782406,"https://maps.google.com/?q=20.803645,-103.782406&t=k"
32305,agave en pie,0.57,2021,5,0,0.98,20.790155,-103.72862,"https://maps.google.com/?q=20.790155,-103.72862&t=k"
33568,agave en pie,0.57,2021,5,0,0.84,20.78454,-103.776363,"https://maps.google.com/?q=20.78454,-103.776363&t=k"
33643,agave en pie,0.57,2021,5,0,1.0,20.784131,-103.757202,"https://maps.google.com/?q=20.784131,-103.757202&t=k"
37,agave en pie,0.56,2021,5,0,0.86,20.930781,-103.87134,"https://maps.google.com/?q=20.930781,-103.87134&t=k"
334,agave en pie,0.56,2021,5,0,0.7,20.930176,-103.841775,"https://maps.google.com/?q=20.930176,-103.841775&t=k"
983,agave en pie,0.56,2021,5,0,0.54,20.926825,-103.820646,"https://maps.google.com/?q=20.926825,-103.820646&t=k"
3813,agave en pie,0.56,2021,5,0,0.73,20.912976,-103.772055,"https://maps.google.com/?q=20.912976,-103.772055&t=k"
4293,agave en pie,0.56,2021,5,0,1.0,20.910455,-103.729964,"https://maps.google.com/?q=20.910455,-103.729964&t=k"
5557,agave en pie,0.56,2021,5,0,1.0,20.906036,-103.839076,"https://maps.google.com/?q=20.906036,-103.839076&t=k"
7205,agave en pie,0.56,2021,5,0,0.98,20.89833,-103.75809,"https://maps.google.com/?q=20.89833,-103.75809&t=k"
10234,agave en pie,0.56,2021,5,0,0.46,20.88551,-103.734548,"https://maps.google.com/?q=20.88551,-103.734548&t=k"
11012,agave en pie,0.56,2021,5,0,0.82,20.882487,-103.741254,"https://maps.google.com/?q=20.882487,-103.741254&t=k"
11173,agave en pie,0.56,2021,5,0,0.77,20.880598,-103.688209,"https://maps.google.com/?q=20.880598,-103.688209&t=k"
11209,agave en pie,0.56,2021,5,0,0.57,20.881728,-103.767263,"https://maps.google.com/?q=20.881728,-103.767263&t=k"
13223,agave en pie,0.56,2021,5,0,0.89,20.872831,-103.742584,"https://maps.google.com/?q=20.872831,-103.742584&t=k"
14602,agave en pie,0.56,2021,5,0,0.52,20.867496,-103.77305,"https://maps.google.com/?q=20.867496,-103.77305&t=k"
15577,agave en pie,0.56,2021,5,0,0.96,20.863872,-103.810036,"https://maps.google.com/?q=20.863872,-103.810036&t=k"
17205,agave en pie,0.56,2021,5,0,0.54,20.85646,-103.790103,"https://maps.google.com/?q=20.85646,-103.790103&t=k"
17710,agave en pie,0.56,2021,5,0,0.82,20.854236,-103.714339,"https://maps.google.com/?q=20.854236,-103.714339&t=k"
21758,agave en pie,0.56,2021,5,0,0.55,20.837223,-103.784635,"https://maps.google.com/?q=20.837223,-103.784635&t=k"
23260,agave en pie,0.56,2021,5,0,0.61,20.830599,-103.774214,"https://maps.google.com/?q=20.830599,-103.774214&t=k"
24460,agave en pie,0.56,2021,5,0,0.61,20.824872,-103.695995,"https://maps.google.com/?q=20.824872,-103.695995&t=k"
29253,agave en pie,0.56,2021,5,0,0.46,20.8037,-103.764776,"https://maps.google.com/?q=20.8037,-103.764776&t=k"
2968,agave en pie,0.55,2021,5,0,0.96,20.916906,-103.836637,"https://maps.google.com/?q=20.916906,-103.836637&t=k"
5200,agave en pie,0.55,2021,5,0,0.8,20.906736,-103.721968,"https://maps.google.com/?q=20.906736,-103.721968&t=k"
6406,agave en pie,0.55,2021,5,0,0.98,20.901189,-103.687405,"https://maps.google.com/?q=20.901189,-103.687405&t=k"
6858,agave en pie,0.55,2021,5,0,0.67,20.89919,-103.709582,"https://maps.google.com/?q=20.89919,-103.709582&t=k"
7084,agave en pie,0.55,2021,5,0,0.53,20.898715,-103.71843,"https://maps.google.com/?q=20.898715,-103.71843&t=k"
7123,agave en pie,0.55,2021,5,0,1.0,20.898834,-103.759096,"https://maps.google.com/?q=20.898834,-103.759096&t=k"
7135,agave en pie,0.55,2021,5,0,0.78,20.898658,-103.772172,"https://maps.google.com/?q=20.898658,-103.772172&t=k"
8321,agave en pie,0.55,2021,5,0,1.0,20.893811,-103.757839,"https://maps.google.com/?q=20.893811,-103.757839&t=k"
8587,agave en pie,0.55,2021,5,0,0.75,20.892798,-103.799378,"https://maps.google.com/?q=20.892798,-103.799378&t=k"
8594,agave en pie,0.55,2021,5,0,1.0,20.892708,-103.730642,"https://maps.google.com/?q=20.892708,-103.730642&t=k"
8627,agave en pie,0.55,2021,5,0,0.89,20.893155,-103.851288,"https://maps.google.com/?q=20.893155,-103.851288&t=k"
8985,agave en pie,0.55,2021,5,0,0.65,20.891364,-103.874038,"https://maps.google.com/?q=20.891364,-103.874038&t=k"
12628,agave en pie,0.55,2021,5,0,0.84,20.875645,-103.775579,"https://maps.google.com/?q=20.875645,-103.775579&t=k"
13012,agave en pie,0.55,2021,5,0,0.93,20.874219,-103.772034,"https://maps.google.com/?q=20.874219,-103.772034&t=k"
13631,agave en pie,0.55,2021,5,0,0.45,20.871842,-103.806417,"https://maps.google.com/?q=20.871842,-103.806417&t=k"
14859,agave en pie,0.55,2021,5,0,0.73,20.866239,-103.718706,"https://maps.google.com/?q=20.866239,-103.718706&t=k"
15635,agave en pie,0.55,2021,5,0,0.8,20.863666,-103.806385,"https://maps.google.com/?q=20.863666,-103.806385&t=k"
15983,agave en pie,0.55,2021,5,0,0.98,20.861718,-103.742484,"https://maps.google.com/?q=20.861718,-103.742484&t=k"
16964,agave en pie,0.55,2021,5,0,0.6,20.858297,-103.768944,"https://maps.google.com/?q=20.858297,-103.768944&t=k"
17255,agave en pie,0.55,2021,5,0,0.96,20.856818,-103.789668,"https://maps.google.com/?q=20.856818,-103.789668&t=k"
18923,agave en pie,0.55,2021,5,0,1.0,20.848575,-103.718327,"https://maps.google.com/?q=20.848575,-103.718327&t=k"
19131,agave en pie,0.55,2021,5,0,0.84,20.848193,-103.697716,"https://maps.google.com/?q=20.848193,-103.697716&t=k"
22811,agave en pie,0.55,2021,5,0,0.51,20.832666,-103.772708,"https://maps.google.com/?q=20.832666,-103.772708&t=k"
3440,agave en pie,0.54,2021,5,0,0.69,20.91456,-103.778725,"https://maps.google.com/?q=20.91456,-103.778725&t=k"
5453,agave en pie,0.54,2021,5,0,0.7,20.90546,-103.840667,"https://maps.google.com/?q=20.90546,-103.840667&t=k"
5999,agave en pie,0.54,2021,5,0,0.69,20.902682,-103.729549,"https://maps.google.com/?q=20.902682,-103.729549&t=k"
6125,agave en pie,0.54,2021,5,0,0.98,20.902767,-103.734932,"https://maps.google.com/?q=20.902767,-103.734932&t=k"
6852,agave en pie,0.54,2021,5,0,0.81,20.90028,-103.803548,"https://maps.google.com/?q=20.90028,-103.803548&t=k"
6973,agave en pie,0.54,2021,5,0,0.46,20.899085,-103.762554,"https://maps.google.com/?q=20.899085,-103.762554&t=k"
7533,agave en pie,0.54,2021,5,0,0.89,20.897552,-103.801022,"https://maps.google.com/?q=20.897552,-103.801022&t=k"
7806,agave en pie,0.54,2021,5,0,0.56,20.896723,-103.885439,"https://maps.google.com/?q=20.896723,-103.885439&t=k"
8398,agave en pie,0.54,2021,5,0,1.0,20.893938,-103.800955,"https://maps.google.com/?q=20.893938,-103.800955&t=k"
8686,agave en pie,0.54,2021,5,0,0.98,20.892389,-103.76732,"https://maps.google.com/?q=20.892389,-103.76732&t=k"
8904,agave en pie,0.54,2021,5,0,0.85,20.891003,-103.696193,"https://maps.google.com/?q=20.891003,-103.696193&t=k"
9473,agave en pie,0.54,2021,5,0,0.7,20.889682,-103.865687,"https://maps.google.com/?q=20.889682,-103.865687&t=k"
9767,agave en pie,0.54,2021,5,0,0.44,20.887355,-103.721555,"https://maps.google.com/?q=20.887355,-103.721555&t=k"
10415,agave en pie,0.54,2021,5,0,0.54,20.883892,-103.785558,"https://maps.google.com/?q=20.883892,-103.785558&t=k"
12159,agave en pie,0.54,2021,5,0,0.72,20.876868,-103.684829,"https://maps.google.com/?q=20.876868,-103.684829&t=k"
12373,agave en pie,0.54,2021,5,0,0.83,20.87682,-103.750721,"https://maps.google.com/?q=20.87682,-103.750721&t=k"
13075,agave en pie,0.54,2021,5,0,0.37,20.874269,-103.878011,"https://maps.google.com/?q=20.874269,-103.878011&t=k"
13267,agave en pie,0.54,2021,5,0,0.94,20.873812,-103.870276,"https://maps.google.com/?q=20.873812,-103.870276&t=k"
13588,agave en pie,0.54,2021,5,0,0.54,20.872383,-103.879611,"https://maps.google.com/?q=20.872383,-103.879611&t=k"
14396,agave en pie,0.54,2021,5,0,0.67,20.868575,-103.817304,"https://maps.google.com/?q=20.868575,-103.817304&t=k"
14603,agave en pie,0.54,2021,5,0,1.0,20.867717,-103.772423,"https://maps.google.com/?q=20.867717,-103.772423&t=k"
18482,agave en pie,0.54,2021,5,0,0.59,20.851269,-103.734402,"https://maps.google.com/?q=20.851269,-103.734402&t=k"
21115,agave en pie,0.54,2021,5,0,0.93,20.83956,-103.691015,"https://maps.google.com/?q=20.83956,-103.691015&t=k"
21131,agave en pie,0.54,2021,5,0,0.74,20.839584,-103.694138,"https://maps.google.com/?q=20.839584,-103.694138&t=k"
31069,agave en pie,0.54,2021,5,0,0.94,20.795281,-103.725407,"https://maps.google.com/?q=20.795281,-103.725407&t=k"
31372,agave en pie,0.54,2021,5,0,0.65,20.793725,-103.728734,"https://maps.google.com/?q=20.793725,-103.728734&t=k"
34599,agave en pie,0.54,2021,5,0,0.5,20.780296,-103.776734,"https://maps.google.com/?q=20.780296,-103.776734&t=k"
1716,agave en pie,0.53,2021,5,0,0.74,20.923369,-103.891492,"https://maps.google.com/?q=20.923369,-103.891492&t=k"
2251,agave en pie,0.53,2021,5,0,0.57,20.920486,-103.844974,"https://maps.google.com/?q=20.920486,-103.844974&t=k"
6048,agave en pie,0.53,2021,5,0,1.0,20.903274,-103.754637,"https://maps.google.com/?q=20.903274,-103.754637&t=k"
7350,agave en pie,0.53,2021,5,0,0.49,20.897776,-103.781552,"https://maps.google.com/?q=20.897776,-103.781552&t=k"
7907,agave en pie,0.53,2021,5,0,0.53,20.895418,-103.742829,"https://maps.google.com/?q=20.895418,-103.742829&t=k"
8435,agave en pie,0.53,2021,5,0,0.62,20.893174,-103.702423,"https://maps.google.com/?q=20.893174,-103.702423&t=k"
9839,agave en pie,0.53,2021,5,0,0.62,20.8871,-103.69964,"https://maps.google.com/?q=20.8871,-103.69964&t=k"
12585,agave en pie,0.53,2021,5,0,0.62,20.875661,-103.73439,"https://maps.google.com/?q=20.875661,-103.73439&t=k"
12849,agave en pie,0.53,2021,5,0,0.51,20.875425,-103.895978,"https://maps.google.com/?q=20.875425,-103.895978&t=k"
12867,agave en pie,0.53,2021,5,0,0.62,20.874898,-103.772173,"https://maps.google.com/?q=20.874898,-103.772173&t=k"
14947,agave en pie,0.53,2021,5,0,0.96,20.866438,-103.783007,"https://maps.google.com/?q=20.866438,-103.783007&t=k"
16182,agave en pie,0.53,2021,5,0,0.66,20.861079,-103.741625,"https://maps.google.com/?q=20.861079,-103.741625&t=k"
17216,agave en pie,0.53,2021,5,0,1.0,20.856478,-103.718116,"https://maps.google.com/?q=20.856478,-103.718116&t=k"
22391,agave en pie,0.53,2021,5,0,0.81,20.834296,-103.735889,"https://maps.google.com/?q=20.834296,-103.735889&t=k"
22517,agave en pie,0.53,2021,5,0,0.7,20.833402,-103.695056,"https://maps.google.com/?q=20.833402,-103.695056&t=k"
24142,agave en pie,0.53,2021,5,0,0.57,20.826714,-103.700591,"https://maps.google.com/?q=20.826714,-103.700591&t=k"
28399,agave en pie,0.53,2021,5,0,1.0,20.807111,-103.682985,"https://maps.google.com/?q=20.807111,-103.682985&t=k"
31437,agave en pie,0.53,2021,5,0,0.68,20.793853,-103.733825,"https://maps.google.com/?q=20.793853,-103.733825&t=k"
32804,agave en pie,0.53,2021,5,0,1.0,20.788249,-103.777054,"https://maps.google.com/?q=20.788249,-103.777054&t=k"
33473,agave en pie,0.53,2021,5,0,0.68,20.784706,-103.774297,"https://maps.google.com/?q=20.784706,-103.774297&t=k"
3812,agave en pie,0.52,2021,5,0,0.62,20.913041,-103.781141,"https://maps.google.com/?q=20.913041,-103.781141&t=k"
6535,agave en pie,0.52,2021,5,0,0.58,20.900981,-103.71346,"https://maps.google.com/?q=20.900981,-103.71346&t=k"
6560,agave en pie,0.52,2021,5,0,0.54,20.902008,-103.899244,"https://maps.google.com/?q=20.902008,-103.899244&t=k"
7901,agave en pie,0.52,2021,5,0,0.92,20.895747,-103.763207,"https://maps.google.com/?q=20.895747,-103.763207&t=k"
8108,agave en pie,0.52,2021,5,0,1.0,20.895194,-103.819115,"https://maps.google.com/?q=20.895194,-103.819115&t=k"
9462,agave en pie,0.52,2021,5,0,0.63,20.88852,-103.726255,"https://maps.google.com/?q=20.88852,-103.726255&t=k"
10332,agave en pie,0.52,2021,5,0,1.0,20.886129,-103.888738,"https://maps.google.com/?q=20.886129,-103.888738&t=k"
11299,agave en pie,0.52,2021,5,0,0.77,20.881134,-103.741506,"https://maps.google.com/?q=20.881134,-103.741506&t=k"
12219,agave en pie,0.52,2021,5,0,0.94,20.87715,-103.722026,"https://maps.google.com/?q=20.87715,-103.722026&t=k"
13225,agave en pie,0.52,2021,5,0,0.56,20.872634,-103.68054,"https://maps.google.com/?q=20.872634,-103.68054&t=k"
13440,agave en pie,0.52,2021,5,0,0.94,20.871362,-103.745576,"https://maps.google.com/?q=20.871362,-103.745576&t=k"
14084,agave en pie,0.52,2021,5,0,0.85,20.869972,-103.810228,"https://maps.google.com/?q=20.869972,-103.810228&t=k"
14535,agave en pie,0.52,2021,5,0,0.62,20.867909,-103.761368,"https://maps.google.com/?q=20.867909,-103.761368&t=k"
15701,agave en pie,0.52,2021,5,0,0.98,20.863396,-103.812971,"https://maps.google.com/?q=20.863396,-103.812971&t=k"
16111,agave en pie,0.52,2021,5,0,0.46,20.861652,-103.808996,"https://maps.google.com/?q=20.861652,-103.808996&t=k"
16119,agave en pie,0.52,2021,5,0,1.0,20.861025,-103.728169,"https://maps.google.com/?q=20.861025,-103.728169&t=k"
16344,agave en pie,0.52,2021,5,0,0.96,20.860683,-103.812656,"https://maps.google.com/?q=20.860683,-103.812656&t=k"
17929,agave en pie,0.52,2021,5,0,1.0,20.853675,-103.736016,"https://maps.google.com/?q=20.853675,-103.736016&t=k"
19417,agave en pie,0.52,2021,5,0,0.56,20.847443,-103.730061,"https://maps.google.com/?q=20.847443,-103.730061&t=k"
21957,agave en pie,0.52,2021,5,0,0.35,20.835765,-103.696814,"https://maps.google.com/?q=20.835765,-103.696814&t=k"
22287,agave en pie,0.52,2021,5,0,0.62,20.834939,-103.749722,"https://maps.google.com/?q=20.834939,-103.749722&t=k"
22397,agave en pie,0.52,2021,5,0,0.58,20.832746,-103.685933,"https://maps.google.com/?q=20.832746,-103.685933&t=k"
28257,agave en pie,0.52,2021,5,0,0.54,20.8078,-103.68442,"https://maps.google.com/?q=20.8078,-103.68442&t=k"
29036,agave en pie,0.52,2021,5,0,0.35,20.803986,-103.681907,"https://maps.google.com/?q=20.803986,-103.681907&t=k"
29592,agave en pie,0.52,2021,5,0,0.85,20.802028,-103.777279,"https://maps.google.com/?q=20.802028,-103.777279&t=k"
32928,agave en pie,0.52,2021,5,0,0.73,20.787661,-103.777011,"https://maps.google.com/?q=20.787661,-103.777011&t=k"
479,agave en pie,0.51,2021,5,0,0.9,20.929302,-103.819617,"https://maps.google.com/?q=20.929302,-103.819617&t=k"
3029,agave en pie,0.51,2021,5,0,0.53,20.916372,-103.766884,"https://maps.google.com/?q=20.916372,-103.766884&t=k"
4276,agave en pie,0.51,2021,5,0,0.86,20.910414,-103.730541,"https://maps.google.com/?q=20.910414,-103.730541&t=k"
5984,agave en pie,0.51,2021,5,0,0.45,20.903157,-103.763482,"https://maps.google.com/?q=20.903157,-103.763482&t=k"
6997,agave en pie,0.51,2021,5,0,0.53,20.897886,-103.728484,"https://maps.google.com/?q=20.897886,-103.728484&t=k"
7827,agave en pie,0.51,2021,5,0,0.82,20.896044,-103.798535,"https://maps.google.com/?q=20.896044,-103.798535&t=k"
7900,agave en pie,0.51,2021,5,0,1.0,20.895741,-103.768638,"https://maps.google.com/?q=20.895741,-103.768638&t=k"
8070,agave en pie,0.51,2021,5,0,0.63,20.895261,-103.78364,"https://maps.google.com/?q=20.895261,-103.78364&t=k"
8665,agave en pie,0.51,2021,5,0,0.71,20.891814,-103.690034,"https://maps.google.com/?q=20.891814,-103.690034&t=k"
11972,agave en pie,0.51,2021,5,0,0.71,20.877531,-103.682852,"https://maps.google.com/?q=20.877531,-103.682852&t=k"
15895,agave en pie,0.51,2021,5,0,0.61,20.862336,-103.81,"https://maps.google.com/?q=20.862336,-103.81&t=k"
16656,agave en pie,0.51,2021,5,0,0.88,20.858729,-103.717088,"https://maps.google.com/?q=20.858729,-103.717088&t=k"
16669,agave en pie,0.51,2021,5,0,0.96,20.859298,-103.78268,"https://maps.google.com/?q=20.859298,-103.78268&t=k"
18096,agave en pie,0.51,2021,5,0,0.61,20.8528,-103.783597,"https://maps.google.com/?q=20.8528,-103.783597&t=k"
19952,agave en pie,0.51,2021,5,0,0.55,20.84434,-103.725859,"https://maps.google.com/?q=20.84434,-103.725859&t=k"
24281,agave en pie,0.51,2021,5,0,0.98,20.825934,-103.716981,"https://maps.google.com/?q=20.825934,-103.716981&t=k"
24340,agave en pie,0.51,2021,5,0,0.92,20.825161,-103.698298,"https://maps.google.com/?q=20.825161,-103.698298&t=k"
25767,agave en pie,0.51,2021,5,0,0.57,20.819588,-103.801304,"https://maps.google.com/?q=20.819588,-103.801304&t=k"
30638,agave en pie,0.51,2021,5,0,0.73,20.797243,-103.721932,"https://maps.google.com/?q=20.797243,-103.721932&t=k"
31105,agave en pie,0.51,2021,5,0,0.69,20.795324,-103.731267,"https://maps.google.com/?q=20.795324,-103.731267&t=k"
31935,agave en pie,0.51,2021,5,0,0.35,20.791605,-103.729184,"https://maps.google.com/?q=20.791605,-103.729184&t=k"
32488,agave en pie,0.51,2021,5,0,0.98,20.788917,-103.696064,"https://maps.google.com/?q=20.788917,-103.696064&t=k"
33165,agave en pie,0.51,2021,5,0,0.92,20.785737,-103.693593,"https://maps.google.com/?q=20.785737,-103.693593&t=k"
34513,agave en pie,0.51,2021,5,0,0.96,20.780083,-103.747148,"https://maps.google.com/?q=20.780083,-103.747148&t=k"
294,agave en pie,0.5,2021,5,0,0.7,20.929949,-103.828314,"https://maps.google.com/?q=20.929949,-103.828314&t=k"
2028,agave en pie,0.5,2021,5,0,0.9,20.921527,-103.845207,"https://maps.google.com/?q=20.921527,-103.845207&t=k"
2877,agave en pie,0.5,2021,5,0,0.56,20.917583,-103.784662,"https://maps.google.com/?q=20.917583,-103.784662&t=k"
4171,agave en pie,0.5,2021,5,0,0.86,20.911377,-103.775914,"https://maps.google.com/?q=20.911377,-103.775914&t=k"
4690,agave en pie,0.5,2021,5,0,0.92,20.909692,-103.85871,"https://maps.google.com/?q=20.909692,-103.85871&t=k"
7809,agave en pie,0.5,2021,5,0,1.0,20.896631,-103.878181,"https://maps.google.com/?q=20.896631,-103.878181&t=k"
8968,agave en pie,0.5,2021,5,0,0.62,20.891117,-103.772618,"https://maps.google.com/?q=20.891117,-103.772618&t=k"
9559,agave en pie,0.5,2021,5,0,1.0,20.888541,-103.753749,"https://maps.google.com/?q=20.888541,-103.753749&t=k"
9723,agave en pie,0.5,2021,5,0,0.92,20.887829,-103.780239,"https://maps.google.com/?q=20.887829,-103.780239&t=k"
10657,agave en pie,0.5,2021,5,0,0.84,20.882924,-103.685209,"https://maps.google.com/?q=20.882924,-103.685209&t=k"
11577,agave en pie,0.5,2021,5,0,0.92,20.880515,-103.787123,"https://maps.google.com/?q=20.880515,-103.787123&t=k"
13893,agave en pie,0.5,2021,5,0,0.8,20.870728,-103.776532,"https://maps.google.com/?q=20.870728,-103.776532&t=k"
14939,agave en pie,0.5,2021,5,0,0.92,20.865418,-103.7116,"https://maps.google.com/?q=20.865418,-103.7116&t=k"
15450,agave en pie,0.5,2021,5,0,0.64,20.86388,-103.760152,"https://maps.google.com/?q=20.86388,-103.760152&t=k"
15766,agave en pie,0.5,2021,5,0,1.0,20.862756,-103.792504,"https://maps.google.com/?q=20.862756,-103.792504&t=k"
16825,agave en pie,0.5,2021,5,0,0.56,20.85826,-103.726895,"https://maps.google.com/?q=20.85826,-103.726895&t=k"
19778,agave en pie,0.5,2021,5,0,0.76,20.845623,-103.686446,"https://maps.google.com/?q=20.845623,-103.686446&t=k"
24030,agave en pie,0.5,2021,5,0,0.64,20.826943,-103.700973,"https://maps.google.com/?q=20.826943,-103.700973&t=k"
24286,agave en pie,0.5,2021,5,0,0.98,20.825159,-103.704064,"https://maps.google.com/?q=20.825159,-103.704064&t=k"
26898,agave en pie,0.5,2021,5,0,0.48,20.813501,-103.679759,"https://maps.google.com/?q=20.813501,-103.679759&t=k"
31373,agave en pie,0.5,2021,5,0,0.44,20.793852,-103.715475,"https://maps.google.com/?q=20.793852,-103.715475&t=k"
31543,agave en pie,0.5,2021,5,0,0.98,20.793084,-103.758521,"https://maps.google.com/?q=20.793084,-103.758521&t=k"
33389,agave en pie,0.5,2021,5,0,0.46,20.785373,-103.766606,"https://maps.google.com/?q=20.785373,-103.766606&t=k"
34151,agave en pie,0.5,2021,5,0,0.56,20.781974,-103.73402,"https://maps.google.com/?q=20.781974,-103.73402&t=k"
1549,agave en pie,0.49,2021,5,0,0.61,20.924469,-103.852877,"https://maps.google.com/?q=20.924469,-103.852877&t=k"
1955,agave en pie,0.49,2021,5,0,0.61,20.921728,-103.783138,"https://maps.google.com/?q=20.921728,-103.783138&t=k"
5588,agave en pie,0.49,2021,5,0,0.55,20.905458,-103.775674,"https://maps.google.com/?q=20.905458,-103.775674&t=k"
5826,agave en pie,0.49,2021,5,0,0.47,20.904802,-103.898263,"https://maps.google.com/?q=20.904802,-103.898263&t=k"
6473,agave en pie,0.49,2021,5,0,1.0,20.901995,-103.816273,"https://maps.google.com/?q=20.901995,-103.816273&t=k"
6735,agave en pie,0.49,2021,5,0,0.76,20.900244,-103.785618,"https://maps.google.com/?q=20.900244,-103.785618&t=k"
7476,agave en pie,0.49,2021,5,0,1.0,20.897078,-103.891301,"https://maps.google.com/?q=20.897078,-103.891301&t=k"
8245,agave en pie,0.49,2021,5,0,1.0,20.894363,-103.784416,"https://maps.google.com/?q=20.894363,-103.784416&t=k"
9817,agave en pie,0.49,2021,5,0,0.86,20.888333,-103.88031,"https://maps.google.com/?q=20.888333,-103.88031&t=k"
9922,agave en pie,0.49,2021,5,0,0.51,20.88705,-103.778611,"https://maps.google.com/?q=20.88705,-103.778611&t=k"
9964,agave en pie,0.49,2021,5,0,0.92,20.887192,-103.779619,"https://maps.google.com/?q=20.887192,-103.779619&t=k"
10370,agave en pie,0.49,2021,5,0,0.73,20.885015,-103.784732,"https://maps.google.com/?q=20.885015,-103.784732&t=k"
11706,agave en pie,0.49,2021,5,0,0.51,20.878366,-103.770751,"https://maps.google.com/?q=20.878366,-103.770751&t=k"
16526,agave en pie,0.49,2021,5,0,0.96,20.859675,-103.747211,"https://maps.google.com/?q=20.859675,-103.747211&t=k"
17881,agave en pie,0.49,2021,5,0,0.41,20.854296,-103.790745,"https://maps.google.com/?q=20.854296,-103.790745&t=k"
17949,agave en pie,0.49,2021,5,0,0.94,20.853683,-103.793393,"https://maps.google.com/?q=20.853683,-103.793393&t=k"
21433,agave en pie,0.49,2021,5,0,0.59,20.838878,-103.788658,"https://maps.google.com/?q=20.838878,-103.788658&t=k"
21627,agave en pie,0.49,2021,5,0,1.0,20.837585,-103.710588,"https://maps.google.com/?q=20.837585,-103.710588&t=k"
23173,agave en pie,0.49,2021,5,0,0.43,20.831277,-103.786893,"https://maps.google.com/?q=20.831277,-103.786893&t=k"
28169,agave en pie,0.49,2021,5,0,0.92,20.808312,-103.686385,"https://maps.google.com/?q=20.808312,-103.686385&t=k"
28302,agave en pie,0.49,2021,5,0,0.69,20.808017,-103.774685,"https://maps.google.com/?q=20.808017,-103.774685&t=k"
32093,agave en pie,0.49,2021,5,0,0.63,20.790962,-103.75239,"https://maps.google.com/?q=20.790962,-103.75239&t=k"
34455,agave en pie,0.49,2021,5,0,0.67,20.780818,-103.773944,"https://maps.google.com/?q=20.780818,-103.773944&t=k"
4972,agave en pie,0.48,2021,5,0,1.0,20.907584,-103.720566,"https://maps.google.com/?q=20.907584,-103.720566&t=k"
6729,agave en pie,0.48,2021,5,0,1.0,20.900099,-103.710247,"https://maps.google.com/?q=20.900099,-103.710247&t=k"
6911,agave en pie,0.48,2021,5,0,0.83,20.899772,-103.782738,"https://maps.google.com/?q=20.899772,-103.782738&t=k"
7367,agave en pie,0.48,2021,5,0,0.58,20.897246,-103.685661,"https://maps.google.com/?q=20.897246,-103.685661&t=k"
9659,agave en pie,0.48,2021,5,0,0.42,20.888287,-103.749809,"https://maps.google.com/?q=20.888287,-103.749809&t=k"
12939,agave en pie,0.48,2021,5,0,0.83,20.874157,-103.775928,"https://maps.google.com/?q=20.874157,-103.775928&t=k"
16782,agave en pie,0.48,2021,5,0,0.5,20.858281,-103.717572,"https://maps.google.com/?q=20.858281,-103.717572&t=k"
18350,agave en pie,0.48,2021,5,0,0.85,20.851865,-103.735646,"https://maps.google.com/?q=20.851865,-103.735646&t=k"
19829,agave en pie,0.48,2021,5,0,0.94,20.845396,-103.686304,"https://maps.google.com/?q=20.845396,-103.686304&t=k"
21398,agave en pie,0.48,2021,5,0,1.0,20.839173,-103.785725,"https://maps.google.com/?q=20.839173,-103.785725&t=k"
22553,agave en pie,0.48,2021,5,0,0.81,20.833188,-103.696596,"https://maps.google.com/?q=20.833188,-103.696596&t=k"
24875,agave en pie,0.48,2021,5,0,0.81,20.823812,-103.785319,"https://maps.google.com/?q=20.823812,-103.785319&t=k"
26179,agave en pie,0.48,2021,5,0,0.73,20.817325,-103.689526,"https://maps.google.com/?q=20.817325,-103.689526&t=k"
26489,agave en pie,0.48,2021,5,0,0.83,20.815084,-103.697808,"https://maps.google.com/?q=20.815084,-103.697808&t=k"
28022,agave en pie,0.48,2021,5,0,0.5,20.808705,-103.720442,"https://maps.google.com/?q=20.808705,-103.720442&t=k"
28495,agave en pie,0.48,2021,5,0,0.58,20.807303,-103.763305,"https://maps.google.com/?q=20.807303,-103.763305&t=k"
31108,agave en pie,0.48,2021,5,0,0.71,20.794554,-103.700771,"https://maps.google.com/?q=20.794554,-103.700771&t=k"
31677,agave en pie,0.48,2021,5,0,0.54,20.792093,-103.697862,"https://maps.google.com/?q=20.792093,-103.697862&t=k"
31991,agave en pie,0.48,2021,5,0,0.79,20.791308,-103.725632,"https://maps.google.com/?q=20.791308,-103.725632&t=k"
4195,agave en pie,0.47,2021,5,0,0.68,20.911319,-103.767838,"https://maps.google.com/?q=20.911319,-103.767838&t=k"
7029,agave en pie,0.47,2021,5,0,0.57,20.89973,-103.855036,"https://maps.google.com/?q=20.89973,-103.855036&t=k"
9278,agave en pie,0.47,2021,5,0,0.68,20.889552,-103.768545,"https://maps.google.com/?q=20.889552,-103.768545&t=k"
11063,agave en pie,0.47,2021,5,0,0.87,20.881948,-103.729387,"https://maps.google.com/?q=20.881948,-103.729387&t=k"
13058,agave en pie,0.47,2021,5,0,0.89,20.873876,-103.774536,"https://maps.google.com/?q=20.873876,-103.774536&t=k"
13214,agave en pie,0.47,2021,5,0,0.66,20.874081,-103.869986,"https://maps.google.com/?q=20.874081,-103.869986&t=k"
13839,agave en pie,0.47,2021,5,0,0.74,20.870832,-103.778406,"https://maps.google.com/?q=20.870832,-103.778406&t=k"
14627,agave en pie,0.47,2021,5,0,0.83,20.867127,-103.740998,"https://maps.google.com/?q=20.867127,-103.740998&t=k"
21260,agave en pie,0.47,2021,5,0,0.53,20.839426,-103.78308,"https://maps.google.com/?q=20.839426,-103.78308&t=k"
22194,agave en pie,0.47,2021,5,0,0.66,20.835355,-103.769659,"https://maps.google.com/?q=20.835355,-103.769659&t=k"
23508,agave en pie,0.47,2021,5,0,0.53,20.829031,-103.808004,"https://maps.google.com/?q=20.829031,-103.808004&t=k"
29005,agave en pie,0.47,2021,5,0,1.0,20.804753,-103.766737,"https://maps.google.com/?q=20.804753,-103.766737&t=k"
30512,agave en pie,0.47,2021,5,0,0.57,20.797418,-103.721258,"https://maps.google.com/?q=20.797418,-103.721258&t=k"
30994,agave en pie,0.47,2021,5,0,0.64,20.796021,-103.790201,"https://maps.google.com/?q=20.796021,-103.790201&t=k"
33286,agave en pie,0.47,2021,5,0,0.45,20.785887,-103.775248,"https://maps.google.com/?q=20.785887,-103.775248&t=k"
34576,agave en pie,0.47,2021,5,0,0.53,20.780092,-103.779761,"https://maps.google.com/?q=20.780092,-103.779761&t=k"
41,agave en pie,0.46,2021,5,0,0.93,20.931204,-103.867009,"https://maps.google.com/?q=20.931204,-103.867009&t=k"
6725,agave en pie,0.46,2021,5,0,1.0,20.900152,-103.729378,"https://maps.google.com/?q=20.900152,-103.729378&t=k"
6869,agave en pie,0.46,2021,5,0,0.67,20.899281,-103.84206,"https://maps.google.com/?q=20.899281,-103.84206&t=k"
8336,agave en pie,0.46,2021,5,0,0.59,20.894129,-103.821911,"https://maps.google.com/?q=20.894129,-103.821911&t=k"
13298,agave en pie,0.46,2021,5,0,0.83,20.872361,-103.692029,"https://maps.google.com/?q=20.872361,-103.692029&t=k"
13610,agave en pie,0.46,2021,5,0,0.83,20.871967,-103.824343,"https://maps.google.com/?q=20.871967,-103.824343&t=k"
13823,agave en pie,0.46,2021,5,0,0.61,20.87002,-103.681188,"https://maps.google.com/?q=20.87002,-103.681188&t=k"
14208,agave en pie,0.46,2021,5,0,1.0,20.869867,-103.861174,"https://maps.google.com/?q=20.869867,-103.861174&t=k"
15699,agave en pie,0.46,2021,5,0,0.35,20.863348,-103.825707,"https://maps.google.com/?q=20.863348,-103.825707&t=k"
16183,agave en pie,0.46,2021,5,0,0.59,20.860706,-103.739994,"https://maps.google.com/?q=20.860706,-103.739994&t=k"
20541,agave en pie,0.46,2021,5,0,0.91,20.842327,-103.698439,"https://maps.google.com/?q=20.842327,-103.698439&t=k"
22357,agave en pie,0.46,2021,5,0,0.48,20.83451,-103.7405,"https://maps.google.com/?q=20.83451,-103.7405&t=k"
22515,agave en pie,0.46,2021,5,0,0.93,20.833242,-103.697652,"https://maps.google.com/?q=20.833242,-103.697652&t=k"
26342,agave en pie,0.46,2021,5,0,0.93,20.816874,-103.762554,"https://maps.google.com/?q=20.816874,-103.762554&t=k"
28393,agave en pie,0.46,2021,5,0,0.52,20.807474,-103.768252,"https://maps.google.com/?q=20.807474,-103.768252&t=k"
32573,agave en pie,0.46,2021,5,0,0.83,20.788682,-103.718785,"https://maps.google.com/?q=20.788682,-103.718785&t=k"
32716,agave en pie,0.46,2021,5,0,0.91,20.788453,-103.755245,"https://maps.google.com/?q=20.788453,-103.755245&t=k"
91,agave en pie,0.45,2021,5,0,0.49,20.930932,-103.820133,"https://maps.google.com/?q=20.930932,-103.820133&t=k"
3335,agave en pie,0.45,2021,5,0,0.67,20.914859,-103.732956,"https://maps.google.com/?q=20.914859,-103.732956&t=k"
3468,agave en pie,0.45,2021,5,0,0.87,20.914234,-103.73397,"https://maps.google.com/?q=20.914234,-103.73397&t=k"
3985,agave en pie,0.45,2021,5,0,1.0,20.912217,-103.779609,"https://maps.google.com/?q=20.912217,-103.779609&t=k"
5308,agave en pie,0.45,2021,5,0,0.47,20.906751,-103.811573,"https://maps.google.com/?q=20.906751,-103.811573&t=k"
5541,agave en pie,0.45,2021,5,0,1.0,20.905384,-103.75909,"https://maps.google.com/?q=20.905384,-103.75909&t=k"
6141,agave en pie,0.45,2021,5,0,0.47,20.903092,-103.824581,"https://maps.google.com/?q=20.903092,-103.824581&t=k"
6247,agave en pie,0.45,2021,5,0,0.47,20.90274,-103.806509,"https://maps.google.com/?q=20.90274,-103.806509&t=k"
6700,agave en pie,0.45,2021,5,0,0.91,20.901218,-103.847958,"https://maps.google.com/?q=20.901218,-103.847958&t=k"
7491,agave en pie,0.45,2021,5,0,1.0,20.897079,-103.723155,"https://maps.google.com/?q=20.897079,-103.723155&t=k"
9185,agave en pie,0.45,2021,5,0,0.93,20.890369,-103.794446,"https://maps.google.com/?q=20.890369,-103.794446&t=k"
11014,agave en pie,0.45,2021,5,0,0.84,20.882066,-103.720975,"https://maps.google.com/?q=20.882066,-103.720975&t=k"
11347,agave en pie,0.45,2021,5,0,0.93,20.881123,-103.752368,"https://maps.google.com/?q=20.881123,-103.752368&t=k"
13575,agave en pie,0.45,2021,5,0,1.0,20.871884,-103.76148,"https://maps.google.com/?q=20.871884,-103.76148&t=k"
13851,agave en pie,0.45,2021,5,0,0.71,20.870169,-103.694739,"https://maps.google.com/?q=20.870169,-103.694739&t=k"
13899,agave en pie,0.45,2021,5,0,0.51,20.870415,-103.745776,"https://maps.google.com/?q=20.870415,-103.745776&t=k"
15683,agave en pie,0.45,2021,5,0,0.69,20.86335,-103.793508,"https://maps.google.com/?q=20.86335,-103.793508&t=k"
20590,agave en pie,0.45,2021,5,0,0.73,20.84231,-103.696277,"https://maps.google.com/?q=20.84231,-103.696277&t=k"
24767,agave en pie,0.45,2021,5,0,0.53,20.824066,-103.757691,"https://maps.google.com/?q=20.824066,-103.757691&t=k"
26696,agave en pie,0.45,2021,5,0,1.0,20.8149,-103.697378,"https://maps.google.com/?q=20.8149,-103.697378&t=k"
26779,agave en pie,0.45,2021,5,0,0.89,20.814424,-103.767427,"https://maps.google.com/?q=20.814424,-103.767427&t=k"
33142,agave en pie,0.45,2021,5,0,0.84,20.785971,-103.68874,"https://maps.google.com/?q=20.785971,-103.68874&t=k"
34132,agave en pie,0.45,2021,5,0,0.76,20.782469,-103.783777,"https://maps.google.com/?q=20.782469,-103.783777&t=k"
34647,agave en pie,0.45,2021,5,0,1.0,20.779473,-103.713532,"https://maps.google.com/?q=20.779473,-103.713532&t=k"
840,agave en pie,0.44,2021,5,0,0.48,20.92767,-103.858574,"https://maps.google.com/?q=20.92767,-103.858574&t=k"
1176,agave en pie,0.44,2021,5,0,1.0,20.925832,-103.860703,"https://maps.google.com/?q=20.925832,-103.860703&t=k"
1218,agave en pie,0.44,2021,5,0,0.73,20.925619,-103.862676,"https://maps.google.com/?q=20.925619,-103.862676&t=k"
2015,agave en pie,0.44,2021,5,0,0.5,20.922157,-103.865154,"https://maps.google.com/?q=20.922157,-103.865154&t=k"
4850,agave en pie,0.44,2021,5,0,0.5,20.908778,-103.857131,"https://maps.google.com/?q=20.908778,-103.857131&t=k"
6435,agave en pie,0.44,2021,5,0,0.55,20.902136,-103.816993,"https://maps.google.com/?q=20.902136,-103.816993&t=k"
7037,agave en pie,0.44,2021,5,0,0.5,20.899288,-103.77183,"https://maps.google.com/?q=20.899288,-103.77183&t=k"
8922,agave en pie,0.44,2021,5,0,0.57,20.891608,-103.784438,"https://maps.google.com/?q=20.891608,-103.784438&t=k"
12636,agave en pie,0.44,2021,5,0,0.89,20.876385,-103.870064,"https://maps.google.com/?q=20.876385,-103.870064&t=k"
13523,agave en pie,0.44,2021,5,0,0.66,20.872194,-103.779356,"https://maps.google.com/?q=20.872194,-103.779356&t=k"
15124,agave en pie,0.44,2021,5,0,0.98,20.865352,-103.75764,"https://maps.google.com/?q=20.865352,-103.75764&t=k"
15725,agave en pie,0.44,2021,5,0,0.55,20.863198,-103.791107,"https://maps.google.com/?q=20.863198,-103.791107&t=k"
20094,agave en pie,0.44,2021,5,0,0.75,20.844599,-103.767421,"https://maps.google.com/?q=20.844599,-103.767421&t=k"
20751,agave en pie,0.44,2021,5,0,1.0,20.841601,-103.698061,"https://maps.google.com/?q=20.841601,-103.698061&t=k"
23477,agave en pie,0.44,2021,5,0,0.55,20.829464,-103.717864,"https://maps.google.com/?q=20.829464,-103.717864&t=k"
26711,agave en pie,0.44,2021,5,0,0.95,20.815406,-103.75954,"https://maps.google.com/?q=20.815406,-103.75954&t=k"
27864,agave en pie,0.44,2021,5,0,0.86,20.809918,-103.768904,"https://maps.google.com/?q=20.809918,-103.768904&t=k"
28473,agave en pie,0.44,2021,5,0,0.95,20.806831,-103.687647,"https://maps.google.com/?q=20.806831,-103.687647&t=k"
29103,agave en pie,0.44,2021,5,0,0.43,20.804116,-103.772362,"https://maps.google.com/?q=20.804116,-103.772362&t=k"
29743,agave en pie,0.44,2021,5,0,1.0,20.801278,-103.754755,"https://maps.google.com/?q=20.801278,-103.754755&t=k"
31197,agave en pie,0.44,2021,5,0,1.0,20.794743,-103.72594,"https://maps.google.com/?q=20.794743,-103.72594&t=k"
32448,agave en pie,0.44,2021,5,0,0.57,20.78905,-103.689722,"https://maps.google.com/?q=20.78905,-103.689722&t=k"
32682,agave en pie,0.44,2021,5,0,0.59,20.787851,-103.680654,"https://maps.google.com/?q=20.787851,-103.680654&t=k"
33285,agave en pie,0.44,2021,5,0,1.0,20.785902,-103.777361,"https://maps.google.com/?q=20.785902,-103.777361&t=k"
82,agave en pie,0.43,2021,5,0,1.0,20.930945,-103.828691,"https://maps.google.com/?q=20.930945,-103.828691&t=k"
3924,agave en pie,0.43,2021,5,0,0.7,20.912078,-103.735623,"https://maps.google.com/?q=20.912078,-103.735623&t=k"
8993,agave en pie,0.43,2021,5,0,0.67,20.891184,-103.781942,"https://maps.google.com/?q=20.891184,-103.781942&t=k"
12467,agave en pie,0.43,2021,5,0,0.47,20.875982,-103.704878,"https://maps.google.com/?q=20.875982,-103.704878&t=k"
12566,agave en pie,0.43,2021,5,0,0.51,20.87587,-103.750489,"https://maps.google.com/?q=20.87587,-103.750489&t=k"
12590,agave en pie,0.43,2021,5,0,0.35,20.876523,-103.870448,"https://maps.google.com/?q=20.876523,-103.870448&t=k"
13071,agave en pie,0.43,2021,5,0,0.86,20.873264,-103.680198,"https://maps.google.com/?q=20.873264,-103.680198&t=k"
13278,agave en pie,0.43,2021,5,0,0.47,20.872514,-103.786274,"https://maps.google.com/?q=20.872514,-103.786274&t=k"
14078,agave en pie,0.43,2021,5,0,0.65,20.870321,-103.861507,"https://maps.google.com/?q=20.870321,-103.861507&t=k"
14586,agave en pie,0.43,2021,5,0,0.47,20.867572,-103.727826,"https://maps.google.com/?q=20.867572,-103.727826&t=k"
15385,agave en pie,0.43,2021,5,0,1.0,20.864378,-103.766587,"https://maps.google.com/?q=20.864378,-103.766587&t=k"
15680,agave en pie,0.43,2021,5,0,0.86,20.863212,-103.812588,"https://maps.google.com/?q=20.863212,-103.812588&t=k"
16515,agave en pie,0.43,2021,5,0,0.49,20.860085,-103.817515,"https://maps.google.com/?q=20.860085,-103.817515&t=k"
16716,agave en pie,0.43,2021,5,0,0.93,20.858268,-103.680185,"https://maps.google.com/?q=20.858268,-103.680185&t=k"
17071,agave en pie,0.43,2021,5,0,0.4,20.857901,-103.808738,"https://maps.google.com/?q=20.857901,-103.808738&t=k"
17477,agave en pie,0.43,2021,5,0,0.74,20.855313,-103.719423,"https://maps.google.com/?q=20.855313,-103.719423&t=k"
18776,agave en pie,0.43,2021,5,0,0.51,20.849954,-103.72759,"https://maps.google.com/?q=20.849954,-103.72759&t=k"
20477,agave en pie,0.43,2021,5,0,0.93,20.842968,-103.748166,"https://maps.google.com/?q=20.842968,-103.748166&t=k"
22938,agave en pie,0.43,2021,5,0,0.77,20.831985,-103.79126,"https://maps.google.com/?q=20.831985,-103.79126&t=k"
23494,agave en pie,0.43,2021,5,0,0.63,20.829639,-103.77893,"https://maps.google.com/?q=20.829639,-103.77893&t=k"
23959,agave en pie,0.43,2021,5,0,1.0,20.827657,-103.779715,"https://maps.google.com/?q=20.827657,-103.779715&t=k"
27795,agave en pie,0.43,2021,5,0,0.58,20.810418,-103.763087,"https://maps.google.com/?q=20.810418,-103.763087&t=k"
31374,agave en pie,0.43,2021,5,0,0.91,20.792216,-103.714192,"https://maps.google.com/?q=20.792216,-103.714192&t=k"
31538,agave en pie,0.43,2021,5,0,0.63,20.793346,-103.78883,"https://maps.google.com/?q=20.793346,-103.78883&t=k"
32891,agave en pie,0.43,2021,5,0,0.72,20.787374,-103.70698,"https://maps.google.com/?q=20.787374,-103.70698&t=k"
33505,agave en pie,0.43,2021,5,0,0.56,20.784875,-103.735389,"https://maps.google.com/?q=20.784875,-103.735389&t=k"
3658,agave en pie,0.42,2021,5,0,0.48,20.914101,-103.849302,"https://maps.google.com/?q=20.914101,-103.849302&t=k"
6575,agave en pie,0.42,2021,5,0,0.55,20.89981,-103.762789,"https://maps.google.com/?q=20.89981,-103.762789&t=k"
8118,agave en pie,0.42,2021,5,0,0.93,20.894551,-103.717408,"https://maps.google.com/?q=20.894551,-103.717408&t=k"
8427,agave en pie,0.42,2021,5,0,0.88,20.89366,-103.799899,"https://maps.google.com/?q=20.89366,-103.799899&t=k"
8555,agave en pie,0.42,2021,5,0,0.9,20.892756,-103.731074,"https://maps.google.com/?q=20.892756,-103.731074&t=k"
9433,agave en pie,0.42,2021,5,0,0.95,20.889312,-103.804789,"https://maps.google.com/?q=20.889312,-103.804789&t=k"
9663,agave en pie,0.42,2021,5,0,0.64,20.888062,-103.737651,"https://maps.google.com/?q=20.888062,-103.737651&t=k"
13339,agave en pie,0.42,2021,5,0,1.0,20.873302,-103.868261,"https://maps.google.com/?q=20.873302,-103.868261&t=k"
15293,agave en pie,0.42,2021,5,0,0.55,20.864981,-103.743899,"https://maps.google.com/?q=20.864981,-103.743899&t=k"
15724,agave en pie,0.42,2021,5,0,0.81,20.86304,-103.807255,"https://maps.google.com/?q=20.86304,-103.807255&t=k"
18132,agave en pie,0.42,2021,5,0,1.0,20.852864,-103.736359,"https://maps.google.com/?q=20.852864,-103.736359&t=k"
20036,agave en pie,0.42,2021,5,0,1.0,20.845494,-103.824116,"https://maps.google.com/?q=20.845494,-103.824116&t=k"
28154,agave en pie,0.42,2021,5,0,0.9,20.80901,-103.787311,"https://maps.google.com/?q=20.80901,-103.787311&t=k"
1107,agave en pie,0.41,2021,5,0,1.0,20.926035,-103.830652,"https://maps.google.com/?q=20.926035,-103.830652&t=k"
4421,agave en pie,0.41,2021,5,0,0.63,20.90969,-103.779966,"https://maps.google.com/?q=20.90969,-103.779966&t=k"
6955,agave en pie,0.41,2021,5,0,0.63,20.899803,-103.787064,"https://maps.google.com/?q=20.899803,-103.787064&t=k"
7045,agave en pie,0.41,2021,5,0,0.71,20.898907,-103.71391,"https://maps.google.com/?q=20.898907,-103.71391&t=k"
7931,agave en pie,0.41,2021,5,0,0.54,20.895549,-103.754604,"https://maps.google.com/?q=20.895549,-103.754604&t=k"
8399,agave en pie,0.41,2021,5,0,0.56,20.894089,-103.796627,"https://maps.google.com/?q=20.894089,-103.796627&t=k"
11149,agave en pie,0.41,2021,5,0,0.9,20.882033,-103.790956,"https://maps.google.com/?q=20.882033,-103.790956&t=k"
13934,agave en pie,0.41,2021,5,0,0.83,20.869804,-103.694358,"https://maps.google.com/?q=20.869804,-103.694358&t=k"
14224,agave en pie,0.41,2021,5,0,0.71,20.869801,-103.89251,"https://maps.google.com/?q=20.869801,-103.89251&t=k"
14356,agave en pie,0.41,2021,5,0,0.56,20.868335,-103.745505,"https://maps.google.com/?q=20.868335,-103.745505&t=k"
19678,agave en pie,0.41,2021,5,0,0.41,20.8459,-103.729161,"https://maps.google.com/?q=20.8459,-103.729161&t=k"
19821,agave en pie,0.41,2021,5,0,0.8,20.845188,-103.68866,"https://maps.google.com/?q=20.845188,-103.68866&t=k"
20241,agave en pie,0.41,2021,5,0,1.0,20.84359,-103.686464,"https://maps.google.com/?q=20.84359,-103.686464&t=k"
20474,agave en pie,0.41,2021,5,0,0.85,20.843067,-103.76801,"https://maps.google.com/?q=20.843067,-103.76801&t=k"
23081,agave en pie,0.41,2021,5,0,0.51,20.831803,-103.803898,"https://maps.google.com/?q=20.831803,-103.803898&t=k"
24788,agave en pie,0.41,2021,5,0,0.54,20.824011,-103.775132,"https://maps.google.com/?q=20.824011,-103.775132&t=k"
24830,agave en pie,0.41,2021,5,0,0.59,20.824005,-103.786999,"https://maps.google.com/?q=20.824005,-103.786999&t=k"
29861,agave en pie,0.41,2021,5,0,0.59,20.800315,-103.686166,"https://maps.google.com/?q=20.800315,-103.686166&t=k"
31156,agave en pie,0.41,2021,5,0,0.76,20.794922,-103.75034,"https://maps.google.com/?q=20.794922,-103.75034&t=k"
31674,agave en pie,0.41,2021,5,0,0.51,20.792589,-103.703718,"https://maps.google.com/?q=20.792589,-103.703718&t=k"
33298,agave en pie,0.41,2021,5,0,0.73,20.785191,-103.693166,"https://maps.google.com/?q=20.785191,-103.693166&t=k"
33600,agave en pie,0.41,2021,5,0,0.61,20.784162,-103.706335,"https://maps.google.com/?q=20.784162,-103.706335&t=k"
34133,agave en pie,0.41,2021,5,0,0.98,20.782341,-103.772154,"https://maps.google.com/?q=20.782341,-103.772154&t=k"
505,agave en pie,0.4,2021,5,0,0.9,20.929233,-103.855918,"https://maps.google.com/?q=20.929233,-103.855918&t=k"
1575,agave en pie,0.4,2021,5,0,0.92,20.923528,-103.847211,"https://maps.google.com/?q=20.923528,-103.847211&t=k"
4890,agave en pie,0.4,2021,5,0,0.82,20.908849,-103.847563,"https://maps.google.com/?q=20.908849,-103.847563&t=k"
6114,agave en pie,0.4,2021,5,0,0.6,20.903327,-103.806456,"https://maps.google.com/?q=20.903327,-103.806456&t=k"
6310,agave en pie,0.4,2021,5,0,0.9,20.901958,-103.735468,"https://maps.google.com/?q=20.901958,-103.735468&t=k"
8267,agave en pie,0.4,2021,5,0,0.9,20.894625,-103.808736,"https://maps.google.com/?q=20.894625,-103.808736&t=k"
8437,agave en pie,0.4,2021,5,0,0.95,20.893047,-103.679977,"https://maps.google.com/?q=20.893047,-103.679977&t=k"
13474,agave en pie,0.4,2021,5,0,1.0,20.872244,-103.767532,"https://maps.google.com/?q=20.872244,-103.767532&t=k"
13528,agave en pie,0.4,2021,5,0,0.98,20.871491,-103.744758,"https://maps.google.com/?q=20.871491,-103.744758&t=k"
13602,agave en pie,0.4,2021,5,0,0.52,20.871146,-103.68089,"https://maps.google.com/?q=20.871146,-103.68089&t=k"
13847,agave en pie,0.4,2021,5,0,0.5,20.870291,-103.722949,"https://maps.google.com/?q=20.870291,-103.722949&t=k"
14172,agave en pie,0.4,2021,5,0,0.42,20.869127,-103.718297,"https://maps.google.com/?q=20.869127,-103.718297&t=k"
14930,agave en pie,0.4,2021,5,0,0.6,20.866383,-103.775318,"https://maps.google.com/?q=20.866383,-103.775318&t=k"
17751,agave en pie,0.4,2021,5,0,0.98,20.854308,-103.717846,"https://maps.google.com/?q=20.854308,-103.717846&t=k"
19791,agave en pie,0.4,2021,5,0,0.9,20.846168,-103.765823,"https://maps.google.com/?q=20.846168,-103.765823&t=k"
20705,agave en pie,0.4,2021,5,0,0.52,20.841866,-103.733424,"https://maps.google.com/?q=20.841866,-103.733424&t=k"
23611,agave en pie,0.4,2021,5,0,0.5,20.829394,-103.795364,"https://maps.google.com/?q=20.829394,-103.795364&t=k"
24189,agave en pie,0.4,2021,5,0,0.88,20.826854,-103.781067,"https://maps.google.com/?q=20.826854,-103.781067&t=k"
29076,agave en pie,0.4,2021,5,0,0.35,20.803705,-103.698242,"https://maps.google.com/?q=20.803705,-103.698242&t=k"
33647,agave en pie,0.4,2021,5,0,0.5,20.783645,-103.734006,"https://maps.google.com/?q=20.783645,-103.734006&t=k"
1611,agave en pie,0.39,2021,5,0,1.0,20.923796,-103.846776,"https://maps.google.com/?q=20.923796,-103.846776&t=k"
2248,agave en pie,0.39,2021,5,0,0.92,20.920824,-103.875309,"https://maps.google.com/?q=20.920824,-103.875309&t=k"
3132,agave en pie,0.39,2021,5,0,0.49,20.916147,-103.87842,"https://maps.google.com/?q=20.916147,-103.87842&t=k"
5692,agave en pie,0.39,2021,5,0,0.85,20.904752,-103.734579,"https://maps.google.com/?q=20.904752,-103.734579&t=k"
6587,agave en pie,0.39,2021,5,0,1.0,20.900768,-103.709136,"https://maps.google.com/?q=20.900768,-103.709136&t=k"
6601,agave en pie,0.39,2021,5,0,0.95,20.900728,-103.721922,"https://maps.google.com/?q=20.900728,-103.721922&t=k"
7150,agave en pie,0.39,2021,5,0,0.9,20.899205,-103.844176,"https://maps.google.com/?q=20.899205,-103.844176&t=k"
7185,agave en pie,0.39,2021,5,0,0.82,20.897983,-103.687529,"https://maps.google.com/?q=20.897983,-103.687529&t=k"
7996,agave en pie,0.39,2021,5,0,0.72,20.895565,-103.820506,"https://maps.google.com/?q=20.895565,-103.820506&t=k"
8024,agave en pie,0.39,2021,5,0,0.97,20.895477,-103.794982,"https://maps.google.com/?q=20.895477,-103.794982&t=k"
9994,agave en pie,0.39,2021,5,0,0.64,20.886995,-103.758472,"https://maps.google.com/?q=20.886995,-103.758472&t=k"
10182,agave en pie,0.39,2021,5,0,0.44,20.885159,-103.699897,"https://maps.google.com/?q=20.885159,-103.699897&t=k"
10799,agave en pie,0.39,2021,5,0,0.85,20.883725,-103.819733,"https://maps.google.com/?q=20.883725,-103.819733&t=k"
13167,agave en pie,0.39,2021,5,0,0.97,20.872889,-103.690102,"https://maps.google.com/?q=20.872889,-103.690102&t=k"
14083,agave en pie,0.39,2021,5,0,0.85,20.870065,-103.81066,"https://maps.google.com/?q=20.870065,-103.81066&t=k"
16136,agave en pie,0.39,2021,5,0,0.62,20.861226,-103.786941,"https://maps.google.com/?q=20.861226,-103.786941&t=k"
16822,agave en pie,0.39,2021,5,0,1.0,20.858283,-103.729922,"https://maps.google.com/?q=20.858283,-103.729922&t=k"
17880,agave en pie,0.39,2021,5,0,0.56,20.853914,-103.79416,"https://maps.google.com/?q=20.853914,-103.79416&t=k"
22799,agave en pie,0.39,2021,5,0,0.9,20.832457,-103.695449,"https://maps.google.com/?q=20.832457,-103.695449&t=k"
23922,agave en pie,0.39,2021,5,0,0.51,20.827565,-103.779476,"https://maps.google.com/?q=20.827565,-103.779476&t=k"
26415,agave en pie,0.39,2021,5,0,0.72,20.816136,-103.693572,"https://maps.google.com/?q=20.816136,-103.693572&t=k"
31244,agave en pie,0.39,2021,5,0,0.9,20.794368,-103.742467,"https://maps.google.com/?q=20.794368,-103.742467&t=k"
31796,agave en pie,0.39,2021,5,0,0.87,20.79218,-103.752092,"https://maps.google.com/?q=20.79218,-103.752092&t=k"
33641,agave en pie,0.39,2021,5,0,0.79,20.784392,-103.768343,"https://maps.google.com/?q=20.784392,-103.768343&t=k"
33997,agave en pie,0.39,2021,5,0,0.69,20.782338,-103.716053,"https://maps.google.com/?q=20.782338,-103.716053&t=k"
2170,agave en pie,0.38,2021,5,0,0.45,20.921086,-103.860258,"https://maps.google.com/?q=20.921086,-103.860258&t=k"
2476,agave en pie,0.38,2021,5,0,0.82,20.919523,-103.842818,"https://maps.google.com/?q=20.919523,-103.842818&t=k"
3484,agave en pie,0.38,2021,5,0,0.92,20.91393,-103.735704,"https://maps.google.com/?q=20.91393,-103.735704&t=k"
4345,agave en pie,0.38,2021,5,0,0.79,20.911228,-103.85865,"https://maps.google.com/?q=20.911228,-103.85865&t=k"
4409,agave en pie,0.38,2021,5,0,0.68,20.910129,-103.740831,"https://maps.google.com/?q=20.910129,-103.740831&t=k"
4995,agave en pie,0.38,2021,5,0,0.95,20.908354,-103.847759,"https://maps.google.com/?q=20.908354,-103.847759&t=k"
5571,agave en pie,0.38,2021,5,0,0.84,20.906278,-103.875129,"https://maps.google.com/?q=20.906278,-103.875129&t=k"
7370,agave en pie,0.38,2021,5,0,0.45,20.898263,-103.82534,"https://maps.google.com/?q=20.898263,-103.82534&t=k"
9053,agave en pie,0.38,2021,5,0,0.53,20.890202,-103.697738,"https://maps.google.com/?q=20.890202,-103.697738&t=k"
9225,agave en pie,0.38,2021,5,0,0.74,20.890427,-103.809106,"https://maps.google.com/?q=20.890427,-103.809106&t=k"
10561,agave en pie,0.38,2021,5,0,0.92,20.88537,-103.897107,"https://maps.google.com/?q=20.88537,-103.897107&t=k"
12576,agave en pie,0.38,2021,5,0,0.76,20.875391,-103.686524,"https://maps.google.com/?q=20.875391,-103.686524&t=k"
13988,agave en pie,0.38,2021,5,0,0.89,20.869736,-103.745541,"https://maps.google.com/?q=20.869736,-103.745541&t=k"
14860,agave en pie,0.38,2021,5,0,0.97,20.866276,-103.7176,"https://maps.google.com/?q=20.866276,-103.7176&t=k"
15681,agave en pie,0.38,2021,5,0,1.0,20.863669,-103.806818,"https://maps.google.com/?q=20.863669,-103.806818&t=k"
18101,agave en pie,0.38,2021,5,0,1.0,20.853202,-103.764035,"https://maps.google.com/?q=20.853202,-103.764035&t=k"
23639,agave en pie,0.38,2021,5,0,0.68,20.828522,-103.700768,"https://maps.google.com/?q=20.828522,-103.700768&t=k"
25126,agave en pie,0.38,2021,5,0,0.97,20.821576,-103.69021,"https://maps.google.com/?q=20.821576,-103.69021&t=k"
28032,agave en pie,0.38,2021,5,0,0.55,20.808709,-103.685133,"https://maps.google.com/?q=20.808709,-103.685133&t=k"
30227,agave en pie,0.38,2021,5,0,0.66,20.799044,-103.727248,"https://maps.google.com/?q=20.799044,-103.727248&t=k"
31074,agave en pie,0.38,2021,5,0,0.58,20.794843,-103.703074,"https://maps.google.com/?q=20.794843,-103.703074&t=k"
31466,agave en pie,0.38,2021,5,0,0.55,20.79352,-103.719465,"https://maps.google.com/?q=20.79352,-103.719465&t=k"
31805,agave en pie,0.38,2021,5,0,0.63,20.792046,-103.715635,"https://maps.google.com/?q=20.792046,-103.715635&t=k"
32050,agave en pie,0.38,2021,5,0,0.71,20.791139,-103.727219,"https://maps.google.com/?q=20.791139,-103.727219&t=k"
32067,agave en pie,0.38,2021,5,0,0.89,20.791461,-103.784137,"https://maps.google.com/?q=20.791461,-103.784137&t=k"
34479,agave en pie,0.38,2021,5,0,0.71,20.780783,-103.769045,"https://maps.google.com/?q=20.780783,-103.769045&t=k"
396,agave en pie,0.37,2021,5,0,0.7,20.930375,-103.892114,"https://maps.google.com/?q=20.930375,-103.892114&t=k"
1690,agave en pie,0.37,2021,5,0,0.54,20.923341,-103.839568,"https://maps.google.com/?q=20.923341,-103.839568&t=k"
2385,agave en pie,0.37,2021,5,0,0.51,20.919455,-103.768445,"https://maps.google.com/?q=20.919455,-103.768445&t=k"
4414,agave en pie,0.37,2021,5,0,0.78,20.911176,-103.885092,"https://maps.google.com/?q=20.911176,-103.885092&t=k"
7058,agave en pie,0.37,2021,5,0,0.86,20.898942,-103.755297,"https://maps.google.com/?q=20.898942,-103.755297&t=k"
7065,agave en pie,0.37,2021,5,0,0.92,20.899357,-103.839897,"https://maps.google.com/?q=20.899357,-103.839897&t=k"
7540,agave en pie,0.37,2021,5,0,0.59,20.897077,-103.741132,"https://maps.google.com/?q=20.897077,-103.741132&t=k"
8334,agave en pie,0.37,2021,5,0,1.0,20.89438,-103.82561,"https://maps.google.com/?q=20.89438,-103.82561&t=k"
9348,agave en pie,0.37,2021,5,0,0.65,20.889565,-103.79575,"https://maps.google.com/?q=20.889565,-103.79575&t=k"
10021,agave en pie,0.37,2021,5,0,0.97,20.887595,-103.884833,"https://maps.google.com/?q=20.887595,-103.884833&t=k"
10321,agave en pie,0.37,2021,5,0,0.59,20.885875,-103.784917,"https://maps.google.com/?q=20.885875,-103.784917&t=k"
13457,agave en pie,0.37,2021,5,0,0.68,20.872602,-103.871775,"https://maps.google.com/?q=20.872602,-103.871775&t=k"
13534,agave en pie,0.37,2021,5,0,0.38,20.871444,-103.690162,"https://maps.google.com/?q=20.871444,-103.690162&t=k"
14532,agave en pie,0.37,2021,5,0,0.97,20.867936,-103.777756,"https://maps.google.com/?q=20.867936,-103.777756&t=k"
15379,agave en pie,0.37,2021,5,0,0.95,20.864803,-103.80753,"https://maps.google.com/?q=20.864803,-103.80753&t=k"
16405,agave en pie,0.37,2021,5,0,0.81,20.860176,-103.791755,"https://maps.google.com/?q=20.860176,-103.791755&t=k"
16455,agave en pie,0.37,2021,5,0,1.0,20.859352,-103.680224,"https://maps.google.com/?q=20.859352,-103.680224&t=k"
18847,agave en pie,0.37,2021,5,0,0.49,20.850176,-103.795776,"https://maps.google.com/?q=20.850176,-103.795776&t=k"
21071,agave en pie,0.37,2021,5,0,0.51,20.840055,-103.702639,"https://maps.google.com/?q=20.840055,-103.702639&t=k"
24503,agave en pie,0.37,2021,5,0,0.86,20.824915,-103.69561,"https://maps.google.com/?q=20.824915,-103.69561&t=k"
25565,agave en pie,0.37,2021,5,0,0.84,20.820863,-103.789907,"https://maps.google.com/?q=20.820863,-103.789907&t=k"
28031,agave en pie,0.37,2021,5,0,0.81,20.808807,-103.686093,"https://maps.google.com/?q=20.808807,-103.686093&t=k"
28085,agave en pie,0.37,2021,5,0,0.92,20.808577,-103.685566,"https://maps.google.com/?q=20.808577,-103.685566&t=k"
33021,agave en pie,0.37,2021,5,0,0.7,20.787042,-103.760012,"https://maps.google.com/?q=20.787042,-103.760012&t=k"
33913,agave en pie,0.37,2021,5,0,0.97,20.782256,-103.699243,"https://maps.google.com/?q=20.782256,-103.699243&t=k"
34683,agave en pie,0.37,2021,5,0,1.0,20.779559,-103.712955,"https://maps.google.com/?q=20.779559,-103.712955&t=k"
333,agave en pie,0.36,2021,5,0,0.86,20.930197,-103.858266,"https://maps.google.com/?q=20.930197,-103.858266&t=k"
792,agave en pie,0.36,2021,5,0,0.94,20.92796,-103.847994,"https://maps.google.com/?q=20.92796,-103.847994&t=k"
1607,agave en pie,0.36,2021,5,0,1.0,20.92393,-103.859948,"https://maps.google.com/?q=20.92393,-103.859948&t=k"
4040,agave en pie,0.36,2021,5,0,0.69,20.911748,-103.721637,"https://maps.google.com/?q=20.911748,-103.721637&t=k"
4607,agave en pie,0.36,2021,5,0,0.58,20.910417,-103.886443,"https://maps.google.com/?q=20.910417,-103.886443&t=k"
5975,agave en pie,0.36,2021,5,0,0.64,20.904004,-103.845774,"https://maps.google.com/?q=20.904004,-103.845774&t=k"
6750,agave en pie,0.36,2021,5,0,0.56,20.900863,-103.848874,"https://maps.google.com/?q=20.900863,-103.848874&t=k"
8156,agave en pie,0.36,2021,5,0,1.0,20.894859,-103.78422,"https://maps.google.com/?q=20.894859,-103.78422&t=k"
8573,agave en pie,0.36,2021,5,0,0.92,20.89379,-103.899881,"https://maps.google.com/?q=20.89379,-103.899881&t=k"
10192,agave en pie,0.36,2021,5,0,0.64,20.883772,-103.768784,"https://maps.google.com/?q=20.883772,-103.768784&t=k"
11579,agave en pie,0.36,2021,5,0,0.92,20.880274,-103.784914,"https://maps.google.com/?q=20.880274,-103.784914&t=k"
12146,agave en pie,0.36,2021,5,0,0.42,20.878185,-103.783345,"https://maps.google.com/?q=20.878185,-103.783345&t=k"
12603,agave en pie,0.36,2021,5,0,0.5,20.876023,-103.790667,"https://maps.google.com/?q=20.876023,-103.790667&t=k"
12752,agave en pie,0.36,2021,5,0,1.0,20.874759,-103.680762,"https://maps.google.com/?q=20.874759,-103.680762&t=k"
13036,agave en pie,0.36,2021,5,0,1.0,20.873368,-103.687839,"https://maps.google.com/?q=20.873368,-103.687839&t=k"
13392,agave en pie,0.36,2021,5,0,0.56,20.872538,-103.783342,"https://maps.google.com/?q=20.872538,-103.783342&t=k"
13789,agave en pie,0.36,2021,5,0,0.89,20.871428,-103.818243,"https://maps.google.com/?q=20.871428,-103.818243&t=k"
14560,agave en pie,0.36,2021,5,0,0.89,20.867577,-103.710428,"https://maps.google.com/?q=20.867577,-103.710428&t=k"
18987,agave en pie,0.36,2021,5,0,1.0,20.84847,-103.72246,"https://maps.google.com/?q=20.84847,-103.72246&t=k"
19025,agave en pie,0.36,2021,5,0,0.42,20.849844,-103.826004,"https://maps.google.com/?q=20.849844,-103.826004&t=k"
20967,agave en pie,0.36,2021,5,0,1.0,20.840643,-103.751405,"https://maps.google.com/?q=20.840643,-103.751405&t=k"
23235,agave en pie,0.36,2021,5,0,1.0,20.830716,-103.790645,"https://maps.google.com/?q=20.830716,-103.790645&t=k"
26860,agave en pie,0.36,2021,5,0,1.0,20.814251,-103.768437,"https://maps.google.com/?q=20.814251,-103.768437&t=k"
27607,agave en pie,0.36,2021,5,0,0.94,20.81145,-103.787388,"https://maps.google.com/?q=20.81145,-103.787388&t=k"
31158,agave en pie,0.36,2021,5,0,0.72,20.794747,-103.732616,"https://maps.google.com/?q=20.794747,-103.732616&t=k"
31503,agave en pie,0.36,2021,5,0,1.0,20.793253,-103.713991,"https://maps.google.com/?q=20.793253,-103.713991&t=k"
32777,agave en pie,0.36,2021,5,0,0.44,20.787765,-103.681183,"https://maps.google.com/?q=20.787765,-103.681183&t=k"
32806,agave en pie,0.36,2021,5,0,1.0,20.788008,-103.756161,"https://maps.google.com/?q=20.788008,-103.756161&t=k"
32932,agave en pie,0.36,2021,5,0,0.97,20.787303,-103.758617,"https://maps.google.com/?q=20.787303,-103.758617&t=k"
2924,agave en pie,0.35,2021,5,0,0.54,20.916734,-103.773323,"https://maps.google.com/?q=20.916734,-103.773323&t=k"
4953,agave en pie,0.35,2021,5,0,0.54,20.908513,-103.871603,"https://maps.google.com/?q=20.908513,-103.871603&t=k"
6962,agave en pie,0.35,2021,5,0,0.57,20.899274,-103.720781,"https://maps.google.com/?q=20.899274,-103.720781&t=k"
9049,agave en pie,0.35,2021,5,0,0.63,20.890333,-103.770413,"https://maps.google.com/?q=20.890333,-103.770413&t=k"
9270,agave en pie,0.35,2021,5,0,0.57,20.890762,-103.885675,"https://maps.google.com/?q=20.890762,-103.885675&t=k"
10986,agave en pie,0.35,2021,5,0,0.97,20.882301,-103.728278,"https://maps.google.com/?q=20.882301,-103.728278&t=k"
16791,agave en pie,0.35,2021,5,0,1.0,20.859175,-103.843089,"https://maps.google.com/?q=20.859175,-103.843089&t=k"
19534,agave en pie,0.35,2021,5,0,0.69,20.846909,-103.743424,"https://maps.google.com/?q=20.846909,-103.743424&t=k"
20161,agave en pie,0.35,2021,5,0,1.0,20.84412,-103.684825,"https://maps.google.com/?q=20.84412,-103.684825&t=k"
26567,agave en pie,0.35,2021,5,0,1.0,20.815488,-103.69742,"https://maps.google.com/?q=20.815488,-103.69742&t=k"
26760,agave en pie,0.35,2021,5,0,0.4,20.815453,-103.817239,"https://maps.google.com/?q=20.815453,-103.817239&t=k"
28537,agave en pie,0.35,2021,5,0,0.89,20.806697,-103.681931,"https://maps.google.com/?q=20.806697,-103.681931&t=k"
28795,agave en pie,0.35,2021,5,0,1.0,20.805823,-103.771051,"https://maps.google.com/?q=20.805823,-103.771051&t=k"
29788,agave en pie,0.35,2021,5,0,1.0,20.800702,-103.707395,"https://maps.google.com/?q=20.800702,-103.707395&t=k"
31368,agave en pie,0.35,2021,5,0,0.89,20.794207,-103.751355,"https://maps.google.com/?q=20.794207,-103.751355&t=k"
32177,agave en pie,0.35,2021,5,0,0.91,20.790732,-103.751816,"https://maps.google.com/?q=20.790732,-103.751816&t=k"
32367,agave en pie,0.35,2021,5,0,0.54,20.78946,-103.690199,"https://maps.google.com/?q=20.78946,-103.690199&t=k"
33681,agave en pie,0.35,2021,5,0,0.46,20.783358,-103.775364,"https://maps.google.com/?q=20.783358,-103.775364&t=k"
338,agave en pie,0.34,2021,5,0,0.35,20.930185,-103.829803,"https://maps.google.com/?q=20.930185,-103.829803&t=k"
1576,agave en pie,0.34,2021,5,0,0.91,20.923684,-103.843604,"https://maps.google.com/?q=20.923684,-103.843604&t=k"
2884,agave en pie,0.34,2021,5,0,1.0,20.917777,-103.899899,"https://maps.google.com/?q=20.917777,-103.899899&t=k"
4359,agave en pie,0.34,2021,5,0,0.82,20.910496,-103.766451,"https://maps.google.com/?q=20.910496,-103.766451&t=k"
5962,agave en pie,0.34,2021,5,0,0.59,20.903601,-103.749971,"https://maps.google.com/?q=20.903601,-103.749971&t=k"
6517,agave en pie,0.34,2021,5,0,1.0,20.901483,-103.814114,"https://maps.google.com/?q=20.901483,-103.814114&t=k"
7330,agave en pie,0.34,2021,5,0,0.82,20.898548,-103.874369,"https://maps.google.com/?q=20.898548,-103.874369&t=k"
7979,agave en pie,0.34,2021,5,0,0.65,20.895847,-103.78974,"https://maps.google.com/?q=20.895847,-103.78974&t=k"
9513,agave en pie,0.34,2021,5,0,0.68,20.889677,-103.871743,"https://maps.google.com/?q=20.889677,-103.871743&t=k"
9570,agave en pie,0.34,2021,5,0,0.79,20.889131,-103.864249,"https://maps.google.com/?q=20.889131,-103.864249&t=k"
10253,agave en pie,0.34,2021,5,0,0.59,20.886363,-103.80933,"https://maps.google.com/?q=20.886363,-103.80933&t=k"
12575,agave en pie,0.34,2021,5,0,0.68,20.875503,-103.689406,"https://maps.google.com/?q=20.875503,-103.689406&t=k"
13045,agave en pie,0.34,2021,5,0,0.47,20.874684,-103.872432,"https://maps.google.com/?q=20.874684,-103.872432&t=k"
13160,agave en pie,0.34,2021,5,0,0.94,20.873028,-103.726578,"https://maps.google.com/?q=20.873028,-103.726578&t=k"
13414,agave en pie,0.34,2021,5,0,0.88,20.872231,-103.75941,"https://maps.google.com/?q=20.872231,-103.75941&t=k"
13948,agave en pie,0.34,2021,5,0,0.79,20.871077,-103.894183,"https://maps.google.com/?q=20.871077,-103.894183&t=k"
14325,agave en pie,0.34,2021,5,0,0.62,20.868371,-103.719937,"https://maps.google.com/?q=20.868371,-103.719937&t=k"
15557,agave en pie,0.34,2021,5,0,0.5,20.863824,-103.777501,"https://maps.google.com/?q=20.863824,-103.777501&t=k"
15965,agave en pie,0.34,2021,5,0,0.76,20.861833,-103.745895,"https://maps.google.com/?q=20.861833,-103.745895&t=k"
16064,agave en pie,0.34,2021,5,0,0.82,20.86225,-103.843498,"https://maps.google.com/?q=20.86225,-103.843498&t=k"
18189,agave en pie,0.34,2021,5,0,0.71,20.853055,-103.794023,"https://maps.google.com/?q=20.853055,-103.794023&t=k"
19676,agave en pie,0.34,2021,5,0,0.76,20.846451,-103.742659,"https://maps.google.com/?q=20.846451,-103.742659&t=k"
22834,agave en pie,0.34,2021,5,0,0.56,20.832012,-103.714287,"https://maps.google.com/?q=20.832012,-103.714287&t=k"
22897,agave en pie,0.34,2021,5,0,0.97,20.832696,-103.802497,"https://maps.google.com/?q=20.832696,-103.802497&t=k"
25105,agave en pie,0.34,2021,5,0,0.5,20.821952,-103.680309,"https://maps.google.com/?q=20.821952,-103.680309&t=k"
27044,agave en pie,0.34,2021,5,0,0.82,20.813747,-103.767432,"https://maps.google.com/?q=20.813747,-103.767432&t=k"
32365,agave en pie,0.34,2021,5,0,0.68,20.788195,-103.69607,"https://maps.google.com/?q=20.788195,-103.69607&t=k"
33326,agave en pie,0.34,2021,5,0,1.0,20.785674,-103.777027,"https://maps.google.com/?q=20.785674,-103.777027&t=k"
34041,agave en pie,0.34,2021,5,0,0.76,20.782209,-103.710963,"https://maps.google.com/?q=20.782209,-103.710963&t=k"
5359,agave en pie,0.33,2021,5,0,0.48,20.905728,-103.738272,"https://maps.google.com/?q=20.905728,-103.738272&t=k"
5517,agave en pie,0.33,2021,5,0,0.52,20.90568,-103.762548,"https://maps.google.com/?q=20.90568,-103.762548&t=k"
7206,agave en pie,0.33,2021,5,0,0.73,20.897954,-103.756026,"https://maps.google.com/?q=20.897954,-103.756026&t=k"
8268,agave en pie,0.33,2021,5,0,0.73,20.894691,-103.805179,"https://maps.google.com/?q=20.894691,-103.805179&t=k"
8556,agave en pie,0.33,2021,5,0,0.45,20.892704,-103.730065,"https://maps.google.com/?q=20.892704,-103.730065&t=k"
9554,agave en pie,0.33,2021,5,0,0.55,20.88853,-103.777157,"https://maps.google.com/?q=20.88853,-103.777157&t=k"
9668,agave en pie,0.33,2021,5,0,0.7,20.888104,-103.725057,"https://maps.google.com/?q=20.888104,-103.725057&t=k"
10745,agave en pie,0.33,2021,5,0,0.36,20.883784,-103.770514,"https://maps.google.com/?q=20.883784,-103.770514&t=k"
12530,agave en pie,0.33,2021,5,0,1.0,20.875923,-103.745346,"https://maps.google.com/?q=20.875923,-103.745346&t=k"
13106,agave en pie,0.33,2021,5,0,0.52,20.874157,-103.827594,"https://maps.google.com/?q=20.874157,-103.827594&t=k"
15672,agave en pie,0.33,2021,5,0,0.58,20.863061,-103.856659,"https://maps.google.com/?q=20.863061,-103.856659&t=k"
16397,agave en pie,0.33,2021,5,0,0.85,20.859718,-103.680845,"https://maps.google.com/?q=20.859718,-103.680845&t=k"
17399,agave en pie,0.33,2021,5,0,0.79,20.856679,-103.808459,"https://maps.google.com/?q=20.856679,-103.808459&t=k"
18039,agave en pie,0.33,2021,5,0,0.76,20.853525,-103.783928,"https://maps.google.com/?q=20.853525,-103.783928&t=k"
20295,agave en pie,0.33,2021,5,0,1.0,20.843219,-103.685169,"https://maps.google.com/?q=20.843219,-103.685169&t=k"
22262,agave en pie,0.33,2021,5,0,1.0,20.83492,-103.698599,"https://maps.google.com/?q=20.83492,-103.698599&t=k"
22827,agave en pie,0.33,2021,5,0,1.0,20.832755,-103.785103,"https://maps.google.com/?q=20.832755,-103.785103&t=k"
23245,agave en pie,0.33,2021,5,0,0.76,20.830392,-103.709112,"https://maps.google.com/?q=20.830392,-103.709112&t=k"
26180,agave en pie,0.33,2021,5,0,1.0,20.817454,-103.688756,"https://maps.google.com/?q=20.817454,-103.688756&t=k"
27760,agave en pie,0.33,2021,5,0,0.52,20.810643,-103.788259,"https://maps.google.com/?q=20.810643,-103.788259&t=k"
27817,agave en pie,0.33,2021,5,0,0.67,20.810615,-103.771685,"https://maps.google.com/?q=20.810615,-103.771685&t=k"
29165,agave en pie,0.33,2021,5,0,0.3,20.803788,-103.758242,"https://maps.google.com/?q=20.803788,-103.758242&t=k"
29720,agave en pie,0.33,2021,5,0,0.42,20.801613,-103.776082,"https://maps.google.com/?q=20.801613,-103.776082&t=k"
31369,agave en pie,0.33,2021,5,0,0.76,20.794163,-103.745351,"https://maps.google.com/?q=20.794163,-103.745351&t=k"
31777,agave en pie,0.33,2021,5,0,1.0,20.79176,-103.756467,"https://maps.google.com/?q=20.79176,-103.756467&t=k"
32499,agave en pie,0.33,2021,5,0,0.67,20.788898,-103.693566,"https://maps.google.com/?q=20.788898,-103.693566&t=k"
247,agave en pie,0.32,2021,5,0,0.66,20.930488,-103.847734,"https://maps.google.com/?q=20.930488,-103.847734&t=k"
322,agave en pie,0.32,2021,5,0,0.62,20.930387,-103.83283,"https://maps.google.com/?q=20.930387,-103.83283&t=k"
5405,agave en pie,0.32,2021,5,0,1.0,20.906935,-103.892815,"https://maps.google.com/?q=20.906935,-103.892815&t=k"
5637,agave en pie,0.32,2021,5,0,0.53,20.90461,-103.709535,"https://maps.google.com/?q=20.90461,-103.709535&t=k"
7138,agave en pie,0.32,2021,5,0,0.97,20.898713,-103.748666,"https://maps.google.com/?q=20.898713,-103.748666&t=k"
7445,agave en pie,0.32,2021,5,0,0.59,20.89752,-103.752329,"https://maps.google.com/?q=20.89752,-103.752329&t=k"
10320,agave en pie,0.32,2021,5,0,0.38,20.885976,-103.786406,"https://maps.google.com/?q=20.885976,-103.786406&t=k"
10325,agave en pie,0.32,2021,5,0,0.56,20.885397,-103.768627,"https://maps.google.com/?q=20.885397,-103.768627&t=k"
10750,agave en pie,0.32,2021,5,0,0.62,20.88303,-103.705058,"https://maps.google.com/?q=20.88303,-103.705058&t=k"
12287,agave en pie,0.32,2021,5,0,1.0,20.876654,-103.686369,"https://maps.google.com/?q=20.876654,-103.686369&t=k"
12835,agave en pie,0.32,2021,5,0,1.0,20.874524,-103.70912,"https://maps.google.com/?q=20.874524,-103.70912&t=k"
13118,agave en pie,0.32,2021,5,0,0.94,20.873691,-103.767713,"https://maps.google.com/?q=20.873691,-103.767713&t=k"
15466,agave en pie,0.32,2021,5,0,0.56,20.863955,-103.758133,"https://maps.google.com/?q=20.863955,-103.758133&t=k"
15566,agave en pie,0.32,2021,5,0,0.88,20.862984,-103.724308,"https://maps.google.com/?q=20.862984,-103.724308&t=k"
15713,agave en pie,0.32,2021,5,0,0.38,20.863808,-103.880876,"https://maps.google.com/?q=20.863808,-103.880876&t=k"
15978,agave en pie,0.32,2021,5,0,0.62,20.862124,-103.792557,"https://maps.google.com/?q=20.862124,-103.792557&t=k"
16496,agave en pie,0.32,2021,5,0,0.53,20.859843,-103.745479,"https://maps.google.com/?q=20.859843,-103.745479&t=k"
17302,agave en pie,0.32,2021,5,0,0.28,20.85663,-103.81437,"https://maps.google.com/?q=20.85663,-103.81437&t=k"
17555,agave en pie,0.32,2021,5,0,0.88,20.855196,-103.740184,"https://maps.google.com/?q=20.855196,-103.740184&t=k"
22568,agave en pie,0.32,2021,5,0,0.53,20.833191,-103.702842,"https://maps.google.com/?q=20.833191,-103.702842&t=k"
22849,agave en pie,0.32,2021,5,0,1.0,20.832629,-103.754978,"https://maps.google.com/?q=20.832629,-103.754978&t=k"
23672,agave en pie,0.32,2021,5,0,1.0,20.829045,-103.771584,"https://maps.google.com/?q=20.829045,-103.771584&t=k"
24107,agave en pie,0.32,2021,5,0,1.0,20.826931,-103.717357,"https://maps.google.com/?q=20.826931,-103.717357&t=k"
28865,agave en pie,0.32,2021,5,0,0.62,20.805317,-103.769759,"https://maps.google.com/?q=20.805317,-103.769759&t=k"
29164,agave en pie,0.32,2021,5,0,1.0,20.804072,-103.76631,"https://maps.google.com/?q=20.804072,-103.76631&t=k"
29945,agave en pie,0.32,2021,5,0,0.41,20.799828,-103.71725,"https://maps.google.com/?q=20.799828,-103.71725&t=k"
31065,agave en pie,0.32,2021,5,0,0.97,20.79546,-103.749711,"https://maps.google.com/?q=20.79546,-103.749711&t=k"
31370,agave en pie,0.32,2021,5,0,0.84,20.794061,-103.743718,"https://maps.google.com/?q=20.794061,-103.743718&t=k"
32279,agave en pie,0.32,2021,5,0,0.72,20.790192,-103.727515,"https://maps.google.com/?q=20.790192,-103.727515&t=k"
32633,agave en pie,0.32,2021,5,0,1.0,20.788939,-103.759948,"https://maps.google.com/?q=20.788939,-103.759948&t=k"
872,agave en pie,0.31,2021,5,0,0.77,20.927368,-103.820882,"https://maps.google.com/?q=20.927368,-103.820882&t=k"
1061,agave en pie,0.31,2021,5,0,0.94,20.926872,-103.867619,"https://maps.google.com/?q=20.926872,-103.867619&t=k"
2991,agave en pie,0.31,2021,5,0,0.84,20.916509,-103.851303,"https://maps.google.com/?q=20.916509,-103.851303&t=k"
5693,agave en pie,0.31,2021,5,0,1.0,20.904309,-103.729631,"https://maps.google.com/?q=20.904309,-103.729631&t=k"
6052,agave en pie,0.31,2021,5,0,0.45,20.903137,-103.72993,"https://maps.google.com/?q=20.903137,-103.72993&t=k"
7157,agave en pie,0.31,2021,5,0,0.55,20.898981,-103.798607,"https://maps.google.com/?q=20.898981,-103.798607&t=k"
7182,agave en pie,0.31,2021,5,0,1.0,20.898048,-103.707909,"https://maps.google.com/?q=20.898048,-103.707909&t=k"
8241,agave en pie,0.31,2021,5,0,1.0,20.894696,-103.818974,"https://maps.google.com/?q=20.894696,-103.818974&t=k"
10224,agave en pie,0.31,2021,5,0,0.45,20.886749,-103.866142,"https://maps.google.com/?q=20.886749,-103.866142&t=k"
10267,agave en pie,0.31,2021,5,0,0.52,20.88654,-103.896377,"https://maps.google.com/?q=20.88654,-103.896377&t=k"
10637,agave en pie,0.31,2021,5,0,0.61,20.883918,-103.795603,"https://maps.google.com/?q=20.883918,-103.795603&t=k"
11514,agave en pie,0.31,2021,5,0,0.97,20.880096,-103.687588,"https://maps.google.com/?q=20.880096,-103.687588&t=k"
12120,agave en pie,0.31,2021,5,0,0.87,20.877498,-103.76946,"https://maps.google.com/?q=20.877498,-103.76946&t=k"
12286,agave en pie,0.31,2021,5,0,0.84,20.876667,-103.688051,"https://maps.google.com/?q=20.876667,-103.688051&t=k"
12884,agave en pie,0.31,2021,5,0,0.77,20.874168,-103.777465,"https://maps.google.com/?q=20.874168,-103.777465&t=k"
13285,agave en pie,0.31,2021,5,0,0.9,20.872704,-103.737587,"https://maps.google.com/?q=20.872704,-103.737587&t=k"
13716,agave en pie,0.31,2021,5,0,0.48,20.870953,-103.708766,"https://maps.google.com/?q=20.870953,-103.708766&t=k"
17120,agave en pie,0.31,2021,5,0,0.87,20.857021,-103.718207,"https://maps.google.com/?q=20.857021,-103.718207&t=k"
23150,agave en pie,0.31,2021,5,0,0.97,20.831166,-103.790401,"https://maps.google.com/?q=20.831166,-103.790401&t=k"
26035,agave en pie,0.31,2021,5,0,0.77,20.817778,-103.689714,"https://maps.google.com/?q=20.817778,-103.689714&t=k"
28164,agave en pie,0.31,2021,5,0,0.65,20.808638,-103.723613,"https://maps.google.com/?q=20.808638,-103.723613&t=k"
29041,agave en pie,0.31,2021,5,0,0.87,20.804235,-103.720672,"https://maps.google.com/?q=20.804235,-103.720672&t=k"
32968,agave en pie,0.31,2021,5,0,0.65,20.787204,-103.75122,"https://maps.google.com/?q=20.787204,-103.75122&t=k"
34308,agave en pie,0.31,2021,5,0,0.71,20.780869,-103.731147,"https://maps.google.com/?q=20.780869,-103.731147&t=k"
1982,agave en pie,0.3,2021,5,0,0.73,20.92193,-103.892464,"https://maps.google.com/?q=20.92193,-103.892464&t=k"
6441,agave en pie,0.3,2021,5,0,1.0,20.901625,-103.770273,"https://maps.google.com/?q=20.901625,-103.770273&t=k"
7308,agave en pie,0.3,2021,5,0,1.0,20.897703,-103.686378,"https://maps.google.com/?q=20.897703,-103.686378&t=k"
7838,agave en pie,0.3,2021,5,0,0.9,20.896901,-103.891975,"https://maps.google.com/?q=20.896901,-103.891975&t=k"
9074,agave en pie,0.3,2021,5,0,0.8,20.890453,-103.768201,"https://maps.google.com/?q=20.890453,-103.768201&t=k"
9276,agave en pie,0.3,2021,5,0,0.9,20.890102,-103.801466,"https://maps.google.com/?q=20.890102,-103.801466&t=k"
10726,agave en pie,0.3,2021,5,0,0.87,20.883886,-103.747154,"https://maps.google.com/?q=20.883886,-103.747154&t=k"
12563,agave en pie,0.3,2021,5,0,0.93,20.876277,-103.775526,"https://maps.google.com/?q=20.876277,-103.775526&t=k"
13059,agave en pie,0.3,2021,5,0,1.0,20.873887,-103.769778,"https://maps.google.com/?q=20.873887,-103.769778&t=k"
16695,agave en pie,0.3,2021,5,0,0.93,20.858659,-103.744192,"https://maps.google.com/?q=20.858659,-103.744192&t=k"
17263,agave en pie,0.3,2021,5,0,0.5,20.856401,-103.719846,"https://maps.google.com/?q=20.856401,-103.719846&t=k"
18685,agave en pie,0.3,2021,5,0,0.93,20.850279,-103.722781,"https://maps.google.com/?q=20.850279,-103.722781&t=k"
20857,agave en pie,0.3,2021,5,0,1.0,20.8408,-103.699605,"https://maps.google.com/?q=20.8408,-103.699605&t=k"
24287,agave en pie,0.3,2021,5,0,0.93,20.825737,-103.702761,"https://maps.google.com/?q=20.825737,-103.702761&t=k"
25916,agave en pie,0.3,2021,5,0,0.8,20.818829,-103.697248,"https://maps.google.com/?q=20.818829,-103.697248&t=k"
26416,agave en pie,0.3,2021,5,0,0.87,20.816453,-103.681799,"https://maps.google.com/?q=20.816453,-103.681799&t=k"
27217,agave en pie,0.3,2021,5,0,1.0,20.812418,-103.67996,"https://maps.google.com/?q=20.812418,-103.67996&t=k"
29252,agave en pie,0.3,2021,5,0,1.0,20.803708,-103.76588,"https://maps.google.com/?q=20.803708,-103.76588&t=k"
31866,agave en pie,0.3,2021,5,0,0.97,20.792067,-103.755215,"https://maps.google.com/?q=20.792067,-103.755215&t=k"
34712,agave en pie,0.3,2021,5,0,0.93,20.779563,-103.762618,"https://maps.google.com/?q=20.779563,-103.762618&t=k"
13572,agave en pie,6.57,2022,4,0,0.96,20.870493,-103.787972,"https://maps.google.com/?q=20.870493,-103.787972&t=k"
2213,agave en pie,5.15,2022,4,0,0.96,20.918767,-103.83792,"https://maps.google.com/?q=20.918767,-103.83792&t=k"
18949,agave en pie,5.14,2022,4,0,0.93,20.847979,-103.687386,"https://maps.google.com/?q=20.847979,-103.687386&t=k"
18218,agave en pie,5.09,2022,4,0,0.79,20.851383,-103.689471,"https://maps.google.com/?q=20.851383,-103.689471&t=k"
29634,agave en pie,5.06,2022,4,0,0.79,20.801014,-103.768208,"https://maps.google.com/?q=20.801014,-103.768208&t=k"
2292,agave en pie,4.93,2022,4,0,0.51,20.919423,-103.875127,"https://maps.google.com/?q=20.919423,-103.875127&t=k"
6475,agave en pie,4.8,2022,4,0,0.99,20.900752,-103.799891,"https://maps.google.com/?q=20.900752,-103.799891&t=k"
568,agave en pie,4.59,2022,4,0,0.9,20.928187,-103.868474,"https://maps.google.com/?q=20.928187,-103.868474&t=k"
1390,agave en pie,4.33,2022,4,0,0.87,20.923879,-103.886536,"https://maps.google.com/?q=20.923879,-103.886536&t=k"
1178,agave en pie,4.2,2022,4,0,0.94,20.925217,-103.856573,"https://maps.google.com/?q=20.925217,-103.856573&t=k"
2871,agave en pie,4.09,2022,4,0,0.99,20.916762,-103.835388,"https://maps.google.com/?q=20.916762,-103.835388&t=k"
20577,agave en pie,4.07,2022,4,0,0.68,20.84173,-103.776767,"https://maps.google.com/?q=20.84173,-103.776767&t=k"
1680,agave en pie,3.91,2022,4,0,0.95,20.922781,-103.884333,"https://maps.google.com/?q=20.922781,-103.884333&t=k"
18669,agave en pie,3.85,2022,4,0,0.98,20.849414,-103.68598,"https://maps.google.com/?q=20.849414,-103.68598&t=k"
9908,agave en pie,3.81,2022,4,0,0.68,20.887102,-103.88551,"https://maps.google.com/?q=20.887102,-103.88551&t=k"
29958,agave en pie,3.81,2022,4,0,0.54,20.800124,-103.782771,"https://maps.google.com/?q=20.800124,-103.782771&t=k"
4540,agave en pie,3.69,2022,4,0,0.95,20.909503,-103.791841,"https://maps.google.com/?q=20.909503,-103.791841&t=k"
7764,agave en pie,3.69,2022,4,0,0.73,20.895777,-103.818437,"https://maps.google.com/?q=20.895777,-103.818437&t=k"
3295,agave en pie,3.68,2022,4,0,0.62,20.914965,-103.791269,"https://maps.google.com/?q=20.914965,-103.791269&t=k"
16232,agave en pie,3.64,2022,4,0,0.59,20.85941,-103.705596,"https://maps.google.com/?q=20.85941,-103.705596&t=k"
4923,agave en pie,3.6,2022,4,0,0.53,20.907645,-103.759408,"https://maps.google.com/?q=20.907645,-103.759408&t=k"
14354,agave en pie,3.58,2022,4,0,0.51,20.867328,-103.749887,"https://maps.google.com/?q=20.867328,-103.749887&t=k"
28911,agave en pie,3.58,2022,4,0,0.72,20.803803,-103.699346,"https://maps.google.com/?q=20.803803,-103.699346&t=k"
30469,agave en pie,3.53,2022,4,0,0.69,20.797079,-103.694216,"https://maps.google.com/?q=20.797079,-103.694216&t=k"
16879,agave en pie,3.35,2022,4,0,0.72,20.857376,-103.705374,"https://maps.google.com/?q=20.857376,-103.705374&t=k"
937,agave en pie,3.33,2022,4,0,0.74,20.926545,-103.879689,"https://maps.google.com/?q=20.926545,-103.879689&t=k"
22937,agave en pie,3.29,2022,4,0,0.91,20.831197,-103.79487,"https://maps.google.com/?q=20.831197,-103.79487&t=k"
7259,agave en pie,3.24,2022,4,0,0.86,20.897993,-103.773956,"https://maps.google.com/?q=20.897993,-103.773956&t=k"
32069,agave en pie,3.24,2022,4,0,0.47,20.789665,-103.735685,"https://maps.google.com/?q=20.789665,-103.735685&t=k"
5527,agave en pie,3.22,2022,4,0,0.55,20.905775,-103.88119,"https://maps.google.com/?q=20.905775,-103.88119&t=k"
5795,agave en pie,3.2,2022,4,0,0.97,20.903941,-103.790973,"https://maps.google.com/?q=20.903941,-103.790973&t=k"
11115,agave en pie,3.13,2022,4,0,0.82,20.881337,-103.72622,"https://maps.google.com/?q=20.881337,-103.72622&t=k"
18379,agave en pie,3.13,2022,4,0,0.94,20.850504,-103.698561,"https://maps.google.com/?q=20.850504,-103.698561&t=k"
19064,agave en pie,3.09,2022,4,0,0.96,20.848053,-103.703051,"https://maps.google.com/?q=20.848053,-103.703051&t=k"
22417,agave en pie,3.03,2022,4,0,0.51,20.832951,-103.725138,"https://maps.google.com/?q=20.832951,-103.725138&t=k"
2578,agave en pie,3.02,2022,4,0,0.45,20.917934,-103.789466,"https://maps.google.com/?q=20.917934,-103.789466&t=k"
17189,agave en pie,3.01,2022,4,0,0.95,20.855643,-103.703178,"https://maps.google.com/?q=20.855643,-103.703178&t=k"
25479,agave en pie,2.97,2022,4,0,0.55,20.819861,-103.684459,"https://maps.google.com/?q=20.819861,-103.684459&t=k"
34096,agave en pie,2.97,2022,4,0,0.92,20.781818,-103.749776,"https://maps.google.com/?q=20.781818,-103.749776&t=k"
30106,agave en pie,2.94,2022,4,0,0.79,20.798853,-103.695882,"https://maps.google.com/?q=20.798853,-103.695882&t=k"
22300,agave en pie,2.93,2022,4,0,0.61,20.834493,-103.769185,"https://maps.google.com/?q=20.834493,-103.769185&t=k"
19514,agave en pie,2.91,2022,4,0,0.74,20.846334,-103.702681,"https://maps.google.com/?q=20.846334,-103.702681&t=k"
28535,agave en pie,2.83,2022,4,0,0.94,20.805604,-103.698514,"https://maps.google.com/?q=20.805604,-103.698514&t=k"
15539,agave en pie,2.8,2022,4,0,0.97,20.863185,-103.702969,"https://maps.google.com/?q=20.863185,-103.702969&t=k"
16574,agave en pie,2.78,2022,4,0,0.96,20.858185,-103.753567,"https://maps.google.com/?q=20.858185,-103.753567&t=k"
19260,agave en pie,2.77,2022,4,0,0.79,20.847105,-103.685376,"https://maps.google.com/?q=20.847105,-103.685376&t=k"
11810,agave en pie,2.74,2022,4,0,0.89,20.878225,-103.770031,"https://maps.google.com/?q=20.878225,-103.770031&t=k"
27740,agave en pie,2.73,2022,4,0,0.86,20.809762,-103.716782,"https://maps.google.com/?q=20.809762,-103.716782&t=k"
18940,agave en pie,2.7,2022,4,0,0.6,20.848533,-103.768062,"https://maps.google.com/?q=20.848533,-103.768062&t=k"
18994,agave en pie,2.66,2022,4,0,1.0,20.848142,-103.685079,"https://maps.google.com/?q=20.848142,-103.685079&t=k"
16571,agave en pie,2.65,2022,4,0,0.96,20.858966,-103.799646,"https://maps.google.com/?q=20.858966,-103.799646&t=k"
27209,agave en pie,2.62,2022,4,0,0.94,20.811933,-103.717148,"https://maps.google.com/?q=20.811933,-103.717148&t=k"
17659,agave en pie,2.61,2022,4,0,1.0,20.854652,-103.796365,"https://maps.google.com/?q=20.854652,-103.796365&t=k"
5280,agave en pie,2.6,2022,4,0,0.93,20.906212,-103.761102,"https://maps.google.com/?q=20.906212,-103.761102&t=k"
25911,agave en pie,2.55,2022,4,0,0.71,20.817815,-103.767879,"https://maps.google.com/?q=20.817815,-103.767879&t=k"
29151,agave en pie,2.55,2022,4,0,0.98,20.803138,-103.689072,"https://maps.google.com/?q=20.803138,-103.689072&t=k"
15485,agave en pie,2.51,2022,4,0,0.94,20.863107,-103.765829,"https://maps.google.com/?q=20.863107,-103.765829&t=k"
24300,agave en pie,2.51,2022,4,0,0.61,20.825708,-103.77238,"https://maps.google.com/?q=20.825708,-103.77238&t=k"
27630,agave en pie,2.51,2022,4,0,0.57,20.809696,-103.769435,"https://maps.google.com/?q=20.809696,-103.769435&t=k"
5978,agave en pie,2.46,2022,4,0,0.97,20.903243,-103.840107,"https://maps.google.com/?q=20.903243,-103.840107&t=k"
2197,agave en pie,2.45,2022,4,0,1.0,20.91984,-103.836229,"https://maps.google.com/?q=20.91984,-103.836229&t=k"
10615,agave en pie,2.45,2022,4,0,0.89,20.88375,-103.797479,"https://maps.google.com/?q=20.88375,-103.797479&t=k"
14830,agave en pie,2.43,2022,4,0,0.93,20.866045,-103.753598,"https://maps.google.com/?q=20.866045,-103.753598&t=k"
686,agave en pie,2.42,2022,4,0,0.6,20.92793,-103.857033,"https://maps.google.com/?q=20.92793,-103.857033&t=k"
5724,agave en pie,2.42,2022,4,0,0.6,20.904104,-103.794913,"https://maps.google.com/?q=20.904104,-103.794913&t=k"
21356,agave en pie,2.41,2022,4,0,0.87,20.83897,-103.769822,"https://maps.google.com/?q=20.83897,-103.769822&t=k"
13491,agave en pie,2.4,2022,4,0,0.91,20.871366,-103.758552,"https://maps.google.com/?q=20.871366,-103.758552&t=k"
2326,agave en pie,2.39,2022,4,0,0.63,20.91986,-103.879787,"https://maps.google.com/?q=20.91986,-103.879787&t=k"
23583,agave en pie,2.38,2022,4,0,1.0,20.82933,-103.792626,"https://maps.google.com/?q=20.82933,-103.792626&t=k"
10975,agave en pie,2.35,2022,4,0,0.94,20.882538,-103.824453,"https://maps.google.com/?q=20.882538,-103.824453&t=k"
6800,agave en pie,2.34,2022,4,0,0.77,20.899087,-103.756594,"https://maps.google.com/?q=20.899087,-103.756594&t=k"
24034,agave en pie,2.34,2022,4,0,0.88,20.825597,-103.684361,"https://maps.google.com/?q=20.825597,-103.684361&t=k"
978,agave en pie,2.32,2022,4,0,0.93,20.926944,-103.864878,"https://maps.google.com/?q=20.926944,-103.864878&t=k"
3541,agave en pie,2.3,2022,4,0,0.44,20.914092,-103.789161,"https://maps.google.com/?q=20.914092,-103.789161&t=k"
17617,agave en pie,2.29,2022,4,0,1.0,20.854165,-103.687044,"https://maps.google.com/?q=20.854165,-103.687044&t=k"
23632,agave en pie,2.29,2022,4,0,0.67,20.828469,-103.766976,"https://maps.google.com/?q=20.828469,-103.766976&t=k"
33617,agave en pie,2.29,2022,4,0,0.9,20.783811,-103.725839,"https://maps.google.com/?q=20.783811,-103.725839&t=k"
29388,agave en pie,2.26,2022,4,0,0.62,20.801666,-103.770893,"https://maps.google.com/?q=20.801666,-103.770893&t=k"
12740,agave en pie,2.24,2022,4,0,1.0,20.874454,-103.766986,"https://maps.google.com/?q=20.874454,-103.766986&t=k"
18480,agave en pie,2.24,2022,4,0,0.9,20.850985,-103.74488,"https://maps.google.com/?q=20.850985,-103.74488&t=k"
25316,agave en pie,2.24,2022,4,0,0.94,20.820783,-103.686902,"https://maps.google.com/?q=20.820783,-103.686902&t=k"
30346,agave en pie,2.24,2022,4,0,0.88,20.797982,-103.71813,"https://maps.google.com/?q=20.797982,-103.71813&t=k"
31571,agave en pie,2.24,2022,4,0,0.9,20.793199,-103.787102,"https://maps.google.com/?q=20.793199,-103.787102&t=k"
5533,agave en pie,2.2,2022,4,0,0.78,20.904992,-103.792647,"https://maps.google.com/?q=20.904992,-103.792647&t=k"
22958,agave en pie,2.2,2022,4,0,1.0,20.831195,-103.695844,"https://maps.google.com/?q=20.831195,-103.695844&t=k"
30108,agave en pie,2.2,2022,4,0,0.75,20.798903,-103.684593,"https://maps.google.com/?q=20.798903,-103.684593&t=k"
18254,agave en pie,2.19,2022,4,0,0.55,20.851618,-103.757417,"https://maps.google.com/?q=20.851618,-103.757417&t=k"
17789,agave en pie,2.17,2022,4,0,0.45,20.853887,-103.746346,"https://maps.google.com/?q=20.853887,-103.746346&t=k"
25302,agave en pie,2.17,2022,4,0,0.75,20.82033,-103.6809,"https://maps.google.com/?q=20.82033,-103.6809&t=k"
1886,agave en pie,2.15,2022,4,0,0.79,20.920937,-103.83824,"https://maps.google.com/?q=20.920937,-103.83824&t=k"
26637,agave en pie,2.15,2022,4,0,0.48,20.814743,-103.718469,"https://maps.google.com/?q=20.814743,-103.718469&t=k"
25592,agave en pie,2.13,2022,4,0,0.82,20.819589,-103.690227,"https://maps.google.com/?q=20.819589,-103.690227&t=k"
30864,agave en pie,2.13,2022,4,0,0.97,20.795167,-103.686403,"https://maps.google.com/?q=20.795167,-103.686403&t=k"
30855,agave en pie,2.12,2022,4,0,0.49,20.795701,-103.745578,"https://maps.google.com/?q=20.795701,-103.745578&t=k"
3265,agave en pie,2.11,2022,4,0,0.94,20.915267,-103.789199,"https://maps.google.com/?q=20.915267,-103.789199&t=k"
19464,agave en pie,2.11,2022,4,0,1.0,20.847089,-103.806564,"https://maps.google.com/?q=20.847089,-103.806564&t=k"
23319,agave en pie,2.11,2022,4,0,1.0,20.830196,-103.78743,"https://maps.google.com/?q=20.830196,-103.78743&t=k"
27055,agave en pie,2.11,2022,4,0,0.78,20.812832,-103.680917,"https://maps.google.com/?q=20.812832,-103.680917&t=k"
22322,agave en pie,2.1,2022,4,0,0.46,20.834701,-103.792055,"https://maps.google.com/?q=20.834701,-103.792055&t=k"
30478,agave en pie,2.1,2022,4,0,0.98,20.797373,-103.715205,"https://maps.google.com/?q=20.797373,-103.715205&t=k"
6994,agave en pie,2.09,2022,4,0,0.67,20.898978,-103.747894,"https://maps.google.com/?q=20.898978,-103.747894&t=k"
7358,agave en pie,2.09,2022,4,0,0.65,20.897272,-103.736949,"https://maps.google.com/?q=20.897272,-103.736949&t=k"
28668,agave en pie,2.09,2022,4,0,0.42,20.805725,-103.684774,"https://maps.google.com/?q=20.805725,-103.684774&t=k"
6618,agave en pie,2.08,2022,4,0,1.0,20.900978,-103.839163,"https://maps.google.com/?q=20.900978,-103.839163&t=k"
23824,agave en pie,2.07,2022,4,0,0.41,20.827441,-103.731238,"https://maps.google.com/?q=20.827441,-103.731238&t=k"
33649,agave en pie,2.07,2022,4,0,0.43,20.783549,-103.721038,"https://maps.google.com/?q=20.783549,-103.721038&t=k"
34138,agave en pie,2.07,2022,4,0,0.91,20.781342,-103.734025,"https://maps.google.com/?q=20.781342,-103.734025&t=k"
3766,agave en pie,2.06,2022,4,0,0.57,20.913692,-103.896852,"https://maps.google.com/?q=20.913692,-103.896852&t=k"
1835,agave en pie,2.03,2022,4,0,0.81,20.922096,-103.835875,"https://maps.google.com/?q=20.922096,-103.835875&t=k"
9417,agave en pie,2.03,2022,4,0,0.55,20.888882,-103.757062,"https://maps.google.com/?q=20.888882,-103.757062&t=k"
30946,agave en pie,2.03,2022,4,0,0.77,20.795016,-103.702064,"https://maps.google.com/?q=20.795016,-103.702064&t=k"
1219,agave en pie,2.02,2022,4,0,1.0,20.925766,-103.857627,"https://maps.google.com/?q=20.925766,-103.857627&t=k"
20928,agave en pie,2.02,2022,4,0,0.96,20.840305,-103.693988,"https://maps.google.com/?q=20.840305,-103.693988&t=k"
2475,agave en pie,2.01,2022,4,0,0.52,20.91905,-103.859841,"https://maps.google.com/?q=20.91905,-103.859841&t=k"
24353,agave en pie,2.01,2022,4,0,1.0,20.824739,-103.684465,"https://maps.google.com/?q=20.824739,-103.684465&t=k"
1950,agave en pie,2.0,2022,4,0,0.9,20.921545,-103.861361,"https://maps.google.com/?q=20.921545,-103.861361&t=k"
14970,agave en pie,2.0,2022,4,0,0.6,20.865838,-103.768594,"https://maps.google.com/?q=20.865838,-103.768594&t=k"
21934,agave en pie,2.0,2022,4,0,0.9,20.835921,-103.687683,"https://maps.google.com/?q=20.835921,-103.687683&t=k"
23351,agave en pie,2.0,2022,4,0,0.8,20.829927,-103.756154,"https://maps.google.com/?q=20.829927,-103.756154&t=k"
32556,agave en pie,2.0,2022,4,0,0.98,20.787771,-103.717784,"https://maps.google.com/?q=20.787771,-103.717784&t=k"
7559,agave en pie,1.98,2022,4,0,0.98,20.897501,-103.893893,"https://maps.google.com/?q=20.897501,-103.893893&t=k"
13707,agave en pie,1.98,2022,4,0,0.89,20.870704,-103.76692,"https://maps.google.com/?q=20.870704,-103.76692&t=k"
16323,agave en pie,1.98,2022,4,0,0.72,20.860127,-103.784836,"https://maps.google.com/?q=20.860127,-103.784836&t=k"
24422,agave en pie,1.98,2022,4,0,1.0,20.824551,-103.683458,"https://maps.google.com/?q=20.824551,-103.683458&t=k"
11998,agave en pie,1.97,2022,4,0,0.85,20.877887,-103.767054,"https://maps.google.com/?q=20.877887,-103.767054&t=k"
21446,agave en pie,1.96,2022,4,0,1.0,20.838077,-103.680217,"https://maps.google.com/?q=20.838077,-103.680217&t=k"
23338,agave en pie,1.96,2022,4,0,0.94,20.829657,-103.695473,"https://maps.google.com/?q=20.829657,-103.695473&t=k"
30968,agave en pie,1.96,2022,4,0,0.82,20.795558,-103.744619,"https://maps.google.com/?q=20.795558,-103.744619&t=k"
4254,agave en pie,1.94,2022,4,0,0.74,20.910947,-103.7539,"https://maps.google.com/?q=20.910947,-103.7539&t=k"
62,agave en pie,1.93,2022,4,0,1.0,20.930232,-103.849948,"https://maps.google.com/?q=20.930232,-103.849948&t=k"
6108,agave en pie,1.93,2022,4,0,1.0,20.902783,-103.838957,"https://maps.google.com/?q=20.902783,-103.838957&t=k"
30060,agave en pie,1.93,2022,4,0,0.46,20.799643,-103.759765,"https://maps.google.com/?q=20.799643,-103.759765&t=k"
2921,agave en pie,1.89,2022,4,0,0.95,20.916633,-103.836254,"https://maps.google.com/?q=20.916633,-103.836254&t=k"
32711,agave en pie,1.89,2022,4,0,0.49,20.78776,-103.784551,"https://maps.google.com/?q=20.78776,-103.784551&t=k"
21674,agave en pie,1.88,2022,4,0,0.97,20.837792,-103.788426,"https://maps.google.com/?q=20.837792,-103.788426&t=k"
2762,agave en pie,1.87,2022,4,0,0.72,20.917205,-103.834134,"https://maps.google.com/?q=20.917205,-103.834134&t=k"
5281,agave en pie,1.87,2022,4,0,0.71,20.906284,-103.758602,"https://maps.google.com/?q=20.906284,-103.758602&t=k"
8140,agave en pie,1.87,2022,4,0,0.64,20.893762,-103.714483,"https://maps.google.com/?q=20.893762,-103.714483&t=k"
30769,agave en pie,1.86,2022,4,0,0.87,20.796103,-103.708491,"https://maps.google.com/?q=20.796103,-103.708491&t=k"
32416,agave en pie,1.86,2022,4,0,0.59,20.789473,-103.758887,"https://maps.google.com/?q=20.789473,-103.758887&t=k"
10666,agave en pie,1.85,2022,4,0,1.0,20.884,-103.800938,"https://maps.google.com/?q=20.884,-103.800938&t=k"
9672,agave en pie,1.84,2022,4,0,0.7,20.887191,-103.687959,"https://maps.google.com/?q=20.887191,-103.687959&t=k"
14809,agave en pie,1.84,2022,4,0,0.85,20.866131,-103.740669,"https://maps.google.com/?q=20.866131,-103.740669&t=k"
2788,agave en pie,1.83,2022,4,0,0.56,20.917127,-103.765195,"https://maps.google.com/?q=20.917127,-103.765195&t=k"
3693,agave en pie,1.83,2022,4,0,0.78,20.913366,-103.801521,"https://maps.google.com/?q=20.913366,-103.801521&t=k"
8319,agave en pie,1.83,2022,4,0,0.85,20.892853,-103.775295,"https://maps.google.com/?q=20.892853,-103.775295&t=k"
10050,agave en pie,1.83,2022,4,0,0.95,20.885969,-103.772852,"https://maps.google.com/?q=20.885969,-103.772852&t=k"
21273,agave en pie,1.83,2022,4,0,0.95,20.839273,-103.787069,"https://maps.google.com/?q=20.839273,-103.787069&t=k"
26515,agave en pie,1.83,2022,4,0,0.52,20.815098,-103.687719,"https://maps.google.com/?q=20.815098,-103.687719&t=k"
27198,agave en pie,1.83,2022,4,0,0.85,20.812906,-103.776183,"https://maps.google.com/?q=20.812906,-103.776183&t=k"
5645,agave en pie,1.82,2022,4,0,0.65,20.905159,-103.876723,"https://maps.google.com/?q=20.905159,-103.876723&t=k"
6713,agave en pie,1.82,2022,4,0,0.52,20.899832,-103.778507,"https://maps.google.com/?q=20.899832,-103.778507&t=k"
21853,agave en pie,1.82,2022,4,0,0.48,20.836111,-103.694841,"https://maps.google.com/?q=20.836111,-103.694841&t=k"
10208,agave en pie,1.81,2022,4,0,1.0,20.886019,-103.805392,"https://maps.google.com/?q=20.886019,-103.805392&t=k"
30640,agave en pie,1.81,2022,4,0,0.98,20.797032,-103.717946,"https://maps.google.com/?q=20.797032,-103.717946&t=k"
6687,agave en pie,1.8,2022,4,0,0.53,20.900113,-103.754855,"https://maps.google.com/?q=20.900113,-103.754855&t=k"
17517,agave en pie,1.8,2022,4,0,1.0,20.854793,-103.734469,"https://maps.google.com/?q=20.854793,-103.734469&t=k"
22529,agave en pie,1.8,2022,4,0,0.98,20.832478,-103.698235,"https://maps.google.com/?q=20.832478,-103.698235&t=k"
23873,agave en pie,1.8,2022,4,0,1.0,20.827882,-103.79235,"https://maps.google.com/?q=20.827882,-103.79235&t=k"
23997,agave en pie,1.8,2022,4,0,1.0,20.82668,-103.684256,"https://maps.google.com/?q=20.82668,-103.684256&t=k"
2521,agave en pie,1.79,2022,4,0,0.52,20.918511,-103.738165,"https://maps.google.com/?q=20.918511,-103.738165&t=k"
3133,agave en pie,1.79,2022,4,0,0.64,20.916089,-103.87645,"https://maps.google.com/?q=20.916089,-103.87645&t=k"
10317,agave en pie,1.79,2022,4,0,0.64,20.885431,-103.798811,"https://maps.google.com/?q=20.885431,-103.798811&t=k"
2349,agave en pie,1.78,2022,4,0,0.69,20.920022,-103.863295,"https://maps.google.com/?q=20.920022,-103.863295&t=k"
12912,agave en pie,1.78,2022,4,0,0.61,20.874548,-103.879162,"https://maps.google.com/?q=20.874548,-103.879162&t=k"
6677,agave en pie,1.77,2022,4,0,0.97,20.901008,-103.843633,"https://maps.google.com/?q=20.901008,-103.843633&t=k"
8152,agave en pie,1.77,2022,4,0,0.55,20.894358,-103.815853,"https://maps.google.com/?q=20.894358,-103.815853&t=k"
11873,agave en pie,1.77,2022,4,0,0.58,20.879005,-103.897778,"https://maps.google.com/?q=20.879005,-103.897778&t=k"
16409,agave en pie,1.77,2022,4,0,0.5,20.859539,-103.734958,"https://maps.google.com/?q=20.859539,-103.734958&t=k"
17111,agave en pie,1.77,2022,4,0,0.88,20.856984,-103.800431,"https://maps.google.com/?q=20.856984,-103.800431&t=k"
4908,agave en pie,1.76,2022,4,0,0.5,20.908798,-103.873668,"https://maps.google.com/?q=20.908798,-103.873668&t=k"
7465,agave en pie,1.76,2022,4,0,0.67,20.897493,-103.792611,"https://maps.google.com/?q=20.897493,-103.792611&t=k"
12331,agave en pie,1.76,2022,4,0,0.84,20.876243,-103.733664,"https://maps.google.com/?q=20.876243,-103.733664&t=k"
12785,agave en pie,1.75,2022,4,0,0.97,20.874807,-103.765829,"https://maps.google.com/?q=20.874807,-103.765829&t=k"
18691,agave en pie,1.75,2022,4,0,0.91,20.849758,-103.689678,"https://maps.google.com/?q=20.849758,-103.689678&t=k"
22621,agave en pie,1.75,2022,4,0,1.0,20.833332,-103.796534,"https://maps.google.com/?q=20.833332,-103.796534&t=k"
369,agave en pie,1.74,2022,4,0,0.87,20.929359,-103.847791,"https://maps.google.com/?q=20.929359,-103.847791&t=k"
6510,agave en pie,1.74,2022,4,0,0.9,20.90126,-103.840795,"https://maps.google.com/?q=20.90126,-103.840795&t=k"
22703,agave en pie,1.74,2022,4,0,1.0,20.832985,-103.792069,"https://maps.google.com/?q=20.832985,-103.792069&t=k"
14743,agave en pie,1.73,2022,4,0,0.95,20.866315,-103.716783,"https://maps.google.com/?q=20.866315,-103.716783&t=k"
26797,agave en pie,1.72,2022,4,0,0.66,20.814438,-103.775642,"https://maps.google.com/?q=20.814438,-103.775642&t=k"
5163,agave en pie,1.7,2022,4,0,0.87,20.906951,-103.795083,"https://maps.google.com/?q=20.906951,-103.795083&t=k"
15381,agave en pie,1.7,2022,4,0,0.5,20.864312,-103.801863,"https://maps.google.com/?q=20.864312,-103.801863&t=k"
18014,agave en pie,1.7,2022,4,0,0.74,20.852636,-103.688019,"https://maps.google.com/?q=20.852636,-103.688019&t=k"
30008,agave en pie,1.7,2022,4,0,0.42,20.79902,-103.705968,"https://maps.google.com/?q=20.79902,-103.705968&t=k"
14973,agave en pie,1.69,2022,4,0,0.96,20.8659,-103.752253,"https://maps.google.com/?q=20.8659,-103.752253&t=k"
29994,agave en pie,1.69,2022,4,0,0.64,20.798781,-103.69228,"https://maps.google.com/?q=20.798781,-103.69228&t=k"
17494,agave en pie,1.68,2022,4,0,0.64,20.854532,-103.687762,"https://maps.google.com/?q=20.854532,-103.687762&t=k"
31797,agave en pie,1.68,2022,4,0,0.6,20.792036,-103.750988,"https://maps.google.com/?q=20.792036,-103.750988&t=k"
2085,agave en pie,1.67,2022,4,0,0.78,20.921073,-103.899586,"https://maps.google.com/?q=20.921073,-103.899586&t=k"
10985,agave en pie,1.67,2022,4,0,0.98,20.882181,-103.761155,"https://maps.google.com/?q=20.882181,-103.761155&t=k"
18446,agave en pie,1.67,2022,4,0,0.46,20.850355,-103.69688,"https://maps.google.com/?q=20.850355,-103.69688&t=k"
23952,agave en pie,1.66,2022,4,0,0.98,20.826935,-103.682236,"https://maps.google.com/?q=20.826935,-103.682236&t=k"
33418,agave en pie,1.64,2022,4,0,0.98,20.784509,-103.710511,"https://maps.google.com/?q=20.784509,-103.710511&t=k"
2014,agave en pie,1.63,2022,4,0,0.99,20.921596,-103.875928,"https://maps.google.com/?q=20.921596,-103.875928&t=k"
23831,agave en pie,1.63,2022,4,0,0.57,20.827438,-103.683,"https://maps.google.com/?q=20.827438,-103.683&t=k"
1486,agave en pie,1.62,2022,4,0,0.8,20.923638,-103.810575,"https://maps.google.com/?q=20.923638,-103.810575&t=k"
17167,agave en pie,1.61,2022,4,0,1.0,20.856831,-103.785102,"https://maps.google.com/?q=20.856831,-103.785102&t=k"
25156,agave en pie,1.6,2022,4,0,0.48,20.821286,-103.760597,"https://maps.google.com/?q=20.821286,-103.760597&t=k"
5871,agave en pie,1.59,2022,4,0,0.99,20.903526,-103.770786,"https://maps.google.com/?q=20.903526,-103.770786&t=k"
6103,agave en pie,1.59,2022,4,0,0.85,20.903302,-103.862316,"https://maps.google.com/?q=20.903302,-103.862316&t=k"
15493,agave en pie,1.59,2022,4,0,0.92,20.863078,-103.700759,"https://maps.google.com/?q=20.863078,-103.700759&t=k"
22987,agave en pie,1.59,2022,4,0,0.96,20.830197,-103.695276,"https://maps.google.com/?q=20.830197,-103.695276&t=k"
24198,agave en pie,1.59,2022,4,0,0.69,20.82582,-103.707757,"https://maps.google.com/?q=20.82582,-103.707757&t=k"
8242,agave en pie,1.58,2022,4,0,0.66,20.894369,-103.817343,"https://maps.google.com/?q=20.894369,-103.817343&t=k"
22351,agave en pie,1.58,2022,4,0,0.97,20.834443,-103.793931,"https://maps.google.com/?q=20.834443,-103.793931&t=k"
17279,agave en pie,1.57,2022,4,0,0.45,20.856247,-103.785491,"https://maps.google.com/?q=20.856247,-103.785491&t=k"
24068,agave en pie,1.57,2022,4,0,0.46,20.826451,-103.731775,"https://maps.google.com/?q=20.826451,-103.731775&t=k"
31313,agave en pie,1.57,2022,4,0,0.75,20.793854,-103.740165,"https://maps.google.com/?q=20.793854,-103.740165&t=k"
24680,agave en pie,1.56,2022,4,0,0.68,20.823221,-103.680827,"https://maps.google.com/?q=20.823221,-103.680827&t=k"
30642,agave en pie,1.56,2022,4,0,0.54,20.796006,-103.713584,"https://maps.google.com/?q=20.796006,-103.713584&t=k"
4156,agave en pie,1.55,2022,4,0,0.88,20.910765,-103.729144,"https://maps.google.com/?q=20.910765,-103.729144&t=k"
18707,agave en pie,1.55,2022,4,0,0.99,20.849474,-103.687998,"https://maps.google.com/?q=20.849474,-103.687998&t=k"
19633,agave en pie,1.55,2022,4,0,0.65,20.845489,-103.72854,"https://maps.google.com/?q=20.845489,-103.72854&t=k"
29529,agave en pie,1.55,2022,4,0,0.94,20.801885,-103.76993,"https://maps.google.com/?q=20.801885,-103.76993&t=k"
31672,agave en pie,1.55,2022,4,0,0.86,20.792135,-103.709486,"https://maps.google.com/?q=20.792135,-103.709486&t=k"
3242,agave en pie,1.54,2022,4,0,1.0,20.915583,-103.834724,"https://maps.google.com/?q=20.915583,-103.834724&t=k"
7665,agave en pie,1.54,2022,4,0,0.77,20.895943,-103.740517,"https://maps.google.com/?q=20.895943,-103.740517&t=k"
19110,agave en pie,1.54,2022,4,0,0.73,20.848094,-103.690605,"https://maps.google.com/?q=20.848094,-103.690605&t=k"
32890,agave en pie,1.54,2022,4,0,0.66,20.78656,-103.718899,"https://maps.google.com/?q=20.78656,-103.718899&t=k"
9522,agave en pie,1.53,2022,4,0,0.88,20.888713,-103.79667,"https://maps.google.com/?q=20.888713,-103.79667&t=k"
22202,agave en pie,1.53,2022,4,0,0.99,20.834809,-103.701771,"https://maps.google.com/?q=20.834809,-103.701771&t=k"
25315,agave en pie,1.53,2022,4,0,0.89,20.820383,-103.68777,"https://maps.google.com/?q=20.820383,-103.68777&t=k"
6685,agave en pie,1.51,2022,4,0,0.65,20.900465,-103.77855,"https://maps.google.com/?q=20.900465,-103.77855&t=k"
7536,agave en pie,1.5,2022,4,0,0.75,20.896703,-103.76416,"https://maps.google.com/?q=20.896703,-103.76416&t=k"
20208,agave en pie,1.5,2022,4,0,0.73,20.844058,-103.761323,"https://maps.google.com/?q=20.844058,-103.761323&t=k"
24423,agave en pie,1.5,2022,4,0,0.94,20.824359,-103.682066,"https://maps.google.com/?q=20.824359,-103.682066&t=k"
4978,agave en pie,1.49,2022,4,0,0.56,20.90832,-103.856124,"https://maps.google.com/?q=20.90832,-103.856124&t=k"
23174,agave en pie,1.49,2022,4,0,0.91,20.83083,-103.756146,"https://maps.google.com/?q=20.83083,-103.756146&t=k"
33333,agave en pie,1.49,2022,4,0,0.89,20.784877,-103.741777,"https://maps.google.com/?q=20.784877,-103.741777&t=k"
8025,agave en pie,1.48,2022,4,0,0.89,20.894948,-103.790372,"https://maps.google.com/?q=20.894948,-103.790372&t=k"
8657,agave en pie,1.48,2022,4,0,0.95,20.892732,-103.815865,"https://maps.google.com/?q=20.892732,-103.815865&t=k"
29890,agave en pie,1.48,2022,4,0,1.0,20.799953,-103.752701,"https://maps.google.com/?q=20.799953,-103.752701&t=k"
31328,agave en pie,1.48,2022,4,0,0.84,20.793847,-103.757843,"https://maps.google.com/?q=20.793847,-103.757843&t=k"
63,agave en pie,1.47,2022,4,0,0.95,20.930317,-103.849178,"https://maps.google.com/?q=20.930317,-103.849178&t=k"
12885,agave en pie,1.47,2022,4,0,0.52,20.874281,-103.755597,"https://maps.google.com/?q=20.874281,-103.755597&t=k"
19523,agave en pie,1.47,2022,4,0,0.88,20.847163,-103.804209,"https://maps.google.com/?q=20.847163,-103.804209&t=k"
16439,agave en pie,1.46,2022,4,0,0.42,20.859347,-103.71516,"https://maps.google.com/?q=20.859347,-103.71516&t=k"
17505,agave en pie,1.46,2022,4,0,0.82,20.855639,-103.801787,"https://maps.google.com/?q=20.855639,-103.801787&t=k"
24723,agave en pie,1.46,2022,4,0,0.79,20.82301,-103.688756,"https://maps.google.com/?q=20.82301,-103.688756&t=k"
33688,agave en pie,1.46,2022,4,0,0.99,20.783877,-103.722668,"https://maps.google.com/?q=20.783877,-103.722668&t=k"
13355,agave en pie,1.45,2022,4,0,1.0,20.871953,-103.727741,"https://maps.google.com/?q=20.871953,-103.727741&t=k"
18888,agave en pie,1.45,2022,4,0,1.0,20.849913,-103.809858,"https://maps.google.com/?q=20.849913,-103.809858&t=k"
3377,agave en pie,1.44,2022,4,0,0.56,20.915385,-103.87934,"https://maps.google.com/?q=20.915385,-103.87934&t=k"
10850,agave en pie,1.44,2022,4,0,0.62,20.883149,-103.770039,"https://maps.google.com/?q=20.883149,-103.770039&t=k"
13067,agave en pie,1.44,2022,4,0,1.0,20.872932,-103.707643,"https://maps.google.com/?q=20.872932,-103.707643&t=k"
17533,agave en pie,1.44,2022,4,0,0.67,20.85481,-103.761571,"https://maps.google.com/?q=20.85481,-103.761571&t=k"
22216,agave en pie,1.44,2022,4,0,0.99,20.834636,-103.702829,"https://maps.google.com/?q=20.834636,-103.702829&t=k"
30190,agave en pie,1.44,2022,4,0,0.76,20.799221,-103.751314,"https://maps.google.com/?q=20.799221,-103.751314&t=k"
12989,agave en pie,1.43,2022,4,0,0.99,20.872943,-103.739459,"https://maps.google.com/?q=20.872943,-103.739459&t=k"
16875,agave en pie,1.43,2022,4,0,0.34,20.857528,-103.725604,"https://maps.google.com/?q=20.857528,-103.725604&t=k"
30515,agave en pie,1.43,2022,4,0,0.99,20.79678,-103.702481,"https://maps.google.com/?q=20.79678,-103.702481&t=k"
3925,agave en pie,1.42,2022,4,0,0.76,20.911695,-103.732694,"https://maps.google.com/?q=20.911695,-103.732694&t=k"
10020,agave en pie,1.42,2022,4,0,0.73,20.887032,-103.888635,"https://maps.google.com/?q=20.887032,-103.888635&t=k"
30641,agave en pie,1.42,2022,4,0,1.0,20.796688,-103.714202,"https://maps.google.com/?q=20.796688,-103.714202&t=k"
10462,agave en pie,1.41,2022,4,0,0.89,20.88512,-103.886294,"https://maps.google.com/?q=20.88512,-103.886294&t=k"
7888,agave en pie,1.4,2022,4,0,0.66,20.895843,-103.854825,"https://maps.google.com/?q=20.895843,-103.854825&t=k"
24194,agave en pie,1.4,2022,4,0,0.43,20.826318,-103.756856,"https://maps.google.com/?q=20.826318,-103.756856&t=k"
2350,agave en pie,1.39,2022,4,0,1.0,20.919516,-103.835078,"https://maps.google.com/?q=20.919516,-103.835078&t=k"
9479,agave en pie,1.39,2022,4,0,0.87,20.888994,-103.797966,"https://maps.google.com/?q=20.888994,-103.797966&t=k"
11124,agave en pie,1.39,2022,4,0,0.84,20.882182,-103.805806,"https://maps.google.com/?q=20.882182,-103.805806&t=k"
13159,agave en pie,1.39,2022,4,0,0.72,20.871677,-103.727022,"https://maps.google.com/?q=20.871677,-103.727022&t=k"
15207,agave en pie,1.39,2022,4,0,0.74,20.864767,-103.751686,"https://maps.google.com/?q=20.864767,-103.751686&t=k"
24148,agave en pie,1.39,2022,4,0,1.0,20.826036,-103.682772,"https://maps.google.com/?q=20.826036,-103.682772&t=k"
7325,agave en pie,1.38,2022,4,0,0.85,20.896835,-103.714745,"https://maps.google.com/?q=20.896835,-103.714745&t=k"
26139,agave en pie,1.38,2022,4,0,0.99,20.817181,-103.706246,"https://maps.google.com/?q=20.817181,-103.706246&t=k"
8026,agave en pie,1.37,2022,4,0,0.94,20.894803,-103.789123,"https://maps.google.com/?q=20.894803,-103.789123&t=k"
8605,agave en pie,1.37,2022,4,0,0.64,20.893165,-103.880033,"https://maps.google.com/?q=20.893165,-103.880033&t=k"
13436,agave en pie,1.37,2022,4,0,1.0,20.87201,-103.766381,"https://maps.google.com/?q=20.87201,-103.766381&t=k"
30386,agave en pie,1.37,2022,4,0,1.0,20.797682,-103.720295,"https://maps.google.com/?q=20.797682,-103.720295&t=k"
31969,agave en pie,1.37,2022,4,0,0.64,20.791167,-103.743262,"https://maps.google.com/?q=20.791167,-103.743262&t=k"
18735,agave en pie,1.35,2022,4,0,1.0,20.850034,-103.6903,"https://maps.google.com/?q=20.850034,-103.6903&t=k"
20248,agave en pie,1.35,2022,4,0,0.88,20.844048,-103.759978,"https://maps.google.com/?q=20.844048,-103.759978&t=k"
24224,agave en pie,1.35,2022,4,0,0.9,20.825734,-103.726496,"https://maps.google.com/?q=20.825734,-103.726496&t=k"
8887,agave en pie,1.34,2022,4,0,0.52,20.890607,-103.691679,"https://maps.google.com/?q=20.890607,-103.691679&t=k"
10352,agave en pie,1.34,2022,4,0,1.0,20.884997,-103.750798,"https://maps.google.com/?q=20.884997,-103.750798&t=k"
11767,agave en pie,1.34,2022,4,0,0.85,20.878746,-103.798864,"https://maps.google.com/?q=20.878746,-103.798864&t=k"
15512,agave en pie,1.34,2022,4,0,1.0,20.863751,-103.786296,"https://maps.google.com/?q=20.863751,-103.786296&t=k"
33252,agave en pie,1.34,2022,4,0,0.99,20.785487,-103.720445,"https://maps.google.com/?q=20.785487,-103.720445&t=k"
1681,agave en pie,1.33,2022,4,0,0.72,20.923401,-103.882453,"https://maps.google.com/?q=20.923401,-103.882453&t=k"
2804,agave en pie,1.33,2022,4,0,0.51,20.917347,-103.776875,"https://maps.google.com/?q=20.917347,-103.776875&t=k"
4079,agave en pie,1.33,2022,4,0,0.82,20.912275,-103.873594,"https://maps.google.com/?q=20.912275,-103.873594&t=k"
24839,agave en pie,1.33,2022,4,0,0.6,20.823005,-103.729978,"https://maps.google.com/?q=20.823005,-103.729978&t=k"
27376,agave en pie,1.33,2022,4,0,0.52,20.811186,-103.684198,"https://maps.google.com/?q=20.811186,-103.684198&t=k"
387,agave en pie,1.32,2022,4,0,1.0,20.929786,-103.87803,"https://maps.google.com/?q=20.929786,-103.87803&t=k"
4771,agave en pie,1.32,2022,4,0,0.93,20.909302,-103.854386,"https://maps.google.com/?q=20.909302,-103.854386&t=k"
8091,agave en pie,1.31,2022,4,0,0.98,20.894617,-103.788259,"https://maps.google.com/?q=20.894617,-103.788259&t=k"
13086,agave en pie,1.31,2022,4,0,0.97,20.873082,-103.727731,"https://maps.google.com/?q=20.873082,-103.727731&t=k"
31258,agave en pie,1.31,2022,4,0,0.59,20.793494,-103.686081,"https://maps.google.com/?q=20.793494,-103.686081&t=k"
21118,agave en pie,1.3,2022,4,0,0.78,20.839436,-103.686644,"https://maps.google.com/?q=20.839436,-103.686644&t=k"
34057,agave en pie,1.3,2022,4,0,0.98,20.78255,-103.763459,"https://maps.google.com/?q=20.78255,-103.763459&t=k"
2277,agave en pie,1.29,2022,4,0,0.55,20.920117,-103.864016,"https://maps.google.com/?q=20.920117,-103.864016&t=k"
19182,agave en pie,1.29,2022,4,0,0.72,20.847226,-103.689315,"https://maps.google.com/?q=20.847226,-103.689315&t=k"
30648,agave en pie,1.29,2022,4,0,0.66,20.796338,-103.703734,"https://maps.google.com/?q=20.796338,-103.703734&t=k"
7393,agave en pie,1.28,2022,4,0,0.79,20.897373,-103.763193,"https://maps.google.com/?q=20.897373,-103.763193&t=k"
9263,agave en pie,1.28,2022,4,0,0.64,20.889635,-103.754989,"https://maps.google.com/?q=20.889635,-103.754989&t=k"
17643,agave en pie,1.28,2022,4,0,0.52,20.854844,-103.843842,"https://maps.google.com/?q=20.854844,-103.843842&t=k"
23212,agave en pie,1.28,2022,4,0,0.92,20.830721,-103.785024,"https://maps.google.com/?q=20.830721,-103.785024&t=k"
34609,agave en pie,1.28,2022,4,0,0.77,20.779302,-103.702822,"https://maps.google.com/?q=20.779302,-103.702822&t=k"
2491,agave en pie,1.27,2022,4,0,0.81,20.919442,-103.884982,"https://maps.google.com/?q=20.919442,-103.884982&t=k"
7592,agave en pie,1.27,2022,4,0,0.75,20.897021,-103.802517,"https://maps.google.com/?q=20.897021,-103.802517&t=k"
8236,agave en pie,1.27,2022,4,0,0.51,20.894482,-103.853922,"https://maps.google.com/?q=20.894482,-103.853922&t=k"
27826,agave en pie,1.27,2022,4,0,0.57,20.809458,-103.718514,"https://maps.google.com/?q=20.809458,-103.718514&t=k"
7421,agave en pie,1.26,2022,4,0,0.94,20.897055,-103.738152,"https://maps.google.com/?q=20.897055,-103.738152&t=k"
14648,agave en pie,1.26,2022,4,0,0.83,20.867024,-103.751523,"https://maps.google.com/?q=20.867024,-103.751523&t=k"
24261,agave en pie,1.26,2022,4,0,0.8,20.826232,-103.782513,"https://maps.google.com/?q=20.826232,-103.782513&t=k"
26333,agave en pie,1.26,2022,4,0,0.96,20.816323,-103.688478,"https://maps.google.com/?q=20.816323,-103.688478&t=k"
6828,agave en pie,1.25,2022,4,0,0.87,20.900671,-103.888198,"https://maps.google.com/?q=20.900671,-103.888198&t=k"
14459,agave en pie,1.25,2022,4,0,0.92,20.867833,-103.75094,"https://maps.google.com/?q=20.867833,-103.75094&t=k"
17702,agave en pie,1.25,2022,4,0,0.7,20.854421,-103.795598,"https://maps.google.com/?q=20.854421,-103.795598&t=k"
18045,agave en pie,1.25,2022,4,0,0.98,20.853103,-103.762883,"https://maps.google.com/?q=20.853103,-103.762883&t=k"
26102,agave en pie,1.25,2022,4,0,0.85,20.817548,-103.695049,"https://maps.google.com/?q=20.817548,-103.695049&t=k"
2214,agave en pie,1.24,2022,4,0,0.94,20.920511,-103.835263,"https://maps.google.com/?q=20.920511,-103.835263&t=k"
23441,agave en pie,1.24,2022,4,0,0.72,20.829689,-103.705658,"https://maps.google.com/?q=20.829689,-103.705658&t=k"
23601,agave en pie,1.24,2022,4,0,0.6,20.827861,-103.685111,"https://maps.google.com/?q=20.827861,-103.685111&t=k"
23839,agave en pie,1.24,2022,4,0,0.7,20.827946,-103.769575,"https://maps.google.com/?q=20.827946,-103.769575&t=k"
33350,agave en pie,1.24,2022,4,0,0.76,20.785029,-103.743985,"https://maps.google.com/?q=20.785029,-103.743985&t=k"
4626,agave en pie,1.23,2022,4,0,1.0,20.908784,-103.729978,"https://maps.google.com/?q=20.908784,-103.729978&t=k"
24265,agave en pie,1.23,2022,4,0,0.78,20.825879,-103.758493,"https://maps.google.com/?q=20.825879,-103.758493&t=k"
25780,agave en pie,1.23,2022,4,0,0.94,20.818916,-103.6849,"https://maps.google.com/?q=20.818916,-103.6849&t=k"
28363,agave en pie,1.23,2022,4,0,0.93,20.807753,-103.763157,"https://maps.google.com/?q=20.807753,-103.763157&t=k"
10112,agave en pie,1.22,2022,4,0,0.71,20.885403,-103.769444,"https://maps.google.com/?q=20.885403,-103.769444&t=k"
23452,agave en pie,1.22,2022,4,0,0.93,20.829909,-103.785078,"https://maps.google.com/?q=20.829909,-103.785078&t=k"
27111,agave en pie,1.22,2022,4,0,0.93,20.812991,-103.775365,"https://maps.google.com/?q=20.812991,-103.775365&t=k"
29080,agave en pie,1.22,2022,4,0,0.68,20.803147,-103.690225,"https://maps.google.com/?q=20.803147,-103.690225&t=k"
31253,agave en pie,1.22,2022,4,0,0.52,20.793665,-103.696743,"https://maps.google.com/?q=20.793665,-103.696743&t=k"
32899,agave en pie,1.22,2022,4,0,0.82,20.787505,-103.755301,"https://maps.google.com/?q=20.787505,-103.755301&t=k"
34228,agave en pie,1.22,2022,4,0,0.83,20.780837,-103.732973,"https://maps.google.com/?q=20.780837,-103.732973&t=k"
5842,agave en pie,1.21,2022,4,0,0.87,20.903729,-103.780206,"https://maps.google.com/?q=20.903729,-103.780206&t=k"
2512,agave en pie,1.2,2022,4,0,0.87,20.918513,-103.77576,"https://maps.google.com/?q=20.918513,-103.77576&t=k"
11191,agave en pie,1.2,2022,4,0,0.73,20.882409,-103.865694,"https://maps.google.com/?q=20.882409,-103.865694&t=k"
15291,agave en pie,1.2,2022,4,0,1.0,20.864502,-103.752601,"https://maps.google.com/?q=20.864502,-103.752601&t=k"
19354,agave en pie,1.2,2022,4,0,0.82,20.846589,-103.688744,"https://maps.google.com/?q=20.846589,-103.688744&t=k"
30775,agave en pie,1.2,2022,4,0,0.48,20.795954,-103.682986,"https://maps.google.com/?q=20.795954,-103.682986&t=k"
31078,agave en pie,1.2,2022,4,0,0.92,20.794591,-103.681941,"https://maps.google.com/?q=20.794591,-103.681941&t=k"
4543,agave en pie,1.19,2022,4,0,0.87,20.909787,-103.76838,"https://maps.google.com/?q=20.909787,-103.76838&t=k"
5995,agave en pie,1.19,2022,4,0,0.89,20.903375,-103.79391,"https://maps.google.com/?q=20.903375,-103.79391&t=k"
11989,agave en pie,1.19,2022,4,0,0.47,20.878773,-103.869037,"https://maps.google.com/?q=20.878773,-103.869037&t=k"
21193,agave en pie,1.19,2022,4,0,0.69,20.839784,-103.770055,"https://maps.google.com/?q=20.839784,-103.770055&t=k"
22190,agave en pie,1.19,2022,4,0,0.55,20.835174,-103.79503,"https://maps.google.com/?q=20.835174,-103.79503&t=k"
6703,agave en pie,1.18,2022,4,0,1.0,20.900895,-103.840317,"https://maps.google.com/?q=20.900895,-103.840317&t=k"
8460,agave en pie,1.18,2022,4,0,0.67,20.893918,-103.85061,"https://maps.google.com/?q=20.893918,-103.85061&t=k"
12706,agave en pie,1.18,2022,4,0,0.91,20.874914,-103.768135,"https://maps.google.com/?q=20.874914,-103.768135&t=k"
13568,agave en pie,1.18,2022,4,0,0.75,20.871028,-103.812767,"https://maps.google.com/?q=20.871028,-103.812767&t=k"
20961,agave en pie,1.18,2022,4,0,1.0,20.840892,-103.785999,"https://maps.google.com/?q=20.840892,-103.785999&t=k"
21461,agave en pie,1.18,2022,4,0,0.56,20.837592,-103.687621,"https://maps.google.com/?q=20.837592,-103.687621&t=k"
24073,agave en pie,1.18,2022,4,0,0.99,20.826057,-103.685511,"https://maps.google.com/?q=20.826057,-103.685511&t=k"
5495,agave en pie,1.17,2022,4,0,0.88,20.905133,-103.731066,"https://maps.google.com/?q=20.905133,-103.731066&t=k"
12424,agave en pie,1.17,2022,4,0,0.68,20.87733,-103.897117,"https://maps.google.com/?q=20.87733,-103.897117&t=k"
8363,agave en pie,1.16,2022,4,0,0.84,20.893326,-103.728666,"https://maps.google.com/?q=20.893326,-103.728666&t=k"
17947,agave en pie,1.16,2022,4,0,0.91,20.854074,-103.810642,"https://maps.google.com/?q=20.854074,-103.810642&t=k"
18026,agave en pie,1.16,2022,4,0,0.79,20.853167,-103.75923,"https://maps.google.com/?q=20.853167,-103.75923&t=k"
18269,agave en pie,1.16,2022,4,0,0.6,20.85182,-103.699414,"https://maps.google.com/?q=20.85182,-103.699414&t=k"
18423,agave en pie,1.16,2022,4,0,0.54,20.848547,-103.684931,"https://maps.google.com/?q=20.848547,-103.684931&t=k"
20626,agave en pie,1.16,2022,4,0,0.75,20.841838,-103.693542,"https://maps.google.com/?q=20.841838,-103.693542&t=k"
23289,agave en pie,1.16,2022,4,0,0.79,20.830067,-103.68413,"https://maps.google.com/?q=20.830067,-103.68413&t=k"
10508,agave en pie,1.15,2022,4,0,0.67,20.884576,-103.773872,"https://maps.google.com/?q=20.884576,-103.773872&t=k"
17612,agave en pie,1.14,2022,4,0,0.89,20.854583,-103.71842,"https://maps.google.com/?q=20.854583,-103.71842&t=k"
18873,agave en pie,1.14,2022,4,0,0.61,20.849001,-103.691078,"https://maps.google.com/?q=20.849001,-103.691078&t=k"
19294,agave en pie,1.14,2022,4,0,0.98,20.847503,-103.69013,"https://maps.google.com/?q=20.847503,-103.69013&t=k"
9861,agave en pie,1.13,2022,4,0,0.53,20.887299,-103.888056,"https://maps.google.com/?q=20.887299,-103.888056&t=k"
9993,agave en pie,1.13,2022,4,0,0.99,20.886292,-103.773714,"https://maps.google.com/?q=20.886292,-103.773714&t=k"
15325,agave en pie,1.13,2022,4,0,0.96,20.864255,-103.701134,"https://maps.google.com/?q=20.864255,-103.701134&t=k"
30266,agave en pie,1.13,2022,4,0,0.84,20.796839,-103.692345,"https://maps.google.com/?q=20.796839,-103.692345&t=k"
31481,agave en pie,1.13,2022,4,0,0.69,20.793491,-103.727631,"https://maps.google.com/?q=20.793491,-103.727631&t=k"
2625,agave en pie,1.12,2022,4,0,0.81,20.918902,-103.899217,"https://maps.google.com/?q=20.918902,-103.899217&t=k"
10779,agave en pie,1.12,2022,4,0,0.96,20.882716,-103.681702,"https://maps.google.com/?q=20.882716,-103.681702&t=k"
17886,agave en pie,1.12,2022,4,0,0.88,20.853725,-103.74899,"https://maps.google.com/?q=20.853725,-103.74899&t=k"
31572,agave en pie,1.12,2022,4,0,0.81,20.793371,-103.785947,"https://maps.google.com/?q=20.793371,-103.785947&t=k"
6442,agave en pie,1.11,2022,4,0,0.89,20.901532,-103.769937,"https://maps.google.com/?q=20.901532,-103.769937&t=k"
14402,agave en pie,1.11,2022,4,0,0.66,20.868179,-103.773861,"https://maps.google.com/?q=20.868179,-103.773861&t=k"
26611,agave en pie,1.11,2022,4,0,0.86,20.815188,-103.693628,"https://maps.google.com/?q=20.815188,-103.693628&t=k"
3427,agave en pie,1.1,2022,4,0,0.62,20.913814,-103.744454,"https://maps.google.com/?q=20.913814,-103.744454&t=k"
5375,agave en pie,1.1,2022,4,0,0.38,20.905735,-103.757645,"https://maps.google.com/?q=20.905735,-103.757645&t=k"
9038,agave en pie,1.1,2022,4,0,0.54,20.890282,-103.690432,"https://maps.google.com/?q=20.890282,-103.690432&t=k"
15464,agave en pie,1.1,2022,4,0,0.55,20.863845,-103.786824,"https://maps.google.com/?q=20.863845,-103.786824&t=k"
16878,agave en pie,1.1,2022,4,0,0.89,20.857569,-103.707006,"https://maps.google.com/?q=20.857569,-103.707006&t=k"
24439,agave en pie,1.1,2022,4,0,0.83,20.824221,-103.681683,"https://maps.google.com/?q=20.824221,-103.681683&t=k"
30639,agave en pie,1.1,2022,4,0,1.0,20.797046,-103.719772,"https://maps.google.com/?q=20.797046,-103.719772&t=k"
30837,agave en pie,1.1,2022,4,0,0.88,20.79577,-103.694275,"https://maps.google.com/?q=20.79577,-103.694275&t=k"
31728,agave en pie,1.1,2022,4,0,0.76,20.791832,-103.681484,"https://maps.google.com/?q=20.791832,-103.681484&t=k"
1026,agave en pie,1.09,2022,4,0,0.94,20.926224,-103.858489,"https://maps.google.com/?q=20.926224,-103.858489&t=k"
6428,agave en pie,1.09,2022,4,0,0.67,20.900903,-103.685436,"https://maps.google.com/?q=20.900903,-103.685436&t=k"
4383,agave en pie,1.08,2022,4,0,0.86,20.909678,-103.734826,"https://maps.google.com/?q=20.909678,-103.734826&t=k"
8856,agave en pie,1.08,2022,4,0,1.0,20.891483,-103.798667,"https://maps.google.com/?q=20.891483,-103.798667&t=k"
9229,agave en pie,1.08,2022,4,0,0.8,20.888683,-103.730003,"https://maps.google.com/?q=20.888683,-103.730003&t=k"
15876,agave en pie,1.08,2022,4,0,0.83,20.862214,-103.773525,"https://maps.google.com/?q=20.862214,-103.773525&t=k"
4262,agave en pie,1.07,2022,4,0,0.76,20.911367,-103.852448,"https://maps.google.com/?q=20.911367,-103.852448&t=k"
5102,agave en pie,1.07,2022,4,0,0.93,20.907257,-103.755805,"https://maps.google.com/?q=20.907257,-103.755805&t=k"
8411,agave en pie,1.07,2022,4,0,0.95,20.894197,-103.892812,"https://maps.google.com/?q=20.894197,-103.892812&t=k"
9051,agave en pie,1.07,2022,4,0,0.91,20.890242,-103.72701,"https://maps.google.com/?q=20.890242,-103.72701&t=k"
10854,agave en pie,1.07,2022,4,0,0.86,20.882735,-103.731976,"https://maps.google.com/?q=20.882735,-103.731976&t=k"
19587,agave en pie,1.07,2022,4,0,0.64,20.846728,-103.768269,"https://maps.google.com/?q=20.846728,-103.768269&t=k"
22588,agave en pie,1.07,2022,4,0,0.73,20.832799,-103.698857,"https://maps.google.com/?q=20.832799,-103.698857&t=k"
28953,agave en pie,1.07,2022,4,0,0.47,20.803381,-103.697332,"https://maps.google.com/?q=20.803381,-103.697332&t=k"
32098,agave en pie,1.07,2022,4,0,0.81,20.790327,-103.715265,"https://maps.google.com/?q=20.790327,-103.715265&t=k"
8407,agave en pie,1.06,2022,4,0,0.98,20.893314,-103.72708,"https://maps.google.com/?q=20.893314,-103.72708&t=k"
12454,agave en pie,1.06,2022,4,0,0.76,20.876674,-103.845598,"https://maps.google.com/?q=20.876674,-103.845598&t=k"
13138,agave en pie,1.06,2022,4,0,0.89,20.872679,-103.710145,"https://maps.google.com/?q=20.872679,-103.710145&t=k"
19412,agave en pie,1.06,2022,4,0,0.96,20.847232,-103.769226,"https://maps.google.com/?q=20.847232,-103.769226&t=k"
5883,agave en pie,1.05,2022,4,0,0.96,20.904006,-103.839476,"https://maps.google.com/?q=20.904006,-103.839476&t=k"
8828,agave en pie,1.05,2022,4,0,0.93,20.891569,-103.798041,"https://maps.google.com/?q=20.891569,-103.798041&t=k"
9997,agave en pie,1.05,2022,4,0,0.82,20.886209,-103.731466,"https://maps.google.com/?q=20.886209,-103.731466&t=k"
24318,agave en pie,1.05,2022,4,0,1.0,20.825243,-103.685422,"https://maps.google.com/?q=20.825243,-103.685422&t=k"
28139,agave en pie,1.05,2022,4,0,0.89,20.807632,-103.697968,"https://maps.google.com/?q=20.807632,-103.697968&t=k"
2072,agave en pie,1.04,2022,4,0,0.56,20.920526,-103.71762,"https://maps.google.com/?q=20.920526,-103.71762&t=k"
5235,agave en pie,1.04,2022,4,0,0.63,20.907279,-103.81604,"https://maps.google.com/?q=20.907279,-103.81604&t=k"
5923,agave en pie,1.04,2022,4,0,0.59,20.904419,-103.881007,"https://maps.google.com/?q=20.904419,-103.881007&t=k"
7241,agave en pie,1.04,2022,4,0,0.83,20.898838,-103.877299,"https://maps.google.com/?q=20.898838,-103.877299&t=k"
7344,agave en pie,1.04,2022,4,0,0.82,20.897863,-103.787416,"https://maps.google.com/?q=20.897863,-103.787416&t=k"
10746,agave en pie,1.04,2022,4,0,0.87,20.883354,-103.767249,"https://maps.google.com/?q=20.883354,-103.767249&t=k"
11436,agave en pie,1.04,2022,4,0,0.99,20.880336,-103.725267,"https://maps.google.com/?q=20.880336,-103.725267&t=k"
15336,agave en pie,1.04,2022,4,0,0.9,20.864851,-103.801378,"https://maps.google.com/?q=20.864851,-103.801378&t=k"
16268,agave en pie,1.04,2022,4,0,0.53,20.860407,-103.70602,"https://maps.google.com/?q=20.860407,-103.70602&t=k"
16734,agave en pie,1.04,2022,4,0,0.65,20.858611,-103.737656,"https://maps.google.com/?q=20.858611,-103.737656&t=k"
33129,agave en pie,1.04,2022,4,0,0.45,20.786522,-103.75675,"https://maps.google.com/?q=20.786522,-103.75675&t=k"
5471,agave en pie,1.03,2022,4,0,0.5,20.905243,-103.733758,"https://maps.google.com/?q=20.905243,-103.733758&t=k"
7172,agave en pie,1.03,2022,4,0,0.83,20.899169,-103.879556,"https://maps.google.com/?q=20.899169,-103.879556&t=k"
9194,agave en pie,1.03,2022,4,0,0.91,20.890667,-103.891925,"https://maps.google.com/?q=20.890667,-103.891925&t=k"
18947,agave en pie,1.03,2022,4,0,0.49,20.849047,-103.70309,"https://maps.google.com/?q=20.849047,-103.70309&t=k"
19420,agave en pie,1.03,2022,4,0,0.92,20.847139,-103.701617,"https://maps.google.com/?q=20.847139,-103.701617&t=k"
24116,agave en pie,1.03,2022,4,0,0.52,20.826234,-103.73293,"https://maps.google.com/?q=20.826234,-103.73293&t=k"
32722,agave en pie,1.03,2022,4,0,0.83,20.787278,-103.718269,"https://maps.google.com/?q=20.787278,-103.718269&t=k"
750,agave en pie,1.02,2022,4,0,1.0,20.927935,-103.857706,"https://maps.google.com/?q=20.927935,-103.857706&t=k"
6181,agave en pie,1.02,2022,4,0,1.0,20.902771,-103.798,"https://maps.google.com/?q=20.902771,-103.798&t=k"
11108,agave en pie,1.02,2022,4,0,0.74,20.88187,-103.761927,"https://maps.google.com/?q=20.88187,-103.761927&t=k"
13302,agave en pie,1.02,2022,4,0,0.4,20.872751,-103.873744,"https://maps.google.com/?q=20.872751,-103.873744&t=k"
22215,agave en pie,1.02,2022,4,0,0.33,20.834986,-103.725409,"https://maps.google.com/?q=20.834986,-103.725409&t=k"
23031,agave en pie,1.02,2022,4,0,0.71,20.830775,-103.718045,"https://maps.google.com/?q=20.830775,-103.718045&t=k"
30142,agave en pie,1.02,2022,4,0,0.7,20.799497,-103.758229,"https://maps.google.com/?q=20.799497,-103.758229&t=k"
32277,agave en pie,1.02,2022,4,0,0.98,20.789934,-103.75384,"https://maps.google.com/?q=20.789934,-103.75384&t=k"
2875,agave en pie,1.01,2022,4,0,0.72,20.917032,-103.789762,"https://maps.google.com/?q=20.917032,-103.789762&t=k"
6817,agave en pie,1.01,2022,4,0,0.81,20.900173,-103.801049,"https://maps.google.com/?q=20.900173,-103.801049&t=k"
10667,agave en pie,1.01,2022,4,0,0.72,20.88368,-103.800267,"https://maps.google.com/?q=20.88368,-103.800267&t=k"
10769,agave en pie,1.01,2022,4,0,1.0,20.883274,-103.756147,"https://maps.google.com/?q=20.883274,-103.756147&t=k"
15141,agave en pie,1.01,2022,4,0,0.29,20.865753,-103.814106,"https://maps.google.com/?q=20.865753,-103.814106&t=k"
22744,agave en pie,1.01,2022,4,0,0.95,20.83272,-103.792984,"https://maps.google.com/?q=20.83272,-103.792984&t=k"
27830,agave en pie,1.01,2022,4,0,0.72,20.809379,-103.695936,"https://maps.google.com/?q=20.809379,-103.695936&t=k"
30681,agave en pie,1.01,2022,4,0,0.71,20.797244,-103.784331,"https://maps.google.com/?q=20.797244,-103.784331&t=k"
31432,agave en pie,1.01,2022,4,0,0.52,20.793349,-103.770144,"https://maps.google.com/?q=20.793349,-103.770144&t=k"
1308,agave en pie,1.0,2022,4,0,0.84,20.925134,-103.88494,"https://maps.google.com/?q=20.925134,-103.88494&t=k"
7113,agave en pie,1.0,2022,4,0,0.6,20.899493,-103.880659,"https://maps.google.com/?q=20.899493,-103.880659&t=k"
29489,agave en pie,1.0,2022,4,0,0.65,20.802285,-103.769111,"https://maps.google.com/?q=20.802285,-103.769111&t=k"
24,agave en pie,0.99,2022,4,0,1.0,20.931055,-103.878694,"https://maps.google.com/?q=20.931055,-103.878694&t=k"
5717,agave en pie,0.99,2022,4,0,0.9,20.904176,-103.730017,"https://maps.google.com/?q=20.904176,-103.730017&t=k"
12240,agave en pie,0.99,2022,4,0,1.0,20.877342,-103.772826,"https://maps.google.com/?q=20.877342,-103.772826&t=k"
31961,agave en pie,0.99,2022,4,0,0.89,20.791587,-103.782743,"https://maps.google.com/?q=20.791587,-103.782743&t=k"
5996,agave en pie,0.98,2022,4,0,1.0,20.903273,-103.785882,"https://maps.google.com/?q=20.903273,-103.785882&t=k"
11354,agave en pie,0.98,2022,4,0,0.98,20.880451,-103.68672,"https://maps.google.com/?q=20.880451,-103.68672&t=k"
12148,agave en pie,0.98,2022,4,0,0.79,20.876356,-103.767739,"https://maps.google.com/?q=20.876356,-103.767739&t=k"
28341,agave en pie,0.98,2022,4,0,0.82,20.80786,-103.77166,"https://maps.google.com/?q=20.80786,-103.77166&t=k"
4197,agave en pie,0.97,2022,4,0,0.93,20.910955,-103.736498,"https://maps.google.com/?q=20.910955,-103.736498&t=k"
6547,agave en pie,0.97,2022,4,0,0.74,20.900986,-103.801043,"https://maps.google.com/?q=20.900986,-103.801043&t=k"
7009,agave en pie,0.97,2022,4,0,0.92,20.898908,-103.78188,"https://maps.google.com/?q=20.898908,-103.78188&t=k"
9184,agave en pie,0.97,2022,4,0,0.76,20.890386,-103.80329,"https://maps.google.com/?q=20.890386,-103.80329&t=k"
31920,agave en pie,0.97,2022,4,0,0.87,20.79127,-103.708484,"https://maps.google.com/?q=20.79127,-103.708484&t=k"
7670,agave en pie,0.96,2022,4,0,0.93,20.896478,-103.875586,"https://maps.google.com/?q=20.896478,-103.875586&t=k"
9988,agave en pie,0.96,2022,4,0,0.85,20.887382,-103.812975,"https://maps.google.com/?q=20.887382,-103.812975&t=k"
11249,agave en pie,0.96,2022,4,0,0.5,20.881585,-103.747606,"https://maps.google.com/?q=20.881585,-103.747606&t=k"
18797,agave en pie,0.96,2022,4,0,0.52,20.84922,-103.690211,"https://maps.google.com/?q=20.84922,-103.690211&t=k"
7230,agave en pie,0.95,2022,4,0,0.52,20.897859,-103.755498,"https://maps.google.com/?q=20.897859,-103.755498&t=k"
10273,agave en pie,0.95,2022,4,0,0.75,20.885272,-103.757573,"https://maps.google.com/?q=20.885272,-103.757573&t=k"
11764,agave en pie,0.95,2022,4,0,0.61,20.879243,-103.811838,"https://maps.google.com/?q=20.879243,-103.811838&t=k"
15060,agave en pie,0.95,2022,4,0,0.35,20.866396,-103.882923,"https://maps.google.com/?q=20.866396,-103.882923&t=k"
16972,agave en pie,0.95,2022,4,0,0.81,20.856563,-103.741758,"https://maps.google.com/?q=20.856563,-103.741758&t=k"
20752,agave en pie,0.95,2022,4,0,0.92,20.8411,-103.691626,"https://maps.google.com/?q=20.8411,-103.691626&t=k"
23090,agave en pie,0.95,2022,4,0,0.95,20.830555,-103.71872,"https://maps.google.com/?q=20.830555,-103.71872&t=k"
909,agave en pie,0.94,2022,4,0,0.79,20.927409,-103.880644,"https://maps.google.com/?q=20.927409,-103.880644&t=k"
5712,agave en pie,0.94,2022,4,0,1.0,20.904475,-103.770778,"https://maps.google.com/?q=20.904475,-103.770778&t=k"
18522,agave en pie,0.94,2022,4,0,1.0,20.850668,-103.696445,"https://maps.google.com/?q=20.850668,-103.696445&t=k"
28027,agave en pie,0.94,2022,4,0,1.0,20.808535,-103.697865,"https://maps.google.com/?q=20.808535,-103.697865&t=k"
8133,agave en pie,0.93,2022,4,0,0.8,20.89484,-103.813638,"https://maps.google.com/?q=20.89484,-103.813638&t=k"
15768,agave en pie,0.93,2022,4,0,0.38,20.862722,-103.787698,"https://maps.google.com/?q=20.862722,-103.787698&t=k"
22995,agave en pie,0.93,2022,4,0,0.8,20.831621,-103.784536,"https://maps.google.com/?q=20.831621,-103.784536&t=k"
30914,agave en pie,0.93,2022,4,0,0.88,20.795716,-103.693171,"https://maps.google.com/?q=20.795716,-103.693171&t=k"
34214,agave en pie,0.93,2022,4,0,0.89,20.781458,-103.743679,"https://maps.google.com/?q=20.781458,-103.743679&t=k"
1834,agave en pie,0.92,2022,4,0,0.59,20.922511,-103.837122,"https://maps.google.com/?q=20.922511,-103.837122&t=k"
23857,agave en pie,0.92,2022,4,0,0.77,20.828191,-103.791338,"https://maps.google.com/?q=20.828191,-103.791338&t=k"
23994,agave en pie,0.92,2022,4,0,0.65,20.827188,-103.715529,"https://maps.google.com/?q=20.827188,-103.715529&t=k"
27234,agave en pie,0.92,2022,4,0,1.0,20.812528,-103.682457,"https://maps.google.com/?q=20.812528,-103.682457&t=k"
1427,agave en pie,0.91,2022,4,0,0.87,20.924413,-103.885282,"https://maps.google.com/?q=20.924413,-103.885282&t=k"
12806,agave en pie,0.91,2022,4,0,0.67,20.875447,-103.878434,"https://maps.google.com/?q=20.875447,-103.878434&t=k"
24241,agave en pie,0.91,2022,4,0,0.64,20.826332,-103.758778,"https://maps.google.com/?q=20.826332,-103.758778&t=k"
33434,agave en pie,0.91,2022,4,0,0.93,20.78473,-103.715889,"https://maps.google.com/?q=20.78473,-103.715889&t=k"
1005,agave en pie,0.9,2022,4,0,0.76,20.92653,-103.863823,"https://maps.google.com/?q=20.92653,-103.863823&t=k"
8084,agave en pie,0.9,2022,4,0,1.0,20.895514,-103.893908,"https://maps.google.com/?q=20.895514,-103.893908&t=k"
15431,agave en pie,0.9,2022,4,0,0.63,20.863687,-103.764767,"https://maps.google.com/?q=20.863687,-103.764767&t=k"
17725,agave en pie,0.9,2022,4,0,0.63,20.85417,-103.760471,"https://maps.google.com/?q=20.85417,-103.760471&t=k"
18894,agave en pie,0.9,2022,4,0,0.61,20.849623,-103.76887,"https://maps.google.com/?q=20.849623,-103.76887&t=k"
19111,agave en pie,0.9,2022,4,0,0.89,20.847921,-103.685705,"https://maps.google.com/?q=20.847921,-103.685705&t=k"
27180,agave en pie,0.9,2022,4,0,0.56,20.812752,-103.682311,"https://maps.google.com/?q=20.812752,-103.682311&t=k"
4062,agave en pie,0.89,2022,4,0,0.92,20.911861,-103.852011,"https://maps.google.com/?q=20.911861,-103.852011&t=k"
10378,agave en pie,0.89,2022,4,0,0.87,20.884491,-103.701104,"https://maps.google.com/?q=20.884491,-103.701104&t=k"
15428,agave en pie,0.89,2022,4,0,0.74,20.864283,-103.778555,"https://maps.google.com/?q=20.864283,-103.778555&t=k"
15839,agave en pie,0.89,2022,4,0,0.34,20.862698,-103.777991,"https://maps.google.com/?q=20.862698,-103.777991&t=k"
21673,agave en pie,0.89,2022,4,0,0.48,20.837575,-103.789581,"https://maps.google.com/?q=20.837575,-103.789581&t=k"
30436,agave en pie,0.89,2022,4,0,0.82,20.797884,-103.717026,"https://maps.google.com/?q=20.797884,-103.717026&t=k"
31304,agave en pie,0.89,2022,4,0,0.99,20.79378,-103.682236,"https://maps.google.com/?q=20.79378,-103.682236&t=k"
34459,agave en pie,0.89,2022,4,0,0.66,20.780013,-103.756131,"https://maps.google.com/?q=20.780013,-103.756131&t=k"
34758,agave en pie,0.89,2022,4,0,0.55,20.779384,-103.744224,"https://maps.google.com/?q=20.779384,-103.744224&t=k"
6516,agave en pie,0.88,2022,4,0,0.92,20.901624,-103.814882,"https://maps.google.com/?q=20.901624,-103.814882&t=k"
7633,agave en pie,0.88,2022,4,0,1.0,20.896812,-103.798528,"https://maps.google.com/?q=20.896812,-103.798528&t=k"
9871,agave en pie,0.88,2022,4,0,0.86,20.887583,-103.809417,"https://maps.google.com/?q=20.887583,-103.809417&t=k"
10059,agave en pie,0.88,2022,4,0,0.86,20.885654,-103.717628,"https://maps.google.com/?q=20.885654,-103.717628&t=k"
4429,agave en pie,0.87,2022,4,0,0.62,20.910885,-103.881969,"https://maps.google.com/?q=20.910885,-103.881969&t=k"
11375,agave en pie,0.87,2022,4,0,0.49,20.880329,-103.724258,"https://maps.google.com/?q=20.880329,-103.724258&t=k"
13016,agave en pie,0.87,2022,4,0,0.74,20.873131,-103.728211,"https://maps.google.com/?q=20.873131,-103.728211&t=k"
15762,agave en pie,0.87,2022,4,0,0.76,20.863298,-103.824939,"https://maps.google.com/?q=20.863298,-103.824939&t=k"
23599,agave en pie,0.87,2022,4,0,0.72,20.828533,-103.690342,"https://maps.google.com/?q=20.828533,-103.690342&t=k"
29566,agave en pie,0.87,2022,4,0,0.89,20.802047,-103.767431,"https://maps.google.com/?q=20.802047,-103.767431&t=k"
31155,agave en pie,0.87,2022,4,0,0.98,20.794701,-103.751014,"https://maps.google.com/?q=20.794701,-103.751014&t=k"
2364,agave en pie,0.86,2022,4,0,0.86,20.919713,-103.83748,"https://maps.google.com/?q=20.919713,-103.83748&t=k"
5065,agave en pie,0.86,2022,4,0,0.5,20.90812,-103.873625,"https://maps.google.com/?q=20.90812,-103.873625&t=k"
10431,agave en pie,0.86,2022,4,0,0.93,20.88468,-103.782043,"https://maps.google.com/?q=20.88468,-103.782043&t=k"
22175,agave en pie,0.86,2022,4,0,1.0,20.835567,-103.793153,"https://maps.google.com/?q=20.835567,-103.793153&t=k"
24180,agave en pie,0.86,2022,4,0,0.73,20.825752,-103.692816,"https://maps.google.com/?q=20.825752,-103.692816&t=k"
4059,agave en pie,0.85,2022,4,0,0.89,20.912539,-103.872534,"https://maps.google.com/?q=20.912539,-103.872534&t=k"
11399,agave en pie,0.85,2022,4,0,0.81,20.881126,-103.862867,"https://maps.google.com/?q=20.881126,-103.862867&t=k"
29825,agave en pie,0.85,2022,4,0,0.98,20.800317,-103.753034,"https://maps.google.com/?q=20.800317,-103.753034&t=k"
23543,agave en pie,0.84,2022,4,0,0.93,20.829737,-103.792719,"https://maps.google.com/?q=20.829737,-103.792719&t=k"
30765,agave en pie,0.84,2022,4,0,0.99,20.796485,-103.747829,"https://maps.google.com/?q=20.796485,-103.747829&t=k"
33570,agave en pie,0.84,2022,4,0,1.0,20.784091,-103.714982,"https://maps.google.com/?q=20.784091,-103.714982&t=k"
34359,agave en pie,0.84,2022,4,0,0.98,20.781093,-103.780762,"https://maps.google.com/?q=20.781093,-103.780762&t=k"
34490,agave en pie,0.84,2022,4,0,0.62,20.779996,-103.705026,"https://maps.google.com/?q=20.779996,-103.705026&t=k"
23399,agave en pie,0.83,2022,4,0,0.67,20.828816,-103.764955,"https://maps.google.com/?q=20.828816,-103.764955&t=k"
30814,agave en pie,0.83,2022,4,0,0.67,20.7965,-103.749847,"https://maps.google.com/?q=20.7965,-103.749847&t=k"
31966,agave en pie,0.83,2022,4,0,1.0,20.791473,-103.754259,"https://maps.google.com/?q=20.791473,-103.754259&t=k"
2611,agave en pie,0.82,2022,4,0,0.8,20.918995,-103.885707,"https://maps.google.com/?q=20.918995,-103.885707&t=k"
23290,agave en pie,0.82,2022,4,0,0.98,20.830056,-103.682785,"https://maps.google.com/?q=20.830056,-103.682785&t=k"
23327,agave en pie,0.82,2022,4,0,0.89,20.829741,-103.755386,"https://maps.google.com/?q=20.829741,-103.755386&t=k"
4180,agave en pie,0.81,2022,4,0,0.89,20.912027,-103.890854,"https://maps.google.com/?q=20.912027,-103.890854&t=k"
6321,agave en pie,0.81,2022,4,0,1.0,20.902641,-103.837997,"https://maps.google.com/?q=20.902641,-103.837997&t=k"
7576,agave en pie,0.81,2022,4,0,0.77,20.896986,-103.797566,"https://maps.google.com/?q=20.896986,-103.797566&t=k"
24536,agave en pie,0.81,2022,4,0,1.0,20.82436,-103.7058,"https://maps.google.com/?q=20.82436,-103.7058&t=k"
24772,agave en pie,0.81,2022,4,0,0.44,20.82361,-103.684475,"https://maps.google.com/?q=20.82361,-103.684475&t=k"
25621,agave en pie,0.81,2022,4,0,0.72,20.819828,-103.686141,"https://maps.google.com/?q=20.819828,-103.686141&t=k"
30240,agave en pie,0.81,2022,4,0,0.94,20.798954,-103.783405,"https://maps.google.com/?q=20.798954,-103.783405&t=k"
1378,agave en pie,0.8,2022,4,0,0.55,20.923635,-103.759324,"https://maps.google.com/?q=20.923635,-103.759324&t=k"
11324,agave en pie,0.8,2022,4,0,0.92,20.881232,-103.773611,"https://maps.google.com/?q=20.881232,-103.773611&t=k"
14190,agave en pie,0.8,2022,4,0,0.88,20.869178,-103.806582,"https://maps.google.com/?q=20.869178,-103.806582&t=k"
32769,agave en pie,0.8,2022,4,0,0.96,20.788033,-103.747131,"https://maps.google.com/?q=20.788033,-103.747131&t=k"
33174,agave en pie,0.8,2022,4,0,0.98,20.785755,-103.719963,"https://maps.google.com/?q=20.785755,-103.719963&t=k"
33201,agave en pie,0.8,2022,4,0,0.55,20.786226,-103.753342,"https://maps.google.com/?q=20.786226,-103.753342&t=k"
5700,agave en pie,0.79,2022,4,0,0.89,20.905326,-103.874607,"https://maps.google.com/?q=20.905326,-103.874607&t=k"
11811,agave en pie,0.79,2022,4,0,0.96,20.879049,-103.765266,"https://maps.google.com/?q=20.879049,-103.765266&t=k"
11856,agave en pie,0.79,2022,4,0,0.87,20.878606,-103.772719,"https://maps.google.com/?q=20.878606,-103.772719&t=k"
14903,agave en pie,0.79,2022,4,0,0.39,20.866631,-103.856873,"https://maps.google.com/?q=20.866631,-103.856873&t=k"
16976,agave en pie,0.79,2022,4,0,0.58,20.85704,-103.702733,"https://maps.google.com/?q=20.85704,-103.702733&t=k"
2168,agave en pie,0.78,2022,4,0,0.77,20.920967,-103.890164,"https://maps.google.com/?q=20.920967,-103.890164&t=k"
4492,agave en pie,0.78,2022,4,0,0.35,20.910134,-103.791548,"https://maps.google.com/?q=20.910134,-103.791548&t=k"
5708,agave en pie,0.78,2022,4,0,0.65,20.904309,-103.791835,"https://maps.google.com/?q=20.904309,-103.791835&t=k"
8080,agave en pie,0.78,2022,4,0,0.74,20.894933,-103.714136,"https://maps.google.com/?q=20.894933,-103.714136&t=k"
19553,agave en pie,0.78,2022,4,0,0.95,20.847266,-103.805986,"https://maps.google.com/?q=20.847266,-103.805986&t=k"
3437,agave en pie,0.77,2022,4,0,0.66,20.915129,-103.834391,"https://maps.google.com/?q=20.915129,-103.834391&t=k"
12629,agave en pie,0.77,2022,4,0,0.51,20.875135,-103.773805,"https://maps.google.com/?q=20.875135,-103.773805&t=k"
14181,agave en pie,0.77,2022,4,0,0.86,20.870024,-103.892028,"https://maps.google.com/?q=20.870024,-103.892028&t=k"
15531,agave en pie,0.77,2022,4,0,0.83,20.863991,-103.847137,"https://maps.google.com/?q=20.863991,-103.847137&t=k"
30501,agave en pie,0.77,2022,4,0,0.84,20.797389,-103.687488,"https://maps.google.com/?q=20.797389,-103.687488&t=k"
5882,agave en pie,0.76,2022,4,0,0.89,20.904056,-103.840197,"https://maps.google.com/?q=20.904056,-103.840197&t=k"
8579,agave en pie,0.76,2022,4,0,0.7,20.893326,-103.849893,"https://maps.google.com/?q=20.893326,-103.849893&t=k"
13275,agave en pie,0.76,2022,4,0,0.55,20.873023,-103.82693,"https://maps.google.com/?q=20.873023,-103.82693&t=k"
13422,agave en pie,0.76,2022,4,0,1.0,20.872701,-103.873072,"https://maps.google.com/?q=20.872701,-103.873072&t=k"
16877,agave en pie,0.76,2022,4,0,1.0,20.857888,-103.707436,"https://maps.google.com/?q=20.857888,-103.707436&t=k"
1259,agave en pie,0.75,2022,4,0,0.75,20.925229,-103.844938,"https://maps.google.com/?q=20.925229,-103.844938&t=k"
8467,agave en pie,0.75,2022,4,0,0.65,20.893284,-103.797788,"https://maps.google.com/?q=20.893284,-103.797788&t=k"
10351,agave en pie,0.75,2022,4,0,0.65,20.884638,-103.751234,"https://maps.google.com/?q=20.884638,-103.751234&t=k"
12507,agave en pie,0.75,2022,4,0,0.95,20.875831,-103.732947,"https://maps.google.com/?q=20.875831,-103.732947&t=k"
13074,agave en pie,0.75,2022,4,0,0.29,20.874416,-103.879644,"https://maps.google.com/?q=20.874416,-103.879644&t=k"
16863,agave en pie,0.75,2022,4,0,0.85,20.85825,-103.800517,"https://maps.google.com/?q=20.85825,-103.800517&t=k"
17047,agave en pie,0.75,2022,4,0,0.87,20.857802,-103.807537,"https://maps.google.com/?q=20.857802,-103.807537&t=k"
20968,agave en pie,0.75,2022,4,0,1.0,20.84074,-103.746166,"https://maps.google.com/?q=20.84074,-103.746166&t=k"
23774,agave en pie,0.75,2022,4,0,0.85,20.827839,-103.688138,"https://maps.google.com/?q=20.827839,-103.688138&t=k"
24675,agave en pie,0.75,2022,4,0,0.84,20.823945,-103.704747,"https://maps.google.com/?q=20.823945,-103.704747&t=k"
25781,agave en pie,0.75,2022,4,0,0.59,20.818593,-103.684134,"https://maps.google.com/?q=20.818593,-103.684134&t=k"
29237,agave en pie,0.75,2022,4,0,0.8,20.803204,-103.771265,"https://maps.google.com/?q=20.803204,-103.771265&t=k"
31311,agave en pie,0.75,2022,4,0,0.99,20.79438,-103.750249,"https://maps.google.com/?q=20.79438,-103.750249&t=k"
31383,agave en pie,0.75,2022,4,0,0.71,20.793899,-103.758707,"https://maps.google.com/?q=20.793899,-103.758707&t=k"
33551,agave en pie,0.75,2022,4,0,0.77,20.784278,-103.709744,"https://maps.google.com/?q=20.784278,-103.709744&t=k"
33939,agave en pie,0.75,2022,4,0,1.0,20.782734,-103.714753,"https://maps.google.com/?q=20.782734,-103.714753&t=k"
6568,agave en pie,0.74,2022,4,0,0.92,20.901468,-103.84488,"https://maps.google.com/?q=20.901468,-103.84488&t=k"
7161,agave en pie,0.74,2022,4,0,0.85,20.898405,-103.762272,"https://maps.google.com/?q=20.898405,-103.762272&t=k"
9657,agave en pie,0.74,2022,4,0,0.57,20.888274,-103.754184,"https://maps.google.com/?q=20.888274,-103.754184&t=k"
10408,agave en pie,0.74,2022,4,0,0.46,20.88579,-103.885231,"https://maps.google.com/?q=20.88579,-103.885231&t=k"
10639,agave en pie,0.74,2022,4,0,1.0,20.884378,-103.784112,"https://maps.google.com/?q=20.884378,-103.784112&t=k"
24026,agave en pie,0.74,2022,4,0,0.76,20.827042,-103.732298,"https://maps.google.com/?q=20.827042,-103.732298&t=k"
1554,agave en pie,0.73,2022,4,0,1.0,20.923939,-103.827928,"https://maps.google.com/?q=20.923939,-103.827928&t=k"
2160,agave en pie,0.73,2022,4,0,0.9,20.920652,-103.836175,"https://maps.google.com/?q=20.920652,-103.836175&t=k"
11154,agave en pie,0.73,2022,4,0,0.59,20.881898,-103.772068,"https://maps.google.com/?q=20.881898,-103.772068&t=k"
13598,agave en pie,0.73,2022,4,0,0.95,20.871117,-103.70665,"https://maps.google.com/?q=20.871117,-103.70665&t=k"
18539,agave en pie,0.73,2022,4,0,0.79,20.850745,-103.688756,"https://maps.google.com/?q=20.850745,-103.688756&t=k"
19563,agave en pie,0.73,2022,4,0,0.58,20.846585,-103.700036,"https://maps.google.com/?q=20.846585,-103.700036&t=k"
33817,agave en pie,0.73,2022,4,0,1.0,20.78356,-103.747023,"https://maps.google.com/?q=20.78356,-103.747023&t=k"
2459,agave en pie,0.72,2022,4,0,0.56,20.919031,-103.836957,"https://maps.google.com/?q=20.919031,-103.836957&t=k"
9703,agave en pie,0.72,2022,4,0,0.69,20.887897,-103.770817,"https://maps.google.com/?q=20.887897,-103.770817&t=k"
13154,agave en pie,0.72,2022,4,0,0.51,20.873416,-103.76089,"https://maps.google.com/?q=20.873416,-103.76089&t=k"
13518,agave en pie,0.72,2022,4,0,1.0,20.871763,-103.814444,"https://maps.google.com/?q=20.871763,-103.814444&t=k"
20272,agave en pie,0.72,2022,4,0,0.92,20.843838,-103.762142,"https://maps.google.com/?q=20.843838,-103.762142&t=k"
24730,agave en pie,0.72,2022,4,0,0.51,20.823597,-103.706479,"https://maps.google.com/?q=20.823597,-103.706479&t=k"
25540,agave en pie,0.72,2022,4,0,0.61,20.819987,-103.683257,"https://maps.google.com/?q=20.819987,-103.683257&t=k"
10,agave en pie,0.71,2022,4,0,0.52,20.93122,-103.889992,"https://maps.google.com/?q=20.93122,-103.889992&t=k"
3953,agave en pie,0.71,2022,4,0,0.61,20.912176,-103.736728,"https://maps.google.com/?q=20.912176,-103.736728&t=k"
5667,agave en pie,0.71,2022,4,0,1.0,20.904662,-103.77169,"https://maps.google.com/?q=20.904662,-103.77169&t=k"
6322,agave en pie,0.71,2022,4,0,0.9,20.902549,-103.837661,"https://maps.google.com/?q=20.902549,-103.837661&t=k"
7771,agave en pie,0.71,2022,4,0,0.93,20.896019,-103.763301,"https://maps.google.com/?q=20.896019,-103.763301&t=k"
13353,agave en pie,0.71,2022,4,0,1.0,20.872195,-103.767004,"https://maps.google.com/?q=20.872195,-103.767004&t=k"
13930,agave en pie,0.71,2022,4,0,0.82,20.869197,-103.721564,"https://maps.google.com/?q=20.869197,-103.721564&t=k"
18636,agave en pie,0.71,2022,4,0,1.0,20.850667,-103.769486,"https://maps.google.com/?q=20.850667,-103.769486&t=k"
33104,agave en pie,0.71,2022,4,0,0.93,20.786156,-103.725339,"https://maps.google.com/?q=20.786156,-103.725339&t=k"
7310,agave en pie,0.7,2022,4,0,0.57,20.898618,-103.871244,"https://maps.google.com/?q=20.898618,-103.871244&t=k"
8155,agave en pie,0.7,2022,4,0,1.0,20.89484,-103.800659,"https://maps.google.com/?q=20.89484,-103.800659&t=k"
8681,agave en pie,0.7,2022,4,0,0.96,20.892455,-103.815002,"https://maps.google.com/?q=20.892455,-103.815002&t=k"
11251,agave en pie,0.7,2022,4,0,0.83,20.881406,-103.729391,"https://maps.google.com/?q=20.881406,-103.729391&t=k"
12661,agave en pie,0.7,2022,4,0,0.79,20.875317,-103.761404,"https://maps.google.com/?q=20.875317,-103.761404&t=k"
15430,agave en pie,0.7,2022,4,0,0.77,20.863472,-103.766258,"https://maps.google.com/?q=20.863472,-103.766258&t=k"
24342,agave en pie,0.7,2022,4,0,0.83,20.825496,-103.683017,"https://maps.google.com/?q=20.825496,-103.683017&t=k"
24370,agave en pie,0.7,2022,4,0,0.71,20.825515,-103.733464,"https://maps.google.com/?q=20.825515,-103.733464&t=k"
29125,agave en pie,0.7,2022,4,0,0.49,20.804155,-103.777935,"https://maps.google.com/?q=20.804155,-103.777935&t=k"
9542,agave en pie,0.69,2022,4,0,0.52,20.887865,-103.687521,"https://maps.google.com/?q=20.887865,-103.687521&t=k"
11080,agave en pie,0.69,2022,4,0,0.8,20.882132,-103.748274,"https://maps.google.com/?q=20.882132,-103.748274&t=k"
23394,agave en pie,0.69,2022,4,0,1.0,20.830052,-103.786182,"https://maps.google.com/?q=20.830052,-103.786182&t=k"
33000,agave en pie,0.69,2022,4,0,0.59,20.787146,-103.787198,"https://maps.google.com/?q=20.787146,-103.787198&t=k"
22561,agave en pie,0.68,2022,4,0,0.93,20.833941,-103.793166,"https://maps.google.com/?q=20.833941,-103.793166&t=k"
25480,agave en pie,0.68,2022,4,0,0.5,20.820527,-103.682964,"https://maps.google.com/?q=20.820527,-103.682964&t=k"
26598,agave en pie,0.68,2022,4,0,1.0,20.815377,-103.688822,"https://maps.google.com/?q=20.815377,-103.688822&t=k"
30345,agave en pie,0.68,2022,4,0,0.71,20.798393,-103.718751,"https://maps.google.com/?q=20.798393,-103.718751&t=k"
32156,agave en pie,0.68,2022,4,0,0.82,20.790443,-103.724823,"https://maps.google.com/?q=20.790443,-103.724823&t=k"
34175,agave en pie,0.68,2022,4,0,0.99,20.78159,-103.743197,"https://maps.google.com/?q=20.78159,-103.743197&t=k"
4637,agave en pie,0.67,2022,4,0,1.0,20.910076,-103.85539,"https://maps.google.com/?q=20.910076,-103.85539&t=k"
6176,agave en pie,0.67,2022,4,0,0.78,20.90063,-103.841233,"https://maps.google.com/?q=20.90063,-103.841233&t=k"
8383,agave en pie,0.67,2022,4,0,0.99,20.893321,-103.728041,"https://maps.google.com/?q=20.893321,-103.728041&t=k"
11671,agave en pie,0.67,2022,4,0,0.82,20.879666,-103.732386,"https://maps.google.com/?q=20.879666,-103.732386&t=k"
11734,agave en pie,0.67,2022,4,0,0.54,20.879722,-103.896811,"https://maps.google.com/?q=20.879722,-103.896811&t=k"
14114,agave en pie,0.67,2022,4,0,0.94,20.869104,-103.745595,"https://maps.google.com/?q=20.869104,-103.745595&t=k"
21771,agave en pie,0.67,2022,4,0,0.91,20.837212,-103.757872,"https://maps.google.com/?q=20.837212,-103.757872&t=k"
22627,agave en pie,0.67,2022,4,0,0.85,20.833442,-103.754972,"https://maps.google.com/?q=20.833442,-103.754972&t=k"
29950,agave en pie,0.67,2022,4,0,0.94,20.799823,-103.692655,"https://maps.google.com/?q=20.799823,-103.692655&t=k"
31026,agave en pie,0.67,2022,4,0,0.78,20.795217,-103.72901,"https://maps.google.com/?q=20.795217,-103.72901&t=k"
33304,agave en pie,0.67,2022,4,0,0.97,20.785893,-103.757187,"https://maps.google.com/?q=20.785893,-103.757187&t=k"
7076,agave en pie,0.66,2022,4,0,0.77,20.898311,-103.749294,"https://maps.google.com/?q=20.898311,-103.749294&t=k"
9153,agave en pie,0.66,2022,4,0,0.45,20.890272,-103.749457,"https://maps.google.com/?q=20.890272,-103.749457&t=k"
10923,agave en pie,0.66,2022,4,0,0.98,20.883235,-103.827331,"https://maps.google.com/?q=20.883235,-103.827331&t=k"
13020,agave en pie,0.66,2022,4,0,0.68,20.873465,-103.706437,"https://maps.google.com/?q=20.873465,-103.706437&t=k"
29762,agave en pie,0.66,2022,4,0,0.58,20.801137,-103.779016,"https://maps.google.com/?q=20.801137,-103.779016&t=k"
1500,agave en pie,0.65,2022,4,0,0.77,20.924486,-103.855329,"https://maps.google.com/?q=20.924486,-103.855329&t=k"
7482,agave en pie,0.65,2022,4,0,0.71,20.89773,-103.859954,"https://maps.google.com/?q=20.89773,-103.859954&t=k"
9277,agave en pie,0.65,2022,4,0,0.75,20.889754,-103.771475,"https://maps.google.com/?q=20.889754,-103.771475&t=k"
12015,agave en pie,0.65,2022,4,0,1.0,20.877879,-103.772245,"https://maps.google.com/?q=20.877879,-103.772245&t=k"
18993,agave en pie,0.65,2022,4,0,0.94,20.84877,-103.690359,"https://maps.google.com/?q=20.84877,-103.690359&t=k"
24005,agave en pie,0.65,2022,4,0,0.77,20.827292,-103.760355,"https://maps.google.com/?q=20.827292,-103.760355&t=k"
25751,agave en pie,0.65,2022,4,0,1.0,20.819096,-103.696717,"https://maps.google.com/?q=20.819096,-103.696717&t=k"
27909,agave en pie,0.65,2022,4,0,0.72,20.808577,-103.69748,"https://maps.google.com/?q=20.808577,-103.69748&t=k"
33422,agave en pie,0.65,2022,4,0,1.0,20.784909,-103.691679,"https://maps.google.com/?q=20.784909,-103.691679&t=k"
2692,agave en pie,0.64,2022,4,0,1.0,20.918664,-103.835998,"https://maps.google.com/?q=20.918664,-103.835998&t=k"
3596,agave en pie,0.64,2022,4,0,0.97,20.914503,-103.862087,"https://maps.google.com/?q=20.914503,-103.862087&t=k"
5296,agave en pie,0.64,2022,4,0,0.72,20.906602,-103.777635,"https://maps.google.com/?q=20.906602,-103.777635&t=k"
8198,agave en pie,0.64,2022,4,0,0.83,20.894525,-103.794461,"https://maps.google.com/?q=20.894525,-103.794461&t=k"
10871,agave en pie,0.64,2022,4,0,1.0,20.882944,-103.729715,"https://maps.google.com/?q=20.882944,-103.729715&t=k"
11116,agave en pie,0.64,2022,4,0,0.81,20.881952,-103.723908,"https://maps.google.com/?q=20.881952,-103.723908&t=k"
14982,agave en pie,0.64,2022,4,0,0.94,20.866297,-103.827511,"https://maps.google.com/?q=20.866297,-103.827511&t=k"
24665,agave en pie,0.64,2022,4,0,0.86,20.824672,-103.772869,"https://maps.google.com/?q=20.824672,-103.772869&t=k"
25875,agave en pie,0.64,2022,4,0,0.7,20.818651,-103.703495,"https://maps.google.com/?q=20.818651,-103.703495&t=k"
29596,agave en pie,0.64,2022,4,0,1.0,20.801178,-103.686783,"https://maps.google.com/?q=20.801178,-103.686783&t=k"
30208,agave en pie,0.64,2022,4,0,0.5,20.799482,-103.781335,"https://maps.google.com/?q=20.799482,-103.781335&t=k"
31646,agave en pie,0.64,2022,4,0,0.83,20.792853,-103.763999,"https://maps.google.com/?q=20.792853,-103.763999&t=k"
34258,agave en pie,0.64,2022,4,0,0.73,20.78135,-103.722882,"https://maps.google.com/?q=20.78135,-103.722882&t=k"
4533,agave en pie,0.63,2022,4,0,0.89,20.910457,-103.851589,"https://maps.google.com/?q=20.910457,-103.851589&t=k"
8221,agave en pie,0.63,2022,4,0,0.94,20.894529,-103.795038,"https://maps.google.com/?q=20.894529,-103.795038&t=k"
10271,agave en pie,0.63,2022,4,0,0.76,20.885831,-103.804384,"https://maps.google.com/?q=20.885831,-103.804384&t=k"
10563,agave en pie,0.63,2022,4,0,0.52,20.885204,-103.88538,"https://maps.google.com/?q=20.885204,-103.88538&t=k"
11077,agave en pie,0.63,2022,4,0,0.81,20.882176,-103.773027,"https://maps.google.com/?q=20.882176,-103.773027&t=k"
11267,agave en pie,0.63,2022,4,0,0.44,20.880739,-103.749199,"https://maps.google.com/?q=20.880739,-103.749199&t=k"
12092,agave en pie,0.63,2022,4,0,1.0,20.878201,-103.773011,"https://maps.google.com/?q=20.878201,-103.773011&t=k"
21960,agave en pie,0.63,2022,4,0,0.56,20.835884,-103.682879,"https://maps.google.com/?q=20.835884,-103.682879&t=k"
23352,agave en pie,0.63,2022,4,0,0.97,20.830037,-103.752645,"https://maps.google.com/?q=20.830037,-103.752645&t=k"
33393,agave en pie,0.63,2022,4,0,0.84,20.784902,-103.714735,"https://maps.google.com/?q=20.784902,-103.714735&t=k"
34466,agave en pie,0.63,2022,4,0,0.63,20.779819,-103.705508,"https://maps.google.com/?q=20.779819,-103.705508&t=k"
5062,agave en pie,0.62,2022,4,0,0.69,20.908587,-103.896745,"https://maps.google.com/?q=20.908587,-103.896745&t=k"
5080,agave en pie,0.62,2022,4,0,0.89,20.908122,-103.85353,"https://maps.google.com/?q=20.908122,-103.85353&t=k"
10773,agave en pie,0.62,2022,4,0,0.58,20.883392,-103.729183,"https://maps.google.com/?q=20.883392,-103.729183&t=k"
10833,agave en pie,0.62,2022,4,0,0.6,20.883258,-103.747832,"https://maps.google.com/?q=20.883258,-103.747832&t=k"
14855,agave en pie,0.62,2022,4,0,0.66,20.866395,-103.752057,"https://maps.google.com/?q=20.866395,-103.752057&t=k"
18617,agave en pie,0.62,2022,4,0,0.95,20.850379,-103.688183,"https://maps.google.com/?q=20.850379,-103.688183&t=k"
21171,agave en pie,0.62,2022,4,0,1.0,20.839439,-103.687076,"https://maps.google.com/?q=20.839439,-103.687076&t=k"
23787,agave en pie,0.62,2022,4,0,0.94,20.828479,-103.768321,"https://maps.google.com/?q=20.828479,-103.768321&t=k"
29209,agave en pie,0.62,2022,4,0,0.48,20.803072,-103.680474,"https://maps.google.com/?q=20.803072,-103.680474&t=k"
30160,agave en pie,0.62,2022,4,0,0.81,20.799228,-103.752274,"https://maps.google.com/?q=20.799228,-103.752274&t=k"
30669,agave en pie,0.62,2022,4,0,0.92,20.796705,-103.686582,"https://maps.google.com/?q=20.796705,-103.686582&t=k"
34095,agave en pie,0.62,2022,4,0,1.0,20.782358,-103.749483,"https://maps.google.com/?q=20.782358,-103.749483&t=k"
3787,agave en pie,0.61,2022,4,0,0.97,20.912755,-103.85061,"https://maps.google.com/?q=20.912755,-103.85061&t=k"
15343,agave en pie,0.61,2022,4,0,0.59,20.864272,-103.745779,"https://maps.google.com/?q=20.864272,-103.745779&t=k"
16305,agave en pie,0.61,2022,4,0,0.87,20.861035,-103.817844,"https://maps.google.com/?q=20.861035,-103.817844&t=k"
22398,agave en pie,0.61,2022,4,0,0.69,20.834041,-103.684096,"https://maps.google.com/?q=20.834041,-103.684096&t=k"
23929,agave en pie,0.61,2022,4,0,0.98,20.827389,-103.688334,"https://maps.google.com/?q=20.827389,-103.688334&t=k"
24773,agave en pie,0.61,2022,4,0,0.77,20.822766,-103.680398,"https://maps.google.com/?q=20.822766,-103.680398&t=k"
26773,agave en pie,0.61,2022,4,0,0.51,20.814521,-103.695027,"https://maps.google.com/?q=20.814521,-103.695027&t=k"
761,agave en pie,0.6,2022,4,0,0.75,20.928707,-103.892655,"https://maps.google.com/?q=20.928707,-103.892655&t=k"
1172,agave en pie,0.6,2022,4,0,0.57,20.925824,-103.89383,"https://maps.google.com/?q=20.925824,-103.89383&t=k"
4068,agave en pie,0.6,2022,4,0,0.8,20.911584,-103.754472,"https://maps.google.com/?q=20.911584,-103.754472&t=k"
4073,agave en pie,0.6,2022,4,0,0.85,20.911414,-103.725293,"https://maps.google.com/?q=20.911414,-103.725293&t=k"
7179,agave en pie,0.6,2022,4,0,0.6,20.898194,-103.764244,"https://maps.google.com/?q=20.898194,-103.764244&t=k"
9509,agave en pie,0.6,2022,4,0,0.6,20.889588,-103.892606,"https://maps.google.com/?q=20.889588,-103.892606&t=k"
13332,agave en pie,0.6,2022,4,0,0.87,20.872101,-103.711351,"https://maps.google.com/?q=20.872101,-103.711351&t=k"
17407,agave en pie,0.6,2022,4,0,0.93,20.855425,-103.704189,"https://maps.google.com/?q=20.855425,-103.704189&t=k"
21109,agave en pie,0.6,2022,4,0,0.95,20.840338,-103.752897,"https://maps.google.com/?q=20.840338,-103.752897&t=k"
25553,agave en pie,0.6,2022,4,0,0.93,20.820085,-103.696132,"https://maps.google.com/?q=20.820085,-103.696132&t=k"
1499,agave en pie,0.59,2022,4,0,0.69,20.924105,-103.859226,"https://maps.google.com/?q=20.924105,-103.859226&t=k"
5958,agave en pie,0.59,2022,4,0,0.8,20.902758,-103.770792,"https://maps.google.com/?q=20.902758,-103.770792&t=k"
8693,agave en pie,0.59,2022,4,0,0.54,20.891913,-103.69109,"https://maps.google.com/?q=20.891913,-103.69109&t=k"
11083,agave en pie,0.59,2022,4,0,0.68,20.881966,-103.725686,"https://maps.google.com/?q=20.881966,-103.725686&t=k"
12792,agave en pie,0.59,2022,4,0,0.34,20.875677,-103.879106,"https://maps.google.com/?q=20.875677,-103.879106&t=k"
13237,agave en pie,0.59,2022,4,0,0.53,20.873409,-103.785113,"https://maps.google.com/?q=20.873409,-103.785113&t=k"
19805,agave en pie,0.59,2022,4,0,0.85,20.846512,-103.807962,"https://maps.google.com/?q=20.846512,-103.807962&t=k"
23251,agave en pie,0.59,2022,4,0,0.86,20.830006,-103.682113,"https://maps.google.com/?q=20.830006,-103.682113&t=k"
28029,agave en pie,0.59,2022,4,0,0.51,20.808606,-103.695366,"https://maps.google.com/?q=20.808606,-103.695366&t=k"
33731,agave en pie,0.59,2022,4,0,0.75,20.7837,-103.747599,"https://maps.google.com/?q=20.7837,-103.747599&t=k"
34452,agave en pie,0.59,2022,4,0,0.71,20.780535,-103.784897,"https://maps.google.com/?q=20.780535,-103.784897&t=k"
34808,agave en pie,0.59,2022,4,0,0.61,20.779153,-103.743602,"https://maps.google.com/?q=20.779153,-103.743602&t=k"
4848,agave en pie,0.58,2022,4,0,0.45,20.909201,-103.873184,"https://maps.google.com/?q=20.909201,-103.873184&t=k"
8022,agave en pie,0.58,2022,4,0,0.86,20.895469,-103.819641,"https://maps.google.com/?q=20.895469,-103.819641&t=k"
9177,agave en pie,0.58,2022,4,0,0.88,20.890916,-103.861063,"https://maps.google.com/?q=20.890916,-103.861063&t=k"
10143,agave en pie,0.58,2022,4,0,0.79,20.885659,-103.706189,"https://maps.google.com/?q=20.885659,-103.706189&t=k"
18558,agave en pie,0.58,2022,4,0,0.88,20.851346,-103.763522,"https://maps.google.com/?q=20.851346,-103.763522&t=k"
24582,agave en pie,0.58,2022,4,0,0.45,20.824425,-103.732705,"https://maps.google.com/?q=20.824425,-103.732705&t=k"
29490,agave en pie,0.58,2022,4,0,0.9,20.802459,-103.7681,"https://maps.google.com/?q=20.802459,-103.7681&t=k"
31255,agave en pie,0.58,2022,4,0,0.59,20.794197,-103.695394,"https://maps.google.com/?q=20.794197,-103.695394&t=k"
31460,agave en pie,0.58,2022,4,0,0.98,20.793842,-103.750925,"https://maps.google.com/?q=20.793842,-103.750925&t=k"
33019,agave en pie,0.58,2022,4,0,0.52,20.786777,-103.767027,"https://maps.google.com/?q=20.786777,-103.767027&t=k"
5396,agave en pie,0.57,2022,4,0,1.0,20.906294,-103.772542,"https://maps.google.com/?q=20.906294,-103.772542&t=k"
7561,agave en pie,0.57,2022,4,0,0.98,20.897626,-103.871492,"https://maps.google.com/?q=20.897626,-103.871492&t=k"
7831,agave en pie,0.57,2022,4,0,0.47,20.895634,-103.741577,"https://maps.google.com/?q=20.895634,-103.741577&t=k"
9227,agave en pie,0.57,2022,4,0,0.93,20.889819,-103.749268,"https://maps.google.com/?q=20.889819,-103.749268&t=k"
16828,agave en pie,0.57,2022,4,0,0.96,20.857998,-103.709934,"https://maps.google.com/?q=20.857998,-103.709934&t=k"
20629,agave en pie,0.57,2022,4,0,0.84,20.842237,-103.728519,"https://maps.google.com/?q=20.842237,-103.728519&t=k"
27384,agave en pie,0.57,2022,4,0,0.67,20.812357,-103.77513,"https://maps.google.com/?q=20.812357,-103.77513&t=k"
28812,agave en pie,0.57,2022,4,0,1.0,20.804912,-103.696599,"https://maps.google.com/?q=20.804912,-103.696599&t=k"
30967,agave en pie,0.57,2022,4,0,0.82,20.795807,-103.747835,"https://maps.google.com/?q=20.795807,-103.747835&t=k"
32717,agave en pie,0.57,2022,4,0,0.95,20.788091,-103.736611,"https://maps.google.com/?q=20.788091,-103.736611&t=k"
7796,agave en pie,0.56,2022,4,0,1.0,20.895871,-103.76782,"https://maps.google.com/?q=20.895871,-103.76782&t=k"
9119,agave en pie,0.56,2022,4,0,0.7,20.890381,-103.770797,"https://maps.google.com/?q=20.890381,-103.770797&t=k"
9944,agave en pie,0.56,2022,4,0,0.62,20.887819,-103.864067,"https://maps.google.com/?q=20.887819,-103.864067&t=k"
10856,agave en pie,0.56,2022,4,0,1.0,20.882935,-103.728513,"https://maps.google.com/?q=20.882935,-103.728513&t=k"
11958,agave en pie,0.56,2022,4,0,0.79,20.878094,-103.770657,"https://maps.google.com/?q=20.878094,-103.770657&t=k"
15853,agave en pie,0.56,2022,4,0,0.46,20.863114,-103.851084,"https://maps.google.com/?q=20.863114,-103.851084&t=k"
23419,agave en pie,0.56,2022,4,0,0.39,20.829421,-103.682406,"https://maps.google.com/?q=20.829421,-103.682406&t=k"
24247,agave en pie,0.56,2022,4,0,0.79,20.825249,-103.68619,"https://maps.google.com/?q=20.825249,-103.68619&t=k"
32400,agave en pie,0.56,2022,4,0,0.62,20.789848,-103.74822,"https://maps.google.com/?q=20.789848,-103.74822&t=k"
10103,agave en pie,0.55,2022,4,0,0.76,20.886006,-103.716279,"https://maps.google.com/?q=20.886006,-103.716279&t=k"
15021,agave en pie,0.55,2022,4,0,0.78,20.865464,-103.742069,"https://maps.google.com/?q=20.865464,-103.742069&t=k"
18378,agave en pie,0.55,2022,4,0,0.62,20.851238,-103.700092,"https://maps.google.com/?q=20.851238,-103.700092&t=k"
21639,agave en pie,0.55,2022,4,0,1.0,20.838075,-103.752339,"https://maps.google.com/?q=20.838075,-103.752339&t=k"
22623,agave en pie,0.55,2022,4,0,0.96,20.833623,-103.79288,"https://maps.google.com/?q=20.833623,-103.79288&t=k"
26291,agave en pie,0.55,2022,4,0,0.55,20.816726,-103.705817,"https://maps.google.com/?q=20.816726,-103.705817&t=k"
32766,agave en pie,0.55,2022,4,0,0.78,20.787468,-103.756358,"https://maps.google.com/?q=20.787468,-103.756358&t=k"
34101,agave en pie,0.55,2022,4,0,1.0,20.78187,-103.738296,"https://maps.google.com/?q=20.78187,-103.738296&t=k"
2139,agave en pie,0.54,2022,4,0,1.0,20.921189,-103.835354,"https://maps.google.com/?q=20.921189,-103.835354&t=k"
5391,agave en pie,0.54,2022,4,0,0.54,20.906368,-103.795616,"https://maps.google.com/?q=20.906368,-103.795616&t=k"
11329,agave en pie,0.54,2022,4,0,0.94,20.88131,-103.746983,"https://maps.google.com/?q=20.88131,-103.746983&t=k"
14022,agave en pie,0.54,2022,4,0,0.7,20.869239,-103.709117,"https://maps.google.com/?q=20.869239,-103.709117&t=k"
18736,agave en pie,0.54,2022,4,0,1.0,20.849969,-103.687706,"https://maps.google.com/?q=20.849969,-103.687706&t=k"
19579,agave en pie,0.54,2022,4,0,0.65,20.847002,-103.806997,"https://maps.google.com/?q=20.847002,-103.806997&t=k"
29386,agave en pie,0.54,2022,4,0,0.87,20.802315,-103.773242,"https://maps.google.com/?q=20.802315,-103.773242&t=k"
30790,agave en pie,0.54,2022,4,0,0.56,20.796408,-103.712956,"https://maps.google.com/?q=20.796408,-103.712956&t=k"
30861,agave en pie,0.54,2022,4,0,0.7,20.796487,-103.717567,"https://maps.google.com/?q=20.796487,-103.717567&t=k"
31043,agave en pie,0.54,2022,4,0,0.67,20.795251,-103.745918,"https://maps.google.com/?q=20.795251,-103.745918&t=k"
1862,agave en pie,0.53,2022,4,0,0.4,20.922166,-103.894001,"https://maps.google.com/?q=20.922166,-103.894001&t=k"
1995,agave en pie,0.53,2022,4,0,0.87,20.920642,-103.834637,"https://maps.google.com/?q=20.920642,-103.834637&t=k"
5869,agave en pie,0.53,2022,4,0,0.91,20.904411,-103.806352,"https://maps.google.com/?q=20.904411,-103.806352&t=k"
7813,agave en pie,0.53,2022,4,0,0.62,20.89657,-103.855396,"https://maps.google.com/?q=20.89657,-103.855396&t=k"
10872,agave en pie,0.53,2022,4,0,1.0,20.883029,-103.729041,"https://maps.google.com/?q=20.883029,-103.729041&t=k"
13330,agave en pie,0.53,2022,4,0,0.75,20.872392,-103.781853,"https://maps.google.com/?q=20.872392,-103.781853&t=k"
22395,agave en pie,0.53,2022,4,0,0.7,20.834239,-103.698124,"https://maps.google.com/?q=20.834239,-103.698124&t=k"
27674,agave en pie,0.53,2022,4,0,0.96,20.810393,-103.698617,"https://maps.google.com/?q=20.810393,-103.698617&t=k"
29444,agave en pie,0.53,2022,4,0,0.6,20.801615,-103.782711,"https://maps.google.com/?q=20.801615,-103.782711&t=k"
29487,agave en pie,0.53,2022,4,0,1.0,20.802382,-103.782705,"https://maps.google.com/?q=20.802382,-103.782705&t=k"
30347,agave en pie,0.53,2022,4,0,0.92,20.798204,-103.717552,"https://maps.google.com/?q=20.798204,-103.717552&t=k"
34714,agave en pie,0.53,2022,4,0,0.55,20.779767,-103.753443,"https://maps.google.com/?q=20.779767,-103.753443&t=k"
6066,agave en pie,0.52,2022,4,0,0.46,20.903752,-103.862072,"https://maps.google.com/?q=20.903752,-103.862072&t=k"
10270,agave en pie,0.52,2022,4,0,0.98,20.886227,-103.809283,"https://maps.google.com/?q=20.886227,-103.809283&t=k"
12248,agave en pie,0.52,2022,4,0,0.83,20.8771,-103.733561,"https://maps.google.com/?q=20.8771,-103.733561&t=k"
14709,agave en pie,0.52,2022,4,0,0.71,20.86699,-103.771804,"https://maps.google.com/?q=20.86699,-103.771804&t=k"
30181,agave en pie,0.52,2022,4,0,0.98,20.799678,-103.789932,"https://maps.google.com/?q=20.799678,-103.789932&t=k"
30876,agave en pie,0.52,2022,4,0,0.73,20.796396,-103.717471,"https://maps.google.com/?q=20.796396,-103.717471&t=k"
33982,agave en pie,0.52,2022,4,0,1.0,20.782656,-103.716387,"https://maps.google.com/?q=20.782656,-103.716387&t=k"
2098,agave en pie,0.51,2022,4,0,0.43,20.920939,-103.786558,"https://maps.google.com/?q=20.920939,-103.786558&t=k"
2434,agave en pie,0.51,2022,4,0,0.53,20.920163,-103.884641,"https://maps.google.com/?q=20.920163,-103.884641&t=k"
12372,agave en pie,0.51,2022,4,0,0.98,20.876846,-103.766774,"https://maps.google.com/?q=20.876846,-103.766774&t=k"
16672,agave en pie,0.51,2022,4,0,0.53,20.858513,-103.706373,"https://maps.google.com/?q=20.858513,-103.706373&t=k"
16900,agave en pie,0.51,2022,4,0,1.0,20.857746,-103.706572,"https://maps.google.com/?q=20.857746,-103.706572&t=k"
21113,agave en pie,0.51,2022,4,0,1.0,20.839416,-103.701827,"https://maps.google.com/?q=20.839416,-103.701827&t=k"
22552,agave en pie,0.51,2022,4,0,0.65,20.833291,-103.69818,"https://maps.google.com/?q=20.833291,-103.69818&t=k"
31238,agave en pie,0.51,2022,4,0,0.88,20.794431,-103.769895,"https://maps.google.com/?q=20.794431,-103.769895&t=k"
1398,agave en pie,0.5,2022,4,0,0.58,20.924911,-103.885375,"https://maps.google.com/?q=20.924911,-103.885375&t=k"
2024,agave en pie,0.5,2022,4,0,1.0,20.922118,-103.872895,"https://maps.google.com/?q=20.922118,-103.872895&t=k"
4018,agave en pie,0.5,2022,4,0,0.98,20.912799,-103.863975,"https://maps.google.com/?q=20.912799,-103.863975&t=k"
4051,agave en pie,0.5,2022,4,0,0.58,20.911164,-103.777598,"https://maps.google.com/?q=20.911164,-103.777598&t=k"
4091,agave en pie,0.5,2022,4,0,0.7,20.911402,-103.729764,"https://maps.google.com/?q=20.911402,-103.729764&t=k"
11525,agave en pie,0.5,2022,4,0,1.0,20.879971,-103.724693,"https://maps.google.com/?q=20.879971,-103.724693&t=k"
14713,agave en pie,0.5,2022,4,0,0.82,20.866928,-103.750803,"https://maps.google.com/?q=20.866928,-103.750803&t=k"
29376,agave en pie,0.5,2022,4,0,0.96,20.802578,-103.686771,"https://maps.google.com/?q=20.802578,-103.686771&t=k"
30513,agave en pie,0.5,2022,4,0,1.0,20.797515,-103.716069,"https://maps.google.com/?q=20.797515,-103.716069&t=k"
32828,agave en pie,0.5,2022,4,0,0.74,20.787288,-103.689689,"https://maps.google.com/?q=20.787288,-103.689689&t=k"
33369,agave en pie,0.5,2022,4,0,0.98,20.785477,-103.774723,"https://maps.google.com/?q=20.785477,-103.774723&t=k"
33594,agave en pie,0.5,2022,4,0,0.66,20.783959,-103.733667,"https://maps.google.com/?q=20.783959,-103.733667&t=k"
805,agave en pie,0.49,2022,4,0,1.0,20.928385,-103.891696,"https://maps.google.com/?q=20.928385,-103.891696&t=k"
8632,agave en pie,0.49,2022,4,0,0.65,20.892859,-103.814663,"https://maps.google.com/?q=20.892859,-103.814663&t=k"
10292,agave en pie,0.49,2022,4,0,0.55,20.885798,-103.799626,"https://maps.google.com/?q=20.885798,-103.799626&t=k"
10343,agave en pie,0.49,2022,4,0,0.39,20.885317,-103.78271,"https://maps.google.com/?q=20.885317,-103.78271&t=k"
11773,agave en pie,0.49,2022,4,0,0.51,20.879173,-103.769975,"https://maps.google.com/?q=20.879173,-103.769975&t=k"
17546,agave en pie,0.49,2022,4,0,0.84,20.855498,-103.807507,"https://maps.google.com/?q=20.855498,-103.807507&t=k"
23373,agave en pie,0.49,2022,4,0,0.53,20.83019,-103.76134,"https://maps.google.com/?q=20.83019,-103.76134&t=k"
29460,agave en pie,0.49,2022,4,0,1.0,20.801951,-103.687449,"https://maps.google.com/?q=20.801951,-103.687449&t=k"
32686,agave en pie,0.49,2022,4,0,0.57,20.788702,-103.777339,"https://maps.google.com/?q=20.788702,-103.777339&t=k"
33380,agave en pie,0.49,2022,4,0,0.86,20.784873,-103.710796,"https://maps.google.com/?q=20.784873,-103.710796&t=k"
6865,agave en pie,0.48,2022,4,0,0.98,20.900258,-103.866569,"https://maps.google.com/?q=20.900258,-103.866569&t=k"
8280,agave en pie,0.48,2022,4,0,0.4,20.894742,-103.852286,"https://maps.google.com/?q=20.894742,-103.852286&t=k"
9075,agave en pie,0.48,2022,4,0,0.77,20.890673,-103.754933,"https://maps.google.com/?q=20.890673,-103.754933&t=k"
9142,agave en pie,0.48,2022,4,0,0.5,20.891262,-103.865483,"https://maps.google.com/?q=20.891262,-103.865483&t=k"
10078,agave en pie,0.48,2022,4,0,0.71,20.886258,-103.731946,"https://maps.google.com/?q=20.886258,-103.731946&t=k"
22485,agave en pie,0.48,2022,4,0,0.62,20.834231,-103.770389,"https://maps.google.com/?q=20.834231,-103.770389&t=k"
22583,agave en pie,0.48,2022,4,0,0.6,20.833825,-103.77044,"https://maps.google.com/?q=20.833825,-103.77044&t=k"
22874,agave en pie,0.48,2022,4,0,1.0,20.831827,-103.695743,"https://maps.google.com/?q=20.831827,-103.695743&t=k"
24589,agave en pie,0.48,2022,4,0,1.0,20.824001,-103.682454,"https://maps.google.com/?q=20.824001,-103.682454&t=k"
25737,agave en pie,0.48,2022,4,0,0.62,20.818328,-103.696675,"https://maps.google.com/?q=20.818328,-103.696675&t=k"
29850,agave en pie,0.48,2022,4,0,0.52,20.799665,-103.769084,"https://maps.google.com/?q=20.799665,-103.769084&t=k"
30701,agave en pie,0.48,2022,4,0,1.0,20.796919,-103.714921,"https://maps.google.com/?q=20.796919,-103.714921&t=k"
3326,agave en pie,0.47,2022,4,0,0.77,20.915344,-103.832755,"https://maps.google.com/?q=20.915344,-103.832755&t=k"
4239,agave en pie,0.47,2022,4,0,0.96,20.911028,-103.752602,"https://maps.google.com/?q=20.911028,-103.752602&t=k"
4434,agave en pie,0.47,2022,4,0,0.77,20.910926,-103.860768,"https://maps.google.com/?q=20.910926,-103.860768&t=k"
4843,agave en pie,0.47,2022,4,0,1.0,20.907972,-103.730129,"https://maps.google.com/?q=20.907972,-103.730129&t=k"
5887,agave en pie,0.47,2022,4,0,0.6,20.903659,-103.795734,"https://maps.google.com/?q=20.903659,-103.795734&t=k"
8199,agave en pie,0.47,2022,4,0,0.74,20.894711,-103.782539,"https://maps.google.com/?q=20.894711,-103.782539&t=k"
10616,agave en pie,0.47,2022,4,0,0.68,20.883695,-103.783348,"https://maps.google.com/?q=20.883695,-103.783348&t=k"
10741,agave en pie,0.47,2022,4,0,0.57,20.883437,-103.797962,"https://maps.google.com/?q=20.883437,-103.797962&t=k"
16752,agave en pie,0.47,2022,4,0,0.62,20.858476,-103.707479,"https://maps.google.com/?q=20.858476,-103.707479&t=k"
18299,agave en pie,0.47,2022,4,0,0.6,20.851393,-103.684954,"https://maps.google.com/?q=20.851393,-103.684954&t=k"
20008,agave en pie,0.47,2022,4,0,0.68,20.844557,-103.694672,"https://maps.google.com/?q=20.844557,-103.694672&t=k"
26033,agave en pie,0.47,2022,4,0,0.68,20.818089,-103.694996,"https://maps.google.com/?q=20.818089,-103.694996&t=k"
26064,agave en pie,0.47,2022,4,0,0.66,20.818166,-103.772681,"https://maps.google.com/?q=20.818166,-103.772681&t=k"
26679,agave en pie,0.47,2022,4,0,0.81,20.815095,-103.772754,"https://maps.google.com/?q=20.815095,-103.772754&t=k"
26710,agave en pie,0.47,2022,4,0,0.79,20.815229,-103.760022,"https://maps.google.com/?q=20.815229,-103.760022&t=k"
32438,agave en pie,0.47,2022,4,0,0.66,20.789405,-103.749473,"https://maps.google.com/?q=20.789405,-103.749473&t=k"
911,agave en pie,0.46,2022,4,0,0.7,20.92677,-103.865937,"https://maps.google.com/?q=20.92677,-103.865937&t=k"
2770,agave en pie,0.46,2022,4,0,0.91,20.918367,-103.886337,"https://maps.google.com/?q=20.918367,-103.886337&t=k"
4498,agave en pie,0.46,2022,4,0,0.7,20.908546,-103.734451,"https://maps.google.com/?q=20.908546,-103.734451&t=k"
4834,agave en pie,0.46,2022,4,0,0.59,20.907759,-103.762724,"https://maps.google.com/?q=20.907759,-103.762724&t=k"
7229,agave en pie,0.46,2022,4,0,0.98,20.898187,-103.763235,"https://maps.google.com/?q=20.898187,-103.763235&t=k"
7378,agave en pie,0.46,2022,4,0,0.96,20.897065,-103.715272,"https://maps.google.com/?q=20.897065,-103.715272&t=k"
7547,agave en pie,0.46,2022,4,0,0.98,20.897314,-103.892885,"https://maps.google.com/?q=20.897314,-103.892885&t=k"
12067,agave en pie,0.46,2022,4,0,0.93,20.878875,-103.898596,"https://maps.google.com/?q=20.878875,-103.898596&t=k"
12670,agave en pie,0.46,2022,4,0,0.61,20.876233,-103.867518,"https://maps.google.com/?q=20.876233,-103.867518&t=k"
13153,agave en pie,0.46,2022,4,0,0.61,20.873619,-103.776509,"https://maps.google.com/?q=20.873619,-103.776509&t=k"
14044,agave en pie,0.46,2022,4,0,0.91,20.869471,-103.721947,"https://maps.google.com/?q=20.869471,-103.721947&t=k"
15335,agave en pie,0.46,2022,4,0,0.87,20.864932,-103.819495,"https://maps.google.com/?q=20.864932,-103.819495&t=k"
16975,agave en pie,0.46,2022,4,0,0.91,20.857669,-103.708302,"https://maps.google.com/?q=20.857669,-103.708302&t=k"
18128,agave en pie,0.46,2022,4,0,0.65,20.852738,-103.762357,"https://maps.google.com/?q=20.852738,-103.762357&t=k"
23295,agave en pie,0.46,2022,4,0,1.0,20.830301,-103.795838,"https://maps.google.com/?q=20.830301,-103.795838&t=k"
24770,agave en pie,0.46,2022,4,0,0.54,20.823785,-103.719498,"https://maps.google.com/?q=20.823785,-103.719498&t=k"
31582,agave en pie,0.46,2022,4,0,0.74,20.793167,-103.732774,"https://maps.google.com/?q=20.793167,-103.732774&t=k"
1399,agave en pie,0.45,2022,4,0,0.69,20.924677,-103.884175,"https://maps.google.com/?q=20.924677,-103.884175&t=k"
2093,agave en pie,0.45,2022,4,0,0.96,20.921293,-103.837372,"https://maps.google.com/?q=20.921293,-103.837372&t=k"
5353,agave en pie,0.45,2022,4,0,0.89,20.906064,-103.771967,"https://maps.google.com/?q=20.906064,-103.771967&t=k"
10857,agave en pie,0.45,2022,4,0,0.51,20.882753,-103.728371,"https://maps.google.com/?q=20.882753,-103.728371&t=k"
12969,agave en pie,0.45,2022,4,0,0.82,20.875052,-103.880264,"https://maps.google.com/?q=20.875052,-103.880264&t=k"
14553,agave en pie,0.45,2022,4,0,1.0,20.868117,-103.816347,"https://maps.google.com/?q=20.868117,-103.816347&t=k"
20907,agave en pie,0.45,2022,4,0,0.71,20.840404,-103.695092,"https://maps.google.com/?q=20.840404,-103.695092&t=k"
28026,agave en pie,0.45,2022,4,0,0.51,20.808403,-103.698346,"https://maps.google.com/?q=20.808403,-103.698346&t=k"
33571,agave en pie,0.45,2022,4,0,0.51,20.783814,-103.714167,"https://maps.google.com/?q=20.783814,-103.714167&t=k"
3635,agave en pie,0.44,2022,4,0,0.55,20.914072,-103.838389,"https://maps.google.com/?q=20.914072,-103.838389&t=k"
5888,agave en pie,0.44,2022,4,0,0.59,20.904097,-103.793808,"https://maps.google.com/?q=20.904097,-103.793808&t=k"
6951,agave en pie,0.44,2022,4,0,0.73,20.899786,-103.797447,"https://maps.google.com/?q=20.899786,-103.797447&t=k"
7810,agave en pie,0.44,2022,4,0,0.64,20.89668,-103.871932,"https://maps.google.com/?q=20.89668,-103.871932&t=k"
8428,agave en pie,0.44,2022,4,0,1.0,20.893827,-103.797927,"https://maps.google.com/?q=20.893827,-103.797927&t=k"
9016,agave en pie,0.44,2022,4,0,0.68,20.891371,-103.795592,"https://maps.google.com/?q=20.891371,-103.795592&t=k"
9850,agave en pie,0.44,2022,4,0,0.7,20.887616,-103.801245,"https://maps.google.com/?q=20.887616,-103.801245&t=k"
16296,agave en pie,0.44,2022,4,0,0.52,20.861275,-103.84634,"https://maps.google.com/?q=20.861275,-103.84634&t=k"
17846,agave en pie,0.44,2022,4,0,0.55,20.853814,-103.688441,"https://maps.google.com/?q=20.853814,-103.688441&t=k"
21370,agave en pie,0.44,2022,4,0,0.89,20.838754,-103.680211,"https://maps.google.com/?q=20.838754,-103.680211&t=k"
27952,agave en pie,0.44,2022,4,0,0.77,20.809205,-103.68508,"https://maps.google.com/?q=20.809205,-103.68508&t=k"
32359,agave en pie,0.44,2022,4,0,0.75,20.790022,-103.747354,"https://maps.google.com/?q=20.790022,-103.747354&t=k"
2116,agave en pie,0.43,2022,4,0,0.95,20.921126,-103.839344,"https://maps.google.com/?q=20.921126,-103.839344&t=k"
6177,agave en pie,0.43,2022,4,0,0.63,20.902548,-103.837517,"https://maps.google.com/?q=20.902548,-103.837517&t=k"
14133,agave en pie,0.43,2022,4,0,0.56,20.86956,-103.815951,"https://maps.google.com/?q=20.86956,-103.815951&t=k"
15946,agave en pie,0.43,2022,4,0,1.0,20.862546,-103.80774,"https://maps.google.com/?q=20.862546,-103.80774&t=k"
16970,agave en pie,0.43,2022,4,0,0.88,20.85692,-103.753481,"https://maps.google.com/?q=20.85692,-103.753481&t=k"
21369,agave en pie,0.43,2022,4,0,0.37,20.838761,-103.681028,"https://maps.google.com/?q=20.838761,-103.681028&t=k"
23785,agave en pie,0.43,2022,4,0,1.0,20.828431,-103.793258,"https://maps.google.com/?q=20.828431,-103.793258&t=k"
30056,agave en pie,0.43,2022,4,0,0.98,20.800036,-103.770426,"https://maps.google.com/?q=20.800036,-103.770426&t=k"
30140,agave en pie,0.43,2022,4,0,0.95,20.799655,-103.767691,"https://maps.google.com/?q=20.799655,-103.767691&t=k"
30773,agave en pie,0.43,2022,4,0,0.98,20.795897,-103.687261,"https://maps.google.com/?q=20.795897,-103.687261&t=k"
5425,agave en pie,0.42,2022,4,0,1.0,20.905665,-103.77298,"https://maps.google.com/?q=20.905665,-103.77298&t=k"
7005,agave en pie,0.42,2022,4,0,1.0,20.899717,-103.83975,"https://maps.google.com/?q=20.899717,-103.83975&t=k"
13090,agave en pie,0.42,2022,4,0,1.0,20.873377,-103.706823,"https://maps.google.com/?q=20.873377,-103.706823&t=k"
13231,agave en pie,0.42,2022,4,0,0.52,20.873915,-103.872246,"https://maps.google.com/?q=20.873915,-103.872246&t=k"
24263,agave en pie,0.42,2022,4,0,0.98,20.826365,-103.763294,"https://maps.google.com/?q=20.826365,-103.763294&t=k"
26736,agave en pie,0.42,2022,4,0,0.52,20.814929,-103.719236,"https://maps.google.com/?q=20.814929,-103.719236&t=k"
26931,agave en pie,0.42,2022,4,0,0.67,20.813806,-103.696042,"https://maps.google.com/?q=20.813806,-103.696042&t=k"
30360,agave en pie,0.42,2022,4,0,0.95,20.797947,-103.719524,"https://maps.google.com/?q=20.797947,-103.719524&t=k"
31892,agave en pie,0.42,2022,4,0,0.43,20.791652,-103.760262,"https://maps.google.com/?q=20.791652,-103.760262&t=k"
33793,agave en pie,0.42,2022,4,0,0.55,20.783115,-103.741696,"https://maps.google.com/?q=20.783115,-103.741696&t=k"
1431,agave en pie,0.41,2022,4,0,0.51,20.924284,-103.858936,"https://maps.google.com/?q=20.924284,-103.858936&t=k"
2761,agave en pie,0.41,2022,4,0,0.76,20.918297,-103.835232,"https://maps.google.com/?q=20.918297,-103.835232&t=k"
6789,agave en pie,0.41,2022,4,0,1.0,20.900575,-103.839791,"https://maps.google.com/?q=20.900575,-103.839791&t=k"
10298,agave en pie,0.41,2022,4,0,0.56,20.884947,-103.750125,"https://maps.google.com/?q=20.884947,-103.750125&t=k"
11841,agave en pie,0.41,2022,4,0,0.39,20.879629,-103.896428,"https://maps.google.com/?q=20.879629,-103.896428&t=k"
14478,agave en pie,0.41,2022,4,0,0.59,20.868228,-103.806301,"https://maps.google.com/?q=20.868228,-103.806301&t=k"
18381,agave en pie,0.41,2022,4,0,1.0,20.85155,-103.68774,"https://maps.google.com/?q=20.85155,-103.68774&t=k"
19109,agave en pie,0.41,2022,4,0,0.9,20.848333,-103.70425,"https://maps.google.com/?q=20.848333,-103.70425&t=k"
27197,agave en pie,0.41,2022,4,0,0.59,20.813287,-103.778966,"https://maps.google.com/?q=20.813287,-103.778966&t=k"
30538,agave en pie,0.41,2022,4,0,0.9,20.797073,-103.693448,"https://maps.google.com/?q=20.797073,-103.693448&t=k"
84,agave en pie,0.4,2022,4,0,0.95,20.93089,-103.827153,"https://maps.google.com/?q=20.93089,-103.827153&t=k"
2280,agave en pie,0.4,2022,4,0,0.9,20.920539,-103.839493,"https://maps.google.com/?q=20.920539,-103.839493&t=k"
3099,agave en pie,0.4,2022,4,0,1.0,20.916039,-103.835297,"https://maps.google.com/?q=20.916039,-103.835297&t=k"
5948,agave en pie,0.4,2022,4,0,1.0,20.904139,-103.838994,"https://maps.google.com/?q=20.904139,-103.838994&t=k"
10416,agave en pie,0.4,2022,4,0,1.0,20.885252,-103.773579,"https://maps.google.com/?q=20.885252,-103.773579&t=k"
13370,agave en pie,0.4,2022,4,0,0.98,20.872397,-103.745039,"https://maps.google.com/?q=20.872397,-103.745039&t=k"
13770,agave en pie,0.4,2022,4,0,0.8,20.870861,-103.808203,"https://maps.google.com/?q=20.870861,-103.808203&t=k"
14787,agave en pie,0.4,2022,4,0,0.9,20.866605,-103.719279,"https://maps.google.com/?q=20.866605,-103.719279&t=k"
21896,agave en pie,0.4,2022,4,0,1.0,20.836595,-103.687197,"https://maps.google.com/?q=20.836595,-103.687197&t=k"
22244,agave en pie,0.4,2022,4,0,0.8,20.834864,-103.697158,"https://maps.google.com/?q=20.834864,-103.697158&t=k"
30508,agave en pie,0.4,2022,4,0,0.75,20.798062,-103.74724,"https://maps.google.com/?q=20.798062,-103.74724&t=k"
34305,agave en pie,0.4,2022,4,0,1.0,20.781467,-103.751171,"https://maps.google.com/?q=20.781467,-103.751171&t=k"
3585,agave en pie,0.39,2022,4,0,0.38,20.913579,-103.743206,"https://maps.google.com/?q=20.913579,-103.743206&t=k"
3876,agave en pie,0.39,2022,4,0,0.87,20.91247,-103.709564,"https://maps.google.com/?q=20.91247,-103.709564&t=k"
6565,agave en pie,0.39,2022,4,0,0.95,20.90173,-103.863674,"https://maps.google.com/?q=20.90173,-103.863674&t=k"
24231,agave en pie,0.39,2022,4,0,1.0,20.82605,-103.684646,"https://maps.google.com/?q=20.82605,-103.684646&t=k"
25088,agave en pie,0.39,2022,4,0,0.72,20.821961,-103.717255,"https://maps.google.com/?q=20.821961,-103.717255&t=k"
5450,agave en pie,0.38,2022,4,0,0.63,20.906691,-103.883106,"https://maps.google.com/?q=20.906691,-103.883106&t=k"
6989,agave en pie,0.38,2022,4,0,0.71,20.899061,-103.797213,"https://maps.google.com/?q=20.899061,-103.797213&t=k"
9220,agave en pie,0.38,2022,4,0,0.58,20.890766,-103.865631,"https://maps.google.com/?q=20.890766,-103.865631&t=k"
15160,agave en pie,0.38,2022,4,0,0.55,20.8654,-103.808823,"https://maps.google.com/?q=20.8654,-103.808823&t=k"
19435,agave en pie,0.38,2022,4,0,0.95,20.847006,-103.719974,"https://maps.google.com/?q=20.847006,-103.719974&t=k"
23699,agave en pie,0.38,2022,4,0,0.68,20.828812,-103.758181,"https://maps.google.com/?q=20.828812,-103.758181&t=k"
28799,agave en pie,0.38,2022,4,0,0.84,20.805205,-103.687613,"https://maps.google.com/?q=20.805205,-103.687613&t=k"
29514,agave en pie,0.38,2022,4,0,0.89,20.801856,-103.686873,"https://maps.google.com/?q=20.801856,-103.686873&t=k"
29664,agave en pie,0.38,2022,4,0,0.61,20.801137,-103.68736,"https://maps.google.com/?q=20.801137,-103.68736&t=k"
31385,agave en pie,0.38,2022,4,0,1.0,20.79391,-103.747755,"https://maps.google.com/?q=20.79391,-103.747755&t=k"
34224,agave en pie,0.38,2022,4,0,0.71,20.781701,-103.783783,"https://maps.google.com/?q=20.781701,-103.783783&t=k"
1325,agave en pie,0.37,2022,4,0,1.0,20.925718,-103.891475,"https://maps.google.com/?q=20.925718,-103.891475&t=k"
1884,agave en pie,0.37,2022,4,0,0.57,20.922765,-103.881881,"https://maps.google.com/?q=20.922765,-103.881881&t=k"
2596,agave en pie,0.37,2022,4,0,1.0,20.91907,-103.835995,"https://maps.google.com/?q=20.91907,-103.835995&t=k"
4333,agave en pie,0.37,2022,4,0,0.92,20.911322,-103.859275,"https://maps.google.com/?q=20.911322,-103.859275&t=k"
6026,agave en pie,0.37,2022,4,0,0.54,20.903184,-103.724065,"https://maps.google.com/?q=20.903184,-103.724065&t=k"
6505,agave en pie,0.37,2022,4,0,0.59,20.901983,-103.874584,"https://maps.google.com/?q=20.901983,-103.874584&t=k"
8650,agave en pie,0.37,2022,4,0,0.49,20.892088,-103.690416,"https://maps.google.com/?q=20.892088,-103.690416&t=k"
13333,agave en pie,0.37,2022,4,0,0.89,20.872572,-103.707935,"https://maps.google.com/?q=20.872572,-103.707935&t=k"
16381,agave en pie,0.37,2022,4,0,0.51,20.860758,-103.810349,"https://maps.google.com/?q=20.860758,-103.810349&t=k"
19168,agave en pie,0.37,2022,4,0,0.84,20.847911,-103.702139,"https://maps.google.com/?q=20.847911,-103.702139&t=k"
20985,agave en pie,0.37,2022,4,0,0.7,20.840551,-103.776199,"https://maps.google.com/?q=20.840551,-103.776199&t=k"
23479,agave en pie,0.37,2022,4,0,0.54,20.829411,-103.704796,"https://maps.google.com/?q=20.829411,-103.704796&t=k"
23641,agave en pie,0.37,2022,4,0,0.68,20.828429,-103.688517,"https://maps.google.com/?q=20.828429,-103.688517&t=k"
23856,agave en pie,0.37,2022,4,0,1.0,20.828149,-103.791723,"https://maps.google.com/?q=20.828149,-103.791723&t=k"
24083,agave en pie,0.37,2022,4,0,0.65,20.82711,-103.766363,"https://maps.google.com/?q=20.82711,-103.766363&t=k"
25634,agave en pie,0.37,2022,4,0,0.51,20.819698,-103.680906,"https://maps.google.com/?q=20.819698,-103.680906&t=k"
2212,agave en pie,0.36,2022,4,0,0.69,20.920581,-103.839012,"https://maps.google.com/?q=20.920581,-103.839012&t=k"
4952,agave en pie,0.36,2022,4,0,0.64,20.908335,-103.871989,"https://maps.google.com/?q=20.908335,-103.871989&t=k"
12671,agave en pie,0.36,2022,4,0,1.0,20.87605,-103.867135,"https://maps.google.com/?q=20.87605,-103.867135&t=k"
17430,agave en pie,0.36,2022,4,0,0.58,20.855602,-103.796501,"https://maps.google.com/?q=20.855602,-103.796501&t=k"
23322,agave en pie,0.36,2022,4,0,0.75,20.830445,-103.771573,"https://maps.google.com/?q=20.830445,-103.771573&t=k"
25403,agave en pie,0.36,2022,4,0,0.44,20.820932,-103.761512,"https://maps.google.com/?q=20.820932,-103.761512&t=k"
27064,agave en pie,0.36,2022,4,0,0.72,20.813359,-103.702627,"https://maps.google.com/?q=20.813359,-103.702627&t=k"
30791,agave en pie,0.36,2022,4,0,0.94,20.796089,-103.71267,"https://maps.google.com/?q=20.796089,-103.71267&t=k"
31546,agave en pie,0.36,2022,4,0,0.72,20.79262,-103.73201,"https://maps.google.com/?q=20.79262,-103.73201&t=k"
31738,agave en pie,0.36,2022,4,0,0.67,20.792282,-103.735231,"https://maps.google.com/?q=20.792282,-103.735231&t=k"
4442,agave en pie,0.35,2022,4,0,0.54,20.909499,-103.753576,"https://maps.google.com/?q=20.909499,-103.753576&t=k"
4924,agave en pie,0.35,2022,4,0,0.89,20.908265,-103.751567,"https://maps.google.com/?q=20.908265,-103.751567&t=k"
18966,agave en pie,0.35,2022,4,0,0.66,20.848929,-103.687522,"https://maps.google.com/?q=20.848929,-103.687522&t=k"
19485,agave en pie,0.35,2022,4,0,0.49,20.847792,-103.803723,"https://maps.google.com/?q=20.847792,-103.803723&t=k"
19505,agave en pie,0.35,2022,4,0,0.94,20.84735,-103.805121,"https://maps.google.com/?q=20.84735,-103.805121&t=k"
28533,agave en pie,0.35,2022,4,0,0.71,20.806299,-103.700814,"https://maps.google.com/?q=20.806299,-103.700814&t=k"
32637,agave en pie,0.35,2022,4,0,0.83,20.788173,-103.717205,"https://maps.google.com/?q=20.788173,-103.717205&t=k"
2129,agave en pie,0.34,2022,4,0,1.0,20.921283,-103.876411,"https://maps.google.com/?q=20.921283,-103.876411&t=k"
8631,agave en pie,0.34,2022,4,0,0.59,20.892738,-103.816634,"https://maps.google.com/?q=20.892738,-103.816634&t=k"
11874,agave en pie,0.34,2022,4,0,0.91,20.879636,-103.897437,"https://maps.google.com/?q=20.879636,-103.897437&t=k"
18549,agave en pie,0.34,2022,4,0,0.47,20.851482,-103.808067,"https://maps.google.com/?q=20.851482,-103.808067&t=k"
22388,agave en pie,0.34,2022,4,0,1.0,20.834772,-103.77024,"https://maps.google.com/?q=20.834772,-103.77024&t=k"
22743,agave en pie,0.34,2022,4,0,1.0,20.832202,-103.796351,"https://maps.google.com/?q=20.832202,-103.796351&t=k"
23279,agave en pie,0.34,2022,4,0,0.79,20.830972,-103.788577,"https://maps.google.com/?q=20.830972,-103.788577&t=k"
24193,agave en pie,0.34,2022,4,0,0.97,20.826777,-103.757813,"https://maps.google.com/?q=20.826777,-103.757813&t=k"
1161,agave en pie,0.33,2022,4,0,0.61,20.926226,-103.893106,"https://maps.google.com/?q=20.926226,-103.893106&t=k"
2760,agave en pie,0.33,2022,4,0,0.88,20.917957,-103.838311,"https://maps.google.com/?q=20.917957,-103.838311&t=k"
7938,agave en pie,0.33,2022,4,0,0.97,20.896501,-103.892939,"https://maps.google.com/?q=20.896501,-103.892939&t=k"
8793,agave en pie,0.33,2022,4,0,0.76,20.892257,-103.799478,"https://maps.google.com/?q=20.892257,-103.799478&t=k"
18682,agave en pie,0.33,2022,4,0,1.0,20.850664,-103.769102,"https://maps.google.com/?q=20.850664,-103.769102&t=k"
22745,agave en pie,0.33,2022,4,0,0.79,20.833069,-103.791203,"https://maps.google.com/?q=20.833069,-103.791203&t=k"
25622,agave en pie,0.33,2022,4,0,0.42,20.819851,-103.68321,"https://maps.google.com/?q=20.819851,-103.68321&t=k"
29008,agave en pie,0.33,2022,4,0,0.88,20.804406,-103.689541,"https://maps.google.com/?q=20.804406,-103.689541&t=k"
30888,agave en pie,0.33,2022,4,0,0.39,20.796609,-103.783952,"https://maps.google.com/?q=20.796609,-103.783952&t=k"
31085,agave en pie,0.33,2022,4,0,0.55,20.79486,-103.693515,"https://maps.google.com/?q=20.79486,-103.693515&t=k"
4361,agave en pie,0.32,2022,4,0,0.56,20.910528,-103.752125,"https://maps.google.com/?q=20.910528,-103.752125&t=k"
5666,agave en pie,0.32,2022,4,0,0.72,20.905293,-103.771541,"https://maps.google.com/?q=20.905293,-103.771541&t=k"
8583,agave en pie,0.32,2022,4,0,1.0,20.893413,-103.816389,"https://maps.google.com/?q=20.893413,-103.816389&t=k"
8641,agave en pie,0.32,2022,4,0,0.88,20.892347,-103.761552,"https://maps.google.com/?q=20.892347,-103.761552&t=k"
17064,agave en pie,0.32,2022,4,0,0.66,20.857408,-103.709602,"https://maps.google.com/?q=20.857408,-103.709602&t=k"
23252,agave en pie,0.32,2022,4,0,0.66,20.830457,-103.682061,"https://maps.google.com/?q=20.830457,-103.682061&t=k"
24724,agave en pie,0.32,2022,4,0,0.59,20.823133,-103.681212,"https://maps.google.com/?q=20.823133,-103.681212&t=k"
33047,agave en pie,0.32,2022,4,0,0.75,20.7868,-103.764049,"https://maps.google.com/?q=20.7868,-103.764049&t=k"
34090,agave en pie,0.32,2022,4,0,0.5,20.782869,-103.782861,"https://maps.google.com/?q=20.782869,-103.782861&t=k"
762,agave en pie,0.31,2022,4,0,1.0,20.928656,-103.891694,"https://maps.google.com/?q=20.928656,-103.891694&t=k"
1820,agave en pie,0.31,2022,4,0,0.58,20.923004,-103.836541,"https://maps.google.com/?q=20.923004,-103.836541&t=k"
2281,agave en pie,0.31,2022,4,0,0.74,20.920344,-103.837283,"https://maps.google.com/?q=20.920344,-103.837283&t=k"
5951,agave en pie,0.31,2022,4,0,1.0,20.903907,-103.792511,"https://maps.google.com/?q=20.903907,-103.792511&t=k"
11545,agave en pie,0.31,2022,4,0,0.74,20.880288,-103.749347,"https://maps.google.com/?q=20.880288,-103.749347&t=k"
19421,agave en pie,0.31,2022,4,0,0.52,20.847214,-103.687826,"https://maps.google.com/?q=20.847214,-103.687826&t=k"
20009,agave en pie,0.31,2022,4,0,0.77,20.844806,-103.685972,"https://maps.google.com/?q=20.844806,-103.685972&t=k"
24679,agave en pie,0.31,2022,4,0,1.0,20.823968,-103.683991,"https://maps.google.com/?q=20.823968,-103.683991&t=k"
28494,agave en pie,0.31,2022,4,0,1.0,20.807452,-103.771471,"https://maps.google.com/?q=20.807452,-103.771471&t=k"
31216,agave en pie,0.31,2022,4,0,0.71,20.794569,-103.770182,"https://maps.google.com/?q=20.794569,-103.770182&t=k"
31914,agave en pie,0.31,2022,4,0,0.61,20.791872,-103.753247,"https://maps.google.com/?q=20.791872,-103.753247&t=k"
2466,agave en pie,0.3,2022,4,0,0.6,20.91914,-103.737775,"https://maps.google.com/?q=20.91914,-103.737775&t=k"
6595,agave en pie,0.3,2022,4,0,1.0,20.901728,-103.863385,"https://maps.google.com/?q=20.901728,-103.863385&t=k"
7444,agave en pie,0.3,2022,4,0,0.8,20.897623,-103.760259,"https://maps.google.com/?q=20.897623,-103.760259&t=k"
10392,agave en pie,0.3,2022,4,0,1.0,20.885483,-103.774298,"https://maps.google.com/?q=20.885483,-103.774298&t=k"
11213,agave en pie,0.3,2022,4,0,0.5,20.8815,-103.729871,"https://maps.google.com/?q=20.8815,-103.729871&t=k"
11511,agave en pie,0.3,2022,4,0,0.53,20.880341,-103.72594,"https://maps.google.com/?q=20.880341,-103.72594&t=k"
21958,agave en pie,0.3,2022,4,0,1.0,20.835737,-103.687252,"https://maps.google.com/?q=20.835737,-103.687252&t=k"
23248,agave en pie,0.3,2022,4,0,0.57,20.830122,-103.685475,"https://maps.google.com/?q=20.830122,-103.685475&t=k"
25368,agave en pie,0.3,2022,4,0,0.73,20.821188,-103.686658,"https://maps.google.com/?q=20.821188,-103.686658&t=k"
30514,agave en pie,0.3,2022,4,0,0.57,20.797641,-103.714771,"https://maps.google.com/?q=20.797641,-103.714771&t=k"
30838,agave en pie,0.3,2022,4,0,1.0,20.796029,-103.692736,"https://maps.google.com/?q=20.796029,-103.692736&t=k"
31990,agave en pie,0.3,2022,4,0,0.5,20.79133,-103.72861,"https://maps.google.com/?q=20.79133,-103.72861&t=k"
19909,agave en pie,7.06,2023,3,0,0.94,20.844317,-103.698806,"https://maps.google.com/?q=20.844317,-103.698806&t=k"
13698,agave en pie,6.96,2023,3,0,0.62,20.869036,-103.805622,"https://maps.google.com/?q=20.869036,-103.805622&t=k"
18589,agave en pie,6.75,2023,3,0,0.97,20.849457,-103.777233,"https://maps.google.com/?q=20.849457,-103.777233&t=k"
15204,agave en pie,5.87,2023,3,0,1.0,20.864218,-103.763176,"https://maps.google.com/?q=20.864218,-103.763176&t=k"
8509,agave en pie,5.85,2023,3,0,0.95,20.892705,-103.779911,"https://maps.google.com/?q=20.892705,-103.779911&t=k"
15278,agave en pie,5.77,2023,3,0,0.38,20.864432,-103.872653,"https://maps.google.com/?q=20.864432,-103.872653&t=k"
15578,agave en pie,5.69,2023,3,0,0.64,20.863021,-103.785341,"https://maps.google.com/?q=20.863021,-103.785341&t=k"
16898,agave en pie,5.53,2023,3,0,0.99,20.857045,-103.752038,"https://maps.google.com/?q=20.857045,-103.752038&t=k"
19658,agave en pie,5.5,2023,3,0,0.64,20.84526,-103.692119,"https://maps.google.com/?q=20.84526,-103.692119&t=k"
19105,agave en pie,5.48,2023,3,0,0.7,20.847496,-103.774654,"https://maps.google.com/?q=20.847496,-103.774654&t=k"
42,agave en pie,5.37,2023,3,0,0.93,20.929391,-103.866061,"https://maps.google.com/?q=20.929391,-103.866061&t=k"
11435,agave en pie,5.27,2023,3,0,0.91,20.879681,-103.728252,"https://maps.google.com/?q=20.879681,-103.728252&t=k"
5215,agave en pie,5.24,2023,3,0,0.76,20.905965,-103.841913,"https://maps.google.com/?q=20.905965,-103.841913&t=k"
7390,agave en pie,5.22,2023,3,0,0.97,20.897348,-103.778479,"https://maps.google.com/?q=20.897348,-103.778479&t=k"
16027,agave en pie,4.91,2023,3,0,0.84,20.860414,-103.749463,"https://maps.google.com/?q=20.860414,-103.749463&t=k"
15139,agave en pie,4.9,2023,3,0,0.55,20.864963,-103.850686,"https://maps.google.com/?q=20.864963,-103.850686&t=k"
12741,agave en pie,4.79,2023,3,0,0.77,20.8743,-103.76444,"https://maps.google.com/?q=20.8743,-103.76444&t=k"
17214,agave en pie,4.38,2023,3,0,0.74,20.855808,-103.737343,"https://maps.google.com/?q=20.855808,-103.737343&t=k"
6953,agave en pie,4.29,2023,3,0,0.99,20.898952,-103.794522,"https://maps.google.com/?q=20.898952,-103.794522&t=k"
12862,agave en pie,4.19,2023,3,0,0.56,20.873453,-103.797753,"https://maps.google.com/?q=20.873453,-103.797753&t=k"
16743,agave en pie,4.16,2023,3,0,0.67,20.857704,-103.68908,"https://maps.google.com/?q=20.857704,-103.68908&t=k"
18287,agave en pie,4.11,2023,3,0,0.98,20.851413,-103.798217,"https://maps.google.com/?q=20.851413,-103.798217&t=k"
21922,agave en pie,3.78,2023,3,0,0.72,20.835271,-103.685431,"https://maps.google.com/?q=20.835271,-103.685431&t=k"
12327,agave en pie,3.75,2023,3,0,0.93,20.876314,-103.761924,"https://maps.google.com/?q=20.876314,-103.761924&t=k"
15395,agave en pie,3.75,2023,3,0,0.98,20.862939,-103.718301,"https://maps.google.com/?q=20.862939,-103.718301&t=k"
7441,agave en pie,3.68,2023,3,0,0.61,20.897287,-103.795352,"https://maps.google.com/?q=20.897287,-103.795352&t=k"
31512,agave en pie,3.65,2023,3,0,0.77,20.792457,-103.759247,"https://maps.google.com/?q=20.792457,-103.759247&t=k"
19282,agave en pie,3.61,2023,3,0,0.91,20.847131,-103.786718,"https://maps.google.com/?q=20.847131,-103.786718&t=k"
11211,agave en pie,3.6,2023,3,0,0.95,20.880387,-103.744396,"https://maps.google.com/?q=20.880387,-103.744396&t=k"
8924,agave en pie,3.57,2023,3,0,0.97,20.890811,-103.773966,"https://maps.google.com/?q=20.890811,-103.773966&t=k"
16661,agave en pie,3.56,2023,3,0,0.56,20.857753,-103.701478,"https://maps.google.com/?q=20.857753,-103.701478&t=k"
21339,agave en pie,3.54,2023,3,0,0.69,20.838091,-103.681995,"https://maps.google.com/?q=20.838091,-103.681995&t=k"
21558,agave en pie,3.53,2023,3,0,0.67,20.837545,-103.760175,"https://maps.google.com/?q=20.837545,-103.760175&t=k"
23796,agave en pie,3.51,2023,3,0,0.56,20.827324,-103.703517,"https://maps.google.com/?q=20.827324,-103.703517&t=k"
14514,agave en pie,3.49,2023,3,0,0.98,20.866818,-103.741961,"https://maps.google.com/?q=20.866818,-103.741961&t=k"
24513,agave en pie,3.48,2023,3,0,0.62,20.823476,-103.702445,"https://maps.google.com/?q=20.823476,-103.702445&t=k"
34345,agave en pie,3.47,2023,3,0,0.93,20.780287,-103.738069,"https://maps.google.com/?q=20.780287,-103.738069&t=k"
10546,agave en pie,3.44,2023,3,0,0.95,20.883742,-103.789837,"https://maps.google.com/?q=20.883742,-103.789837&t=k"
16494,agave en pie,3.4,2023,3,0,0.92,20.859398,-103.758795,"https://maps.google.com/?q=20.859398,-103.758795&t=k"
18129,agave en pie,3.4,2023,3,0,0.96,20.851834,-103.743576,"https://maps.google.com/?q=20.851834,-103.743576&t=k"
15777,agave en pie,3.39,2023,3,0,0.96,20.861962,-103.751133,"https://maps.google.com/?q=20.861962,-103.751133&t=k"
18771,agave en pie,3.37,2023,3,0,0.55,20.849284,-103.784586,"https://maps.google.com/?q=20.849284,-103.784586&t=k"
16550,agave en pie,3.36,2023,3,0,1.0,20.858184,-103.686962,"https://maps.google.com/?q=20.858184,-103.686962&t=k"
13475,agave en pie,3.27,2023,3,0,0.62,20.87166,-103.755522,"https://maps.google.com/?q=20.87166,-103.755522&t=k"
28276,agave en pie,3.24,2023,3,0,0.54,20.805828,-103.704229,"https://maps.google.com/?q=20.805828,-103.704229&t=k"
31381,agave en pie,3.23,2023,3,0,0.87,20.793516,-103.780854,"https://maps.google.com/?q=20.793516,-103.780854&t=k"
16849,agave en pie,3.18,2023,3,0,0.5,20.857363,-103.691822,"https://maps.google.com/?q=20.857363,-103.691822&t=k"
30029,agave en pie,3.15,2023,3,0,0.92,20.799493,-103.745307,"https://maps.google.com/?q=20.799493,-103.745307&t=k"
12674,agave en pie,3.14,2023,3,0,0.45,20.875582,-103.864784,"https://maps.google.com/?q=20.875582,-103.864784&t=k"
16623,agave en pie,3.14,2023,3,0,0.88,20.858397,-103.708969,"https://maps.google.com/?q=20.858397,-103.708969&t=k"
32887,agave en pie,3.13,2023,3,0,0.8,20.787008,-103.780378,"https://maps.google.com/?q=20.787008,-103.780378&t=k"
1595,agave en pie,3.11,2023,3,0,0.46,20.922979,-103.832984,"https://maps.google.com/?q=20.922979,-103.832984&t=k"
3455,agave en pie,3.09,2023,3,0,0.98,20.914143,-103.835552,"https://maps.google.com/?q=20.914143,-103.835552&t=k"
9303,agave en pie,3.03,2023,3,0,0.46,20.889037,-103.78494,"https://maps.google.com/?q=20.889037,-103.78494&t=k"
10565,agave en pie,3.03,2023,3,0,0.97,20.884195,-103.802955,"https://maps.google.com/?q=20.884195,-103.802955&t=k"
34116,agave en pie,3.03,2023,3,0,0.45,20.781008,-103.725574,"https://maps.google.com/?q=20.781008,-103.725574&t=k"
19554,agave en pie,3.02,2023,3,0,0.75,20.846488,-103.804599,"https://maps.google.com/?q=20.846488,-103.804599&t=k"
6958,agave en pie,3.0,2023,3,0,0.47,20.899298,-103.779665,"https://maps.google.com/?q=20.899298,-103.779665&t=k"
7495,agave en pie,3.0,2023,3,0,0.84,20.896511,-103.713642,"https://maps.google.com/?q=20.896511,-103.713642&t=k"
4445,agave en pie,2.99,2023,3,0,0.88,20.909118,-103.726418,"https://maps.google.com/?q=20.909118,-103.726418&t=k"
29531,agave en pie,2.99,2023,3,0,0.87,20.801025,-103.750914,"https://maps.google.com/?q=20.801025,-103.750914&t=k"
16055,agave en pie,2.98,2023,3,0,0.97,20.860375,-103.689874,"https://maps.google.com/?q=20.860375,-103.689874&t=k"
17207,agave en pie,2.98,2023,3,0,0.95,20.855854,-103.787465,"https://maps.google.com/?q=20.855854,-103.787465&t=k"
3379,agave en pie,2.92,2023,3,0,0.56,20.91502,-103.851555,"https://maps.google.com/?q=20.91502,-103.851555&t=k"
12343,agave en pie,2.92,2023,3,0,0.57,20.876161,-103.728715,"https://maps.google.com/?q=20.876161,-103.728715&t=k"
14937,agave en pie,2.92,2023,3,0,0.71,20.865459,-103.717079,"https://maps.google.com/?q=20.865459,-103.717079&t=k"
23988,agave en pie,2.92,2023,3,0,0.85,20.826667,-103.755027,"https://maps.google.com/?q=20.826667,-103.755027&t=k"
10620,agave en pie,2.89,2023,3,0,0.6,20.88337,-103.738363,"https://maps.google.com/?q=20.88337,-103.738363&t=k"
339,agave en pie,2.86,2023,3,0,0.61,20.929461,-103.81649,"https://maps.google.com/?q=20.929461,-103.81649&t=k"
2616,agave en pie,2.86,2023,3,0,0.49,20.918131,-103.857492,"https://maps.google.com/?q=20.918131,-103.857492&t=k"
1481,agave en pie,2.85,2023,3,0,0.82,20.923823,-103.850718,"https://maps.google.com/?q=20.923823,-103.850718&t=k"
32441,agave en pie,2.84,2023,3,0,0.74,20.788464,-103.725944,"https://maps.google.com/?q=20.788464,-103.725944&t=k"
11523,agave en pie,2.81,2023,3,0,0.9,20.879298,-103.756084,"https://maps.google.com/?q=20.879298,-103.756084&t=k"
22233,agave en pie,2.81,2023,3,0,0.77,20.834414,-103.764429,"https://maps.google.com/?q=20.834414,-103.764429&t=k"
4758,agave en pie,2.79,2023,3,0,0.53,20.908355,-103.881988,"https://maps.google.com/?q=20.908355,-103.881988&t=k"
10696,agave en pie,2.79,2023,3,0,0.68,20.883652,-103.822329,"https://maps.google.com/?q=20.883652,-103.822329&t=k"
18849,agave en pie,2.79,2023,3,0,0.52,20.848975,-103.773008,"https://maps.google.com/?q=20.848975,-103.773008&t=k"
9686,agave en pie,2.78,2023,3,0,0.76,20.886915,-103.729153,"https://maps.google.com/?q=20.886915,-103.729153&t=k"
10230,agave en pie,2.77,2023,3,0,0.55,20.885649,-103.778574,"https://maps.google.com/?q=20.885649,-103.778574&t=k"
11001,agave en pie,2.77,2023,3,0,0.7,20.882208,-103.822581,"https://maps.google.com/?q=20.882208,-103.822581&t=k"
32926,agave en pie,2.77,2023,3,0,0.82,20.787201,-103.782154,"https://maps.google.com/?q=20.787201,-103.782154&t=k"
19855,agave en pie,2.7,2023,3,0,1.0,20.844524,-103.690396,"https://maps.google.com/?q=20.844524,-103.690396&t=k"
13660,agave en pie,2.69,2023,3,0,0.42,20.870375,-103.728091,"https://maps.google.com/?q=20.870375,-103.728091&t=k"
2090,agave en pie,2.66,2023,3,0,0.64,20.920942,-103.879491,"https://maps.google.com/?q=20.920942,-103.879491&t=k"
3550,agave en pie,2.65,2023,3,0,1.0,20.914067,-103.864446,"https://maps.google.com/?q=20.914067,-103.864446&t=k"
13495,agave en pie,2.65,2023,3,0,0.71,20.870726,-103.696705,"https://maps.google.com/?q=20.870726,-103.696705&t=k"
13597,agave en pie,2.65,2023,3,0,0.63,20.870528,-103.718333,"https://maps.google.com/?q=20.870528,-103.718333&t=k"
17367,agave en pie,2.65,2023,3,0,0.73,20.85502,-103.680838,"https://maps.google.com/?q=20.85502,-103.680838&t=k"
8389,agave en pie,2.64,2023,3,0,0.97,20.892546,-103.697141,"https://maps.google.com/?q=20.892546,-103.697141&t=k"
12154,agave en pie,2.64,2023,3,0,0.6,20.8772,-103.747066,"https://maps.google.com/?q=20.8772,-103.747066&t=k"
979,agave en pie,2.6,2023,3,0,0.95,20.926865,-103.859782,"https://maps.google.com/?q=20.926865,-103.859782&t=k"
6576,agave en pie,2.6,2023,3,0,0.48,20.900252,-103.761584,"https://maps.google.com/?q=20.900252,-103.761584&t=k"
7580,agave en pie,2.6,2023,3,0,0.5,20.896587,-103.766901,"https://maps.google.com/?q=20.896587,-103.766901&t=k"
8718,agave en pie,2.59,2023,3,0,0.87,20.891409,-103.762906,"https://maps.google.com/?q=20.891409,-103.762906&t=k"
15559,agave en pie,2.59,2023,3,0,0.9,20.863276,-103.770393,"https://maps.google.com/?q=20.863276,-103.770393&t=k"
15771,agave en pie,2.59,2023,3,0,0.87,20.862403,-103.780925,"https://maps.google.com/?q=20.862403,-103.780925&t=k"
16436,agave en pie,2.58,2023,3,0,0.95,20.858983,-103.751397,"https://maps.google.com/?q=20.858983,-103.751397&t=k"
16551,agave en pie,2.58,2023,3,0,0.95,20.857543,-103.685766,"https://maps.google.com/?q=20.857543,-103.685766&t=k"
17746,agave en pie,2.58,2023,3,0,0.8,20.853511,-103.788301,"https://maps.google.com/?q=20.853511,-103.788301&t=k"
14160,agave en pie,2.57,2023,3,0,0.58,20.868979,-103.7975,"https://maps.google.com/?q=20.868979,-103.7975&t=k"
30683,agave en pie,2.57,2023,3,0,0.7,20.796627,-103.761182,"https://maps.google.com/?q=20.796627,-103.761182&t=k"
6533,agave en pie,2.53,2023,3,0,0.53,20.900549,-103.728221,"https://maps.google.com/?q=20.900549,-103.728221&t=k"
8966,agave en pie,2.53,2023,3,0,0.68,20.890677,-103.7806,"https://maps.google.com/?q=20.890677,-103.7806&t=k"
31371,agave en pie,2.51,2023,3,0,0.6,20.793382,-103.731331,"https://maps.google.com/?q=20.793382,-103.731331&t=k"
14676,agave en pie,2.49,2023,3,0,1.0,20.866555,-103.736869,"https://maps.google.com/?q=20.866555,-103.736869&t=k"
14946,agave en pie,2.45,2023,3,0,0.88,20.866047,-103.785221,"https://maps.google.com/?q=20.866047,-103.785221&t=k"
4036,agave en pie,2.43,2023,3,0,0.63,20.910958,-103.75539,"https://maps.google.com/?q=20.910958,-103.75539&t=k"
3636,agave en pie,2.4,2023,3,0,0.8,20.91342,-103.835414,"https://maps.google.com/?q=20.91342,-103.835414&t=k"
9435,agave en pie,2.4,2023,3,0,0.88,20.889007,-103.780662,"https://maps.google.com/?q=20.889007,-103.780662&t=k"
10613,agave en pie,2.39,2023,3,0,0.81,20.884124,-103.825306,"https://maps.google.com/?q=20.884124,-103.825306&t=k"
21696,agave en pie,2.38,2023,3,0,0.85,20.8369,-103.679939,"https://maps.google.com/?q=20.8369,-103.679939&t=k"
34420,agave en pie,2.38,2023,3,0,0.9,20.779779,-103.706132,"https://maps.google.com/?q=20.779779,-103.706132&t=k"
13600,agave en pie,2.37,2023,3,0,0.5,20.870177,-103.695796,"https://maps.google.com/?q=20.870177,-103.695796&t=k"
18497,agave en pie,2.37,2023,3,0,0.89,20.849928,-103.74239,"https://maps.google.com/?q=20.849928,-103.74239&t=k"
9413,agave en pie,2.35,2023,3,0,0.59,20.888196,-103.781005,"https://maps.google.com/?q=20.888196,-103.781005&t=k"
29344,agave en pie,2.35,2023,3,0,0.74,20.802626,-103.753784,"https://maps.google.com/?q=20.802626,-103.753784&t=k"
1646,agave en pie,2.34,2023,3,0,0.5,20.923495,-103.89702,"https://maps.google.com/?q=20.923495,-103.89702&t=k"
16737,agave en pie,2.34,2023,3,0,0.98,20.857483,-103.719549,"https://maps.google.com/?q=20.857483,-103.719549&t=k"
14972,agave en pie,2.32,2023,3,0,0.61,20.865731,-103.760088,"https://maps.google.com/?q=20.865731,-103.760088&t=k"
33499,agave en pie,2.32,2023,3,0,0.93,20.784285,-103.759746,"https://maps.google.com/?q=20.784285,-103.759746&t=k"
34177,agave en pie,2.32,2023,3,0,0.98,20.780889,-103.740033,"https://maps.google.com/?q=20.780889,-103.740033&t=k"
12611,agave en pie,2.31,2023,3,0,0.93,20.874898,-103.741125,"https://maps.google.com/?q=20.874898,-103.741125&t=k"
16534,agave en pie,2.31,2023,3,0,0.97,20.858967,-103.688925,"https://maps.google.com/?q=20.858967,-103.688925&t=k"
24676,agave en pie,2.3,2023,3,0,0.5,20.823393,-103.703406,"https://maps.google.com/?q=20.823393,-103.703406&t=k"
17972,agave en pie,2.29,2023,3,0,1.0,20.853177,-103.741979,"https://maps.google.com/?q=20.853177,-103.741979&t=k"
18207,agave en pie,2.29,2023,3,0,0.91,20.852153,-103.787831,"https://maps.google.com/?q=20.852153,-103.787831&t=k"
21764,agave en pie,2.29,2023,3,0,0.7,20.836826,-103.699784,"https://maps.google.com/?q=20.836826,-103.699784&t=k"
21770,agave en pie,2.29,2023,3,0,0.68,20.836447,-103.758262,"https://maps.google.com/?q=20.836447,-103.758262&t=k"
10524,agave en pie,2.28,2023,3,0,0.74,20.884098,-103.828046,"https://maps.google.com/?q=20.884098,-103.828046&t=k"
26583,agave en pie,2.28,2023,3,0,0.88,20.815584,-103.78428,"https://maps.google.com/?q=20.815584,-103.78428&t=k"
34562,agave en pie,2.27,2023,3,0,0.89,20.779568,-103.757095,"https://maps.google.com/?q=20.779568,-103.757095&t=k"
14501,agave en pie,2.24,2023,3,0,0.92,20.867734,-103.762283,"https://maps.google.com/?q=20.867734,-103.762283&t=k"
17450,agave en pie,2.24,2023,3,0,0.87,20.855565,-103.797703,"https://maps.google.com/?q=20.855565,-103.797703&t=k"
22688,agave en pie,2.23,2023,3,0,0.73,20.832486,-103.71731,"https://maps.google.com/?q=20.832486,-103.71731&t=k"
2393,agave en pie,2.21,2023,3,0,0.77,20.919834,-103.896614,"https://maps.google.com/?q=20.919834,-103.896614&t=k"
16099,agave en pie,2.2,2023,3,0,0.95,20.860874,-103.696069,"https://maps.google.com/?q=20.860874,-103.696069&t=k"
5855,agave en pie,2.18,2023,3,0,1.0,20.903856,-103.779052,"https://maps.google.com/?q=20.903856,-103.779052&t=k"
21759,agave en pie,2.18,2023,3,0,0.89,20.837127,-103.752443,"https://maps.google.com/?q=20.837127,-103.752443&t=k"
29888,agave en pie,2.18,2023,3,0,0.54,20.800589,-103.784593,"https://maps.google.com/?q=20.800589,-103.784593&t=k"
31741,agave en pie,2.18,2023,3,0,0.43,20.791528,-103.706801,"https://maps.google.com/?q=20.791528,-103.706801&t=k"
34415,agave en pie,2.18,2023,3,0,0.84,20.780034,-103.74662,"https://maps.google.com/?q=20.780034,-103.74662&t=k"
15115,agave en pie,2.17,2023,3,0,0.61,20.865556,-103.805265,"https://maps.google.com/?q=20.865556,-103.805265&t=k"
32547,agave en pie,2.17,2023,3,0,0.89,20.788834,-103.764224,"https://maps.google.com/?q=20.788834,-103.764224&t=k"
21929,agave en pie,2.16,2023,3,0,0.62,20.83631,-103.770564,"https://maps.google.com/?q=20.83631,-103.770564&t=k"
33458,agave en pie,2.16,2023,3,0,0.56,20.783495,-103.70783,"https://maps.google.com/?q=20.783495,-103.70783&t=k"
34176,agave en pie,2.16,2023,3,0,0.55,20.781315,-103.742671,"https://maps.google.com/?q=20.781315,-103.742671&t=k"
10479,agave en pie,2.15,2023,3,0,1.0,20.884398,-103.755417,"https://maps.google.com/?q=20.884398,-103.755417&t=k"
31214,agave en pie,2.15,2023,3,0,0.54,20.793949,-103.778305,"https://maps.google.com/?q=20.793949,-103.778305&t=k"
33550,agave en pie,2.15,2023,3,0,0.62,20.783917,-103.715896,"https://maps.google.com/?q=20.783917,-103.715896&t=k"
19080,agave en pie,2.14,2023,3,0,0.78,20.848427,-103.797664,"https://maps.google.com/?q=20.848427,-103.797664&t=k"
6271,agave en pie,2.13,2023,3,0,0.75,20.902064,-103.832905,"https://maps.google.com/?q=20.902064,-103.832905&t=k"
6670,agave en pie,2.13,2023,3,0,0.58,20.899863,-103.727025,"https://maps.google.com/?q=20.899863,-103.727025&t=k"
13714,agave en pie,2.13,2023,3,0,0.82,20.870195,-103.722133,"https://maps.google.com/?q=20.870195,-103.722133&t=k"
3710,agave en pie,2.12,2023,3,0,0.52,20.913673,-103.846132,"https://maps.google.com/?q=20.913673,-103.846132&t=k"
6821,agave en pie,2.11,2023,3,0,0.65,20.89962,-103.749139,"https://maps.google.com/?q=20.89962,-103.749139&t=k"
8291,agave en pie,2.11,2023,3,0,0.91,20.893814,-103.777066,"https://maps.google.com/?q=20.893814,-103.777066&t=k"
26245,agave en pie,2.11,2023,3,0,0.82,20.817052,-103.781194,"https://maps.google.com/?q=20.817052,-103.781194&t=k"
32964,agave en pie,2.11,2023,3,0,0.51,20.786541,-103.765684,"https://maps.google.com/?q=20.786541,-103.765684&t=k"
34403,agave en pie,2.11,2023,3,0,0.96,20.779881,-103.707668,"https://maps.google.com/?q=20.779881,-103.707668&t=k"
8049,agave en pie,2.1,2023,3,0,0.83,20.894409,-103.753075,"https://maps.google.com/?q=20.894409,-103.753075&t=k"
26258,agave en pie,2.1,2023,3,0,0.84,20.816422,-103.689582,"https://maps.google.com/?q=20.816422,-103.689582&t=k"
5756,agave en pie,2.09,2023,3,0,0.67,20.903528,-103.733868,"https://maps.google.com/?q=20.903528,-103.733868&t=k"
16320,agave en pie,2.09,2023,3,0,0.89,20.859981,-103.80257,"https://maps.google.com/?q=20.859981,-103.80257&t=k"
26474,agave en pie,2.09,2023,3,0,0.83,20.816392,-103.783649,"https://maps.google.com/?q=20.816392,-103.783649&t=k"
27409,agave en pie,2.09,2023,3,0,0.9,20.811133,-103.68319,"https://maps.google.com/?q=20.811133,-103.68319&t=k"
11526,agave en pie,2.08,2023,3,0,0.39,20.879585,-103.721428,"https://maps.google.com/?q=20.879585,-103.721428&t=k"
18768,agave en pie,2.06,2023,3,0,0.97,20.849595,-103.790206,"https://maps.google.com/?q=20.849595,-103.790206&t=k"
3497,agave en pie,2.04,2023,3,0,0.66,20.914413,-103.848723,"https://maps.google.com/?q=20.914413,-103.848723&t=k"
9259,agave en pie,2.04,2023,3,0,0.64,20.889406,-103.779697,"https://maps.google.com/?q=20.889406,-103.779697&t=k"
11405,agave en pie,2.04,2023,3,0,0.82,20.880492,-103.80308,"https://maps.google.com/?q=20.880492,-103.80308&t=k"
28880,agave en pie,2.04,2023,3,0,0.36,20.804546,-103.788452,"https://maps.google.com/?q=20.804546,-103.788452&t=k"
23069,agave en pie,2.03,2023,3,0,0.97,20.830639,-103.705891,"https://maps.google.com/?q=20.830639,-103.705891&t=k"
4660,agave en pie,2.02,2023,3,0,0.35,20.908786,-103.831652,"https://maps.google.com/?q=20.908786,-103.831652&t=k"
10962,agave en pie,2.01,2023,3,0,1.0,20.882331,-103.788358,"https://maps.google.com/?q=20.882331,-103.788358&t=k"
26892,agave en pie,2.0,2023,3,0,0.7,20.813657,-103.706132,"https://maps.google.com/?q=20.813657,-103.706132&t=k"
1361,agave en pie,1.99,2023,3,0,0.51,20.924102,-103.892977,"https://maps.google.com/?q=20.924102,-103.892977&t=k"
12526,agave en pie,1.99,2023,3,0,0.59,20.875621,-103.772263,"https://maps.google.com/?q=20.875621,-103.772263&t=k"
17003,agave en pie,1.99,2023,3,0,0.38,20.857335,-103.838153,"https://maps.google.com/?q=20.857335,-103.838153&t=k"
10740,agave en pie,1.98,2023,3,0,0.82,20.883663,-103.823915,"https://maps.google.com/?q=20.883663,-103.823915&t=k"
25834,agave en pie,1.97,2023,3,0,0.59,20.818753,-103.766383,"https://maps.google.com/?q=20.818753,-103.766383&t=k"
27341,agave en pie,1.95,2023,3,0,0.92,20.811564,-103.680544,"https://maps.google.com/?q=20.811564,-103.680544&t=k"
31482,agave en pie,1.95,2023,3,0,0.57,20.792853,-103.726916,"https://maps.google.com/?q=20.792853,-103.726916&t=k"
32092,agave en pie,1.95,2023,3,0,0.66,20.790345,-103.754509,"https://maps.google.com/?q=20.790345,-103.754509&t=k"
34514,agave en pie,1.95,2023,3,0,0.81,20.780026,-103.745516,"https://maps.google.com/?q=20.780026,-103.745516&t=k"
11104,agave en pie,1.94,2023,3,0,0.69,20.882708,-103.797055,"https://maps.google.com/?q=20.882708,-103.797055&t=k"
33823,agave en pie,1.94,2023,3,0,0.88,20.782878,-103.709756,"https://maps.google.com/?q=20.782878,-103.709756&t=k"
13391,agave en pie,1.93,2023,3,0,0.64,20.872083,-103.789209,"https://maps.google.com/?q=20.872083,-103.789209&t=k"
13583,agave en pie,1.93,2023,3,0,0.89,20.870973,-103.705497,"https://maps.google.com/?q=20.870973,-103.705497&t=k"
17452,agave en pie,1.93,2023,3,0,0.69,20.855314,-103.794197,"https://maps.google.com/?q=20.855314,-103.794197&t=k"
23640,agave en pie,1.93,2023,3,0,0.99,20.828211,-103.689576,"https://maps.google.com/?q=20.828211,-103.689576&t=k"
33412,agave en pie,1.93,2023,3,0,0.86,20.78499,-103.751142,"https://maps.google.com/?q=20.78499,-103.751142&t=k"
12054,agave en pie,1.92,2023,3,0,0.5,20.878878,-103.864518,"https://maps.google.com/?q=20.878878,-103.864518&t=k"
13121,agave en pie,1.92,2023,3,0,0.67,20.872628,-103.70928,"https://maps.google.com/?q=20.872628,-103.70928&t=k"
13532,agave en pie,1.92,2023,3,0,0.76,20.871001,-103.703238,"https://maps.google.com/?q=20.871001,-103.703238&t=k"
21249,agave en pie,1.92,2023,3,0,0.89,20.838401,-103.699001,"https://maps.google.com/?q=20.838401,-103.699001&t=k"
22729,agave en pie,1.92,2023,3,0,0.72,20.832219,-103.693913,"https://maps.google.com/?q=20.832219,-103.693913&t=k"
11625,agave en pie,1.9,2023,3,0,0.56,20.878719,-103.732586,"https://maps.google.com/?q=20.878719,-103.732586&t=k"
18721,agave en pie,1.9,2023,3,0,0.46,20.850473,-103.812448,"https://maps.google.com/?q=20.850473,-103.812448&t=k"
23548,agave en pie,1.9,2023,3,0,0.96,20.82887,-103.75991,"https://maps.google.com/?q=20.82887,-103.75991&t=k"
33269,agave en pie,1.9,2023,3,0,0.84,20.784836,-103.693937,"https://maps.google.com/?q=20.784836,-103.693937&t=k"
13489,agave en pie,1.89,2023,3,0,0.53,20.871354,-103.77571,"https://maps.google.com/?q=20.871354,-103.77571&t=k"
15647,agave en pie,1.88,2023,3,0,0.96,20.862342,-103.741326,"https://maps.google.com/?q=20.862342,-103.741326&t=k"
33296,agave en pie,1.87,2023,3,0,1.0,20.784996,-103.709114,"https://maps.google.com/?q=20.784996,-103.709114&t=k"
1216,agave en pie,1.86,2023,3,0,0.58,20.926014,-103.895271,"https://maps.google.com/?q=20.926014,-103.895271&t=k"
8956,agave en pie,1.86,2023,3,0,0.97,20.891074,-103.824338,"https://maps.google.com/?q=20.891074,-103.824338&t=k"
25978,agave en pie,1.86,2023,3,0,0.61,20.817669,-103.687265,"https://maps.google.com/?q=20.817669,-103.687265&t=k"
34639,agave en pie,1.86,2023,3,0,0.43,20.77984,-103.776113,"https://maps.google.com/?q=20.77984,-103.776113&t=k"
6786,agave en pie,1.85,2023,3,0,0.51,20.900386,-103.872288,"https://maps.google.com/?q=20.900386,-103.872288&t=k"
10138,agave en pie,1.85,2023,3,0,0.88,20.88577,-103.751561,"https://maps.google.com/?q=20.88577,-103.751561&t=k"
10371,agave en pie,1.84,2023,3,0,0.63,20.88472,-103.76868,"https://maps.google.com/?q=20.88472,-103.76868&t=k"
10898,agave en pie,1.84,2023,3,0,0.49,20.882183,-103.682908,"https://maps.google.com/?q=20.882183,-103.682908&t=k"
15050,agave en pie,1.84,2023,3,0,0.35,20.864078,-103.719589,"https://maps.google.com/?q=20.864078,-103.719589&t=k"
23236,agave en pie,1.84,2023,3,0,0.48,20.830563,-103.788148,"https://maps.google.com/?q=20.830563,-103.788148&t=k"
10326,agave en pie,1.83,2023,3,0,0.68,20.884949,-103.75671,"https://maps.google.com/?q=20.884949,-103.75671&t=k"
15522,agave en pie,1.82,2023,3,0,0.97,20.862919,-103.715658,"https://maps.google.com/?q=20.862919,-103.715658&t=k"
19846,agave en pie,1.82,2023,3,0,0.85,20.845242,-103.787934,"https://maps.google.com/?q=20.845242,-103.787934&t=k"
34531,agave en pie,1.82,2023,3,0,0.77,20.779737,-103.749312,"https://maps.google.com/?q=20.779737,-103.749312&t=k"
4501,agave en pie,1.81,2023,3,0,0.81,20.909404,-103.728387,"https://maps.google.com/?q=20.909404,-103.728387&t=k"
8570,agave en pie,1.81,2023,3,0,0.78,20.892489,-103.762416,"https://maps.google.com/?q=20.892489,-103.762416&t=k"
23631,agave en pie,1.81,2023,3,0,0.45,20.82874,-103.77322,"https://maps.google.com/?q=20.82874,-103.77322&t=k"
24345,agave en pie,1.81,2023,3,0,0.75,20.825502,-103.781558,"https://maps.google.com/?q=20.825502,-103.781558&t=k"
34025,agave en pie,1.81,2023,3,0,0.57,20.78209,-103.737477,"https://maps.google.com/?q=20.78209,-103.737477&t=k"
8612,agave en pie,1.8,2023,3,0,0.62,20.891734,-103.733294,"https://maps.google.com/?q=20.891734,-103.733294&t=k"
9824,agave en pie,1.8,2023,3,0,0.59,20.887756,-103.801773,"https://maps.google.com/?q=20.887756,-103.801773&t=k"
14889,agave en pie,1.8,2023,3,0,0.52,20.866491,-103.803431,"https://maps.google.com/?q=20.866491,-103.803431&t=k"
3621,agave en pie,1.79,2023,3,0,0.69,20.913368,-103.776379,"https://maps.google.com/?q=20.913368,-103.776379&t=k"
8569,agave en pie,1.79,2023,3,0,0.92,20.892686,-103.783564,"https://maps.google.com/?q=20.892686,-103.783564&t=k"
24831,agave en pie,1.79,2023,3,0,0.66,20.823437,-103.7834,"https://maps.google.com/?q=20.823437,-103.7834&t=k"
26687,agave en pie,1.79,2023,3,0,0.66,20.814502,-103.710448,"https://maps.google.com/?q=20.814502,-103.710448&t=k"
22543,agave en pie,1.78,2023,3,0,0.76,20.833583,-103.787259,"https://maps.google.com/?q=20.833583,-103.787259&t=k"
1180,agave en pie,1.77,2023,3,0,0.67,20.925884,-103.85503,"https://maps.google.com/?q=20.925884,-103.85503&t=k"
7131,agave en pie,1.77,2023,3,0,0.82,20.898828,-103.89648,"https://maps.google.com/?q=20.898828,-103.89648&t=k"
12787,agave en pie,1.77,2023,3,0,0.66,20.874844,-103.758524,"https://maps.google.com/?q=20.874844,-103.758524&t=k"
17660,agave en pie,1.77,2023,3,0,0.9,20.854757,-103.791991,"https://maps.google.com/?q=20.854757,-103.791991&t=k"
32720,agave en pie,1.77,2023,3,0,0.62,20.787202,-103.720239,"https://maps.google.com/?q=20.787202,-103.720239&t=k"
33331,agave en pie,1.77,2023,3,0,0.79,20.784384,-103.760994,"https://maps.google.com/?q=20.784384,-103.760994&t=k"
19398,agave en pie,1.76,2023,3,0,0.47,20.846791,-103.758177,"https://maps.google.com/?q=20.846791,-103.758177&t=k"
7885,agave en pie,1.75,2023,3,0,0.62,20.895971,-103.887848,"https://maps.google.com/?q=20.895971,-103.887848&t=k"
19808,agave en pie,1.75,2023,3,0,0.83,20.845511,-103.77491,"https://maps.google.com/?q=20.845511,-103.77491&t=k"
34343,agave en pie,1.75,2023,3,0,0.53,20.780848,-103.77817,"https://maps.google.com/?q=20.780848,-103.77817&t=k"
19309,agave en pie,1.74,2023,3,0,0.86,20.847566,-103.778113,"https://maps.google.com/?q=20.847566,-103.778113&t=k"
28242,agave en pie,1.74,2023,3,0,0.97,20.807418,-103.681733,"https://maps.google.com/?q=20.807418,-103.681733&t=k"
33009,agave en pie,1.74,2023,3,0,0.59,20.786455,-103.716979,"https://maps.google.com/?q=20.786455,-103.716979&t=k"
15019,agave en pie,1.73,2023,3,0,0.65,20.865836,-103.780945,"https://maps.google.com/?q=20.865836,-103.780945&t=k"
17434,agave en pie,1.73,2023,3,0,0.94,20.855335,-103.759116,"https://maps.google.com/?q=20.855335,-103.759116&t=k"
18679,agave en pie,1.73,2023,3,0,0.68,20.850426,-103.773717,"https://maps.google.com/?q=20.850426,-103.773717&t=k"
31960,agave en pie,1.73,2023,3,0,0.71,20.790827,-103.78395,"https://maps.google.com/?q=20.790827,-103.78395&t=k"
157,agave en pie,1.72,2023,3,0,0.92,20.929791,-103.736436,"https://maps.google.com/?q=20.929791,-103.736436&t=k"
9543,agave en pie,1.72,2023,3,0,0.84,20.888906,-103.885064,"https://maps.google.com/?q=20.888906,-103.885064&t=k"
12941,agave en pie,1.72,2023,3,0,0.49,20.872611,-103.768298,"https://maps.google.com/?q=20.872611,-103.768298&t=k"
18757,agave en pie,1.72,2023,3,0,0.58,20.849556,-103.692803,"https://maps.google.com/?q=20.849556,-103.692803&t=k"
16892,agave en pie,1.71,2023,3,0,1.0,20.857918,-103.798309,"https://maps.google.com/?q=20.857918,-103.798309&t=k"
22353,agave en pie,1.71,2023,3,0,1.0,20.834399,-103.787685,"https://maps.google.com/?q=20.834399,-103.787685&t=k"
32642,agave en pie,1.71,2023,3,0,0.6,20.787407,-103.699487,"https://maps.google.com/?q=20.787407,-103.699487&t=k"
5886,agave en pie,1.7,2023,3,0,0.59,20.903311,-103.797756,"https://maps.google.com/?q=20.903311,-103.797756&t=k"
10035,agave en pie,1.7,2023,3,0,0.53,20.884557,-103.715907,"https://maps.google.com/?q=20.884557,-103.715907&t=k"
15691,agave en pie,1.7,2023,3,0,0.78,20.862299,-103.717346,"https://maps.google.com/?q=20.862299,-103.717346&t=k"
28886,agave en pie,1.7,2023,3,0,0.58,20.80399,-103.688248,"https://maps.google.com/?q=20.80399,-103.688248&t=k"
10060,agave en pie,1.69,2023,3,0,0.62,20.88532,-103.715228,"https://maps.google.com/?q=20.88532,-103.715228&t=k"
15284,agave en pie,1.69,2023,3,0,0.93,20.864817,-103.803012,"https://maps.google.com/?q=20.864817,-103.803012&t=k"
21655,agave en pie,1.69,2023,3,0,0.53,20.837621,-103.770697,"https://maps.google.com/?q=20.837621,-103.770697&t=k"
33083,agave en pie,1.69,2023,3,0,0.72,20.785324,-103.722752,"https://maps.google.com/?q=20.785324,-103.722752&t=k"
31077,agave en pie,1.68,2023,3,0,0.99,20.793747,-103.683773,"https://maps.google.com/?q=20.793747,-103.683773&t=k"
6230,agave en pie,1.67,2023,3,0,0.44,20.901849,-103.732873,"https://maps.google.com/?q=20.901849,-103.732873&t=k"
10327,agave en pie,1.67,2023,3,0,0.93,20.885153,-103.753632,"https://maps.google.com/?q=20.885153,-103.753632&t=k"
19635,agave en pie,1.67,2023,3,0,0.9,20.846279,-103.719355,"https://maps.google.com/?q=20.846279,-103.719355&t=k"
20401,agave en pie,1.67,2023,3,0,0.82,20.842507,-103.692431,"https://maps.google.com/?q=20.842507,-103.692431&t=k"
1174,agave en pie,1.66,2023,3,0,0.59,20.925444,-103.877149,"https://maps.google.com/?q=20.925444,-103.877149&t=k"
3843,agave en pie,1.66,2023,3,0,0.89,20.913387,-103.898585,"https://maps.google.com/?q=20.913387,-103.898585&t=k"
3945,agave en pie,1.66,2023,3,0,0.59,20.911364,-103.773991,"https://maps.google.com/?q=20.911364,-103.773991&t=k"
10751,agave en pie,1.66,2023,3,0,0.39,20.882476,-103.703476,"https://maps.google.com/?q=20.882476,-103.703476&t=k"
11683,agave en pie,1.66,2023,3,0,0.71,20.879215,-103.744598,"https://maps.google.com/?q=20.879215,-103.744598&t=k"
20735,agave en pie,1.66,2023,3,0,0.43,20.841112,-103.693116,"https://maps.google.com/?q=20.841112,-103.693116&t=k"
31237,agave en pie,1.66,2023,3,0,0.43,20.794419,-103.787236,"https://maps.google.com/?q=20.794419,-103.787236&t=k"
6664,agave en pie,1.65,2023,3,0,0.41,20.899948,-103.744618,"https://maps.google.com/?q=20.899948,-103.744618&t=k"
15024,agave en pie,1.64,2023,3,0,0.86,20.8648,-103.719583,"https://maps.google.com/?q=20.8648,-103.719583&t=k"
23471,agave en pie,1.64,2023,3,0,0.77,20.829196,-103.761204,"https://maps.google.com/?q=20.829196,-103.761204&t=k"
6772,agave en pie,1.63,2023,3,0,0.63,20.900037,-103.847054,"https://maps.google.com/?q=20.900037,-103.847054&t=k"
8921,agave en pie,1.63,2023,3,0,0.67,20.891178,-103.793863,"https://maps.google.com/?q=20.891178,-103.793863&t=k"
11440,agave en pie,1.63,2023,3,0,0.5,20.881212,-103.896656,"https://maps.google.com/?q=20.881212,-103.896656&t=k"
15483,agave en pie,1.63,2023,3,0,0.96,20.863604,-103.803887,"https://maps.google.com/?q=20.863604,-103.803887&t=k"
20801,agave en pie,1.63,2023,3,0,0.59,20.841482,-103.812134,"https://maps.google.com/?q=20.841482,-103.812134&t=k"
3189,agave en pie,1.62,2023,3,0,0.84,20.91535,-103.775545,"https://maps.google.com/?q=20.91535,-103.775545&t=k"
3500,agave en pie,1.62,2023,3,0,0.67,20.914186,-103.822043,"https://maps.google.com/?q=20.914186,-103.822043&t=k"
13778,agave en pie,1.62,2023,3,0,0.57,20.871269,-103.875053,"https://maps.google.com/?q=20.871269,-103.875053&t=k"
15339,agave en pie,1.62,2023,3,0,0.51,20.864379,-103.785666,"https://maps.google.com/?q=20.864379,-103.785666&t=k"
17782,agave en pie,1.62,2023,3,0,0.9,20.854347,-103.797953,"https://maps.google.com/?q=20.854347,-103.797953&t=k"
2797,agave en pie,1.61,2023,3,0,0.96,20.918179,-103.899126,"https://maps.google.com/?q=20.918179,-103.899126&t=k"
4634,agave en pie,1.61,2023,3,0,0.61,20.909782,-103.879045,"https://maps.google.com/?q=20.909782,-103.879045&t=k"
8782,agave en pie,1.61,2023,3,0,0.48,20.891965,-103.862497,"https://maps.google.com/?q=20.891965,-103.862497&t=k"
9072,agave en pie,1.61,2023,3,0,0.68,20.890034,-103.772723,"https://maps.google.com/?q=20.890034,-103.772723&t=k"
12421,agave en pie,1.61,2023,3,0,0.78,20.876253,-103.73501,"https://maps.google.com/?q=20.876253,-103.73501&t=k"
15180,agave en pie,1.61,2023,3,0,0.51,20.86451,-103.753659,"https://maps.google.com/?q=20.86451,-103.753659&t=k"
19639,agave en pie,1.61,2023,3,0,0.91,20.845157,-103.690534,"https://maps.google.com/?q=20.845157,-103.690534&t=k"
26644,agave en pie,1.61,2023,3,0,0.6,20.814457,-103.692577,"https://maps.google.com/?q=20.814457,-103.692577&t=k"
731,agave en pie,1.6,2023,3,0,1.0,20.927776,-103.827658,"https://maps.google.com/?q=20.927776,-103.827658&t=k"
5085,agave en pie,1.6,2023,3,0,0.68,20.90759,-103.84166,"https://maps.google.com/?q=20.90759,-103.84166&t=k"
19980,agave en pie,1.6,2023,3,0,0.93,20.842479,-103.69469,"https://maps.google.com/?q=20.842479,-103.69469&t=k"
21993,agave en pie,1.6,2023,3,0,0.54,20.836194,-103.792427,"https://maps.google.com/?q=20.836194,-103.792427&t=k"
30613,agave en pie,1.6,2023,3,0,0.69,20.796345,-103.686777,"https://maps.google.com/?q=20.796345,-103.686777&t=k"
33772,agave en pie,1.6,2023,3,0,0.47,20.783091,-103.750822,"https://maps.google.com/?q=20.783091,-103.750822&t=k"
34465,agave en pie,1.6,2023,3,0,0.68,20.779696,-103.70719,"https://maps.google.com/?q=20.779696,-103.70719&t=k"
34418,agave en pie,1.59,2023,3,0,0.47,20.780187,-103.712373,"https://maps.google.com/?q=20.780187,-103.712373&t=k"
4410,agave en pie,1.58,2023,3,0,0.59,20.909653,-103.737614,"https://maps.google.com/?q=20.909653,-103.737614&t=k"
14193,agave en pie,1.58,2023,3,0,1.0,20.868707,-103.722482,"https://maps.google.com/?q=20.868707,-103.722482&t=k"
21506,agave en pie,1.58,2023,3,0,0.77,20.838158,-103.770068,"https://maps.google.com/?q=20.838158,-103.770068&t=k"
26896,agave en pie,1.58,2023,3,0,0.46,20.814018,-103.688257,"https://maps.google.com/?q=20.814018,-103.688257&t=k"
2763,agave en pie,1.57,2023,3,0,0.36,20.917187,-103.831394,"https://maps.google.com/?q=20.917187,-103.831394&t=k"
4443,agave en pie,1.57,2023,3,0,0.89,20.90941,-103.741318,"https://maps.google.com/?q=20.90941,-103.741318&t=k"
8378,agave en pie,1.57,2023,3,0,1.0,20.893454,-103.783558,"https://maps.google.com/?q=20.893454,-103.783558&t=k"
13310,agave en pie,1.57,2023,3,0,0.77,20.872497,-103.771327,"https://maps.google.com/?q=20.872497,-103.771327&t=k"
15619,agave en pie,1.57,2023,3,0,0.5,20.862224,-103.725468,"https://maps.google.com/?q=20.862224,-103.725468&t=k"
24829,agave en pie,1.57,2023,3,0,0.6,20.823579,-103.790654,"https://maps.google.com/?q=20.823579,-103.790654&t=k"
26257,agave en pie,1.57,2023,3,0,0.67,20.816583,-103.692991,"https://maps.google.com/?q=20.816583,-103.692991&t=k"
31257,agave en pie,1.57,2023,3,0,0.64,20.793686,-103.687617,"https://maps.google.com/?q=20.793686,-103.687617&t=k"
3709,agave en pie,1.56,2023,3,0,0.71,20.913245,-103.849597,"https://maps.google.com/?q=20.913245,-103.849597&t=k"
14844,agave en pie,1.56,2023,3,0,0.96,20.866764,-103.849711,"https://maps.google.com/?q=20.866764,-103.849711&t=k"
15961,agave en pie,1.56,2023,3,0,0.69,20.861654,-103.802893,"https://maps.google.com/?q=20.861654,-103.802893&t=k"
16595,agave en pie,1.56,2023,3,0,1.0,20.858811,-103.752648,"https://maps.google.com/?q=20.858811,-103.752648&t=k"
26645,agave en pie,1.56,2023,3,0,0.52,20.814476,-103.68907,"https://maps.google.com/?q=20.814476,-103.68907&t=k"
27123,agave en pie,1.56,2023,3,0,0.51,20.812367,-103.702828,"https://maps.google.com/?q=20.812367,-103.702828&t=k"
60,agave en pie,1.55,2023,3,0,0.59,20.929603,-103.85053,"https://maps.google.com/?q=20.929603,-103.85053&t=k"
13490,agave en pie,1.55,2023,3,0,0.53,20.871213,-103.768598,"https://maps.google.com/?q=20.871213,-103.768598&t=k"
18256,agave en pie,1.55,2023,3,0,0.97,20.852048,-103.742036,"https://maps.google.com/?q=20.852048,-103.742036&t=k"
18790,agave en pie,1.55,2023,3,0,0.98,20.850199,-103.786261,"https://maps.google.com/?q=20.850199,-103.786261&t=k"
27482,agave en pie,1.55,2023,3,0,0.77,20.81068,-103.688863,"https://maps.google.com/?q=20.81068,-103.688863&t=k"
30749,agave en pie,1.55,2023,3,0,0.65,20.795701,-103.709119,"https://maps.google.com/?q=20.795701,-103.709119&t=k"
16315,agave en pie,1.54,2023,3,0,0.81,20.859662,-103.691226,"https://maps.google.com/?q=20.859662,-103.691226&t=k"
29335,agave en pie,1.54,2023,3,0,0.36,20.802045,-103.699842,"https://maps.google.com/?q=20.802045,-103.699842&t=k"
32678,agave en pie,1.54,2023,3,0,0.94,20.787857,-103.699243,"https://maps.google.com/?q=20.787857,-103.699243&t=k"
16698,agave en pie,1.53,2023,3,0,0.79,20.858324,-103.699359,"https://maps.google.com/?q=20.858324,-103.699359&t=k"
29989,agave en pie,1.53,2023,3,0,0.95,20.799901,-103.751644,"https://maps.google.com/?q=20.799901,-103.751644&t=k"
2771,agave en pie,1.52,2023,3,0,0.65,20.918057,-103.880377,"https://maps.google.com/?q=20.918057,-103.880377&t=k"
8735,agave en pie,1.52,2023,3,0,0.62,20.892123,-103.825724,"https://maps.google.com/?q=20.892123,-103.825724&t=k"
13654,agave en pie,1.52,2023,3,0,0.65,20.870955,-103.808731,"https://maps.google.com/?q=20.870955,-103.808731&t=k"
14253,agave en pie,1.52,2023,3,0,0.43,20.868443,-103.779194,"https://maps.google.com/?q=20.868443,-103.779194&t=k"
22817,agave en pie,1.52,2023,3,0,0.93,20.831863,-103.694589,"https://maps.google.com/?q=20.831863,-103.694589&t=k"
33503,agave en pie,1.52,2023,3,0,1.0,20.78463,-103.745141,"https://maps.google.com/?q=20.78463,-103.745141&t=k"
10640,agave en pie,1.51,2023,3,0,0.75,20.883803,-103.754317,"https://maps.google.com/?q=20.883803,-103.754317&t=k"
19330,agave en pie,1.51,2023,3,0,0.44,20.847513,-103.751877,"https://maps.google.com/?q=20.847513,-103.751877&t=k"
24333,agave en pie,1.51,2023,3,0,0.93,20.825926,-103.790395,"https://maps.google.com/?q=20.825926,-103.790395&t=k"
8511,agave en pie,1.5,2023,3,0,0.38,20.892591,-103.776499,"https://maps.google.com/?q=20.892591,-103.776499&t=k"
13433,agave en pie,1.5,2023,3,0,0.79,20.871828,-103.77239,"https://maps.google.com/?q=20.871828,-103.77239&t=k"
14934,agave en pie,1.5,2023,3,0,0.75,20.865841,-103.762731,"https://maps.google.com/?q=20.865841,-103.762731&t=k"
15465,agave en pie,1.5,2023,3,0,0.65,20.863511,-103.77164,"https://maps.google.com/?q=20.863511,-103.77164&t=k"
16364,agave en pie,1.5,2023,3,0,0.51,20.860368,-103.774357,"https://maps.google.com/?q=20.860368,-103.774357&t=k"
4365,agave en pie,1.49,2023,3,0,0.67,20.910307,-103.734388,"https://maps.google.com/?q=20.910307,-103.734388&t=k"
33456,agave en pie,1.49,2023,3,0,0.79,20.783709,-103.724303,"https://maps.google.com/?q=20.783709,-103.724303&t=k"
1370,agave en pie,1.48,2023,3,0,0.57,20.924303,-103.828358,"https://maps.google.com/?q=20.924303,-103.828358&t=k"
3061,agave en pie,1.48,2023,3,0,0.41,20.916238,-103.838084,"https://maps.google.com/?q=20.916238,-103.838084&t=k"
26490,agave en pie,1.48,2023,3,0,0.95,20.815178,-103.692379,"https://maps.google.com/?q=20.815178,-103.692379&t=k"
9094,agave en pie,1.47,2023,3,0,0.86,20.890914,-103.807708,"https://maps.google.com/?q=20.890914,-103.807708&t=k"
11087,agave en pie,1.47,2023,3,0,0.65,20.882499,-103.900204,"https://maps.google.com/?q=20.882499,-103.900204&t=k"
15417,agave en pie,1.47,2023,3,0,0.76,20.863376,-103.716327,"https://maps.google.com/?q=20.863376,-103.716327&t=k"
20341,agave en pie,1.47,2023,3,0,0.84,20.843181,-103.727983,"https://maps.google.com/?q=20.843181,-103.727983&t=k"
20451,agave en pie,1.47,2023,3,0,0.71,20.842265,-103.750767,"https://maps.google.com/?q=20.842265,-103.750767&t=k"
21130,agave en pie,1.47,2023,3,0,0.93,20.838963,-103.701543,"https://maps.google.com/?q=20.838963,-103.701543&t=k"
29418,agave en pie,1.47,2023,3,0,0.84,20.802193,-103.719488,"https://maps.google.com/?q=20.802193,-103.719488&t=k"
3961,agave en pie,1.46,2023,3,0,0.73,20.91289,-103.87782,"https://maps.google.com/?q=20.91289,-103.87782&t=k"
6100,agave en pie,1.46,2023,3,0,0.34,20.903178,-103.898563,"https://maps.google.com/?q=20.903178,-103.898563&t=k"
10209,agave en pie,1.46,2023,3,0,0.51,20.885756,-103.768239,"https://maps.google.com/?q=20.885756,-103.768239&t=k"
16287,agave en pie,1.46,2023,3,0,0.53,20.859945,-103.686802,"https://maps.google.com/?q=20.859945,-103.686802&t=k"
19195,agave en pie,1.46,2023,3,0,1.0,20.848067,-103.791372,"https://maps.google.com/?q=20.848067,-103.791372&t=k"
28268,agave en pie,1.46,2023,3,0,0.84,20.807838,-103.762292,"https://maps.google.com/?q=20.807838,-103.762292&t=k"
5540,agave en pie,1.45,2023,3,0,0.83,20.904635,-103.767941,"https://maps.google.com/?q=20.904635,-103.767941&t=k"
5831,agave en pie,1.45,2023,3,0,0.87,20.904232,-103.880047,"https://maps.google.com/?q=20.904232,-103.880047&t=k"
13708,agave en pie,1.45,2023,3,0,0.85,20.870969,-103.766005,"https://maps.google.com/?q=20.870969,-103.766005&t=k"
4129,agave en pie,1.44,2023,3,0,0.42,20.91119,-103.774906,"https://maps.google.com/?q=20.91119,-103.774906&t=k"
6340,agave en pie,1.44,2023,3,0,0.69,20.902082,-103.862325,"https://maps.google.com/?q=20.902082,-103.862325&t=k"
12960,agave en pie,1.44,2023,3,0,0.67,20.873402,-103.740465,"https://maps.google.com/?q=20.873402,-103.740465&t=k"
13945,agave en pie,1.44,2023,3,0,0.8,20.868918,-103.738772,"https://maps.google.com/?q=20.868918,-103.738772&t=k"
32602,agave en pie,1.44,2023,3,0,0.43,20.788374,-103.713889,"https://maps.google.com/?q=20.788374,-103.713889&t=k"
33689,agave en pie,1.44,2023,3,0,0.89,20.782649,-103.715426,"https://maps.google.com/?q=20.782649,-103.715426&t=k"
2654,agave en pie,1.43,2023,3,0,0.5,20.918182,-103.865184,"https://maps.google.com/?q=20.918182,-103.865184&t=k"
8270,agave en pie,1.43,2023,3,0,0.64,20.893936,-103.781439,"https://maps.google.com/?q=20.893936,-103.781439&t=k"
8551,agave en pie,1.43,2023,3,0,0.63,20.891807,-103.806307,"https://maps.google.com/?q=20.891807,-103.806307&t=k"
12167,agave en pie,1.43,2023,3,0,0.59,20.876697,-103.727845,"https://maps.google.com/?q=20.876697,-103.727845&t=k"
14585,agave en pie,1.43,2023,3,0,0.79,20.866921,-103.737491,"https://maps.google.com/?q=20.866921,-103.737491&t=k"
2958,agave en pie,1.42,2023,3,0,0.57,20.91654,-103.790391,"https://maps.google.com/?q=20.91654,-103.790391&t=k"
6359,agave en pie,1.42,2023,3,0,0.78,20.90185,-103.72696,"https://maps.google.com/?q=20.90185,-103.72696&t=k"
7014,agave en pie,1.42,2023,3,0,0.82,20.898384,-103.759292,"https://maps.google.com/?q=20.898384,-103.759292&t=k"
14845,agave en pie,1.42,2023,3,0,0.92,20.866889,-103.848172,"https://maps.google.com/?q=20.866889,-103.848172&t=k"
21722,agave en pie,1.42,2023,3,0,0.56,20.836998,-103.698677,"https://maps.google.com/?q=20.836998,-103.698677&t=k"
26026,agave en pie,1.42,2023,3,0,0.68,20.817959,-103.781619,"https://maps.google.com/?q=20.817959,-103.781619&t=k"
30961,agave en pie,1.42,2023,3,0,0.84,20.795912,-103.781219,"https://maps.google.com/?q=20.795912,-103.781219&t=k"
13261,agave en pie,1.41,2023,3,0,0.67,20.872139,-103.722405,"https://maps.google.com/?q=20.872139,-103.722405&t=k"
27653,agave en pie,1.41,2023,3,0,0.84,20.810132,-103.682286,"https://maps.google.com/?q=20.810132,-103.682286&t=k"
31439,agave en pie,1.41,2023,3,0,0.81,20.793411,-103.71692,"https://maps.google.com/?q=20.793411,-103.71692&t=k"
9604,agave en pie,1.4,2023,3,0,1.0,20.888817,-103.811426,"https://maps.google.com/?q=20.888817,-103.811426&t=k"
12619,agave en pie,1.4,2023,3,0,0.74,20.87634,-103.897701,"https://maps.google.com/?q=20.87634,-103.897701&t=k"
15317,agave en pie,1.4,2023,3,0,0.61,20.864552,-103.810415,"https://maps.google.com/?q=20.864552,-103.810415&t=k"
31606,agave en pie,1.4,2023,3,0,0.42,20.79214,-103.686333,"https://maps.google.com/?q=20.79214,-103.686333&t=k"
32715,agave en pie,1.4,2023,3,0,0.67,20.787847,-103.765097,"https://maps.google.com/?q=20.787847,-103.765097&t=k"
34173,agave en pie,1.4,2023,3,0,0.66,20.781842,-103.76553,"https://maps.google.com/?q=20.781842,-103.76553&t=k"
6952,agave en pie,1.39,2023,3,0,0.46,20.899051,-103.795723,"https://maps.google.com/?q=20.899051,-103.795723&t=k"
10727,agave en pie,1.39,2023,3,0,0.7,20.883274,-103.743747,"https://maps.google.com/?q=20.883274,-103.743747&t=k"
21532,agave en pie,1.39,2023,3,0,0.76,20.837435,-103.757485,"https://maps.google.com/?q=20.837435,-103.757485&t=k"
28798,agave en pie,1.39,2023,3,0,0.6,20.804905,-103.695686,"https://maps.google.com/?q=20.804905,-103.695686&t=k"
32181,agave en pie,1.39,2023,3,0,0.9,20.790042,-103.713442,"https://maps.google.com/?q=20.790042,-103.713442&t=k"
23,agave en pie,1.38,2023,3,0,0.98,20.930789,-103.879417,"https://maps.google.com/?q=20.930789,-103.879417&t=k"
2814,agave en pie,1.38,2023,3,0,0.69,20.917733,-103.879274,"https://maps.google.com/?q=20.917733,-103.879274&t=k"
4411,agave en pie,1.38,2023,3,0,0.67,20.909642,-103.736028,"https://maps.google.com/?q=20.909642,-103.736028&t=k"
5086,agave en pie,1.38,2023,3,0,0.57,20.907584,-103.840843,"https://maps.google.com/?q=20.907584,-103.840843&t=k"
8222,agave en pie,1.38,2023,3,0,0.8,20.89405,-103.778506,"https://maps.google.com/?q=20.89405,-103.778506&t=k"
10723,agave en pie,1.38,2023,3,0,0.84,20.883001,-103.787343,"https://maps.google.com/?q=20.883001,-103.787343&t=k"
14319,agave en pie,1.38,2023,3,0,0.54,20.868479,-103.809856,"https://maps.google.com/?q=20.868479,-103.809856&t=k"
16750,agave en pie,1.38,2023,3,0,0.59,20.858093,-103.797539,"https://maps.google.com/?q=20.858093,-103.797539&t=k"
17898,agave en pie,1.38,2023,3,0,0.51,20.853911,-103.846252,"https://maps.google.com/?q=20.853911,-103.846252&t=k"
32407,agave en pie,1.38,2023,3,0,1.0,20.78912,-103.698992,"https://maps.google.com/?q=20.78912,-103.698992&t=k"
7770,agave en pie,1.37,2023,3,0,0.8,20.895636,-103.779118,"https://maps.google.com/?q=20.895636,-103.779118&t=k"
8248,agave en pie,1.37,2023,3,0,0.76,20.893602,-103.77899,"https://maps.google.com/?q=20.893602,-103.77899&t=k"
11807,agave en pie,1.37,2023,3,0,0.76,20.878844,-103.806458,"https://maps.google.com/?q=20.878844,-103.806458&t=k"
18512,agave en pie,1.37,2023,3,0,0.82,20.851343,-103.794709,"https://maps.google.com/?q=20.851343,-103.794709&t=k"
20294,agave en pie,1.37,2023,3,0,0.96,20.843029,-103.695694,"https://maps.google.com/?q=20.843029,-103.695694&t=k"
24120,agave en pie,1.37,2023,3,0,0.5,20.825834,-103.69171,"https://maps.google.com/?q=20.825834,-103.69171&t=k"
16465,agave en pie,1.36,2023,3,0,0.82,20.860042,-103.798388,"https://maps.google.com/?q=20.860042,-103.798388&t=k"
17258,agave en pie,1.36,2023,3,0,0.47,20.856113,-103.766847,"https://maps.google.com/?q=20.856113,-103.766847&t=k"
23572,agave en pie,1.36,2023,3,0,0.74,20.828859,-103.709509,"https://maps.google.com/?q=20.828859,-103.709509&t=k"
32437,agave en pie,1.36,2023,3,0,0.65,20.789074,-103.753655,"https://maps.google.com/?q=20.789074,-103.753655&t=k"
3354,agave en pie,1.35,2023,3,0,0.41,20.914564,-103.7731,"https://maps.google.com/?q=20.914564,-103.7731&t=k"
18998,agave en pie,1.35,2023,3,0,0.49,20.84927,-103.821444,"https://maps.google.com/?q=20.84927,-103.821444&t=k"
24363,agave en pie,1.35,2023,3,0,0.93,20.825736,-103.789099,"https://maps.google.com/?q=20.825736,-103.789099&t=k"
9836,agave en pie,1.34,2023,3,0,0.94,20.886914,-103.716992,"https://maps.google.com/?q=20.886914,-103.716992&t=k"
24023,agave en pie,1.34,2023,3,0,0.52,20.827228,-103.782938,"https://maps.google.com/?q=20.827228,-103.782938&t=k"
30066,agave en pie,1.34,2023,3,0,0.36,20.799014,-103.717209,"https://maps.google.com/?q=20.799014,-103.717209&t=k"
2741,agave en pie,1.33,2023,3,0,0.61,20.918017,-103.833888,"https://maps.google.com/?q=20.918017,-103.833888&t=k"
21645,agave en pie,1.33,2023,3,0,0.83,20.83711,-103.719433,"https://maps.google.com/?q=20.83711,-103.719433&t=k"
23840,agave en pie,1.33,2023,3,0,0.89,20.827921,-103.747474,"https://maps.google.com/?q=20.827921,-103.747474&t=k"
587,agave en pie,1.32,2023,3,0,0.68,20.928473,-103.817364,"https://maps.google.com/?q=20.928473,-103.817364&t=k"
2310,agave en pie,1.32,2023,3,0,0.56,20.920247,-103.883727,"https://maps.google.com/?q=20.920247,-103.883727&t=k"
10429,agave en pie,1.32,2023,3,0,0.73,20.885132,-103.801217,"https://maps.google.com/?q=20.885132,-103.801217&t=k"
17468,agave en pie,1.32,2023,3,0,0.39,20.855387,-103.791698,"https://maps.google.com/?q=20.855387,-103.791698&t=k"
18038,agave en pie,1.32,2023,3,0,0.64,20.853314,-103.785996,"https://maps.google.com/?q=20.853314,-103.785996&t=k"
18723,agave en pie,1.32,2023,3,0,0.55,20.850451,-103.802789,"https://maps.google.com/?q=20.850451,-103.802789&t=k"
19123,agave en pie,1.32,2023,3,0,0.96,20.84901,-103.809865,"https://maps.google.com/?q=20.84901,-103.809865&t=k"
22920,agave en pie,1.32,2023,3,0,0.88,20.831911,-103.787224,"https://maps.google.com/?q=20.831911,-103.787224&t=k"
26034,agave en pie,1.32,2023,3,0,0.77,20.817627,-103.693559,"https://maps.google.com/?q=20.817627,-103.693559&t=k"
29414,agave en pie,1.32,2023,3,0,0.42,20.802605,-103.788612,"https://maps.google.com/?q=20.802605,-103.788612&t=k"
3699,agave en pie,1.31,2023,3,0,0.54,20.912775,-103.720138,"https://maps.google.com/?q=20.912775,-103.720138&t=k"
4990,agave en pie,1.31,2023,3,0,0.69,20.906856,-103.725956,"https://maps.google.com/?q=20.906856,-103.725956&t=k"
12213,agave en pie,1.31,2023,3,0,0.88,20.877688,-103.783349,"https://maps.google.com/?q=20.877688,-103.783349&t=k"
14488,agave en pie,1.31,2023,3,0,0.86,20.868205,-103.849171,"https://maps.google.com/?q=20.868205,-103.849171&t=k"
15602,agave en pie,1.31,2023,3,0,0.52,20.861997,-103.719174,"https://maps.google.com/?q=20.861997,-103.719174&t=k"
17455,agave en pie,1.31,2023,3,0,0.87,20.854425,-103.703429,"https://maps.google.com/?q=20.854425,-103.703429&t=k"
20393,agave en pie,1.31,2023,3,0,1.0,20.843158,-103.774352,"https://maps.google.com/?q=20.843158,-103.774352&t=k"
22074,agave en pie,1.31,2023,3,0,0.94,20.836134,-103.790314,"https://maps.google.com/?q=20.836134,-103.790314&t=k"
24697,agave en pie,1.31,2023,3,0,0.82,20.823364,-103.687696,"https://maps.google.com/?q=20.823364,-103.687696&t=k"
25917,agave en pie,1.31,2023,3,0,0.78,20.818053,-103.690192,"https://maps.google.com/?q=20.818053,-103.690192&t=k"
26905,agave en pie,1.31,2023,3,0,0.81,20.813786,-103.693448,"https://maps.google.com/?q=20.813786,-103.693448&t=k"
30277,agave en pie,1.31,2023,3,0,0.69,20.7987,-103.748051,"https://maps.google.com/?q=20.7987,-103.748051&t=k"
33572,agave en pie,1.31,2023,3,0,0.56,20.784011,-103.692407,"https://maps.google.com/?q=20.784011,-103.692407&t=k"
5570,agave en pie,1.3,2023,3,0,0.64,20.905855,-103.893496,"https://maps.google.com/?q=20.905855,-103.893496&t=k"
10587,agave en pie,1.3,2023,3,0,0.85,20.883962,-103.801899,"https://maps.google.com/?q=20.883962,-103.801899&t=k"
15841,agave en pie,1.3,2023,3,0,0.92,20.862428,-103.753147,"https://maps.google.com/?q=20.862428,-103.753147&t=k"
25531,agave en pie,1.3,2023,3,0,0.71,20.820452,-103.782848,"https://maps.google.com/?q=20.820452,-103.782848&t=k"
10832,agave en pie,1.29,2023,3,0,0.57,20.882826,-103.750528,"https://maps.google.com/?q=20.882826,-103.750528&t=k"
15989,agave en pie,1.29,2023,3,0,0.7,20.861309,-103.699813,"https://maps.google.com/?q=20.861309,-103.699813&t=k"
19804,agave en pie,1.29,2023,3,0,0.93,20.846002,-103.812531,"https://maps.google.com/?q=20.846002,-103.812531&t=k"
25841,agave en pie,1.29,2023,3,0,0.54,20.818616,-103.692974,"https://maps.google.com/?q=20.818616,-103.692974&t=k"
8611,agave en pie,1.28,2023,3,0,0.52,20.892351,-103.737326,"https://maps.google.com/?q=20.892351,-103.737326&t=k"
11073,agave en pie,1.28,2023,3,0,0.8,20.88232,-103.799605,"https://maps.google.com/?q=20.88232,-103.799605&t=k"
16316,agave en pie,1.28,2023,3,0,0.87,20.860047,-103.688435,"https://maps.google.com/?q=20.860047,-103.688435&t=k"
22755,agave en pie,1.28,2023,3,0,0.72,20.831855,-103.69949,"https://maps.google.com/?q=20.831855,-103.69949&t=k"
24021,agave en pie,1.28,2023,3,0,0.81,20.827293,-103.792066,"https://maps.google.com/?q=20.827293,-103.792066&t=k"
32731,agave en pie,1.28,2023,3,0,0.54,20.787659,-103.685027,"https://maps.google.com/?q=20.787659,-103.685027&t=k"
8520,agave en pie,1.27,2023,3,0,0.83,20.892284,-103.698297,"https://maps.google.com/?q=20.892284,-103.698297&t=k"
17114,agave en pie,1.27,2023,3,0,0.66,20.856715,-103.787891,"https://maps.google.com/?q=20.856715,-103.787891&t=k"
21559,agave en pie,1.27,2023,3,0,0.98,20.838157,-103.757335,"https://maps.google.com/?q=20.838157,-103.757335&t=k"
27748,agave en pie,1.27,2023,3,0,0.57,20.809657,-103.685076,"https://maps.google.com/?q=20.809657,-103.685076&t=k"
33430,agave en pie,1.27,2023,3,0,0.69,20.7852,-103.780345,"https://maps.google.com/?q=20.7852,-103.780345&t=k"
33566,agave en pie,1.27,2023,3,0,0.64,20.784497,-103.783088,"https://maps.google.com/?q=20.784497,-103.783088&t=k"
509,agave en pie,1.26,2023,3,0,0.64,20.929131,-103.834234,"https://maps.google.com/?q=20.929131,-103.834234&t=k"
674,agave en pie,1.26,2023,3,0,0.64,20.928132,-103.820251,"https://maps.google.com/?q=20.928132,-103.820251&t=k"
3462,agave en pie,1.26,2023,3,0,0.51,20.914509,-103.771658,"https://maps.google.com/?q=20.914509,-103.771658&t=k"
4093,agave en pie,1.26,2023,3,0,0.52,20.912475,-103.897293,"https://maps.google.com/?q=20.912475,-103.897293&t=k"
8456,agave en pie,1.26,2023,3,0,0.76,20.893328,-103.877388,"https://maps.google.com/?q=20.893328,-103.877388&t=k"
30854,agave en pie,1.26,2023,3,0,0.86,20.796471,-103.764594,"https://maps.google.com/?q=20.796471,-103.764594&t=k"
2886,agave en pie,1.25,2023,3,0,0.57,20.917517,-103.880766,"https://maps.google.com/?q=20.917517,-103.880766&t=k"
4022,agave en pie,1.25,2023,3,0,1.0,20.912063,-103.835136,"https://maps.google.com/?q=20.912063,-103.835136&t=k"
7616,agave en pie,1.25,2023,3,0,0.76,20.896373,-103.768537,"https://maps.google.com/?q=20.896373,-103.768537&t=k"
8965,agave en pie,1.25,2023,3,0,1.0,20.89137,-103.782758,"https://maps.google.com/?q=20.89137,-103.782758&t=k"
14827,agave en pie,1.25,2023,3,0,0.82,20.86633,-103.761669,"https://maps.google.com/?q=20.86633,-103.761669&t=k"
16412,agave en pie,1.25,2023,3,0,0.46,20.860212,-103.876673,"https://maps.google.com/?q=20.860212,-103.876673&t=k"
16586,agave en pie,1.25,2023,3,0,0.48,20.859766,-103.870621,"https://maps.google.com/?q=20.859766,-103.870621&t=k"
18025,agave en pie,1.25,2023,3,0,0.9,20.853389,-103.790176,"https://maps.google.com/?q=20.853389,-103.790176&t=k"
21512,agave en pie,1.25,2023,3,0,0.41,20.837802,-103.721445,"https://maps.google.com/?q=20.837802,-103.721445&t=k"
21789,agave en pie,1.25,2023,3,0,0.85,20.836938,-103.751291,"https://maps.google.com/?q=20.836938,-103.751291&t=k"
31330,agave en pie,1.25,2023,3,0,0.43,20.794117,-103.726857,"https://maps.google.com/?q=20.794117,-103.726857&t=k"
33042,agave en pie,1.25,2023,3,0,0.94,20.785858,-103.721739,"https://maps.google.com/?q=20.785858,-103.721739&t=k"
4509,agave en pie,1.24,2023,3,0,0.51,20.910534,-103.890481,"https://maps.google.com/?q=20.910534,-103.890481&t=k"
7351,agave en pie,1.24,2023,3,0,0.67,20.897042,-103.78002,"https://maps.google.com/?q=20.897042,-103.78002&t=k"
10473,agave en pie,1.24,2023,3,0,0.88,20.885039,-103.794489,"https://maps.google.com/?q=20.885039,-103.794489&t=k"
10814,agave en pie,1.24,2023,3,0,0.48,20.88174,-103.750248,"https://maps.google.com/?q=20.88174,-103.750248&t=k"
11280,agave en pie,1.24,2023,3,0,0.8,20.880967,-103.81293,"https://maps.google.com/?q=20.880967,-103.81293&t=k"
13207,agave en pie,1.24,2023,3,0,0.85,20.872549,-103.722882,"https://maps.google.com/?q=20.872549,-103.722882&t=k"
16085,agave en pie,1.24,2023,3,0,1.0,20.861318,-103.749552,"https://maps.google.com/?q=20.861318,-103.749552&t=k"
18122,agave en pie,1.24,2023,3,0,0.79,20.853128,-103.810986,"https://maps.google.com/?q=20.853128,-103.810986&t=k"
22715,agave en pie,1.24,2023,3,0,0.8,20.831569,-103.697474,"https://maps.google.com/?q=20.831569,-103.697474&t=k"
30424,agave en pie,1.24,2023,3,0,0.56,20.797978,-103.723607,"https://maps.google.com/?q=20.797978,-103.723607&t=k"
32813,agave en pie,1.24,2023,3,0,0.52,20.787113,-103.708327,"https://maps.google.com/?q=20.787113,-103.708327&t=k"
361,agave en pie,1.23,2023,3,0,0.97,20.9289,-103.744328,"https://maps.google.com/?q=20.9289,-103.744328&t=k"
4253,agave en pie,1.23,2023,3,0,0.96,20.910973,-103.76986,"https://maps.google.com/?q=20.910973,-103.76986&t=k"
6652,agave en pie,1.23,2023,3,0,0.35,20.901356,-103.889346,"https://maps.google.com/?q=20.901356,-103.889346&t=k"
8635,agave en pie,1.23,2023,3,0,1.0,20.892477,-103.8051,"https://maps.google.com/?q=20.892477,-103.8051&t=k"
8936,agave en pie,1.23,2023,3,0,0.96,20.891465,-103.862117,"https://maps.google.com/?q=20.891465,-103.862117&t=k"
10837,agave en pie,1.23,2023,3,0,0.81,20.882617,-103.680549,"https://maps.google.com/?q=20.882617,-103.680549&t=k"
16664,agave en pie,1.23,2023,3,0,0.93,20.85782,-103.680766,"https://maps.google.com/?q=20.85782,-103.680766&t=k"
25705,agave en pie,1.23,2023,3,0,0.62,20.819551,-103.721119,"https://maps.google.com/?q=20.819551,-103.721119&t=k"
33682,agave en pie,1.23,2023,3,0,0.75,20.783797,-103.773583,"https://maps.google.com/?q=20.783797,-103.773583&t=k"
3053,agave en pie,1.22,2023,3,0,0.94,20.916082,-103.789577,"https://maps.google.com/?q=20.916082,-103.789577&t=k"
10716,agave en pie,1.22,2023,3,0,0.87,20.883629,-103.825454,"https://maps.google.com/?q=20.883629,-103.825454&t=k"
11066,agave en pie,1.22,2023,3,0,0.88,20.881465,-103.689307,"https://maps.google.com/?q=20.881465,-103.689307&t=k"
21897,agave en pie,1.22,2023,3,0,1.0,20.835688,-103.68682,"https://maps.google.com/?q=20.835688,-103.68682&t=k"
3809,agave en pie,1.21,2023,3,0,0.61,20.913474,-103.884161,"https://maps.google.com/?q=20.913474,-103.884161&t=k"
4902,agave en pie,1.21,2023,3,0,0.79,20.908782,-103.885061,"https://maps.google.com/?q=20.908782,-103.885061&t=k"
6617,agave en pie,1.21,2023,3,0,0.64,20.901211,-103.846949,"https://maps.google.com/?q=20.901211,-103.846949&t=k"
10589,agave en pie,1.21,2023,3,0,1.0,20.884264,-103.787093,"https://maps.google.com/?q=20.884264,-103.787093&t=k"
16709,agave en pie,1.21,2023,3,0,0.57,20.858518,-103.781004,"https://maps.google.com/?q=20.858518,-103.781004&t=k"
16899,agave en pie,1.21,2023,3,0,0.98,20.857697,-103.736222,"https://maps.google.com/?q=20.857697,-103.736222&t=k"
17218,agave en pie,1.21,2023,3,0,0.57,20.856632,-103.702545,"https://maps.google.com/?q=20.856632,-103.702545&t=k"
18285,agave en pie,1.21,2023,3,0,0.52,20.851929,-103.807391,"https://maps.google.com/?q=20.851929,-103.807391&t=k"
20438,agave en pie,1.21,2023,3,0,0.71,20.842632,-103.739183,"https://maps.google.com/?q=20.842632,-103.739183&t=k"
20848,agave en pie,1.21,2023,3,0,0.64,20.841923,-103.823663,"https://maps.google.com/?q=20.841923,-103.823663&t=k"
22166,agave en pie,1.21,2023,3,0,0.74,20.834803,-103.701098,"https://maps.google.com/?q=20.834803,-103.701098&t=k"
26981,agave en pie,1.21,2023,3,0,0.68,20.812706,-103.68798,"https://maps.google.com/?q=20.812706,-103.68798&t=k"
30578,agave en pie,1.21,2023,3,0,0.7,20.797343,-103.760264,"https://maps.google.com/?q=20.797343,-103.760264&t=k"
31635,agave en pie,1.21,2023,3,0,0.98,20.792429,-103.718514,"https://maps.google.com/?q=20.792429,-103.718514&t=k"
32306,agave en pie,1.21,2023,3,0,0.81,20.789567,-103.698364,"https://maps.google.com/?q=20.789567,-103.698364&t=k"
5087,agave en pie,1.2,2023,3,0,0.9,20.907399,-103.840123,"https://maps.google.com/?q=20.907399,-103.840123&t=k"
11779,agave en pie,1.2,2023,3,0,1.0,20.878769,-103.733163,"https://maps.google.com/?q=20.878769,-103.733163&t=k"
19529,agave en pie,1.2,2023,3,0,0.66,20.846836,-103.764472,"https://maps.google.com/?q=20.846836,-103.764472&t=k"
20136,agave en pie,1.2,2023,3,0,0.54,20.843785,-103.700108,"https://maps.google.com/?q=20.843785,-103.700108&t=k"
27558,agave en pie,1.2,2023,3,0,0.9,20.810854,-103.682087,"https://maps.google.com/?q=20.810854,-103.682087&t=k"
30528,agave en pie,1.2,2023,3,0,0.91,20.797122,-103.767135,"https://maps.google.com/?q=20.797122,-103.767135&t=k"
32049,agave en pie,1.2,2023,3,0,0.68,20.790831,-103.728326,"https://maps.google.com/?q=20.790831,-103.728326&t=k"
32557,agave en pie,1.2,2023,3,0,0.68,20.787157,-103.714235,"https://maps.google.com/?q=20.787157,-103.714235&t=k"
1550,agave en pie,1.19,2023,3,0,0.97,20.923421,-103.851539,"https://maps.google.com/?q=20.923421,-103.851539&t=k"
1954,agave en pie,1.19,2023,3,0,0.7,20.921727,-103.828138,"https://maps.google.com/?q=20.921727,-103.828138&t=k"
2628,agave en pie,1.19,2023,3,0,0.78,20.918766,-103.878305,"https://maps.google.com/?q=20.918766,-103.878305&t=k"
8360,agave en pie,1.19,2023,3,0,0.45,20.893036,-103.782023,"https://maps.google.com/?q=20.893036,-103.782023&t=k"
12874,agave en pie,1.19,2023,3,0,0.67,20.874006,-103.706385,"https://maps.google.com/?q=20.874006,-103.706385&t=k"
14305,agave en pie,1.19,2023,3,0,0.78,20.868277,-103.713354,"https://maps.google.com/?q=20.868277,-103.713354&t=k"
19795,agave en pie,1.19,2023,3,0,0.97,20.844382,-103.689532,"https://maps.google.com/?q=20.844382,-103.689532&t=k"
20603,agave en pie,1.19,2023,3,0,0.45,20.843034,-103.867863,"https://maps.google.com/?q=20.843034,-103.867863&t=k"
23111,agave en pie,1.19,2023,3,0,0.62,20.831136,-103.754654,"https://maps.google.com/?q=20.831136,-103.754654&t=k"
26054,agave en pie,1.19,2023,3,0,0.56,20.817562,-103.708837,"https://maps.google.com/?q=20.817562,-103.708837&t=k"
33775,agave en pie,1.19,2023,3,0,0.59,20.783302,-103.742655,"https://maps.google.com/?q=20.783302,-103.742655&t=k"
16775,agave en pie,1.18,2023,3,0,0.82,20.858238,-103.798883,"https://maps.google.com/?q=20.858238,-103.798883&t=k"
21108,agave en pie,1.18,2023,3,0,0.69,20.840115,-103.753331,"https://maps.google.com/?q=20.840115,-103.753331&t=k"
22073,agave en pie,1.18,2023,3,0,0.69,20.835889,-103.793919,"https://maps.google.com/?q=20.835889,-103.793919&t=k"
26166,agave en pie,1.18,2023,3,0,0.87,20.817561,-103.782871,"https://maps.google.com/?q=20.817561,-103.782871&t=k"
30191,agave en pie,1.18,2023,3,0,1.0,20.799026,-103.749394,"https://maps.google.com/?q=20.799026,-103.749394&t=k"
32816,agave en pie,1.18,2023,3,0,0.92,20.786201,-103.69527,"https://maps.google.com/?q=20.786201,-103.69527&t=k"
34679,agave en pie,1.18,2023,3,0,0.59,20.779706,-103.73889,"https://maps.google.com/?q=20.779706,-103.73889&t=k"
611,agave en pie,1.17,2023,3,0,0.79,20.928542,-103.827267,"https://maps.google.com/?q=20.928542,-103.827267&t=k"
1776,agave en pie,1.17,2023,3,0,0.85,20.922995,-103.875725,"https://maps.google.com/?q=20.922995,-103.875725&t=k"
2194,agave en pie,1.17,2023,3,0,0.76,20.920684,-103.860983,"https://maps.google.com/?q=20.920684,-103.860983&t=k"
8249,agave en pie,1.17,2023,3,0,0.56,20.894032,-103.775959,"https://maps.google.com/?q=20.894032,-103.775959&t=k"
19947,agave en pie,1.17,2023,3,0,0.67,20.845108,-103.762852,"https://maps.google.com/?q=20.845108,-103.762852&t=k"
24035,agave en pie,1.17,2023,3,0,0.74,20.826206,-103.681377,"https://maps.google.com/?q=20.826206,-103.681377&t=k"
31076,agave en pie,1.17,2023,3,0,0.64,20.794341,-103.684681,"https://maps.google.com/?q=20.794341,-103.684681&t=k"
34140,agave en pie,1.17,2023,3,0,0.97,20.781742,-103.715001,"https://maps.google.com/?q=20.781742,-103.715001&t=k"
34510,agave en pie,1.17,2023,3,0,0.85,20.779879,-103.750128,"https://maps.google.com/?q=20.779879,-103.750128&t=k"
8150,agave en pie,1.16,2023,3,0,0.97,20.894573,-103.820706,"https://maps.google.com/?q=20.894573,-103.820706&t=k"
14457,agave en pie,1.16,2023,3,0,0.63,20.868182,-103.767998,"https://maps.google.com/?q=20.868182,-103.767998&t=k"
15162,agave en pie,1.16,2023,3,0,0.65,20.865323,-103.804258,"https://maps.google.com/?q=20.865323,-103.804258&t=k"
18248,agave en pie,1.16,2023,3,0,0.83,20.852273,-103.798498,"https://maps.google.com/?q=20.852273,-103.798498&t=k"
24216,agave en pie,1.16,2023,3,0,0.72,20.826408,-103.769299,"https://maps.google.com/?q=20.826408,-103.769299&t=k"
8009,agave en pie,1.15,2023,3,0,0.97,20.895654,-103.894724,"https://maps.google.com/?q=20.895654,-103.894724&t=k"
17066,agave en pie,1.15,2023,3,0,0.95,20.85692,-103.687021,"https://maps.google.com/?q=20.85692,-103.687021&t=k"
17564,agave en pie,1.15,2023,3,0,0.59,20.854721,-103.700735,"https://maps.google.com/?q=20.854721,-103.700735&t=k"
25585,agave en pie,1.15,2023,3,0,0.68,20.820315,-103.776267,"https://maps.google.com/?q=20.820315,-103.776267&t=k"
26499,agave en pie,1.15,2023,3,0,0.7,20.816237,-103.787206,"https://maps.google.com/?q=20.816237,-103.787206&t=k"
33127,agave en pie,1.15,2023,3,0,0.62,20.786135,-103.778416,"https://maps.google.com/?q=20.786135,-103.778416&t=k"
4706,agave en pie,1.14,2023,3,0,0.65,20.90854,-103.72152,"https://maps.google.com/?q=20.90854,-103.72152&t=k"
8989,agave en pie,1.14,2023,3,0,0.95,20.890962,-103.821119,"https://maps.google.com/?q=20.890962,-103.821119&t=k"
16054,agave en pie,1.14,2023,3,0,0.91,20.861159,-103.697941,"https://maps.google.com/?q=20.861159,-103.697941&t=k"
26605,agave en pie,1.14,2023,3,0,0.68,20.81556,-103.787355,"https://maps.google.com/?q=20.81556,-103.787355&t=k"
30930,agave en pie,1.14,2023,3,0,0.92,20.79552,-103.770559,"https://maps.google.com/?q=20.79552,-103.770559&t=k"
8201,agave en pie,1.13,2023,3,0,0.95,20.894241,-103.779947,"https://maps.google.com/?q=20.894241,-103.779947&t=k"
11481,agave en pie,1.13,2023,3,0,0.97,20.88002,-103.755934,"https://maps.google.com/?q=20.88002,-103.755934&t=k"
20214,agave en pie,1.13,2023,3,0,0.96,20.843203,-103.694924,"https://maps.google.com/?q=20.843203,-103.694924&t=k"
21535,agave en pie,1.13,2023,3,0,0.65,20.837838,-103.720196,"https://maps.google.com/?q=20.837838,-103.720196&t=k"
22687,agave en pie,1.13,2023,3,0,0.95,20.832632,-103.718606,"https://maps.google.com/?q=20.832632,-103.718606&t=k"
24323,agave en pie,1.13,2023,3,0,0.9,20.825198,-103.691235,"https://maps.google.com/?q=20.825198,-103.691235&t=k"
58,agave en pie,1.12,2023,3,0,0.77,20.930514,-103.851581,"https://maps.google.com/?q=20.930514,-103.851581&t=k"
158,agave en pie,1.12,2023,3,0,0.49,20.929736,-103.735235,"https://maps.google.com/?q=20.929736,-103.735235&t=k"
8926,agave en pie,1.12,2023,3,0,0.4,20.89087,-103.763343,"https://maps.google.com/?q=20.89087,-103.763343&t=k"
9149,agave en pie,1.12,2023,3,0,0.83,20.890259,-103.76628,"https://maps.google.com/?q=20.890259,-103.76628&t=k"
9541,agave en pie,1.12,2023,3,0,0.5,20.887542,-103.71641,"https://maps.google.com/?q=20.887542,-103.71641&t=k"
14536,agave en pie,1.12,2023,3,0,0.54,20.867616,-103.758343,"https://maps.google.com/?q=20.867616,-103.758343&t=k"
18435,agave en pie,1.12,2023,3,0,0.87,20.851384,-103.775007,"https://maps.google.com/?q=20.851384,-103.775007&t=k"
18551,agave en pie,1.12,2023,3,0,0.59,20.850879,-103.799422,"https://maps.google.com/?q=20.850879,-103.799422&t=k"
18725,agave en pie,1.12,2023,3,0,0.93,20.850191,-103.785156,"https://maps.google.com/?q=20.850191,-103.785156&t=k"
24309,agave en pie,1.12,2023,3,0,0.61,20.825523,-103.716408,"https://maps.google.com/?q=20.825523,-103.716408&t=k"
30872,agave en pie,1.12,2023,3,0,0.62,20.796386,-103.765364,"https://maps.google.com/?q=20.796386,-103.765364&t=k"
32695,agave en pie,1.12,2023,3,0,0.34,20.787839,-103.70885,"https://maps.google.com/?q=20.787839,-103.70885&t=k"
5767,agave en pie,1.11,2023,3,0,0.86,20.9043,-103.836205,"https://maps.google.com/?q=20.9043,-103.836205&t=k"
8253,agave en pie,1.11,2023,3,0,0.41,20.893473,-103.736356,"https://maps.google.com/?q=20.893473,-103.736356&t=k"
8937,agave en pie,1.11,2023,3,0,0.89,20.89146,-103.861347,"https://maps.google.com/?q=20.89146,-103.861347&t=k"
9718,agave en pie,1.11,2023,3,0,0.4,20.888287,-103.80672,"https://maps.google.com/?q=20.888287,-103.80672&t=k"
15749,agave en pie,1.11,2023,3,0,0.98,20.862653,-103.784431,"https://maps.google.com/?q=20.862653,-103.784431&t=k"
16234,agave en pie,1.11,2023,3,0,1.0,20.860365,-103.694487,"https://maps.google.com/?q=20.860365,-103.694487&t=k"
16947,agave en pie,1.11,2023,3,0,0.79,20.858362,-103.870103,"https://maps.google.com/?q=20.858362,-103.870103&t=k"
18436,agave en pie,1.11,2023,3,0,0.33,20.851593,-103.766451,"https://maps.google.com/?q=20.851593,-103.766451&t=k"
18961,agave en pie,1.11,2023,3,0,0.88,20.84919,-103.765173,"https://maps.google.com/?q=20.84919,-103.765173&t=k"
20206,agave en pie,1.11,2023,3,0,0.61,20.843607,-103.773964,"https://maps.google.com/?q=20.843607,-103.773964&t=k"
27995,agave en pie,1.11,2023,3,0,1.0,20.809056,-103.76209,"https://maps.google.com/?q=20.809056,-103.76209&t=k"
29187,agave en pie,1.11,2023,3,0,0.58,20.80363,-103.767658,"https://maps.google.com/?q=20.80363,-103.767658&t=k"
31147,agave en pie,1.11,2023,3,0,0.47,20.794974,-103.789009,"https://maps.google.com/?q=20.794974,-103.789009&t=k"
34091,agave en pie,1.11,2023,3,0,1.0,20.78212,-103.77278,"https://maps.google.com/?q=20.78212,-103.77278&t=k"
4939,agave en pie,1.1,2023,3,0,0.79,20.907394,-103.725327,"https://maps.google.com/?q=20.907394,-103.725327&t=k"
7604,agave en pie,1.1,2023,3,0,0.95,20.897254,-103.849623,"https://maps.google.com/?q=20.897254,-103.849623&t=k"
13599,agave en pie,1.1,2023,3,0,0.87,20.871101,-103.704439,"https://maps.google.com/?q=20.871101,-103.704439&t=k"
21458,agave en pie,1.1,2023,3,0,0.81,20.838203,-103.702655,"https://maps.google.com/?q=20.838203,-103.702655&t=k"
23869,agave en pie,1.1,2023,3,0,0.56,20.82745,-103.690399,"https://maps.google.com/?q=20.82745,-103.690399&t=k"
29722,agave en pie,1.1,2023,3,0,0.53,20.800883,-103.750051,"https://maps.google.com/?q=20.800883,-103.750051&t=k"
32827,agave en pie,1.1,2023,3,0,0.52,20.787002,-103.699634,"https://maps.google.com/?q=20.787002,-103.699634&t=k"
34567,agave en pie,1.1,2023,3,0,0.62,20.779609,-103.713579,"https://maps.google.com/?q=20.779609,-103.713579&t=k"
2815,agave en pie,1.09,2023,3,0,0.4,20.917501,-103.878266,"https://maps.google.com/?q=20.917501,-103.878266&t=k"
3963,agave en pie,1.09,2023,3,0,0.52,20.912568,-103.836334,"https://maps.google.com/?q=20.912568,-103.836334&t=k"
8550,agave en pie,1.09,2023,3,0,0.72,20.893139,-103.809325,"https://maps.google.com/?q=20.893139,-103.809325&t=k"
12742,agave en pie,1.09,2023,3,0,0.99,20.874886,-103.727284,"https://maps.google.com/?q=20.874886,-103.727284&t=k"
20398,agave en pie,1.09,2023,3,0,0.39,20.84282,-103.740191,"https://maps.google.com/?q=20.84282,-103.740191&t=k"
29119,agave en pie,1.09,2023,3,0,0.7,20.803191,-103.695989,"https://maps.google.com/?q=20.803191,-103.695989&t=k"
32969,agave en pie,1.09,2023,3,0,0.47,20.786863,-103.747813,"https://maps.google.com/?q=20.786863,-103.747813&t=k"
2737,agave en pie,1.08,2023,3,0,0.88,20.917826,-103.866004,"https://maps.google.com/?q=20.917826,-103.866004&t=k"
6041,agave en pie,1.08,2023,3,0,0.79,20.903092,-103.798671,"https://maps.google.com/?q=20.903092,-103.798671&t=k"
15533,agave en pie,1.08,2023,3,0,0.29,20.863455,-103.821477,"https://maps.google.com/?q=20.863455,-103.821477&t=k"
17254,agave en pie,1.08,2023,3,0,0.37,20.856743,-103.80471,"https://maps.google.com/?q=20.856743,-103.80471&t=k"
17529,agave en pie,1.08,2023,3,0,0.73,20.854614,-103.810301,"https://maps.google.com/?q=20.854614,-103.810301&t=k"
22996,agave en pie,1.08,2023,3,0,0.44,20.832292,-103.78357,"https://maps.google.com/?q=20.832292,-103.78357&t=k"
24366,agave en pie,1.08,2023,3,0,0.54,20.825444,-103.754653,"https://maps.google.com/?q=20.825444,-103.754653&t=k"
912,agave en pie,1.07,2023,3,0,0.83,20.926769,-103.845551,"https://maps.google.com/?q=20.926769,-103.845551&t=k"
4095,agave en pie,1.07,2023,3,0,0.82,20.912426,-103.882775,"https://maps.google.com/?q=20.912426,-103.882775&t=k"
4699,agave en pie,1.07,2023,3,0,0.81,20.909203,-103.762568,"https://maps.google.com/?q=20.909203,-103.762568&t=k"
5016,agave en pie,1.07,2023,3,0,0.8,20.907841,-103.879396,"https://maps.google.com/?q=20.907841,-103.879396&t=k"
6262,agave en pie,1.07,2023,3,0,0.5,20.901905,-103.728209,"https://maps.google.com/?q=20.901905,-103.728209&t=k"
9279,agave en pie,1.07,2023,3,0,0.59,20.889542,-103.767103,"https://maps.google.com/?q=20.889542,-103.767103&t=k"
11486,agave en pie,1.07,2023,3,0,0.93,20.881134,-103.898676,"https://maps.google.com/?q=20.881134,-103.898676&t=k"
15904,agave en pie,1.07,2023,3,0,1.0,20.861236,-103.750658,"https://maps.google.com/?q=20.861236,-103.750658&t=k"
16500,agave en pie,1.07,2023,3,0,0.68,20.858934,-103.690463,"https://maps.google.com/?q=20.858934,-103.690463&t=k"
22063,agave en pie,1.07,2023,3,0,0.99,20.835807,-103.757258,"https://maps.google.com/?q=20.835807,-103.757258&t=k"
25042,agave en pie,1.07,2023,3,0,0.41,20.822679,-103.77841,"https://maps.google.com/?q=20.822679,-103.77841&t=k"
26662,agave en pie,1.07,2023,3,0,0.42,20.814218,-103.696759,"https://maps.google.com/?q=20.814218,-103.696759&t=k"
32693,agave en pie,1.07,2023,3,0,0.49,20.787452,-103.711399,"https://maps.google.com/?q=20.787452,-103.711399&t=k"
61,agave en pie,1.06,2023,3,0,0.69,20.928873,-103.849382,"https://maps.google.com/?q=20.928873,-103.849382&t=k"
4742,agave en pie,1.06,2023,3,0,0.65,20.908881,-103.780549,"https://maps.google.com/?q=20.908881,-103.780549&t=k"
11153,agave en pie,1.06,2023,3,0,0.64,20.881532,-103.777694,"https://maps.google.com/?q=20.881532,-103.777694&t=k"
11833,agave en pie,1.06,2023,3,0,0.96,20.878701,-103.754743,"https://maps.google.com/?q=20.878701,-103.754743&t=k"
21675,agave en pie,1.06,2023,3,0,0.5,20.837508,-103.767527,"https://maps.google.com/?q=20.837508,-103.767527&t=k"
23325,agave en pie,1.06,2023,3,0,1.0,20.830176,-103.759275,"https://maps.google.com/?q=20.830176,-103.759275&t=k"
29222,agave en pie,1.06,2023,3,0,0.56,20.802861,-103.780107,"https://maps.google.com/?q=20.802861,-103.780107&t=k"
31722,agave en pie,1.06,2023,3,0,0.69,20.791988,-103.70795,"https://maps.google.com/?q=20.791988,-103.70795&t=k"
389,agave en pie,1.05,2023,3,0,0.5,20.929496,-103.834664,"https://maps.google.com/?q=20.929496,-103.834664&t=k"
7841,agave en pie,1.05,2023,3,0,0.87,20.896396,-103.849581,"https://maps.google.com/?q=20.896396,-103.849581&t=k"
9148,agave en pie,1.05,2023,3,0,0.58,20.889872,-103.775368,"https://maps.google.com/?q=20.889872,-103.775368&t=k"
9463,agave en pie,1.05,2023,3,0,0.55,20.888386,-103.720441,"https://maps.google.com/?q=20.888386,-103.720441&t=k"
10294,agave en pie,1.05,2023,3,0,0.87,20.885227,-103.789056,"https://maps.google.com/?q=20.885227,-103.789056&t=k"
16833,agave en pie,1.05,2023,3,0,0.95,20.858947,-103.869714,"https://maps.google.com/?q=20.858947,-103.869714&t=k"
17479,agave en pie,1.05,2023,3,0,1.0,20.854966,-103.679685,"https://maps.google.com/?q=20.854966,-103.679685&t=k"
22053,agave en pie,1.05,2023,3,0,0.53,20.835261,-103.684037,"https://maps.google.com/?q=20.835261,-103.684037&t=k"
22323,agave en pie,1.05,2023,3,0,0.96,20.834861,-103.763753,"https://maps.google.com/?q=20.834861,-103.763753&t=k"
23979,agave en pie,1.05,2023,3,0,0.57,20.827231,-103.789616,"https://maps.google.com/?q=20.827231,-103.789616&t=k"
32402,agave en pie,1.05,2023,3,0,0.76,20.789367,-103.738137,"https://maps.google.com/?q=20.789367,-103.738137&t=k"
443,agave en pie,1.04,2023,3,0,0.87,20.929244,-103.81779,"https://maps.google.com/?q=20.929244,-103.81779&t=k"
3643,agave en pie,1.04,2023,3,0,0.83,20.913333,-103.771427,"https://maps.google.com/?q=20.913333,-103.771427&t=k"
5423,agave en pie,1.04,2023,3,0,0.81,20.905745,-103.796919,"https://maps.google.com/?q=20.905745,-103.796919&t=k"
12743,agave en pie,1.04,2023,3,0,0.71,20.874518,-103.726422,"https://maps.google.com/?q=20.874518,-103.726422&t=k"
13434,agave en pie,1.04,2023,3,0,0.55,20.872092,-103.771427,"https://maps.google.com/?q=20.872092,-103.771427&t=k"
15256,agave en pie,1.04,2023,3,0,0.9,20.864294,-103.700364,"https://maps.google.com/?q=20.864294,-103.700364&t=k"
18678,agave en pie,1.04,2023,3,0,0.87,20.849627,-103.775742,"https://maps.google.com/?q=20.849627,-103.775742&t=k"
24532,agave en pie,1.04,2023,3,0,0.77,20.82431,-103.717235,"https://maps.google.com/?q=20.82431,-103.717235&t=k"
28966,agave en pie,1.04,2023,3,0,0.76,20.804719,-103.76837,"https://maps.google.com/?q=20.804719,-103.76837&t=k"
2907,agave en pie,1.03,2023,3,0,0.46,20.916826,-103.779812,"https://maps.google.com/?q=20.916826,-103.779812&t=k"
3623,agave en pie,1.03,2023,3,0,0.7,20.913621,-103.773829,"https://maps.google.com/?q=20.913621,-103.773829&t=k"
4455,agave en pie,1.03,2023,3,0,0.69,20.910813,-103.891681,"https://maps.google.com/?q=20.910813,-103.891681&t=k"
6577,agave en pie,1.03,2023,3,0,0.62,20.900827,-103.759848,"https://maps.google.com/?q=20.900827,-103.759848&t=k"
7363,agave en pie,1.03,2023,3,0,0.39,20.897317,-103.718731,"https://maps.google.com/?q=20.897317,-103.718731&t=k"
19286,agave en pie,1.03,2023,3,0,0.86,20.847916,-103.776476,"https://maps.google.com/?q=20.847916,-103.776476&t=k"
21313,agave en pie,1.03,2023,3,0,0.99,20.83943,-103.771067,"https://maps.google.com/?q=20.83943,-103.771067&t=k"
22812,agave en pie,1.03,2023,3,0,0.66,20.832471,-103.751856,"https://maps.google.com/?q=20.832471,-103.751856&t=k"
25064,agave en pie,1.03,2023,3,0,0.58,20.822001,-103.698614,"https://maps.google.com/?q=20.822001,-103.698614&t=k"
26478,agave en pie,1.03,2023,3,0,0.5,20.816057,-103.725088,"https://maps.google.com/?q=20.816057,-103.725088&t=k"
30535,agave en pie,1.03,2023,3,0,0.49,20.797054,-103.708819,"https://maps.google.com/?q=20.797054,-103.708819&t=k"
31203,agave en pie,1.03,2023,3,0,1.0,20.793815,-103.686799,"https://maps.google.com/?q=20.793815,-103.686799&t=k"
83,agave en pie,1.02,2023,3,0,0.92,20.930441,-103.827589,"https://maps.google.com/?q=20.930441,-103.827589&t=k"
3774,agave en pie,1.02,2023,3,0,0.4,20.913302,-103.838011,"https://maps.google.com/?q=20.913302,-103.838011&t=k"
3919,agave en pie,1.02,2023,3,0,0.88,20.912723,-103.839313,"https://maps.google.com/?q=20.912723,-103.839313&t=k"
4163,agave en pie,1.02,2023,3,0,0.99,20.912218,-103.899458,"https://maps.google.com/?q=20.912218,-103.899458&t=k"
7695,agave en pie,1.02,2023,3,0,0.51,20.896318,-103.754694,"https://maps.google.com/?q=20.896318,-103.754694&t=k"
11454,agave en pie,1.02,2023,3,0,0.53,20.880271,-103.803707,"https://maps.google.com/?q=20.880271,-103.803707&t=k"
13925,agave en pie,1.02,2023,3,0,0.87,20.869915,-103.763995,"https://maps.google.com/?q=20.869915,-103.763995&t=k"
17581,agave en pie,1.02,2023,3,0,0.88,20.854646,-103.702802,"https://maps.google.com/?q=20.854646,-103.702802&t=k"
18328,agave en pie,1.02,2023,3,0,0.91,20.852117,-103.808447,"https://maps.google.com/?q=20.852117,-103.808447&t=k"
572,agave en pie,1.01,2023,3,0,0.57,20.928984,-103.832457,"https://maps.google.com/?q=20.928984,-103.832457&t=k"
5201,agave en pie,1.01,2023,3,0,0.39,20.906474,-103.717067,"https://maps.google.com/?q=20.906474,-103.717067&t=k"
5328,agave en pie,1.01,2023,3,0,0.5,20.906022,-103.75995,"https://maps.google.com/?q=20.906022,-103.75995&t=k"
6416,agave en pie,1.01,2023,3,0,0.71,20.901396,-103.763497,"https://maps.google.com/?q=20.901396,-103.763497&t=k"
7108,agave en pie,1.01,2023,3,0,0.69,20.89918,-103.895035,"https://maps.google.com/?q=20.89918,-103.895035&t=k"
11076,agave en pie,1.01,2023,3,0,0.93,20.882022,-103.776681,"https://maps.google.com/?q=20.882022,-103.776681&t=k"
16673,agave en pie,1.01,2023,3,0,0.52,20.858288,-103.700512,"https://maps.google.com/?q=20.858288,-103.700512&t=k"
18332,agave en pie,1.01,2023,3,0,0.76,20.851833,-103.762124,"https://maps.google.com/?q=20.851833,-103.762124&t=k"
19221,agave en pie,1.01,2023,3,0,0.95,20.847713,-103.717854,"https://maps.google.com/?q=20.847713,-103.717854&t=k"
21842,agave en pie,1.01,2023,3,0,0.91,20.836549,-103.681287,"https://maps.google.com/?q=20.836549,-103.681287&t=k"
22167,agave en pie,1.01,2023,3,0,0.7,20.835199,-103.681972,"https://maps.google.com/?q=20.835199,-103.681972&t=k"
23467,agave en pie,1.01,2023,3,0,0.93,20.8294,-103.789743,"https://maps.google.com/?q=20.8294,-103.789743&t=k"
23677,agave en pie,1.01,2023,3,0,0.82,20.828412,-103.746605,"https://maps.google.com/?q=20.828412,-103.746605&t=k"
2706,agave en pie,1.0,2023,3,0,0.89,20.918138,-103.825185,"https://maps.google.com/?q=20.918138,-103.825185&t=k"
3737,agave en pie,1.0,2023,3,0,0.48,20.913205,-103.772438,"https://maps.google.com/?q=20.913205,-103.772438&t=k"
5031,agave en pie,1.0,2023,3,0,0.96,20.907891,-103.88002,"https://maps.google.com/?q=20.907891,-103.88002&t=k"
10155,agave en pie,1.0,2023,3,0,0.71,20.886204,-103.806015,"https://maps.google.com/?q=20.886204,-103.806015&t=k"
10834,agave en pie,1.0,2023,3,0,0.67,20.883059,-103.732982,"https://maps.google.com/?q=20.883059,-103.732982&t=k"
14908,agave en pie,1.0,2023,3,0,0.88,20.864721,-103.808732,"https://maps.google.com/?q=20.864721,-103.808732&t=k"
18697,agave en pie,1.0,2023,3,0,0.32,20.8499,-103.782371,"https://maps.google.com/?q=20.8499,-103.782371&t=k"
20551,agave en pie,1.0,2023,3,0,0.93,20.842773,-103.783774,"https://maps.google.com/?q=20.842773,-103.783774&t=k"
24298,agave en pie,1.0,2023,3,0,0.53,20.826298,-103.79193,"https://maps.google.com/?q=20.826298,-103.79193&t=k"
29461,agave en pie,1.0,2023,3,0,0.63,20.801715,-103.686106,"https://maps.google.com/?q=20.801715,-103.686106&t=k"
1855,agave en pie,0.99,2023,3,0,0.52,20.922269,-103.808662,"https://maps.google.com/?q=20.922269,-103.808662&t=k"
2591,agave en pie,0.99,2023,3,0,0.7,20.919154,-103.896283,"https://maps.google.com/?q=20.919154,-103.896283&t=k"
2799,agave en pie,0.99,2023,3,0,0.54,20.918177,-103.884992,"https://maps.google.com/?q=20.918177,-103.884992&t=k"
3187,agave en pie,0.99,2023,3,0,0.95,20.915755,-103.788042,"https://maps.google.com/?q=20.915755,-103.788042&t=k"
9627,agave en pie,0.99,2023,3,0,0.55,20.888513,-103.826281,"https://maps.google.com/?q=20.888513,-103.826281&t=k"
12827,agave en pie,0.99,2023,3,0,0.62,20.873803,-103.739644,"https://maps.google.com/?q=20.873803,-103.739644&t=k"
14803,agave en pie,0.99,2023,3,0,0.86,20.866525,-103.763638,"https://maps.google.com/?q=20.866525,-103.763638&t=k"
15636,agave en pie,0.99,2023,3,0,0.63,20.863369,-103.802687,"https://maps.google.com/?q=20.863369,-103.802687&t=k"
15660,agave en pie,0.99,2023,3,0,0.79,20.862881,-103.803893,"https://maps.google.com/?q=20.862881,-103.803893&t=k"
15775,agave en pie,0.99,2023,3,0,0.48,20.862587,-103.762517,"https://maps.google.com/?q=20.862587,-103.762517&t=k"
16749,agave en pie,0.99,2023,3,0,0.74,20.858266,-103.809359,"https://maps.google.com/?q=20.858266,-103.809359&t=k"
17754,agave en pie,0.99,2023,3,0,0.72,20.854137,-103.701221,"https://maps.google.com/?q=20.854137,-103.701221&t=k"
21455,agave en pie,0.99,2023,3,0,0.96,20.838596,-103.755602,"https://maps.google.com/?q=20.838596,-103.755602&t=k"
23470,agave en pie,0.99,2023,3,0,0.92,20.829223,-103.765,"https://maps.google.com/?q=20.829223,-103.765&t=k"
28100,agave en pie,0.99,2023,3,0,0.76,20.808354,-103.703823,"https://maps.google.com/?q=20.808354,-103.703823&t=k"
29188,agave en pie,0.99,2023,3,0,0.83,20.803535,-103.766987,"https://maps.google.com/?q=20.803535,-103.766987&t=k"
3022,agave en pie,0.98,2023,3,0,0.96,20.916594,-103.791688,"https://maps.google.com/?q=20.916594,-103.791688&t=k"
4217,agave en pie,0.98,2023,3,0,0.94,20.911939,-103.898211,"https://maps.google.com/?q=20.911939,-103.898211&t=k"
9844,agave en pie,0.98,2023,3,0,0.74,20.88686,-103.686087,"https://maps.google.com/?q=20.88686,-103.686087&t=k"
10297,agave en pie,0.98,2023,3,0,0.52,20.884256,-103.779595,"https://maps.google.com/?q=20.884256,-103.779595&t=k"
10349,agave en pie,0.98,2023,3,0,0.95,20.88528,-103.752526,"https://maps.google.com/?q=20.88528,-103.752526&t=k"
19970,agave en pie,0.98,2023,3,0,0.38,20.843888,-103.788089,"https://maps.google.com/?q=20.843888,-103.788089&t=k"
23385,agave en pie,0.98,2023,3,0,0.62,20.829899,-103.75231,"https://maps.google.com/?q=20.829899,-103.75231&t=k"
31242,agave en pie,0.98,2023,3,0,0.78,20.794081,-103.746456,"https://maps.google.com/?q=20.794081,-103.746456&t=k"
31679,agave en pie,0.98,2023,3,0,0.8,20.792193,-103.687293,"https://maps.google.com/?q=20.792193,-103.687293&t=k"
32088,agave en pie,0.98,2023,3,0,0.67,20.79071,-103.780204,"https://maps.google.com/?q=20.79071,-103.780204&t=k"
33223,agave en pie,0.98,2023,3,0,0.93,20.785634,-103.777844,"https://maps.google.com/?q=20.785634,-103.777844&t=k"
4500,agave en pie,0.97,2023,3,0,0.74,20.908789,-103.730651,"https://maps.google.com/?q=20.908789,-103.730651&t=k"
7534,agave en pie,0.97,2023,3,0,0.53,20.8972,-103.789488,"https://maps.google.com/?q=20.8972,-103.789488&t=k"
14214,agave en pie,0.97,2023,3,0,0.46,20.869526,-103.811049,"https://maps.google.com/?q=20.869526,-103.811049&t=k"
14658,agave en pie,0.97,2023,3,0,0.93,20.86762,-103.849464,"https://maps.google.com/?q=20.86762,-103.849464&t=k"
15137,agave en pie,0.97,2023,3,0,0.9,20.864862,-103.855829,"https://maps.google.com/?q=20.864862,-103.855829&t=k"
31027,agave en pie,0.97,2023,3,0,0.47,20.7952,-103.726704,"https://maps.google.com/?q=20.7952,-103.726704&t=k"
31199,agave en pie,0.97,2023,3,0,0.47,20.793958,-103.71754,"https://maps.google.com/?q=20.793958,-103.71754&t=k"
9047,agave en pie,0.96,2023,3,0,0.88,20.890493,-103.805645,"https://maps.google.com/?q=20.890493,-103.805645&t=k"
14487,agave en pie,0.96,2023,3,0,0.74,20.868438,-103.850131,"https://maps.google.com/?q=20.868438,-103.850131&t=k"
14700,agave en pie,0.96,2023,3,0,0.79,20.867493,-103.850666,"https://maps.google.com/?q=20.867493,-103.850666&t=k"
18892,agave en pie,0.96,2023,3,0,0.58,20.849103,-103.778293,"https://maps.google.com/?q=20.849103,-103.778293&t=k"
27013,agave en pie,0.96,2023,3,0,0.75,20.81342,-103.681056,"https://maps.google.com/?q=20.81342,-103.681056&t=k"
30225,agave en pie,0.96,2023,3,0,0.96,20.799078,-103.750306,"https://maps.google.com/?q=20.799078,-103.750306&t=k"
31599,agave en pie,0.96,2023,3,0,0.48,20.792947,-103.752038,"https://maps.google.com/?q=20.792947,-103.752038&t=k"
32724,agave en pie,0.96,2023,3,0,0.97,20.787522,-103.714712,"https://maps.google.com/?q=20.787522,-103.714712&t=k"
1453,agave en pie,0.95,2023,3,0,0.41,20.92432,-103.817733,"https://maps.google.com/?q=20.92432,-103.817733&t=k"
7375,agave en pie,0.95,2023,3,0,1.0,20.897488,-103.754107,"https://maps.google.com/?q=20.897488,-103.754107&t=k"
8590,agave en pie,0.95,2023,3,0,0.63,20.892677,-103.782267,"https://maps.google.com/?q=20.892677,-103.782267&t=k"
8961,agave en pie,0.95,2023,3,0,0.58,20.89129,-103.796938,"https://maps.google.com/?q=20.89129,-103.796938&t=k"
14826,agave en pie,0.95,2023,3,0,0.67,20.86647,-103.787524,"https://maps.google.com/?q=20.86647,-103.787524&t=k"
15475,agave en pie,0.95,2023,3,0,0.42,20.864196,-103.878085,"https://maps.google.com/?q=20.864196,-103.878085&t=k"
21312,agave en pie,0.95,2023,3,0,0.57,20.839027,-103.790531,"https://maps.google.com/?q=20.839027,-103.790531&t=k"
30853,agave en pie,0.95,2023,3,0,0.95,20.796316,-103.78088,"https://maps.google.com/?q=20.796316,-103.78088&t=k"
6342,agave en pie,0.94,2023,3,0,0.71,20.902376,-103.845498,"https://maps.google.com/?q=20.902376,-103.845498&t=k"
7024,agave en pie,0.94,2023,3,0,0.68,20.899803,-103.89354,"https://maps.google.com/?q=20.899803,-103.89354&t=k"
11206,agave en pie,0.94,2023,3,0,1.0,20.881832,-103.775433,"https://maps.google.com/?q=20.881832,-103.775433&t=k"
11602,agave en pie,0.94,2023,3,0,0.93,20.879382,-103.688652,"https://maps.google.com/?q=20.879382,-103.688652&t=k"
14517,agave en pie,0.94,2023,3,0,0.81,20.867623,-103.716483,"https://maps.google.com/?q=20.867623,-103.716483&t=k"
16519,agave en pie,0.94,2023,3,0,0.52,20.859108,-103.781384,"https://maps.google.com/?q=20.859108,-103.781384&t=k"
17763,agave en pie,0.94,2023,3,0,0.56,20.854974,-103.877048,"https://maps.google.com/?q=20.854974,-103.877048&t=k"
19605,agave en pie,0.94,2023,3,0,0.52,20.846396,-103.772308,"https://maps.google.com/?q=20.846396,-103.772308&t=k"
19932,agave en pie,0.94,2023,3,0,0.83,20.843811,-103.691699,"https://maps.google.com/?q=20.843811,-103.691699&t=k"
23635,agave en pie,0.94,2023,3,0,0.73,20.828513,-103.717536,"https://maps.google.com/?q=20.828513,-103.717536&t=k"
29891,agave en pie,0.94,2023,3,0,0.91,20.799793,-103.749243,"https://maps.google.com/?q=20.799793,-103.749243&t=k"
34729,agave en pie,0.94,2023,3,0,0.82,20.779621,-103.758199,"https://maps.google.com/?q=20.779621,-103.758199&t=k"
1452,agave en pie,0.93,2023,3,0,0.7,20.924431,-103.820761,"https://maps.google.com/?q=20.924431,-103.820761&t=k"
2216,agave en pie,0.93,2023,3,0,0.69,20.920602,-103.815695,"https://maps.google.com/?q=20.920602,-103.815695&t=k"
7943,agave en pie,0.93,2023,3,0,0.54,20.895693,-103.845837,"https://maps.google.com/?q=20.895693,-103.845837&t=k"
9658,agave en pie,0.93,2023,3,0,0.89,20.887495,-103.7527,"https://maps.google.com/?q=20.887495,-103.7527&t=k"
10820,agave en pie,0.93,2023,3,0,0.56,20.882767,-103.718085,"https://maps.google.com/?q=20.882767,-103.718085&t=k"
10945,agave en pie,0.93,2023,3,0,0.87,20.88263,-103.748414,"https://maps.google.com/?q=20.88263,-103.748414&t=k"
13746,agave en pie,0.93,2023,3,0,0.58,20.870686,-103.789749,"https://maps.google.com/?q=20.870686,-103.789749&t=k"
16013,agave en pie,0.93,2023,3,0,0.38,20.860886,-103.691792,"https://maps.google.com/?q=20.860886,-103.691792&t=k"
17928,agave en pie,0.93,2023,3,0,0.69,20.853215,-103.741065,"https://maps.google.com/?q=20.853215,-103.741065&t=k"
22280,agave en pie,0.93,2023,3,0,0.69,20.834945,-103.788257,"https://maps.google.com/?q=20.834945,-103.788257&t=k"
1558,agave en pie,0.92,2023,3,0,0.6,20.923123,-103.714617,"https://maps.google.com/?q=20.923123,-103.714617&t=k"
5325,agave en pie,0.92,2023,3,0,0.61,20.90641,-103.776099,"https://maps.google.com/?q=20.90641,-103.776099&t=k"
7797,agave en pie,0.92,2023,3,0,0.58,20.895722,-103.753545,"https://maps.google.com/?q=20.895722,-103.753545&t=k"
8401,agave en pie,0.92,2023,3,0,0.96,20.893607,-103.786056,"https://maps.google.com/?q=20.893607,-103.786056&t=k"
9959,agave en pie,0.92,2023,3,0,0.37,20.885577,-103.800252,"https://maps.google.com/?q=20.885577,-103.800252&t=k"
9969,agave en pie,0.92,2023,3,0,0.58,20.886274,-103.728053,"https://maps.google.com/?q=20.886274,-103.728053&t=k"
10848,agave en pie,0.92,2023,3,0,0.84,20.883485,-103.791857,"https://maps.google.com/?q=20.883485,-103.791857&t=k"
12527,agave en pie,0.92,2023,3,0,0.73,20.876179,-103.768173,"https://maps.google.com/?q=20.876179,-103.768173&t=k"
20627,agave en pie,0.92,2023,3,0,0.62,20.841638,-103.691045,"https://maps.google.com/?q=20.841638,-103.691045&t=k"
21636,agave en pie,0.92,2023,3,0,0.67,20.838103,-103.768627,"https://maps.google.com/?q=20.838103,-103.768627&t=k"
29616,agave en pie,0.92,2023,3,0,0.6,20.801329,-103.749327,"https://maps.google.com/?q=20.801329,-103.749327&t=k"
3168,agave en pie,0.91,2023,3,0,1.0,20.915782,-103.837318,"https://maps.google.com/?q=20.915782,-103.837318&t=k"
7685,agave en pie,0.91,2023,3,0,0.46,20.896837,-103.868277,"https://maps.google.com/?q=20.896837,-103.868277&t=k"
8096,agave en pie,0.91,2023,3,0,0.75,20.894282,-103.754278,"https://maps.google.com/?q=20.894282,-103.754278&t=k"
12121,agave en pie,0.91,2023,3,0,1.0,20.87774,-103.734565,"https://maps.google.com/?q=20.87774,-103.734565&t=k"
13739,agave en pie,0.91,2023,3,0,0.59,20.870975,-103.844536,"https://maps.google.com/?q=20.870975,-103.844536&t=k"
14674,agave en pie,0.91,2023,3,0,1.0,20.867154,-103.757001,"https://maps.google.com/?q=20.867154,-103.757001&t=k"
14703,agave en pie,0.91,2023,3,0,0.74,20.867328,-103.84639,"https://maps.google.com/?q=20.867328,-103.84639&t=k"
32936,agave en pie,0.91,2023,3,0,0.68,20.786974,-103.713852,"https://maps.google.com/?q=20.786974,-103.713852&t=k"
717,agave en pie,0.9,2023,3,0,0.98,20.928457,-103.89583,"https://maps.google.com/?q=20.928457,-103.89583&t=k"
5227,agave en pie,0.9,2023,3,0,0.43,20.907657,-103.892665,"https://maps.google.com/?q=20.907657,-103.892665&t=k"
7752,agave en pie,0.9,2023,3,0,0.96,20.896208,-103.789737,"https://maps.google.com/?q=20.896208,-103.789737&t=k"
8228,agave en pie,0.9,2023,3,0,0.93,20.894985,-103.889009,"https://maps.google.com/?q=20.894985,-103.889009&t=k"
8585,agave en pie,0.9,2023,3,0,1.0,20.892666,-103.8063,"https://maps.google.com/?q=20.892666,-103.8063&t=k"
17357,agave en pie,0.9,2023,3,0,0.52,20.855436,-103.729802,"https://maps.google.com/?q=20.855436,-103.729802&t=k"
26144,agave en pie,0.9,2023,3,0,0.63,20.817011,-103.695774,"https://maps.google.com/?q=20.817011,-103.695774&t=k"
26479,agave en pie,0.9,2023,3,0,0.8,20.81593,-103.69612,"https://maps.google.com/?q=20.81593,-103.69612&t=k"
34755,agave en pie,0.9,2023,3,0,0.57,20.779359,-103.753158,"https://maps.google.com/?q=20.779359,-103.753158&t=k"
5611,agave en pie,0.89,2023,3,0,0.98,20.905796,-103.898303,"https://maps.google.com/?q=20.905796,-103.898303&t=k"
7355,agave en pie,0.89,2023,3,0,0.9,20.897268,-103.754878,"https://maps.google.com/?q=20.897268,-103.754878&t=k"
7709,agave en pie,0.89,2023,3,0,0.78,20.896519,-103.821316,"https://maps.google.com/?q=20.896519,-103.821316&t=k"
10729,agave en pie,0.89,2023,3,0,0.45,20.883502,-103.725769,"https://maps.google.com/?q=20.883502,-103.725769&t=k"
12052,agave en pie,0.89,2023,3,0,0.62,20.878476,-103.872019,"https://maps.google.com/?q=20.878476,-103.872019&t=k"
12692,agave en pie,0.89,2023,3,0,0.99,20.875159,-103.739825,"https://maps.google.com/?q=20.875159,-103.739825&t=k"
13429,agave en pie,0.89,2023,3,0,0.69,20.872797,-103.813811,"https://maps.google.com/?q=20.872797,-103.813811&t=k"
15455,agave en pie,0.89,2023,3,0,0.91,20.863743,-103.717093,"https://maps.google.com/?q=20.863743,-103.717093&t=k"
15903,agave en pie,0.89,2023,3,0,0.64,20.861971,-103.75243,"https://maps.google.com/?q=20.861971,-103.75243&t=k"
16367,agave en pie,0.89,2023,3,0,0.78,20.860165,-103.752445,"https://maps.google.com/?q=20.860165,-103.752445&t=k"
18599,agave en pie,0.89,2023,3,0,0.56,20.850416,-103.693036,"https://maps.google.com/?q=20.850416,-103.693036&t=k"
18774,agave en pie,0.89,2023,3,0,0.52,20.849762,-103.738259,"https://maps.google.com/?q=20.849762,-103.738259&t=k"
20361,agave en pie,0.89,2023,3,0,0.45,20.842769,-103.727217,"https://maps.google.com/?q=20.842769,-103.727217&t=k"
24432,agave en pie,0.89,2023,3,0,1.0,20.825779,-103.814612,"https://maps.google.com/?q=20.825779,-103.814612&t=k"
421,agave en pie,0.88,2023,3,0,0.85,20.929799,-103.88005,"https://maps.google.com/?q=20.929799,-103.88005&t=k"
2548,agave en pie,0.88,2023,3,0,0.52,20.918702,-103.855036,"https://maps.google.com/?q=20.918702,-103.855036&t=k"
18412,agave en pie,0.88,2023,3,0,0.77,20.851715,-103.796244,"https://maps.google.com/?q=20.851715,-103.796244&t=k"
18936,agave en pie,0.88,2023,3,0,0.7,20.849728,-103.783478,"https://maps.google.com/?q=20.849728,-103.783478&t=k"
20063,agave en pie,0.88,2023,3,0,0.8,20.844147,-103.694291,"https://maps.google.com/?q=20.844147,-103.694291&t=k"
34059,agave en pie,0.88,2023,3,0,0.65,20.78193,-103.715912,"https://maps.google.com/?q=20.78193,-103.715912&t=k"
230,agave en pie,0.87,2023,3,0,0.93,20.929953,-103.848748,"https://maps.google.com/?q=20.929953,-103.848748&t=k"
3729,agave en pie,0.87,2023,3,0,0.68,20.914099,-103.882955,"https://maps.google.com/?q=20.914099,-103.882955&t=k"
6221,agave en pie,0.87,2023,3,0,0.37,20.901936,-103.769549,"https://maps.google.com/?q=20.901936,-103.769549&t=k"
6698,agave en pie,0.87,2023,3,0,0.54,20.900932,-103.872765,"https://maps.google.com/?q=20.900932,-103.872765&t=k"
7413,agave en pie,0.87,2023,3,0,0.93,20.897759,-103.798281,"https://maps.google.com/?q=20.897759,-103.798281&t=k"
9389,agave en pie,0.87,2023,3,0,0.74,20.889457,-103.786811,"https://maps.google.com/?q=20.889457,-103.786811&t=k"
10733,agave en pie,0.87,2023,3,0,1.0,20.88319,-103.684629,"https://maps.google.com/?q=20.88319,-103.684629&t=k"
12312,agave en pie,0.87,2023,3,0,0.56,20.877785,-103.863133,"https://maps.google.com/?q=20.877785,-103.863133&t=k"
17238,agave en pie,0.87,2023,3,0,0.68,20.856149,-103.686643,"https://maps.google.com/?q=20.856149,-103.686643&t=k"
23152,agave en pie,0.87,2023,3,0,0.91,20.830944,-103.765611,"https://maps.google.com/?q=20.830944,-103.765611&t=k"
29337,agave en pie,0.87,2023,3,0,0.69,20.80266,-103.685713,"https://maps.google.com/?q=20.80266,-103.685713&t=k"
30929,agave en pie,0.87,2023,3,0,0.76,20.795904,-103.780067,"https://maps.google.com/?q=20.795904,-103.780067&t=k"
31296,agave en pie,0.87,2023,3,0,0.94,20.794084,-103.716386,"https://maps.google.com/?q=20.794084,-103.716386&t=k"
33050,agave en pie,0.87,2023,3,0,0.85,20.785921,-103.711988,"https://maps.google.com/?q=20.785921,-103.711988&t=k"
4286,agave en pie,0.86,2023,3,0,0.93,20.911113,-103.834951,"https://maps.google.com/?q=20.911113,-103.834951&t=k"
5166,agave en pie,0.86,2023,3,0,0.81,20.907202,-103.77316,"https://maps.google.com/?q=20.907202,-103.77316&t=k"
6377,agave en pie,0.86,2023,3,0,0.6,20.90129,-103.730618,"https://maps.google.com/?q=20.90129,-103.730618&t=k"
7116,agave en pie,0.86,2023,3,0,0.69,20.8994,-103.859845,"https://maps.google.com/?q=20.8994,-103.859845&t=k"
7493,agave en pie,0.86,2023,3,0,0.77,20.89657,-103.715565,"https://maps.google.com/?q=20.89657,-103.715565&t=k"
8010,agave en pie,0.86,2023,3,0,0.7,20.895195,-103.893574,"https://maps.google.com/?q=20.895195,-103.893574&t=k"
11107,agave en pie,0.86,2023,3,0,0.73,20.882296,-103.789848,"https://maps.google.com/?q=20.882296,-103.789848&t=k"
11127,agave en pie,0.86,2023,3,0,0.5,20.882051,-103.793455,"https://maps.google.com/?q=20.882051,-103.793455&t=k"
14403,agave en pie,0.86,2023,3,0,0.83,20.868155,-103.758002,"https://maps.google.com/?q=20.868155,-103.758002&t=k"
16089,agave en pie,0.86,2023,3,0,0.76,20.861138,-103.725141,"https://maps.google.com/?q=20.861138,-103.725141&t=k"
16885,agave en pie,0.86,2023,3,0,0.77,20.858805,-103.86885,"https://maps.google.com/?q=20.858805,-103.86885&t=k"
20339,agave en pie,0.86,2023,3,0,0.84,20.843632,-103.752389,"https://maps.google.com/?q=20.843632,-103.752389&t=k"
22614,agave en pie,0.86,2023,3,0,0.93,20.833748,-103.810754,"https://maps.google.com/?q=20.833748,-103.810754&t=k"
28577,agave en pie,0.86,2023,3,0,0.85,20.806442,-103.695817,"https://maps.google.com/?q=20.806442,-103.695817&t=k"
31121,agave en pie,0.86,2023,3,0,0.52,20.795342,-103.789967,"https://maps.google.com/?q=20.795342,-103.789967&t=k"
33352,agave en pie,0.86,2023,3,0,0.49,20.784842,-103.694754,"https://maps.google.com/?q=20.784842,-103.694754&t=k"
25,agave en pie,0.85,2023,3,0,0.61,20.930375,-103.878315,"https://maps.google.com/?q=20.930375,-103.878315&t=k"
309,agave en pie,0.85,2023,3,0,0.87,20.929243,-103.735671,"https://maps.google.com/?q=20.929243,-103.735671&t=k"
9705,agave en pie,0.85,2023,3,0,0.75,20.887435,-103.756882,"https://maps.google.com/?q=20.887435,-103.756882&t=k"
12943,agave en pie,0.85,2023,3,0,1.0,20.874293,-103.757279,"https://maps.google.com/?q=20.874293,-103.757279&t=k"
13417,agave en pie,0.85,2023,3,0,0.65,20.871516,-103.723707,"https://maps.google.com/?q=20.871516,-103.723707&t=k"
16846,agave en pie,0.85,2023,3,0,0.92,20.857658,-103.737136,"https://maps.google.com/?q=20.857658,-103.737136&t=k"
18554,agave en pie,0.85,2023,3,0,0.95,20.85126,-103.789376,"https://maps.google.com/?q=20.85126,-103.789376&t=k"
23469,agave en pie,0.85,2023,3,0,1.0,20.829499,-103.76567,"https://maps.google.com/?q=20.829499,-103.76567&t=k"
25888,agave en pie,0.85,2023,3,0,0.86,20.819066,-103.791219,"https://maps.google.com/?q=20.819066,-103.791219&t=k"
28098,agave en pie,0.85,2023,3,0,0.95,20.808836,-103.762956,"https://maps.google.com/?q=20.808836,-103.762956&t=k"
30819,agave en pie,0.85,2023,3,0,0.92,20.795885,-103.70955,"https://maps.google.com/?q=20.795885,-103.70955&t=k"
34114,agave en pie,0.85,2023,3,0,0.46,20.780789,-103.732541,"https://maps.google.com/?q=20.780789,-103.732541&t=k"
5747,agave en pie,0.84,2023,3,0,0.96,20.904122,-103.77828,"https://maps.google.com/?q=20.904122,-103.77828&t=k"
6495,agave en pie,0.84,2023,3,0,0.49,20.901308,-103.782774,"https://maps.google.com/?q=20.901308,-103.782774&t=k"
7603,agave en pie,0.84,2023,3,0,0.81,20.896803,-103.849722,"https://maps.google.com/?q=20.896803,-103.849722&t=k"
11160,agave en pie,0.84,2023,3,0,0.95,20.881701,-103.744913,"https://maps.google.com/?q=20.881701,-103.744913&t=k"
12284,agave en pie,0.84,2023,3,0,0.79,20.87661,-103.7042,"https://maps.google.com/?q=20.87661,-103.7042&t=k"
21221,agave en pie,0.84,2023,3,0,0.38,20.838512,-103.695685,"https://maps.google.com/?q=20.838512,-103.695685&t=k"
22039,agave en pie,0.84,2023,3,0,0.63,20.836096,-103.791323,"https://maps.google.com/?q=20.836096,-103.791323&t=k"
26480,agave en pie,0.84,2023,3,0,0.98,20.815726,-103.681324,"https://maps.google.com/?q=20.815726,-103.681324&t=k"
31152,agave en pie,0.84,2023,3,0,0.79,20.794563,-103.763073,"https://maps.google.com/?q=20.794563,-103.763073&t=k"
1096,agave en pie,0.83,2023,3,0,0.63,20.926225,-103.845315,"https://maps.google.com/?q=20.926225,-103.845315&t=k"
1346,agave en pie,0.83,2023,3,0,0.64,20.925224,-103.878112,"https://maps.google.com/?q=20.925224,-103.878112&t=k"
4586,agave en pie,0.83,2023,3,0,1.0,20.909665,-103.770159,"https://maps.google.com/?q=20.909665,-103.770159&t=k"
9346,agave en pie,0.83,2023,3,0,0.92,20.889923,-103.808101,"https://maps.google.com/?q=20.889923,-103.808101&t=k"
9519,agave en pie,0.83,2023,3,0,0.72,20.888812,-103.810705,"https://maps.google.com/?q=20.888812,-103.810705&t=k"
14380,agave en pie,0.83,2023,3,0,0.63,20.867926,-103.708695,"https://maps.google.com/?q=20.867926,-103.708695&t=k"
17675,agave en pie,0.83,2023,3,0,0.89,20.855596,-103.87541,"https://maps.google.com/?q=20.855596,-103.87541&t=k"
32173,agave en pie,0.83,2023,3,0,0.46,20.790829,-103.771461,"https://maps.google.com/?q=20.790829,-103.771461&t=k"
8610,agave en pie,0.82,2023,3,0,0.76,20.892375,-103.777943,"https://maps.google.com/?q=20.892375,-103.777943&t=k"
12483,agave en pie,0.82,2023,3,0,0.67,20.876347,-103.817676,"https://maps.google.com/?q=20.876347,-103.817676&t=k"
14614,agave en pie,0.82,2023,3,0,0.98,20.867863,-103.845281,"https://maps.google.com/?q=20.867863,-103.845281&t=k"
14804,agave en pie,0.82,2023,3,0,0.85,20.866333,-103.76215,"https://maps.google.com/?q=20.866333,-103.76215&t=k"
16992,agave en pie,0.82,2023,3,0,0.63,20.85733,-103.699319,"https://maps.google.com/?q=20.85733,-103.699319&t=k"
19470,agave en pie,0.82,2023,3,0,0.7,20.846385,-103.71551,"https://maps.google.com/?q=20.846385,-103.71551&t=k"
24475,agave en pie,0.82,2023,3,0,0.93,20.825333,-103.764311,"https://maps.google.com/?q=20.825333,-103.764311&t=k"
30301,agave en pie,0.82,2023,3,0,0.95,20.798686,-103.74613,"https://maps.google.com/?q=20.798686,-103.74613&t=k"
32867,agave en pie,0.82,2023,3,0,0.63,20.786439,-103.708862,"https://maps.google.com/?q=20.786439,-103.708862&t=k"
3006,agave en pie,0.81,2023,3,0,0.79,20.917104,-103.886586,"https://maps.google.com/?q=20.917104,-103.886586&t=k"
3745,agave en pie,0.81,2023,3,0,0.86,20.913442,-103.865508,"https://maps.google.com/?q=20.913442,-103.865508&t=k"
6132,agave en pie,0.81,2023,3,0,0.79,20.903156,-103.881305,"https://maps.google.com/?q=20.903156,-103.881305&t=k"
7101,agave en pie,0.81,2023,3,0,0.96,20.898804,-103.761211,"https://maps.google.com/?q=20.898804,-103.761211&t=k"
8061,agave en pie,0.81,2023,3,0,0.78,20.895642,-103.844972,"https://maps.google.com/?q=20.895642,-103.844972&t=k"
11975,agave en pie,0.81,2023,3,0,1.0,20.8792,-103.899891,"https://maps.google.com/?q=20.8792,-103.899891&t=k"
12457,agave en pie,0.81,2023,3,0,0.48,20.876771,-103.82666,"https://maps.google.com/?q=20.876771,-103.82666&t=k"
15637,agave en pie,0.81,2023,3,0,0.74,20.863139,-103.802112,"https://maps.google.com/?q=20.863139,-103.802112&t=k"
19384,agave en pie,0.81,2023,3,0,0.35,20.847156,-103.715888,"https://maps.google.com/?q=20.847156,-103.715888&t=k"
19590,agave en pie,0.81,2023,3,0,0.44,20.846741,-103.732902,"https://maps.google.com/?q=20.846741,-103.732902&t=k"
21170,agave en pie,0.81,2023,3,0,0.74,20.837183,-103.699156,"https://maps.google.com/?q=20.837183,-103.699156&t=k"
21687,agave en pie,0.81,2023,3,0,0.53,20.837756,-103.783333,"https://maps.google.com/?q=20.837756,-103.783333&t=k"
21736,agave en pie,0.81,2023,3,0,0.57,20.836971,-103.718954,"https://maps.google.com/?q=20.836971,-103.718954&t=k"
24504,agave en pie,0.81,2023,3,0,0.8,20.824342,-103.679856,"https://maps.google.com/?q=20.824342,-103.679856&t=k"
31020,agave en pie,0.81,2023,3,0,0.63,20.795724,-103.792894,"https://maps.google.com/?q=20.795724,-103.792894&t=k"
33832,agave en pie,0.81,2023,3,0,1.0,20.78282,-103.708124,"https://maps.google.com/?q=20.78282,-103.708124&t=k"
8244,agave en pie,0.8,2023,3,0,0.69,20.893298,-103.786972,"https://maps.google.com/?q=20.893298,-103.786972&t=k"
10715,agave en pie,0.8,2023,3,0,1.0,20.884093,-103.827325,"https://maps.google.com/?q=20.884093,-103.827325&t=k"
11026,agave en pie,0.8,2023,3,0,0.94,20.882912,-103.826421,"https://maps.google.com/?q=20.882912,-103.826421&t=k"
14500,agave en pie,0.8,2023,3,0,1.0,20.868013,-103.763338,"https://maps.google.com/?q=20.868013,-103.763338&t=k"
19454,agave en pie,0.8,2023,3,0,0.45,20.846848,-103.716948,"https://maps.google.com/?q=20.846848,-103.716948&t=k"
22994,agave en pie,0.8,2023,3,0,1.0,20.831824,-103.794096,"https://maps.google.com/?q=20.831824,-103.794096&t=k"
24598,agave en pie,0.8,2023,3,0,0.62,20.824464,-103.701667,"https://maps.google.com/?q=20.824464,-103.701667&t=k"
31694,agave en pie,0.8,2023,3,0,0.54,20.792709,-103.707655,"https://maps.google.com/?q=20.792709,-103.707655&t=k"
34076,agave en pie,0.8,2023,3,0,0.88,20.782124,-103.76082,"https://maps.google.com/?q=20.782124,-103.76082&t=k"
5063,agave en pie,0.79,2023,3,0,0.71,20.907924,-103.892038,"https://maps.google.com/?q=20.907924,-103.892038&t=k"
5672,agave en pie,0.79,2023,3,0,0.59,20.904515,-103.71492,"https://maps.google.com/?q=20.904515,-103.71492&t=k"
5706,agave en pie,0.79,2023,3,0,0.68,20.904746,-103.83524,"https://maps.google.com/?q=20.904746,-103.83524&t=k"
11099,agave en pie,0.79,2023,3,0,0.57,20.882226,-103.82508,"https://maps.google.com/?q=20.882226,-103.82508&t=k"
17923,agave en pie,0.79,2023,3,0,0.87,20.853904,-103.799254,"https://maps.google.com/?q=20.853904,-103.799254&t=k"
22263,agave en pie,0.79,2023,3,0,0.7,20.834454,-103.696777,"https://maps.google.com/?q=20.834454,-103.696777&t=k"
23900,agave en pie,0.79,2023,3,0,0.84,20.827519,-103.748005,"https://maps.google.com/?q=20.827519,-103.748005&t=k"
24146,agave en pie,0.79,2023,3,0,0.99,20.826272,-103.689929,"https://maps.google.com/?q=20.826272,-103.689929&t=k"
24673,agave en pie,0.79,2023,3,0,0.84,20.823899,-103.716614,"https://maps.google.com/?q=20.823899,-103.716614&t=k"
26632,agave en pie,0.79,2023,3,0,0.91,20.815187,-103.785725,"https://maps.google.com/?q=20.815187,-103.785725&t=k"
28578,agave en pie,0.79,2023,3,0,0.76,20.806352,-103.684048,"https://maps.google.com/?q=20.806352,-103.684048&t=k"
29869,agave en pie,0.79,2023,3,0,0.57,20.80048,-103.725939,"https://maps.google.com/?q=20.80048,-103.725939&t=k"
31868,agave en pie,0.79,2023,3,0,0.62,20.791395,-103.713142,"https://maps.google.com/?q=20.791395,-103.713142&t=k"
841,agave en pie,0.78,2023,3,0,0.63,20.927392,-103.844104,"https://maps.google.com/?q=20.927392,-103.844104&t=k"
3018,agave en pie,0.78,2023,3,0,0.54,20.916858,-103.816541,"https://maps.google.com/?q=20.916858,-103.816541&t=k"
4199,agave en pie,0.78,2023,3,0,0.51,20.910653,-103.714195,"https://maps.google.com/?q=20.910653,-103.714195&t=k"
6273,agave en pie,0.78,2023,3,0,0.77,20.90231,-103.796706,"https://maps.google.com/?q=20.90231,-103.796706&t=k"
6788,agave en pie,0.78,2023,3,0,0.62,20.900623,-103.867047,"https://maps.google.com/?q=20.900623,-103.867047&t=k"
10588,agave en pie,0.78,2023,3,0,0.56,20.884016,-103.790363,"https://maps.google.com/?q=20.884016,-103.790363&t=k"
14856,agave en pie,0.78,2023,3,0,0.73,20.866169,-103.745859,"https://maps.google.com/?q=20.866169,-103.745859&t=k"
18027,agave en pie,0.78,2023,3,0,0.86,20.853424,-103.757258,"https://maps.google.com/?q=20.853424,-103.757258&t=k"
22486,agave en pie,0.78,2023,3,0,0.64,20.834193,-103.758953,"https://maps.google.com/?q=20.834193,-103.758953&t=k"
32174,agave en pie,0.78,2023,3,0,0.72,20.790414,-103.770264,"https://maps.google.com/?q=20.790414,-103.770264&t=k"
4801,agave en pie,0.77,2023,3,0,0.57,20.909129,-103.882847,"https://maps.google.com/?q=20.909129,-103.882847&t=k"
5141,agave en pie,0.77,2023,3,0,0.66,20.90655,-103.789365,"https://maps.google.com/?q=20.90655,-103.789365&t=k"
5550,agave en pie,0.77,2023,3,0,0.79,20.904844,-103.68098,"https://maps.google.com/?q=20.904844,-103.68098&t=k"
7142,agave en pie,0.77,2023,3,0,0.57,20.897961,-103.696374,"https://maps.google.com/?q=20.897961,-103.696374&t=k"
15166,agave en pie,0.77,2023,3,0,0.64,20.865145,-103.717321,"https://maps.google.com/?q=20.865145,-103.717321&t=k"
16741,agave en pie,0.77,2023,3,0,0.82,20.858075,-103.702244,"https://maps.google.com/?q=20.858075,-103.702244&t=k"
18177,agave en pie,0.77,2023,3,0,1.0,20.852338,-103.744581,"https://maps.google.com/?q=20.852338,-103.744581&t=k"
18974,agave en pie,0.77,2023,3,0,0.96,20.849743,-103.811349,"https://maps.google.com/?q=20.849743,-103.811349&t=k"
1184,agave en pie,0.76,2023,3,0,0.8,20.925736,-103.82652,"https://maps.google.com/?q=20.925736,-103.82652&t=k"
2704,agave en pie,0.76,2023,3,0,0.47,20.918377,-103.860423,"https://maps.google.com/?q=20.918377,-103.860423&t=k"
8917,agave en pie,0.76,2023,3,0,0.84,20.890123,-103.823913,"https://maps.google.com/?q=20.890123,-103.823913&t=k"
10396,agave en pie,0.76,2023,3,0,0.79,20.884936,-103.754932,"https://maps.google.com/?q=20.884936,-103.754932&t=k"
13969,agave en pie,0.76,2023,3,0,0.75,20.869334,-103.709741,"https://maps.google.com/?q=20.869334,-103.709741&t=k"
14823,agave en pie,0.76,2023,3,0,0.53,20.866375,-103.812612,"https://maps.google.com/?q=20.866375,-103.812612&t=k"
16223,agave en pie,0.76,2023,3,0,1.0,20.860519,-103.751481,"https://maps.google.com/?q=20.860519,-103.751481&t=k"
18755,agave en pie,0.76,2023,3,0,0.89,20.84994,-103.725716,"https://maps.google.com/?q=20.84994,-103.725716&t=k"
20120,agave en pie,0.76,2023,3,0,1.0,20.844093,-103.69309,"https://maps.google.com/?q=20.844093,-103.69309&t=k"
20807,agave en pie,0.76,2023,3,0,0.95,20.841156,-103.785084,"https://maps.google.com/?q=20.841156,-103.785084&t=k"
26322,agave en pie,0.76,2023,3,0,1.0,20.817151,-103.782346,"https://maps.google.com/?q=20.817151,-103.782346&t=k"
9,agave en pie,0.75,2023,3,0,0.65,20.931138,-103.891387,"https://maps.google.com/?q=20.931138,-103.891387&t=k"
649,agave en pie,0.75,2023,3,0,0.53,20.928389,-103.851357,"https://maps.google.com/?q=20.928389,-103.851357&t=k"
3890,agave en pie,0.75,2023,3,0,0.61,20.912662,-103.88436,"https://maps.google.com/?q=20.912662,-103.88436&t=k"
5261,agave en pie,0.75,2023,3,0,0.73,20.906189,-103.745671,"https://maps.google.com/?q=20.906189,-103.745671&t=k"
7282,agave en pie,0.75,2023,3,0,1.0,20.898729,-103.895182,"https://maps.google.com/?q=20.898729,-103.895182&t=k"
10612,agave en pie,0.75,2023,3,0,0.57,20.884734,-103.828617,"https://maps.google.com/?q=20.884734,-103.828617&t=k"
16548,agave en pie,0.75,2023,3,0,0.8,20.859177,-103.69863,"https://maps.google.com/?q=20.859177,-103.69863&t=k"
19125,agave en pie,0.75,2023,3,0,0.49,20.848523,-103.766669,"https://maps.google.com/?q=20.848523,-103.766669&t=k"
19600,agave en pie,0.75,2023,3,0,0.6,20.847497,-103.846205,"https://maps.google.com/?q=20.847497,-103.846205&t=k"
20500,agave en pie,0.75,2023,3,0,0.43,20.842881,-103.773538,"https://maps.google.com/?q=20.842881,-103.773538&t=k"
21838,agave en pie,0.75,2023,3,0,0.96,20.836843,-103.719964,"https://maps.google.com/?q=20.836843,-103.719964&t=k"
24660,agave en pie,0.75,2023,3,0,0.88,20.824619,-103.790742,"https://maps.google.com/?q=20.824619,-103.790742&t=k"
25401,agave en pie,0.75,2023,3,0,0.73,20.821505,-103.791247,"https://maps.google.com/?q=20.821505,-103.791247&t=k"
33858,agave en pie,0.75,2023,3,0,1.0,20.783142,-103.708938,"https://maps.google.com/?q=20.783142,-103.708938&t=k"
637,agave en pie,0.74,2023,3,0,0.41,20.928397,-103.826019,"https://maps.google.com/?q=20.928397,-103.826019&t=k"
2735,agave en pie,0.74,2023,3,0,0.51,20.918452,-103.885471,"https://maps.google.com/?q=20.918452,-103.885471&t=k"
4227,agave en pie,0.74,2023,3,0,0.49,20.911224,-103.844661,"https://maps.google.com/?q=20.911224,-103.844661&t=k"
9786,agave en pie,0.74,2023,3,0,1.0,20.887664,-103.757265,"https://maps.google.com/?q=20.887664,-103.757265&t=k"
11797,agave en pie,0.74,2023,3,0,0.91,20.880057,-103.899741,"https://maps.google.com/?q=20.880057,-103.899741&t=k"
13282,agave en pie,0.74,2023,3,0,0.86,20.872991,-103.764595,"https://maps.google.com/?q=20.872991,-103.764595&t=k"
14716,agave en pie,0.74,2023,3,0,0.54,20.866846,-103.739606,"https://maps.google.com/?q=20.866846,-103.739606&t=k"
18616,agave en pie,0.74,2023,3,0,0.46,20.849957,-103.69203,"https://maps.google.com/?q=20.849957,-103.69203&t=k"
19058,agave en pie,0.74,2023,3,0,0.91,20.848699,-103.766042,"https://maps.google.com/?q=20.848699,-103.766042&t=k"
24011,agave en pie,0.74,2023,3,0,0.65,20.826836,-103.681036,"https://maps.google.com/?q=20.826836,-103.681036&t=k"
27746,agave en pie,0.74,2023,3,0,0.57,20.81006,-103.69641,"https://maps.google.com/?q=20.81006,-103.69641&t=k"
32134,agave en pie,0.74,2023,3,0,0.95,20.787907,-103.705775,"https://maps.google.com/?q=20.787907,-103.705775&t=k"
32242,agave en pie,0.74,2023,3,0,0.97,20.789945,-103.700522,"https://maps.google.com/?q=20.789945,-103.700522&t=k"
34602,agave en pie,0.74,2023,3,0,0.95,20.779671,-103.740235,"https://maps.google.com/?q=20.779671,-103.740235&t=k"
6438,agave en pie,0.73,2023,3,0,0.37,20.901968,-103.812284,"https://maps.google.com/?q=20.901968,-103.812284&t=k"
10863,agave en pie,0.73,2023,3,0,0.78,20.882799,-103.698379,"https://maps.google.com/?q=20.882799,-103.698379&t=k"
10948,agave en pie,0.73,2023,3,0,0.79,20.882645,-103.725969,"https://maps.google.com/?q=20.882645,-103.725969&t=k"
13015,agave en pie,0.73,2023,3,0,0.79,20.873727,-103.741615,"https://maps.google.com/?q=20.873727,-103.741615&t=k"
14878,agave en pie,0.73,2023,3,0,0.66,20.867132,-103.857494,"https://maps.google.com/?q=20.867132,-103.857494&t=k"
15344,agave en pie,0.73,2023,3,0,0.95,20.864439,-103.744,"https://maps.google.com/?q=20.864439,-103.744&t=k"
17338,agave en pie,0.73,2023,3,0,0.81,20.857005,-103.876697,"https://maps.google.com/?q=20.857005,-103.876697&t=k"
46,agave en pie,0.72,2023,3,0,0.74,20.93118,-103.863452,"https://maps.google.com/?q=20.93118,-103.863452&t=k"
218,agave en pie,0.72,2023,3,0,0.82,20.9307,-103.859176,"https://maps.google.com/?q=20.9307,-103.859176&t=k"
1896,agave en pie,0.72,2023,3,0,0.96,20.921996,-103.874915,"https://maps.google.com/?q=20.921996,-103.874915&t=k"
3266,agave en pie,0.72,2023,3,0,0.57,20.914986,-103.787807,"https://maps.google.com/?q=20.914986,-103.787807&t=k"
9260,agave en pie,0.72,2023,3,0,0.86,20.889776,-103.774551,"https://maps.google.com/?q=20.889776,-103.774551&t=k"
10348,agave en pie,0.72,2023,3,0,0.76,20.884901,-103.75623,"https://maps.google.com/?q=20.884901,-103.75623&t=k"
11648,agave en pie,0.72,2023,3,0,0.99,20.880453,-103.898152,"https://maps.google.com/?q=20.880453,-103.898152&t=k"
12246,agave en pie,0.72,2023,3,0,0.54,20.876712,-103.742071,"https://maps.google.com/?q=20.876712,-103.742071&t=k"
12798,agave en pie,0.72,2023,3,0,0.9,20.874611,-103.726805,"https://maps.google.com/?q=20.874611,-103.726805&t=k"
15801,agave en pie,0.72,2023,3,0,0.92,20.862293,-103.716481,"https://maps.google.com/?q=20.862293,-103.716481&t=k"
16536,agave en pie,0.72,2023,3,0,0.68,20.859042,-103.680995,"https://maps.google.com/?q=20.859042,-103.680995&t=k"
17033,agave en pie,0.72,2023,3,0,0.62,20.857482,-103.781397,"https://maps.google.com/?q=20.857482,-103.781397&t=k"
17764,agave en pie,0.72,2023,3,0,0.74,20.855147,-103.875846,"https://maps.google.com/?q=20.855147,-103.875846&t=k"
21688,agave en pie,0.72,2023,3,0,0.94,20.837521,-103.756908,"https://maps.google.com/?q=20.837521,-103.756908&t=k"
23862,agave en pie,0.72,2023,3,0,0.78,20.828086,-103.75761,"https://maps.google.com/?q=20.828086,-103.75761&t=k"
24722,agave en pie,0.72,2023,3,0,0.93,20.823565,-103.690433,"https://maps.google.com/?q=20.823565,-103.690433&t=k"
24796,agave en pie,0.72,2023,3,0,0.43,20.822989,-103.691879,"https://maps.google.com/?q=20.822989,-103.691879&t=k"
27063,agave en pie,0.72,2023,3,0,0.54,20.813279,-103.704021,"https://maps.google.com/?q=20.813279,-103.704021&t=k"
28118,agave en pie,0.72,2023,3,0,1.0,20.808286,-103.761808,"https://maps.google.com/?q=20.808286,-103.761808&t=k"
29134,agave en pie,0.72,2023,3,0,0.75,20.80333,-103.696468,"https://maps.google.com/?q=20.80333,-103.696468&t=k"
30576,agave en pie,0.72,2023,3,0,0.72,20.797399,-103.767997,"https://maps.google.com/?q=20.797399,-103.767997&t=k"
31149,agave en pie,0.72,2023,3,0,0.86,20.795229,-103.780456,"https://maps.google.com/?q=20.795229,-103.780456&t=k"
34178,agave en pie,0.72,2023,3,0,0.94,20.781381,-103.739356,"https://maps.google.com/?q=20.781381,-103.739356&t=k"
4475,agave en pie,0.71,2023,3,0,0.55,20.910164,-103.854957,"https://maps.google.com/?q=20.910164,-103.854957&t=k"
8366,agave en pie,0.71,2023,3,0,0.76,20.893131,-103.714681,"https://maps.google.com/?q=20.893131,-103.714681&t=k"
9446,agave en pie,0.71,2023,3,0,1.0,20.888359,-103.716884,"https://maps.google.com/?q=20.888359,-103.716884&t=k"
11072,agave en pie,0.71,2023,3,0,0.87,20.882188,-103.806624,"https://maps.google.com/?q=20.882188,-103.806624&t=k"
11407,agave en pie,0.71,2023,3,0,0.89,20.880977,-103.775872,"https://maps.google.com/?q=20.880977,-103.775872&t=k"
13576,agave en pie,0.71,2023,3,0,0.41,20.870998,-103.757642,"https://maps.google.com/?q=20.870998,-103.757642&t=k"
15211,agave en pie,0.71,2023,3,0,0.61,20.864765,-103.714922,"https://maps.google.com/?q=20.864765,-103.714922&t=k"
16143,agave en pie,0.71,2023,3,0,0.44,20.860685,-103.689054,"https://maps.google.com/?q=20.860685,-103.689054&t=k"
16181,agave en pie,0.71,2023,3,0,0.83,20.860973,-103.751765,"https://maps.google.com/?q=20.860973,-103.751765&t=k"
18791,agave en pie,0.71,2023,3,0,0.48,20.849682,-103.764497,"https://maps.google.com/?q=20.849682,-103.764497&t=k"
21997,agave en pie,0.71,2023,3,0,0.76,20.835991,-103.757737,"https://maps.google.com/?q=20.835991,-103.757737&t=k"
22716,agave en pie,0.71,2023,3,0,0.38,20.832034,-103.693242,"https://maps.google.com/?q=20.832034,-103.693242&t=k"
22976,agave en pie,0.71,2023,3,0,0.61,20.831618,-103.765125,"https://maps.google.com/?q=20.831618,-103.765125&t=k"
26321,agave en pie,0.71,2023,3,0,0.61,20.817205,-103.783595,"https://maps.google.com/?q=20.817205,-103.783595&t=k"
29763,agave en pie,0.71,2023,3,0,0.54,20.800998,-103.778537,"https://maps.google.com/?q=20.800998,-103.778537&t=k"
32172,agave en pie,0.71,2023,3,0,0.59,20.790993,-103.781787,"https://maps.google.com/?q=20.790993,-103.781787&t=k"
510,agave en pie,0.7,2023,3,0,0.76,20.929355,-103.827357,"https://maps.google.com/?q=20.929355,-103.827357&t=k"
3749,agave en pie,0.7,2023,3,0,0.79,20.913424,-103.83599,"https://maps.google.com/?q=20.913424,-103.83599&t=k"
4277,agave en pie,0.7,2023,3,0,0.7,20.91049,-103.728618,"https://maps.google.com/?q=20.91049,-103.728618&t=k"
5064,agave en pie,0.7,2023,3,0,0.64,20.908462,-103.891457,"https://maps.google.com/?q=20.908462,-103.891457&t=k"
8991,agave en pie,0.7,2023,3,0,0.5,20.890814,-103.806315,"https://maps.google.com/?q=20.890814,-103.806315&t=k"
10868,agave en pie,0.7,2023,3,0,0.93,20.8832,-103.8157,"https://maps.google.com/?q=20.8832,-103.8157&t=k"
14088,agave en pie,0.7,2023,3,0,1.0,20.869646,-103.764334,"https://maps.google.com/?q=20.869646,-103.764334&t=k"
14950,agave en pie,0.7,2023,3,0,0.56,20.865396,-103.751296,"https://maps.google.com/?q=20.865396,-103.751296&t=k"
18530,agave en pie,0.7,2023,3,0,0.69,20.851385,-103.807155,"https://maps.google.com/?q=20.851385,-103.807155&t=k"
19499,agave en pie,0.7,2023,3,0,0.83,20.846651,-103.690906,"https://maps.google.com/?q=20.846651,-103.690906&t=k"
34097,agave en pie,0.7,2023,3,0,0.93,20.781741,-103.745309,"https://maps.google.com/?q=20.781741,-103.745309&t=k"
34556,agave en pie,0.7,2023,3,0,0.47,20.780133,-103.7666,"https://maps.google.com/?q=20.780133,-103.7666&t=k"
804,agave en pie,0.69,2023,3,0,0.84,20.928348,-103.893042,"https://maps.google.com/?q=20.928348,-103.893042&t=k"
4287,agave en pie,0.69,2023,3,0,0.54,20.910869,-103.832308,"https://maps.google.com/?q=20.910869,-103.832308&t=k"
5664,agave en pie,0.69,2023,3,0,0.7,20.90394,-103.778138,"https://maps.google.com/?q=20.90394,-103.778138&t=k"
6470,agave en pie,0.69,2023,3,0,0.75,20.90211,-103.846221,"https://maps.google.com/?q=20.90211,-103.846221&t=k"
9461,agave en pie,0.69,2023,3,0,0.51,20.888903,-103.753794,"https://maps.google.com/?q=20.888903,-103.753794&t=k"
10547,agave en pie,0.69,2023,3,0,0.96,20.884216,-103.786613,"https://maps.google.com/?q=20.884216,-103.786613&t=k"
10674,agave en pie,0.69,2023,3,0,0.51,20.883881,-103.75273,"https://maps.google.com/?q=20.883881,-103.75273&t=k"
10805,agave en pie,0.69,2023,3,0,0.84,20.883511,-103.789166,"https://maps.google.com/?q=20.883511,-103.789166&t=k"
15298,agave en pie,0.69,2023,3,0,0.72,20.86455,-103.716269,"https://maps.google.com/?q=20.86455,-103.716269&t=k"
15597,agave en pie,0.69,2023,3,0,0.88,20.863301,-103.773901,"https://maps.google.com/?q=20.863301,-103.773901&t=k"
18510,agave en pie,0.69,2023,3,0,0.36,20.851728,-103.81758,"https://maps.google.com/?q=20.851728,-103.81758&t=k"
24616,agave en pie,0.69,2023,3,0,0.59,20.825071,-103.790834,"https://maps.google.com/?q=20.825071,-103.790834&t=k"
25677,agave en pie,0.69,2023,3,0,0.55,20.819841,-103.798659,"https://maps.google.com/?q=20.819841,-103.798659&t=k"
31344,agave en pie,0.69,2023,3,0,0.74,20.794084,-103.784549,"https://maps.google.com/?q=20.794084,-103.784549&t=k"
34453,agave en pie,0.69,2023,3,0,0.61,20.780873,-103.78158,"https://maps.google.com/?q=20.780873,-103.78158&t=k"
2670,agave en pie,0.68,2023,3,0,0.76,20.918718,-103.884699,"https://maps.google.com/?q=20.918718,-103.884699&t=k"
4622,agave en pie,0.68,2023,3,0,0.75,20.909535,-103.77093,"https://maps.google.com/?q=20.909535,-103.77093&t=k"
6688,agave en pie,0.68,2023,3,0,0.54,20.900167,-103.749903,"https://maps.google.com/?q=20.900167,-103.749903&t=k"
7047,agave en pie,0.68,2023,3,0,0.71,20.898431,-103.692957,"https://maps.google.com/?q=20.898431,-103.692957&t=k"
7734,agave en pie,0.68,2023,3,0,0.85,20.895942,-103.752678,"https://maps.google.com/?q=20.895942,-103.752678&t=k"
10255,agave en pie,0.68,2023,3,0,0.84,20.886077,-103.800729,"https://maps.google.com/?q=20.886077,-103.800729&t=k"
15127,agave en pie,0.68,2023,3,0,0.88,20.865412,-103.741108,"https://maps.google.com/?q=20.865412,-103.741108&t=k"
16233,agave en pie,0.68,2023,3,0,0.85,20.860573,-103.698042,"https://maps.google.com/?q=20.860573,-103.698042&t=k"
16699,agave en pie,0.68,2023,3,0,0.75,20.858037,-103.679514,"https://maps.google.com/?q=20.858037,-103.679514&t=k"
18553,agave en pie,0.68,2023,3,0,0.78,20.850994,-103.790099,"https://maps.google.com/?q=20.850994,-103.790099&t=k"
19289,agave en pie,0.68,2023,3,0,0.74,20.848137,-103.763164,"https://maps.google.com/?q=20.848137,-103.763164&t=k"
20239,agave en pie,0.68,2023,3,0,0.85,20.84371,-103.696217,"https://maps.google.com/?q=20.84371,-103.696217&t=k"
24404,agave en pie,0.68,2023,3,0,0.96,20.825845,-103.791645,"https://maps.google.com/?q=20.825845,-103.791645&t=k"
34246,agave en pie,0.68,2023,3,0,0.79,20.781353,-103.772883,"https://maps.google.com/?q=20.781353,-103.772883&t=k"
5084,agave en pie,0.67,2023,3,0,0.67,20.90792,-103.843773,"https://maps.google.com/?q=20.90792,-103.843773&t=k"
8558,agave en pie,0.67,2023,3,0,0.58,20.892146,-103.715842,"https://maps.google.com/?q=20.892146,-103.715842&t=k"
10529,agave en pie,0.67,2023,3,0,0.63,20.884023,-103.753546,"https://maps.google.com/?q=20.884023,-103.753546&t=k"
10697,agave en pie,0.67,2023,3,0,0.66,20.884167,-103.798869,"https://maps.google.com/?q=20.884167,-103.798869&t=k"
12823,agave en pie,0.67,2023,3,0,0.78,20.874972,-103.757513,"https://maps.google.com/?q=20.874972,-103.757513&t=k"
13712,agave en pie,0.67,2023,3,0,0.43,20.870958,-103.739764,"https://maps.google.com/?q=20.870958,-103.739764&t=k"
14556,agave en pie,0.67,2023,3,0,0.51,20.867867,-103.799912,"https://maps.google.com/?q=20.867867,-103.799912&t=k"
15018,agave en pie,0.67,2023,3,0,0.63,20.865934,-103.78205,"https://maps.google.com/?q=20.865934,-103.78205&t=k"
17628,agave en pie,0.67,2023,3,0,0.66,20.854731,-103.788339,"https://maps.google.com/?q=20.854731,-103.788339&t=k"
18095,agave en pie,0.67,2023,3,0,0.87,20.852825,-103.787057,"https://maps.google.com/?q=20.852825,-103.787057&t=k"
19675,agave en pie,0.67,2023,3,0,0.48,20.846276,-103.74343,"https://maps.google.com/?q=20.846276,-103.74343&t=k"
20375,agave en pie,0.67,2023,3,0,0.76,20.843899,-103.808944,"https://maps.google.com/?q=20.843899,-103.808944&t=k"
22909,agave en pie,0.67,2023,3,0,1.0,20.831745,-103.696848,"https://maps.google.com/?q=20.831745,-103.696848&t=k"
24797,agave en pie,0.67,2023,3,0,0.75,20.82329,-103.689859,"https://maps.google.com/?q=20.82329,-103.689859&t=k"
25358,agave en pie,0.67,2023,3,0,0.7,20.82151,-103.79192,"https://maps.google.com/?q=20.82151,-103.79192&t=k"
31440,agave en pie,0.67,2023,3,0,0.97,20.793494,-103.715959,"https://maps.google.com/?q=20.793494,-103.715959&t=k"
33433,agave en pie,0.67,2023,3,0,1.0,20.784736,-103.722709,"https://maps.google.com/?q=20.784736,-103.722709&t=k"
34773,agave en pie,0.67,2023,3,0,0.43,20.779448,-103.759257,"https://maps.google.com/?q=20.779448,-103.759257&t=k"
5476,agave en pie,0.66,2023,3,0,0.64,20.905767,-103.879844,"https://maps.google.com/?q=20.905767,-103.879844&t=k"
8507,agave en pie,0.66,2023,3,0,0.68,20.893293,-103.786299,"https://maps.google.com/?q=20.893293,-103.786299&t=k"
9837,agave en pie,0.66,2023,3,0,0.92,20.886054,-103.716663,"https://maps.google.com/?q=20.886054,-103.716663&t=k"
18126,agave en pie,0.66,2023,3,0,0.61,20.852441,-103.771202,"https://maps.google.com/?q=20.852441,-103.771202&t=k"
18939,agave en pie,0.66,2023,3,0,0.55,20.849659,-103.773915,"https://maps.google.com/?q=20.849659,-103.773915&t=k"
19035,agave en pie,0.66,2023,3,0,0.82,20.848755,-103.742592,"https://maps.google.com/?q=20.848755,-103.742592&t=k"
24539,agave en pie,0.66,2023,3,0,0.58,20.823662,-103.691297,"https://maps.google.com/?q=20.823662,-103.691297&t=k"
27593,agave en pie,0.66,2023,3,0,0.83,20.810879,-103.703129,"https://maps.google.com/?q=20.810879,-103.703129&t=k"
29637,agave en pie,0.66,2023,3,0,1.0,20.801562,-103.750285,"https://maps.google.com/?q=20.801562,-103.750285&t=k"
31468,agave en pie,0.66,2023,3,0,0.94,20.793463,-103.705872,"https://maps.google.com/?q=20.793463,-103.705872&t=k"
262,agave en pie,0.65,2023,3,0,0.97,20.929731,-103.734513,"https://maps.google.com/?q=20.929731,-103.734513&t=k"
771,agave en pie,0.65,2023,3,0,0.35,20.927895,-103.845062,"https://maps.google.com/?q=20.927895,-103.845062&t=k"
3007,agave en pie,0.65,2023,3,0,0.88,20.917281,-103.886008,"https://maps.google.com/?q=20.917281,-103.886008&t=k"
4977,agave en pie,0.65,2023,3,0,0.54,20.90879,-103.886311,"https://maps.google.com/?q=20.90879,-103.886311&t=k"
6167,agave en pie,0.65,2023,3,0,0.68,20.902574,-103.764016,"https://maps.google.com/?q=20.902574,-103.764016&t=k"
7947,agave en pie,0.65,2023,3,0,0.98,20.895712,-103.79623,"https://maps.google.com/?q=20.895712,-103.79623&t=k"
8751,agave en pie,0.65,2023,3,0,0.77,20.892531,-103.819424,"https://maps.google.com/?q=20.892531,-103.819424&t=k"
10272,agave en pie,0.65,2023,3,0,0.83,20.886083,-103.801546,"https://maps.google.com/?q=20.886083,-103.801546&t=k"
11182,agave en pie,0.65,2023,3,0,0.51,20.882011,-103.794272,"https://maps.google.com/?q=20.882011,-103.794272&t=k"
15249,agave en pie,0.65,2023,3,0,0.82,20.8654,-103.802431,"https://maps.google.com/?q=20.8654,-103.802431&t=k"
17363,agave en pie,0.65,2023,3,0,1.0,20.855722,-103.701736,"https://maps.google.com/?q=20.855722,-103.701736&t=k"
20240,agave en pie,0.65,2023,3,0,1.0,20.843468,-103.694057,"https://maps.google.com/?q=20.843468,-103.694057&t=k"
24677,agave en pie,0.65,2023,3,0,0.98,20.823972,-103.702344,"https://maps.google.com/?q=20.823972,-103.702344&t=k"
30434,agave en pie,0.65,2023,3,0,0.55,20.797928,-103.766168,"https://maps.google.com/?q=20.797928,-103.766168&t=k"
34075,agave en pie,0.65,2023,3,0,0.83,20.782621,-103.779741,"https://maps.google.com/?q=20.782621,-103.779741&t=k"
34280,agave en pie,0.65,2023,3,0,0.98,20.781656,-103.764811,"https://maps.google.com/?q=20.781656,-103.764811&t=k"
2157,agave en pie,0.64,2023,3,0,0.52,20.920635,-103.860454,"https://maps.google.com/?q=20.920635,-103.860454&t=k"
6818,agave en pie,0.64,2023,3,0,0.56,20.900304,-103.793982,"https://maps.google.com/?q=20.900304,-103.793982&t=k"
7911,agave en pie,0.64,2023,3,0,0.7,20.895228,-103.717258,"https://maps.google.com/?q=20.895228,-103.717258&t=k"
8028,agave en pie,0.64,2023,3,0,0.66,20.895228,-103.779025,"https://maps.google.com/?q=20.895228,-103.779025&t=k"
10056,agave en pie,0.64,2023,3,0,0.55,20.886378,-103.729782,"https://maps.google.com/?q=20.886378,-103.729782&t=k"
10480,agave en pie,0.64,2023,3,0,0.75,20.884693,-103.752483,"https://maps.google.com/?q=20.884693,-103.752483&t=k"
11258,agave en pie,0.64,2023,3,0,0.58,20.881041,-103.704882,"https://maps.google.com/?q=20.881041,-103.704882&t=k"
13838,agave en pie,0.64,2023,3,0,0.66,20.870457,-103.78283,"https://maps.google.com/?q=20.870457,-103.78283&t=k"
15268,agave en pie,0.64,2023,3,0,0.92,20.864523,-103.761684,"https://maps.google.com/?q=20.864523,-103.761684&t=k"
15391,agave en pie,0.64,2023,3,0,0.84,20.864252,-103.74304,"https://maps.google.com/?q=20.864252,-103.74304&t=k"
15661,agave en pie,0.64,2023,3,0,1.0,20.863238,-103.803313,"https://maps.google.com/?q=20.863238,-103.803313&t=k"
16451,agave en pie,0.64,2023,3,0,0.81,20.860266,-103.772676,"https://maps.google.com/?q=20.860266,-103.772676&t=k"
17304,agave en pie,0.64,2023,3,0,0.41,20.856543,-103.801876,"https://maps.google.com/?q=20.856543,-103.801876&t=k"
18805,agave en pie,0.64,2023,3,0,0.97,20.85051,-103.811295,"https://maps.google.com/?q=20.85051,-103.811295&t=k"
19092,agave en pie,0.64,2023,3,0,0.47,20.848135,-103.701897,"https://maps.google.com/?q=20.848135,-103.701897&t=k"
19248,agave en pie,0.64,2023,3,0,0.39,20.848244,-103.753072,"https://maps.google.com/?q=20.848244,-103.753072&t=k"
19525,agave en pie,0.64,2023,3,0,0.48,20.847074,-103.791524,"https://maps.google.com/?q=20.847074,-103.791524&t=k"
24533,agave en pie,0.64,2023,3,0,1.0,20.824623,-103.7168,"https://maps.google.com/?q=20.824623,-103.7168&t=k"
25288,agave en pie,0.64,2023,3,0,0.77,20.822057,-103.811998,"https://maps.google.com/?q=20.822057,-103.811998&t=k"
26367,agave en pie,0.64,2023,3,0,0.66,20.816786,-103.78182,"https://maps.google.com/?q=20.816786,-103.78182&t=k"
31445,agave en pie,0.64,2023,3,0,0.39,20.793001,-103.686614,"https://maps.google.com/?q=20.793001,-103.686614&t=k"
34060,agave en pie,0.64,2023,3,0,0.67,20.781976,-103.710004,"https://maps.google.com/?q=20.781976,-103.710004&t=k"
653,agave en pie,0.63,2023,3,0,1.0,20.928319,-103.821163,"https://maps.google.com/?q=20.928319,-103.821163&t=k"
8838,agave en pie,0.63,2023,3,0,0.86,20.890701,-103.692158,"https://maps.google.com/?q=20.890701,-103.692158&t=k"
11923,agave en pie,0.63,2023,3,0,0.59,20.87778,-103.733796,"https://maps.google.com/?q=20.87778,-103.733796&t=k"
12983,agave en pie,0.63,2023,3,0,0.62,20.874449,-103.772561,"https://maps.google.com/?q=20.874449,-103.772561&t=k"
14119,agave en pie,0.63,2023,3,0,0.56,20.868872,-103.708351,"https://maps.google.com/?q=20.868872,-103.708351&t=k"
14806,agave en pie,0.63,2023,3,0,0.48,20.866185,-103.754173,"https://maps.google.com/?q=20.866185,-103.754173&t=k"
15051,agave en pie,0.63,2023,3,0,0.51,20.865429,-103.719097,"https://maps.google.com/?q=20.865429,-103.719097&t=k"
21877,agave en pie,0.63,2023,3,0,0.94,20.836889,-103.756913,"https://maps.google.com/?q=20.836889,-103.756913&t=k"
21888,agave en pie,0.63,2023,3,0,0.62,20.836059,-103.688066,"https://maps.google.com/?q=20.836059,-103.688066&t=k"
24099,agave en pie,0.63,2023,3,0,0.67,20.826873,-103.790195,"https://maps.google.com/?q=20.826873,-103.790195&t=k"
24385,agave en pie,0.63,2023,3,0,0.75,20.825515,-103.789774,"https://maps.google.com/?q=20.825515,-103.789774&t=k"
29328,agave en pie,0.63,2023,3,0,0.65,20.802527,-103.752535,"https://maps.google.com/?q=20.802527,-103.752535&t=k"
30789,agave en pie,0.63,2023,3,0,0.51,20.796438,-103.723091,"https://maps.google.com/?q=20.796438,-103.723091&t=k"
32043,agave en pie,0.63,2023,3,0,0.76,20.791228,-103.776838,"https://maps.google.com/?q=20.791228,-103.776838&t=k"
32512,agave en pie,0.63,2023,3,0,0.76,20.789424,-103.764508,"https://maps.google.com/?q=20.789424,-103.764508&t=k"
1895,agave en pie,0.62,2023,3,0,0.77,20.922589,-103.875776,"https://maps.google.com/?q=20.922589,-103.875776&t=k"
2953,agave en pie,0.62,2023,3,0,0.69,20.917287,-103.859614,"https://maps.google.com/?q=20.917287,-103.859614&t=k"
4130,agave en pie,0.62,2023,3,0,0.63,20.911422,-103.769472,"https://maps.google.com/?q=20.911422,-103.769472&t=k"
5032,agave en pie,0.62,2023,3,0,0.68,20.907655,-103.878532,"https://maps.google.com/?q=20.907655,-103.878532&t=k"
11685,agave en pie,0.62,2023,3,0,0.71,20.879422,-103.717825,"https://maps.google.com/?q=20.879422,-103.717825&t=k"
12088,agave en pie,0.62,2023,3,0,0.71,20.877921,-103.784356,"https://maps.google.com/?q=20.877921,-103.784356&t=k"
13517,agave en pie,0.62,2023,3,0,0.82,20.872081,-103.81473,"https://maps.google.com/?q=20.872081,-103.81473&t=k"
13992,agave en pie,0.62,2023,3,0,0.98,20.869551,-103.708585,"https://maps.google.com/?q=20.869551,-103.708585&t=k"
15004,agave en pie,0.62,2023,3,0,0.98,20.866616,-103.847886,"https://maps.google.com/?q=20.866616,-103.847886&t=k"
17074,agave en pie,0.62,2023,3,0,0.92,20.856649,-103.753435,"https://maps.google.com/?q=20.856649,-103.753435&t=k"
18696,agave en pie,0.62,2023,3,0,0.61,20.849365,-103.789727,"https://maps.google.com/?q=20.849365,-103.789727&t=k"
24248,agave en pie,0.62,2023,3,0,0.68,20.82561,-103.680181,"https://maps.google.com/?q=20.82561,-103.680181&t=k"
30662,agave en pie,0.62,2023,3,0,0.6,20.797333,-103.765116,"https://maps.google.com/?q=20.797333,-103.765116&t=k"
32845,agave en pie,0.62,2023,3,0,1.0,20.787576,-103.777732,"https://maps.google.com/?q=20.787576,-103.777732&t=k"
7470,agave en pie,0.61,2023,3,0,1.0,20.896967,-103.732385,"https://maps.google.com/?q=20.896967,-103.732385&t=k"
9512,agave en pie,0.61,2023,3,0,0.87,20.88968,-103.872224,"https://maps.google.com/?q=20.88968,-103.872224&t=k"
10542,agave en pie,0.61,2023,3,0,0.72,20.884865,-103.827943,"https://maps.google.com/?q=20.884865,-103.827943&t=k"
10569,agave en pie,0.61,2023,3,0,0.49,20.883735,-103.738985,"https://maps.google.com/?q=20.883735,-103.738985&t=k"
13638,agave en pie,0.61,2023,3,0,0.93,20.871423,-103.753938,"https://maps.google.com/?q=20.871423,-103.753938&t=k"
13933,agave en pie,0.61,2023,3,0,0.84,20.869868,-103.696808,"https://maps.google.com/?q=20.869868,-103.696808&t=k"
15780,agave en pie,0.61,2023,3,0,0.44,20.862126,-103.724363,"https://maps.google.com/?q=20.862126,-103.724363&t=k"
18151,agave en pie,0.61,2023,3,0,0.43,20.853153,-103.808102,"https://maps.google.com/?q=20.853153,-103.808102&t=k"
18481,agave en pie,0.61,2023,3,0,0.59,20.850872,-103.741806,"https://maps.google.com/?q=20.850872,-103.741806&t=k"
28253,agave en pie,0.61,2023,3,0,0.85,20.808193,-103.76152,"https://maps.google.com/?q=20.808193,-103.76152&t=k"
32132,agave en pie,0.61,2023,3,0,0.9,20.790502,-103.714543,"https://maps.google.com/?q=20.790502,-103.714543&t=k"
3448,agave en pie,0.6,2023,3,0,0.68,20.915014,-103.86415,"https://maps.google.com/?q=20.915014,-103.86415&t=k"
6326,agave en pie,0.6,2023,3,0,0.58,20.902101,-103.754887,"https://maps.google.com/?q=20.902101,-103.754887&t=k"
8648,agave en pie,0.6,2023,3,0,0.43,20.891984,-103.700415,"https://maps.google.com/?q=20.891984,-103.700415&t=k"
10488,agave en pie,0.6,2023,3,0,0.68,20.884743,-103.790982,"https://maps.google.com/?q=20.884743,-103.790982&t=k"
13476,agave en pie,0.6,2023,3,0,0.65,20.871689,-103.747063,"https://maps.google.com/?q=20.871689,-103.747063&t=k"
14880,agave en pie,0.6,2023,3,0,0.93,20.867001,-103.851439,"https://maps.google.com/?q=20.867001,-103.851439&t=k"
17096,agave en pie,0.6,2023,3,0,0.62,20.856901,-103.750886,"https://maps.google.com/?q=20.856901,-103.750886&t=k"
17498,agave en pie,0.6,2023,3,0,0.55,20.856186,-103.87579,"https://maps.google.com/?q=20.856186,-103.87579&t=k"
18824,agave en pie,0.6,2023,3,0,0.78,20.850457,-103.81019,"https://maps.google.com/?q=20.850457,-103.81019&t=k"
19083,agave en pie,0.6,2023,3,0,1.0,20.849087,-103.775986,"https://maps.google.com/?q=20.849087,-103.775986&t=k"
20527,agave en pie,0.6,2023,3,0,0.4,20.842957,-103.784205,"https://maps.google.com/?q=20.842957,-103.784205&t=k"
23944,agave en pie,0.6,2023,3,0,0.52,20.827658,-103.754683,"https://maps.google.com/?q=20.827658,-103.754683&t=k"
25541,agave en pie,0.6,2023,3,0,0.52,20.821337,-103.900504,"https://maps.google.com/?q=20.821337,-103.900504&t=k"
32675,agave en pie,0.6,2023,3,0,0.78,20.788298,-103.734063,"https://maps.google.com/?q=20.788298,-103.734063&t=k"
2847,agave en pie,0.59,2023,3,0,0.93,20.91804,-103.877829,"https://maps.google.com/?q=20.91804,-103.877829&t=k"
6484,agave en pie,0.59,2023,3,0,0.64,20.901504,-103.759747,"https://maps.google.com/?q=20.901504,-103.759747&t=k"
7486,agave en pie,0.59,2023,3,0,0.93,20.897278,-103.762569,"https://maps.google.com/?q=20.897278,-103.762569&t=k"
8491,agave en pie,0.59,2023,3,0,0.93,20.893054,-103.784523,"https://maps.google.com/?q=20.893054,-103.784523&t=k"
9533,agave en pie,0.59,2023,3,0,0.68,20.888234,-103.700351,"https://maps.google.com/?q=20.888234,-103.700351&t=k"
14377,agave en pie,0.59,2023,3,0,0.63,20.86863,-103.780009,"https://maps.google.com/?q=20.86863,-103.780009&t=k"
14588,agave en pie,0.59,2023,3,0,0.95,20.867266,-103.717063,"https://maps.google.com/?q=20.867266,-103.717063&t=k"
17530,agave en pie,0.59,2023,3,0,0.58,20.853944,-103.791997,"https://maps.google.com/?q=20.853944,-103.791997&t=k"
18470,agave en pie,0.59,2023,3,0,0.97,20.850849,-103.788802,"https://maps.google.com/?q=20.850849,-103.788802&t=k"
19353,agave en pie,0.59,2023,3,0,0.58,20.847448,-103.718625,"https://maps.google.com/?q=20.847448,-103.718625&t=k"
24316,agave en pie,0.59,2023,3,0,0.54,20.825328,-103.69061,"https://maps.google.com/?q=20.825328,-103.69061&t=k"
27097,agave en pie,0.59,2023,3,0,0.61,20.813721,-103.776464,"https://maps.google.com/?q=20.813721,-103.776464&t=k"
93,agave en pie,0.58,2023,3,0,0.66,20.930654,-103.819126,"https://maps.google.com/?q=20.930654,-103.819126&t=k"
1980,agave en pie,0.58,2023,3,0,0.55,20.921799,-103.893138,"https://maps.google.com/?q=20.921799,-103.893138&t=k"
2632,agave en pie,0.58,2023,3,0,0.76,20.918785,-103.847199,"https://maps.google.com/?q=20.918785,-103.847199&t=k"
3355,agave en pie,0.58,2023,3,0,0.91,20.915095,-103.771557,"https://maps.google.com/?q=20.915095,-103.771557&t=k"
4754,agave en pie,0.58,2023,3,0,0.79,20.909673,-103.897073,"https://maps.google.com/?q=20.909673,-103.897073&t=k"
6238,agave en pie,0.58,2023,3,0,0.93,20.903104,-103.866548,"https://maps.google.com/?q=20.903104,-103.866548&t=k"
7341,agave en pie,0.58,2023,3,0,1.0,20.898181,-103.793999,"https://maps.google.com/?q=20.898181,-103.793999&t=k"
7379,agave en pie,0.58,2023,3,0,1.0,20.898461,-103.895617,"https://maps.google.com/?q=20.898461,-103.895617&t=k"
7456,agave en pie,0.58,2023,3,0,0.41,20.898011,-103.841253,"https://maps.google.com/?q=20.898011,-103.841253&t=k"
8186,agave en pie,0.58,2023,3,0,0.74,20.893765,-103.697035,"https://maps.google.com/?q=20.893765,-103.697035&t=k"
9390,agave en pie,0.58,2023,3,0,1.0,20.889333,-103.782053,"https://maps.google.com/?q=20.889333,-103.782053&t=k"
9560,agave en pie,0.58,2023,3,0,0.86,20.888623,-103.752546,"https://maps.google.com/?q=20.888623,-103.752546&t=k"
9813,agave en pie,0.58,2023,3,0,0.41,20.887162,-103.713914,"https://maps.google.com/?q=20.887162,-103.713914&t=k"
14002,agave en pie,0.58,2023,3,0,0.5,20.870499,-103.847712,"https://maps.google.com/?q=20.870499,-103.847712&t=k"
16383,agave en pie,0.58,2023,3,0,0.64,20.860494,-103.798529,"https://maps.google.com/?q=20.860494,-103.798529&t=k"
16647,agave en pie,0.58,2023,3,0,1.0,20.859411,-103.798634,"https://maps.google.com/?q=20.859411,-103.798634&t=k"
17879,agave en pie,0.58,2023,3,0,0.66,20.853939,-103.797764,"https://maps.google.com/?q=20.853939,-103.797764&t=k"
23348,agave en pie,0.58,2023,3,0,0.57,20.829992,-103.784069,"https://maps.google.com/?q=20.829992,-103.784069&t=k"
24952,agave en pie,0.58,2023,3,0,0.72,20.823282,-103.780567,"https://maps.google.com/?q=20.823282,-103.780567&t=k"
25900,agave en pie,0.58,2023,3,0,0.45,20.818484,-103.711327,"https://maps.google.com/?q=20.818484,-103.711327&t=k"
30262,agave en pie,0.58,2023,3,0,0.86,20.798739,-103.716587,"https://maps.google.com/?q=20.798739,-103.716587&t=k"
30636,agave en pie,0.58,2023,3,0,0.48,20.797206,-103.741387,"https://maps.google.com/?q=20.797206,-103.741387&t=k"
30979,agave en pie,0.58,2023,3,0,0.47,20.795483,-103.722187,"https://maps.google.com/?q=20.795483,-103.722187&t=k"
33822,agave en pie,0.58,2023,3,0,0.55,20.783251,-103.717342,"https://maps.google.com/?q=20.783251,-103.717342&t=k"
1592,agave en pie,0.57,2023,3,0,0.42,20.924177,-103.883649,"https://maps.google.com/?q=20.924177,-103.883649&t=k"
3902,agave en pie,0.57,2023,3,0,0.84,20.912978,-103.836859,"https://maps.google.com/?q=20.912978,-103.836859&t=k"
7881,agave en pie,0.57,2023,3,0,0.65,20.895085,-103.710338,"https://maps.google.com/?q=20.895085,-103.710338&t=k"
8774,agave en pie,0.57,2023,3,0,0.86,20.892095,-103.78304,"https://maps.google.com/?q=20.892095,-103.78304&t=k"
8906,agave en pie,0.57,2023,3,0,0.91,20.89179,-103.877111,"https://maps.google.com/?q=20.89179,-103.877111&t=k"
15558,agave en pie,0.57,2023,3,0,0.46,20.863486,-103.774524,"https://maps.google.com/?q=20.863486,-103.774524&t=k"
16777,agave en pie,0.57,2023,3,0,0.53,20.858725,-103.77192,"https://maps.google.com/?q=20.858725,-103.77192&t=k"
17492,agave en pie,0.57,2023,3,0,0.54,20.855408,-103.794677,"https://maps.google.com/?q=20.855408,-103.794677&t=k"
22850,agave en pie,0.57,2023,3,0,0.7,20.832276,-103.71933,"https://maps.google.com/?q=20.832276,-103.71933&t=k"
23034,agave en pie,0.57,2023,3,0,0.74,20.830678,-103.705025,"https://maps.google.com/?q=20.830678,-103.705025&t=k"
1179,agave en pie,0.56,2023,3,0,1.0,20.925802,-103.856184,"https://maps.google.com/?q=20.925802,-103.856184&t=k"
4209,agave en pie,0.56,2023,3,0,0.88,20.911384,-103.776876,"https://maps.google.com/?q=20.911384,-103.776876&t=k"
4469,agave en pie,0.56,2023,3,0,0.64,20.91082,-103.885815,"https://maps.google.com/?q=20.91082,-103.885815&t=k"
5726,agave en pie,0.56,2023,3,0,0.66,20.904668,-103.747703,"https://maps.google.com/?q=20.904668,-103.747703&t=k"
13519,agave en pie,0.56,2023,3,0,0.57,20.87246,-103.810834,"https://maps.google.com/?q=20.87246,-103.810834&t=k"
13871,agave en pie,0.56,2023,3,0,0.96,20.869864,-103.738428,"https://maps.google.com/?q=20.869864,-103.738428&t=k"
15225,agave en pie,0.56,2023,3,0,1.0,20.86479,-103.718141,"https://maps.google.com/?q=20.86479,-103.718141&t=k"
16535,agave en pie,0.56,2023,3,0,0.52,20.859264,-103.686375,"https://maps.google.com/?q=20.859264,-103.686375&t=k"
16816,agave en pie,0.56,2023,3,0,0.66,20.858531,-103.789125,"https://maps.google.com/?q=20.858531,-103.789125&t=k"
17832,agave en pie,0.56,2023,3,0,0.43,20.854411,-103.807131,"https://maps.google.com/?q=20.854411,-103.807131&t=k"
20812,agave en pie,0.56,2023,3,0,0.82,20.841628,-103.756394,"https://maps.google.com/?q=20.841628,-103.756394&t=k"
25194,agave en pie,0.56,2023,3,0,0.86,20.82215,-103.773946,"https://maps.google.com/?q=20.82215,-103.773946&t=k"
31126,agave en pie,0.56,2023,3,0,0.66,20.794941,-103.72834,"https://maps.google.com/?q=20.794941,-103.72834&t=k"
32674,agave en pie,0.56,2023,3,0,1.0,20.788146,-103.744056,"https://maps.google.com/?q=20.788146,-103.744056&t=k"
1730,agave en pie,0.55,2023,3,0,0.62,20.923241,-103.892599,"https://maps.google.com/?q=20.923241,-103.892599&t=k"
7170,agave en pie,0.55,2023,3,0,0.85,20.899267,-103.894505,"https://maps.google.com/?q=20.899267,-103.894505&t=k"
7729,agave en pie,0.55,2023,3,0,0.93,20.89599,-103.790844,"https://maps.google.com/?q=20.89599,-103.790844&t=k"
8247,agave en pie,0.55,2023,3,0,1.0,20.89429,-103.780427,"https://maps.google.com/?q=20.89429,-103.780427&t=k"
8359,agave en pie,0.55,2023,3,0,0.91,20.89381,-103.782786,"https://maps.google.com/?q=20.89381,-103.782786&t=k"
17368,agave en pie,0.55,2023,3,0,0.62,20.855825,-103.679726,"https://maps.google.com/?q=20.855825,-103.679726&t=k"
17985,agave en pie,0.55,2023,3,0,0.96,20.853655,-103.789549,"https://maps.google.com/?q=20.853655,-103.789549&t=k"
18846,agave en pie,0.55,2023,3,0,0.6,20.849766,-103.80169,"https://maps.google.com/?q=20.849766,-103.80169&t=k"
22511,agave en pie,0.55,2023,3,0,0.51,20.833353,-103.718408,"https://maps.google.com/?q=20.833353,-103.718408&t=k"
22863,agave en pie,0.55,2023,3,0,0.98,20.832547,-103.794042,"https://maps.google.com/?q=20.832547,-103.794042&t=k"
23545,agave en pie,0.55,2023,3,0,0.93,20.829514,-103.786811,"https://maps.google.com/?q=20.829514,-103.786811&t=k"
23674,agave en pie,0.55,2023,3,0,0.84,20.828144,-103.759483,"https://maps.google.com/?q=20.828144,-103.759483&t=k"
23760,agave en pie,0.55,2023,3,0,0.8,20.828366,-103.79052,"https://maps.google.com/?q=20.828366,-103.79052&t=k"
28604,agave en pie,0.55,2023,3,0,0.51,20.806084,-103.769752,"https://maps.google.com/?q=20.806084,-103.769752&t=k"
30423,agave en pie,0.55,2023,3,0,0.55,20.798435,-103.74887,"https://maps.google.com/?q=20.798435,-103.74887&t=k"
30433,agave en pie,0.55,2023,3,0,0.65,20.798074,-103.767608,"https://maps.google.com/?q=20.798074,-103.767608&t=k"
31506,agave en pie,0.55,2023,3,0,0.78,20.792938,-103.684261,"https://maps.google.com/?q=20.792938,-103.684261&t=k"
32178,agave en pie,0.55,2023,3,0,0.73,20.790599,-103.733612,"https://maps.google.com/?q=20.790599,-103.733612&t=k"
32822,agave en pie,0.55,2023,3,0,0.82,20.788003,-103.755393,"https://maps.google.com/?q=20.788003,-103.755393&t=k"
930,agave en pie,0.54,2023,3,0,1.0,20.927215,-103.844731,"https://maps.google.com/?q=20.927215,-103.844731&t=k"
5077,agave en pie,0.54,2023,3,0,0.59,20.908023,-103.886413,"https://maps.google.com/?q=20.908023,-103.886413&t=k"
6483,agave en pie,0.54,2023,3,0,0.93,20.901528,-103.769264,"https://maps.google.com/?q=20.901528,-103.769264&t=k"
7072,agave en pie,0.54,2023,3,0,0.89,20.898914,-103.757653,"https://maps.google.com/?q=20.898914,-103.757653&t=k"
7414,agave en pie,0.54,2023,3,0,0.56,20.897755,-103.791263,"https://maps.google.com/?q=20.897755,-103.791263&t=k"
8093,agave en pie,0.54,2023,3,0,0.65,20.894976,-103.781623,"https://maps.google.com/?q=20.894976,-103.781623&t=k"
8200,agave en pie,0.54,2023,3,0,1.0,20.894701,-103.781048,"https://maps.google.com/?q=20.894701,-103.781048&t=k"
10717,agave en pie,0.54,2023,3,0,0.59,20.884242,-103.822757,"https://maps.google.com/?q=20.884242,-103.822757&t=k"
19576,agave en pie,0.54,2023,3,0,0.8,20.847353,-103.811944,"https://maps.google.com/?q=20.847353,-103.811944&t=k"
20255,agave en pie,0.54,2023,3,0,0.57,20.843186,-103.692666,"https://maps.google.com/?q=20.843186,-103.692666&t=k"
20721,agave en pie,0.54,2023,3,0,0.8,20.841613,-103.785753,"https://maps.google.com/?q=20.841613,-103.785753&t=k"
21788,agave en pie,0.54,2023,3,0,1.0,20.836992,-103.758738,"https://maps.google.com/?q=20.836992,-103.758738&t=k"
29406,agave en pie,0.54,2023,3,0,0.59,20.80264,-103.71886,"https://maps.google.com/?q=20.80264,-103.71886&t=k"
31636,agave en pie,0.54,2023,3,0,0.65,20.792778,-103.716925,"https://maps.google.com/?q=20.792778,-103.716925&t=k"
942,agave en pie,0.53,2023,3,0,0.66,20.92723,-103.860452,"https://maps.google.com/?q=20.92723,-103.860452&t=k"
1473,agave en pie,0.53,2023,3,0,0.91,20.924183,-103.811051,"https://maps.google.com/?q=20.924183,-103.811051&t=k"
1511,agave en pie,0.53,2023,3,0,0.72,20.923932,-103.827015,"https://maps.google.com/?q=20.923932,-103.827015&t=k"
2282,agave en pie,0.53,2023,3,0,0.55,20.92049,-103.832186,"https://maps.google.com/?q=20.92049,-103.832186&t=k"
3291,agave en pie,0.53,2023,3,0,0.55,20.915762,-103.847703,"https://maps.google.com/?q=20.915762,-103.847703&t=k"
7035,agave en pie,0.53,2023,3,0,0.85,20.899033,-103.793175,"https://maps.google.com/?q=20.899033,-103.793175&t=k"
10458,agave en pie,0.53,2023,3,0,0.96,20.884304,-103.688513,"https://maps.google.com/?q=20.884304,-103.688513&t=k"
11509,agave en pie,0.53,2023,3,0,0.58,20.879879,-103.755214,"https://maps.google.com/?q=20.879879,-103.755214&t=k"
13426,agave en pie,0.53,2023,3,0,0.45,20.872922,-103.845194,"https://maps.google.com/?q=20.872922,-103.845194&t=k"
15757,agave en pie,0.53,2023,3,0,0.77,20.863602,-103.856463,"https://maps.google.com/?q=20.863602,-103.856463&t=k"
17286,agave en pie,0.53,2023,3,0,0.87,20.856152,-103.759638,"https://maps.google.com/?q=20.856152,-103.759638&t=k"
23197,agave en pie,0.53,2023,3,0,0.7,20.830907,-103.766764,"https://maps.google.com/?q=20.830907,-103.766764&t=k"
24410,agave en pie,0.53,2023,3,0,0.91,20.825416,-103.757007,"https://maps.google.com/?q=20.825416,-103.757007&t=k"
25582,agave en pie,0.53,2023,3,0,0.77,20.81999,-103.695412,"https://maps.google.com/?q=20.81999,-103.695412&t=k"
25794,agave en pie,0.53,2023,3,0,0.7,20.81899,-103.694604,"https://maps.google.com/?q=20.81899,-103.694604&t=k"
31647,agave en pie,0.53,2023,3,0,0.85,20.792779,-103.729126,"https://maps.google.com/?q=20.792779,-103.729126&t=k"
32514,agave en pie,0.53,2023,3,0,0.49,20.789113,-103.752742,"https://maps.google.com/?q=20.789113,-103.752742&t=k"
32552,agave en pie,0.53,2023,3,0,0.75,20.788161,-103.733776,"https://maps.google.com/?q=20.788161,-103.733776&t=k"
7733,agave en pie,0.52,2023,3,0,0.96,20.896222,-103.753926,"https://maps.google.com/?q=20.896222,-103.753926&t=k"
9637,agave en pie,0.52,2023,3,0,0.52,20.887785,-103.700643,"https://maps.google.com/?q=20.887785,-103.700643&t=k"
11027,agave en pie,0.52,2023,3,0,0.52,20.882863,-103.825796,"https://maps.google.com/?q=20.882863,-103.825796&t=k"
11512,agave en pie,0.52,2023,3,0,0.42,20.880056,-103.72402,"https://maps.google.com/?q=20.880056,-103.72402&t=k"
13862,agave en pie,0.52,2023,3,0,0.46,20.869981,-103.811574,"https://maps.google.com/?q=20.869981,-103.811574&t=k"
14213,agave en pie,0.52,2023,3,0,0.77,20.869317,-103.81355,"https://maps.google.com/?q=20.869317,-103.81355&t=k"
15182,agave en pie,0.52,2023,3,0,0.5,20.864635,-103.715548,"https://maps.google.com/?q=20.864635,-103.715548&t=k"
16873,agave en pie,0.52,2023,3,0,0.88,20.857836,-103.73675,"https://maps.google.com/?q=20.857836,-103.73675&t=k"
17674,agave en pie,0.52,2023,3,0,0.6,20.855721,-103.880647,"https://maps.google.com/?q=20.855721,-103.880647&t=k"
19450,agave en pie,0.52,2023,3,0,0.62,20.847592,-103.775374,"https://maps.google.com/?q=20.847592,-103.775374&t=k"
20762,agave en pie,0.52,2023,3,0,1.0,20.841879,-103.785126,"https://maps.google.com/?q=20.841879,-103.785126&t=k"
21710,agave en pie,0.52,2023,3,0,0.94,20.837557,-103.755562,"https://maps.google.com/?q=20.837557,-103.755562&t=k"
30278,agave en pie,0.52,2023,3,0,0.87,20.798599,-103.746659,"https://maps.google.com/?q=20.798599,-103.746659&t=k"
31585,agave en pie,0.52,2023,3,0,0.87,20.792881,-103.718558,"https://maps.google.com/?q=20.792881,-103.718558&t=k"
32529,agave en pie,0.52,2023,3,0,0.9,20.789017,-103.758218,"https://maps.google.com/?q=20.789017,-103.758218&t=k"
33049,agave en pie,0.52,2023,3,0,0.65,20.78624,-103.712418,"https://maps.google.com/?q=20.78624,-103.712418&t=k"
34484,agave en pie,0.52,2023,3,0,0.88,20.780824,-103.74964,"https://maps.google.com/?q=20.780824,-103.74964&t=k"
64,agave en pie,0.51,2023,3,0,0.75,20.930809,-103.848453,"https://maps.google.com/?q=20.930809,-103.848453&t=k"
3169,agave en pie,0.51,2023,3,0,0.94,20.915869,-103.836885,"https://maps.google.com/?q=20.915869,-103.836885&t=k"
7141,agave en pie,0.51,2023,3,0,0.76,20.898207,-103.723049,"https://maps.google.com/?q=20.898207,-103.723049&t=k"
9114,agave en pie,0.51,2023,3,0,0.61,20.890682,-103.806845,"https://maps.google.com/?q=20.890682,-103.806845&t=k"
11404,agave en pie,0.51,2023,3,0,0.39,20.88137,-103.805909,"https://maps.google.com/?q=20.88137,-103.805909&t=k"
11458,agave en pie,0.51,2023,3,0,0.61,20.880894,-103.77693,"https://maps.google.com/?q=20.880894,-103.77693&t=k"
12967,agave en pie,0.51,2023,3,0,0.49,20.873973,-103.71393,"https://maps.google.com/?q=20.873973,-103.71393&t=k"
13120,agave en pie,0.51,2023,3,0,0.9,20.873228,-103.711005,"https://maps.google.com/?q=20.873228,-103.711005&t=k"
13350,agave en pie,0.51,2023,3,0,0.73,20.872872,-103.798575,"https://maps.google.com/?q=20.872872,-103.798575&t=k"
16122,agave en pie,0.51,2023,3,0,0.55,20.860908,-103.694675,"https://maps.google.com/?q=20.860908,-103.694675&t=k"
19767,agave en pie,0.51,2023,3,0,1.0,20.846136,-103.786582,"https://maps.google.com/?q=20.846136,-103.786582&t=k"
23062,agave en pie,0.51,2023,3,0,0.8,20.830695,-103.794057,"https://maps.google.com/?q=20.830695,-103.794057&t=k"
24317,agave en pie,0.51,2023,3,0,0.78,20.825326,-103.690273,"https://maps.google.com/?q=20.825326,-103.690273&t=k"
24458,agave en pie,0.51,2023,3,0,0.53,20.824528,-103.716224,"https://maps.google.com/?q=20.824528,-103.716224&t=k"
24593,agave en pie,0.51,2023,3,0,0.71,20.824696,-103.782574,"https://maps.google.com/?q=20.824696,-103.782574&t=k"
24753,agave en pie,0.51,2023,3,0,0.61,20.824164,-103.783971,"https://maps.google.com/?q=20.824164,-103.783971&t=k"
25238,agave en pie,0.51,2023,3,0,0.84,20.822135,-103.790906,"https://maps.google.com/?q=20.822135,-103.790906&t=k"
28309,agave en pie,0.51,2023,3,0,0.63,20.807401,-103.703207,"https://maps.google.com/?q=20.807401,-103.703207&t=k"
30821,agave en pie,0.51,2023,3,0,0.57,20.796097,-103.683897,"https://maps.google.com/?q=20.796097,-103.683897&t=k"
33374,agave en pie,0.51,2023,3,0,0.51,20.785164,-103.750132,"https://maps.google.com/?q=20.785164,-103.750132&t=k"
33454,agave en pie,0.51,2023,3,0,0.69,20.785264,-103.745328,"https://maps.google.com/?q=20.785264,-103.745328&t=k"
34172,agave en pie,0.51,2023,3,0,0.84,20.782311,-103.78056,"https://maps.google.com/?q=20.782311,-103.78056&t=k"
34209,agave en pie,0.51,2023,3,0,0.88,20.781609,-103.770767,"https://maps.google.com/?q=20.781609,-103.770767&t=k"
938,agave en pie,0.5,2023,3,0,0.8,20.927432,-103.877183,"https://maps.google.com/?q=20.927432,-103.877183&t=k"
3855,agave en pie,0.5,2023,3,0,0.7,20.91302,-103.89777,"https://maps.google.com/?q=20.91302,-103.89777&t=k"
4145,agave en pie,0.5,2023,3,0,0.64,20.91165,-103.834273,"https://maps.google.com/?q=20.91165,-103.834273&t=k"
5226,agave en pie,0.5,2023,3,0,0.68,20.908049,-103.897422,"https://maps.google.com/?q=20.908049,-103.897422&t=k"
7780,agave en pie,0.5,2023,3,0,0.5,20.895745,-103.713889,"https://maps.google.com/?q=20.895745,-103.713889&t=k"
8812,agave en pie,0.5,2023,3,0,0.64,20.892285,-103.849565,"https://maps.google.com/?q=20.892285,-103.849565&t=k"
8895,agave en pie,0.5,2023,3,0,0.54,20.891456,-103.807704,"https://maps.google.com/?q=20.891456,-103.807704&t=k"
9326,agave en pie,0.5,2023,3,0,0.42,20.889767,-103.754508,"https://maps.google.com/?q=20.889767,-103.754508&t=k"
12961,agave en pie,0.5,2023,3,0,0.68,20.873354,-103.739984,"https://maps.google.com/?q=20.873354,-103.739984&t=k"
14111,agave en pie,0.5,2023,3,0,0.52,20.869544,-103.775148,"https://maps.google.com/?q=20.869544,-103.775148&t=k"
16580,agave en pie,0.5,2023,3,0,0.98,20.859096,-103.69397,"https://maps.google.com/?q=20.859096,-103.69397&t=k"
16942,agave en pie,0.5,2023,3,0,0.72,20.857366,-103.680385,"https://maps.google.com/?q=20.857366,-103.680385&t=k"
23177,agave en pie,0.5,2023,3,0,0.44,20.830794,-103.71449,"https://maps.google.com/?q=20.830794,-103.71449&t=k"
27614,agave en pie,0.5,2023,3,0,0.86,20.810441,-103.687183,"https://maps.google.com/?q=20.810441,-103.687183&t=k"
30740,agave en pie,0.5,2023,3,0,1.0,20.796948,-103.768049,"https://maps.google.com/?q=20.796948,-103.768049&t=k"
621,agave en pie,0.49,2023,3,0,0.88,20.928772,-103.847892,"https://maps.google.com/?q=20.928772,-103.847892&t=k"
1934,agave en pie,0.49,2023,3,0,0.57,20.922504,-103.897316,"https://maps.google.com/?q=20.922504,-103.897316&t=k"
2253,agave en pie,0.49,2023,3,0,0.47,20.920505,-103.834445,"https://maps.google.com/?q=20.920505,-103.834445&t=k"
4023,agave en pie,0.49,2023,3,0,0.9,20.912513,-103.834988,"https://maps.google.com/?q=20.912513,-103.834988&t=k"
4816,agave en pie,0.49,2023,3,0,0.49,20.908945,-103.882416,"https://maps.google.com/?q=20.908945,-103.882416&t=k"
6891,agave en pie,0.49,2023,3,0,0.65,20.899668,-103.755724,"https://maps.google.com/?q=20.899668,-103.755724&t=k"
7674,agave en pie,0.49,2023,3,0,0.67,20.896886,-103.789827,"https://maps.google.com/?q=20.896886,-103.789827&t=k"
9393,agave en pie,0.49,2023,3,0,0.43,20.889493,-103.766671,"https://maps.google.com/?q=20.889493,-103.766671&t=k"
10496,agave en pie,0.49,2023,3,0,0.92,20.884083,-103.689092,"https://maps.google.com/?q=20.884083,-103.689092&t=k"
11145,agave en pie,0.49,2023,3,0,1.0,20.882313,-103.798644,"https://maps.google.com/?q=20.882313,-103.798644&t=k"
11708,agave en pie,0.49,2023,3,0,0.94,20.879338,-103.718643,"https://maps.google.com/?q=20.879338,-103.718643&t=k"
12251,agave en pie,0.49,2023,3,0,0.55,20.877165,-103.711933,"https://maps.google.com/?q=20.877165,-103.711933&t=k"
12688,agave en pie,0.49,2023,3,0,1.0,20.875501,-103.768179,"https://maps.google.com/?q=20.875501,-103.768179&t=k"
14550,agave en pie,0.49,2023,3,0,0.53,20.86795,-103.844752,"https://maps.google.com/?q=20.86795,-103.844752&t=k"
15147,agave en pie,0.49,2023,3,0,1.0,20.865069,-103.719244,"https://maps.google.com/?q=20.865069,-103.719244&t=k"
16012,agave en pie,0.49,2023,3,0,0.98,20.861209,-103.698565,"https://maps.google.com/?q=20.861209,-103.698565&t=k"
16609,agave en pie,0.49,2023,3,0,0.9,20.859705,-103.821459,"https://maps.google.com/?q=20.859705,-103.821459&t=k"
21624,agave en pie,0.49,2023,3,0,0.47,20.837517,-103.75638,"https://maps.google.com/?q=20.837517,-103.75638&t=k"
24072,agave en pie,0.49,2023,3,0,0.57,20.826867,-103.69689,"https://maps.google.com/?q=20.826867,-103.69689&t=k"
27982,agave en pie,0.49,2023,3,0,0.63,20.809287,-103.762905,"https://maps.google.com/?q=20.809287,-103.762905&t=k"
30053,agave en pie,0.49,2023,3,0,1.0,20.800184,-103.784788,"https://maps.google.com/?q=20.800184,-103.784788&t=k"
30860,agave en pie,0.49,2023,3,0,0.39,20.796245,-103.72146,"https://maps.google.com/?q=20.796245,-103.72146&t=k"
31299,agave en pie,0.49,2023,3,0,0.71,20.793958,-103.705579,"https://maps.google.com/?q=20.793958,-103.705579&t=k"
33752,agave en pie,0.49,2023,3,0,1.0,20.783984,-103.737029,"https://maps.google.com/?q=20.783984,-103.737029&t=k"
34717,agave en pie,0.49,2023,3,0,1.0,20.779169,-103.739615,"https://maps.google.com/?q=20.779169,-103.739615&t=k"
3348,agave en pie,0.48,2023,3,0,0.56,20.915621,-103.846983,"https://maps.google.com/?q=20.915621,-103.846983&t=k"
4069,agave en pie,0.48,2023,3,0,0.79,20.911625,-103.753991,"https://maps.google.com/?q=20.911625,-103.753991&t=k"
5913,agave en pie,0.48,2023,3,0,0.75,20.903773,-103.773717,"https://maps.google.com/?q=20.903773,-103.773717&t=k"
7391,agave en pie,0.48,2023,3,0,0.92,20.897841,-103.778043,"https://maps.google.com/?q=20.897841,-103.778043&t=k"
7475,agave en pie,0.48,2023,3,0,0.81,20.898176,-103.893456,"https://maps.google.com/?q=20.898176,-103.893456&t=k"
9823,agave en pie,0.48,2023,3,0,0.83,20.88749,-103.802496,"https://maps.google.com/?q=20.88749,-103.802496&t=k"
11384,agave en pie,0.48,2023,3,0,1.0,20.880796,-103.788514,"https://maps.google.com/?q=20.880796,-103.788514&t=k"
12011,agave en pie,0.48,2023,3,0,0.77,20.879057,-103.898835,"https://maps.google.com/?q=20.879057,-103.898835&t=k"
12374,agave en pie,0.48,2023,3,0,0.94,20.876621,-103.735968,"https://maps.google.com/?q=20.876621,-103.735968&t=k"
13017,agave en pie,0.48,2023,3,0,0.54,20.873792,-103.725947,"https://maps.google.com/?q=20.873792,-103.725947&t=k"
13263,agave en pie,0.48,2023,3,0,0.67,20.873663,-103.881956,"https://maps.google.com/?q=20.873663,-103.881956&t=k"
15123,agave en pie,0.48,2023,3,0,0.92,20.865499,-103.759273,"https://maps.google.com/?q=20.865499,-103.759273&t=k"
16840,agave en pie,0.48,2023,3,0,0.67,20.858712,-103.815075,"https://maps.google.com/?q=20.858712,-103.815075&t=k"
17360,agave en pie,0.48,2023,3,0,0.81,20.855898,-103.71913,"https://maps.google.com/?q=20.855898,-103.71913&t=k"
17722,agave en pie,0.48,2023,3,0,0.77,20.854537,-103.792858,"https://maps.google.com/?q=20.854537,-103.792858&t=k"
25566,agave en pie,0.48,2023,3,0,0.31,20.820637,-103.783423,"https://maps.google.com/?q=20.820637,-103.783423&t=k"
30892,agave en pie,0.48,2023,3,0,1.0,20.796453,-103.768389,"https://maps.google.com/?q=20.796453,-103.768389&t=k"
31847,agave en pie,0.48,2023,3,0,0.96,20.791921,-103.735234,"https://maps.google.com/?q=20.791921,-103.735234&t=k"
34304,agave en pie,0.48,2023,3,0,0.88,20.781611,-103.771151,"https://maps.google.com/?q=20.781611,-103.771151&t=k"
34641,agave en pie,0.48,2023,3,0,0.67,20.780165,-103.764679,"https://maps.google.com/?q=20.780165,-103.764679&t=k"
34751,agave en pie,0.48,2023,3,0,0.71,20.779446,-103.771505,"https://maps.google.com/?q=20.779446,-103.771505&t=k"
1349,agave en pie,0.47,2023,3,0,0.89,20.924929,-103.827488,"https://maps.google.com/?q=20.924929,-103.827488&t=k"
5127,agave en pie,0.47,2023,3,0,0.85,20.908015,-103.87151,"https://maps.google.com/?q=20.908015,-103.87151&t=k"
5881,agave en pie,0.47,2023,3,0,0.49,20.904611,-103.842067,"https://maps.google.com/?q=20.904611,-103.842067&t=k"
10721,agave en pie,0.47,2023,3,0,0.77,20.884121,-103.792429,"https://maps.google.com/?q=20.884121,-103.792429&t=k"
11118,agave en pie,0.47,2023,3,0,0.91,20.881515,-103.689931,"https://maps.google.com/?q=20.881515,-103.689931&t=k"
11497,agave en pie,0.47,2023,3,0,0.81,20.880474,-103.81351,"https://maps.google.com/?q=20.880474,-103.81351&t=k"
12066,agave en pie,0.47,2023,3,0,0.87,20.879015,-103.899316,"https://maps.google.com/?q=20.879015,-103.899316&t=k"
12842,agave en pie,0.47,2023,3,0,0.79,20.872908,-103.765556,"https://maps.google.com/?q=20.872908,-103.765556&t=k"
14073,agave en pie,0.47,2023,3,0,0.66,20.869103,-103.739347,"https://maps.google.com/?q=20.869103,-103.739347&t=k"
15433,agave en pie,0.47,2023,3,0,0.47,20.864065,-103.742176,"https://maps.google.com/?q=20.864065,-103.742176&t=k"
15569,agave en pie,0.47,2023,3,0,0.79,20.863028,-103.700231,"https://maps.google.com/?q=20.863028,-103.700231&t=k"
16434,agave en pie,0.47,2023,3,0,0.53,20.860215,-103.759365,"https://maps.google.com/?q=20.860215,-103.759365&t=k"
18869,agave en pie,0.47,2023,3,0,0.7,20.849455,-103.808996,"https://maps.google.com/?q=20.849455,-103.808996&t=k"
19130,agave en pie,0.47,2023,3,0,0.4,20.848143,-103.714919,"https://maps.google.com/?q=20.848143,-103.714919&t=k"
20342,agave en pie,0.47,2023,3,0,0.64,20.843234,-103.69305,"https://maps.google.com/?q=20.843234,-103.69305&t=k"
25918,agave en pie,0.47,2023,3,0,0.94,20.818043,-103.688943,"https://maps.google.com/?q=20.818043,-103.688943&t=k"
31547,agave en pie,0.47,2023,3,0,0.68,20.793232,-103.729267,"https://maps.google.com/?q=20.793232,-103.729267&t=k"
33979,agave en pie,0.47,2023,3,0,1.0,20.782867,-103.769796,"https://maps.google.com/?q=20.782867,-103.769796&t=k"
34715,agave en pie,0.47,2023,3,0,0.62,20.779662,-103.745134,"https://maps.google.com/?q=20.779662,-103.745134&t=k"
469,agave en pie,0.46,2023,3,0,0.67,20.929461,-103.869859,"https://maps.google.com/?q=20.929461,-103.869859&t=k"
775,agave en pie,0.46,2023,3,0,1.0,20.927728,-103.82713,"https://maps.google.com/?q=20.927728,-103.82713&t=k"
4444,agave en pie,0.46,2023,3,0,0.67,20.909862,-103.74141,"https://maps.google.com/?q=20.909862,-103.74141&t=k"
6287,agave en pie,0.46,2023,3,0,0.87,20.903154,-103.880921,"https://maps.google.com/?q=20.903154,-103.880921&t=k"
7109,agave en pie,0.46,2023,3,0,0.74,20.899446,-103.894264,"https://maps.google.com/?q=20.899446,-103.894264&t=k"
9171,agave en pie,0.46,2023,3,0,0.5,20.890367,-103.781468,"https://maps.google.com/?q=20.890367,-103.781468&t=k"
9746,agave en pie,0.46,2023,3,0,0.8,20.887497,-103.753036,"https://maps.google.com/?q=20.887497,-103.753036&t=k"
11595,agave en pie,0.46,2023,3,0,0.96,20.880243,-103.812647,"https://maps.google.com/?q=20.880243,-103.812647&t=k"
12708,agave en pie,0.46,2023,3,0,0.63,20.875245,-103.7392,"https://maps.google.com/?q=20.875245,-103.7392&t=k"
14933,agave en pie,0.46,2023,3,0,1.0,20.866248,-103.762823,"https://maps.google.com/?q=20.866248,-103.762823&t=k"
16084,agave en pie,0.46,2023,3,0,0.83,20.861597,-103.750655,"https://maps.google.com/?q=20.861597,-103.750655&t=k"
16689,agave en pie,0.46,2023,3,0,0.91,20.858987,-103.802626,"https://maps.google.com/?q=20.858987,-103.802626&t=k"
17712,agave en pie,0.46,2023,3,0,1.0,20.855423,-103.876565,"https://maps.google.com/?q=20.855423,-103.876565&t=k"
18074,agave en pie,0.46,2023,3,0,0.57,20.852839,-103.789027,"https://maps.google.com/?q=20.852839,-103.789027&t=k"
18415,agave en pie,0.46,2023,3,0,0.5,20.85148,-103.788605,"https://maps.google.com/?q=20.85148,-103.788605&t=k"
21610,agave en pie,0.46,2023,3,0,0.74,20.83757,-103.684834,"https://maps.google.com/?q=20.83757,-103.684834&t=k"
23713,agave en pie,0.46,2023,3,0,0.93,20.82864,-103.79095,"https://maps.google.com/?q=20.82864,-103.79095&t=k"
25078,agave en pie,0.46,2023,3,0,0.43,20.822653,-103.768465,"https://maps.google.com/?q=20.822653,-103.768465&t=k"
28312,agave en pie,0.46,2023,3,0,1.0,20.80745,-103.680003,"https://maps.google.com/?q=20.80745,-103.680003&t=k"
31484,agave en pie,0.46,2023,3,0,0.48,20.793231,-103.705009,"https://maps.google.com/?q=20.793231,-103.705009&t=k"
33209,agave en pie,0.46,2023,3,0,1.0,20.785978,-103.725677,"https://maps.google.com/?q=20.785978,-103.725677&t=k"
4005,agave en pie,0.45,2023,3,0,0.64,20.912431,-103.849555,"https://maps.google.com/?q=20.912431,-103.849555&t=k"
6731,agave en pie,0.45,2023,3,0,1.0,20.89976,-103.839365,"https://maps.google.com/?q=20.89976,-103.839365&t=k"
6790,agave en pie,0.45,2023,3,0,0.71,20.900417,-103.836427,"https://maps.google.com/?q=20.900417,-103.836427&t=k"
7925,agave en pie,0.45,2023,3,0,0.96,20.89615,-103.846603,"https://maps.google.com/?q=20.89615,-103.846603&t=k"
9121,agave en pie,0.45,2023,3,0,0.98,20.890641,-103.750559,"https://maps.google.com/?q=20.890641,-103.750559&t=k"
10389,agave en pie,0.45,2023,3,0,1.0,20.885628,-103.801165,"https://maps.google.com/?q=20.885628,-103.801165&t=k"
13438,agave en pie,0.45,2023,3,0,0.49,20.872077,-103.756912,"https://maps.google.com/?q=20.872077,-103.756912&t=k"
14109,agave en pie,0.45,2023,3,0,0.51,20.869437,-103.804802,"https://maps.google.com/?q=20.869437,-103.804802&t=k"
21695,agave en pie,0.45,2023,3,0,0.38,20.836968,-103.700599,"https://maps.google.com/?q=20.836968,-103.700599&t=k"
21930,agave en pie,0.45,2023,3,0,0.91,20.836571,-103.769216,"https://maps.google.com/?q=20.836571,-103.769216&t=k"
22304,agave en pie,0.45,2023,3,0,0.6,20.834495,-103.696152,"https://maps.google.com/?q=20.834495,-103.696152&t=k"
30700,agave en pie,0.45,2023,3,0,0.73,20.796873,-103.720782,"https://maps.google.com/?q=20.796873,-103.720782&t=k"
33367,agave en pie,0.45,2023,3,0,0.73,20.785621,-103.782311,"https://maps.google.com/?q=20.785621,-103.782311&t=k"
33453,agave en pie,0.45,2023,3,0,0.89,20.785231,-103.759402,"https://maps.google.com/?q=20.785231,-103.759402&t=k"
33887,agave en pie,0.45,2023,3,0,1.0,20.783412,-103.770272,"https://maps.google.com/?q=20.783412,-103.770272&t=k"
789,agave en pie,0.44,2023,3,0,0.45,20.928093,-103.8954,"https://maps.google.com/?q=20.928093,-103.8954&t=k"
3789,agave en pie,0.44,2023,3,0,1.0,20.913691,-103.835508,"https://maps.google.com/?q=20.913691,-103.835508&t=k"
4384,agave en pie,0.44,2023,3,0,0.55,20.910479,-103.727176,"https://maps.google.com/?q=20.910479,-103.727176&t=k"
6882,agave en pie,0.44,2023,3,0,0.57,20.89988,-103.77894,"https://maps.google.com/?q=20.89988,-103.77894&t=k"
8827,agave en pie,0.44,2023,3,0,0.52,20.891955,-103.801499,"https://maps.google.com/?q=20.891955,-103.801499&t=k"
10372,agave en pie,0.44,2023,3,0,0.86,20.88516,-103.742289,"https://maps.google.com/?q=20.88516,-103.742289&t=k"
10899,agave en pie,0.44,2023,3,0,0.73,20.882622,-103.681222,"https://maps.google.com/?q=20.882622,-103.681222&t=k"
11126,agave en pie,0.44,2023,3,0,0.48,20.881766,-103.797927,"https://maps.google.com/?q=20.881766,-103.797927&t=k"
13552,agave en pie,0.44,2023,3,0,0.52,20.872014,-103.798726,"https://maps.google.com/?q=20.872014,-103.798726&t=k"
13843,agave en pie,0.44,2023,3,0,0.39,20.870186,-103.739242,"https://maps.google.com/?q=20.870186,-103.739242&t=k"
16799,agave en pie,0.44,2023,3,0,0.91,20.858313,-103.752508,"https://maps.google.com/?q=20.858313,-103.752508&t=k"
17749,agave en pie,0.44,2023,3,0,0.82,20.854594,-103.756672,"https://maps.google.com/?q=20.854594,-103.756672&t=k"
18329,agave en pie,0.44,2023,3,0,0.77,20.852249,-103.808013,"https://maps.google.com/?q=20.852249,-103.808013&t=k"
18804,agave en pie,0.44,2023,3,0,0.64,20.850514,-103.811871,"https://maps.google.com/?q=20.850514,-103.811871&t=k"
23920,agave en pie,0.44,2023,3,0,0.75,20.827572,-103.793265,"https://maps.google.com/?q=20.827572,-103.793265&t=k"
24771,agave en pie,0.44,2023,3,0,0.84,20.823062,-103.689572,"https://maps.google.com/?q=20.823062,-103.689572&t=k"
27745,agave en pie,0.44,2023,3,0,0.55,20.810025,-103.697852,"https://maps.google.com/?q=20.810025,-103.697852&t=k"
31670,agave en pie,0.44,2023,3,0,0.82,20.792604,-103.717792,"https://maps.google.com/?q=20.792604,-103.717792&t=k"
34400,agave en pie,0.44,2023,3,0,0.95,20.781092,-103.749301,"https://maps.google.com/?q=20.781092,-103.749301&t=k"
2436,agave en pie,0.43,2023,3,0,0.7,20.919966,-103.882238,"https://maps.google.com/?q=20.919966,-103.882238&t=k"
3144,agave en pie,0.43,2023,3,0,0.42,20.916256,-103.788614,"https://maps.google.com/?q=20.916256,-103.788614&t=k"
3916,agave en pie,0.43,2023,3,0,0.91,20.912939,-103.864695,"https://maps.google.com/?q=20.912939,-103.864695&t=k"
4019,agave en pie,0.43,2023,3,0,0.63,20.912659,-103.863303,"https://maps.google.com/?q=20.912659,-103.863303&t=k"
4389,agave en pie,0.43,2023,3,0,0.37,20.911088,-103.885429,"https://maps.google.com/?q=20.911088,-103.885429&t=k"
6320,agave en pie,0.43,2023,3,0,0.65,20.902576,-103.84838,"https://maps.google.com/?q=20.902576,-103.84838&t=k"
6909,agave en pie,0.43,2023,3,0,1.0,20.899987,-103.793985,"https://maps.google.com/?q=20.899987,-103.793985&t=k"
7851,agave en pie,0.43,2023,3,0,0.72,20.895977,-103.888809,"https://maps.google.com/?q=20.895977,-103.888809&t=k"
10739,agave en pie,0.43,2023,3,0,1.0,20.884287,-103.829246,"https://maps.google.com/?q=20.884287,-103.829246&t=k"
11949,agave en pie,0.43,2023,3,0,1.0,20.879602,-103.899216,"https://maps.google.com/?q=20.879602,-103.899216&t=k"
14758,agave en pie,0.43,2023,3,0,0.65,20.867228,-103.786172,"https://maps.google.com/?q=20.867228,-103.786172&t=k"
17281,agave en pie,0.43,2023,3,0,0.47,20.856582,-103.781837,"https://maps.google.com/?q=20.856582,-103.781837&t=k"
17658,agave en pie,0.43,2023,3,0,1.0,20.854986,-103.798861,"https://maps.google.com/?q=20.854986,-103.798861&t=k"
19636,agave en pie,0.43,2023,3,0,1.0,20.846406,-103.718297,"https://maps.google.com/?q=20.846406,-103.718297&t=k"
19701,agave en pie,0.43,2023,3,0,0.63,20.846471,-103.733049,"https://maps.google.com/?q=20.846471,-103.733049&t=k"
21881,agave en pie,0.43,2023,3,0,1.0,20.836399,-103.720977,"https://maps.google.com/?q=20.836399,-103.720977&t=k"
24121,agave en pie,0.43,2023,3,0,1.0,20.825696,-103.679652,"https://maps.google.com/?q=20.825696,-103.679652&t=k"
24436,agave en pie,0.43,2023,3,0,0.35,20.825435,-103.772094,"https://maps.google.com/?q=20.825435,-103.772094&t=k"
24572,agave en pie,0.43,2023,3,0,0.44,20.825237,-103.788767,"https://maps.google.com/?q=20.825237,-103.788767&t=k"
24731,agave en pie,0.43,2023,3,0,0.81,20.823786,-103.701625,"https://maps.google.com/?q=20.823786,-103.701625&t=k"
26500,agave en pie,0.43,2023,3,0,1.0,20.816239,-103.781152,"https://maps.google.com/?q=20.816239,-103.781152&t=k"
28207,agave en pie,0.43,2023,3,0,0.86,20.807947,-103.680095,"https://maps.google.com/?q=20.807947,-103.680095&t=k"
29663,agave en pie,0.43,2023,3,0,0.53,20.801345,-103.690865,"https://maps.google.com/?q=20.801345,-103.690865&t=k"
34554,agave en pie,0.43,2023,3,0,0.51,20.780667,-103.771687,"https://maps.google.com/?q=20.780667,-103.771687&t=k"
602,agave en pie,0.42,2023,3,0,1.0,20.928027,-103.706066,"https://maps.google.com/?q=20.928027,-103.706066&t=k"
3903,agave en pie,0.42,2023,3,0,1.0,20.913061,-103.835753,"https://maps.google.com/?q=20.913061,-103.835753&t=k"
6295,agave en pie,0.42,2023,3,0,0.6,20.902642,-103.831507,"https://maps.google.com/?q=20.902642,-103.831507&t=k"
7517,agave en pie,0.42,2023,3,0,0.62,20.897038,-103.717676,"https://maps.google.com/?q=20.897038,-103.717676&t=k"
8640,agave en pie,0.42,2023,3,0,0.76,20.892273,-103.782654,"https://maps.google.com/?q=20.892273,-103.782654&t=k"
9745,agave en pie,0.42,2023,3,0,1.0,20.887668,-103.757842,"https://maps.google.com/?q=20.887668,-103.757842&t=k"
10441,agave en pie,0.42,2023,3,0,0.43,20.885685,-103.876003,"https://maps.google.com/?q=20.885685,-103.876003&t=k"
15199,agave en pie,0.42,2023,3,0,0.57,20.86532,-103.784602,"https://maps.google.com/?q=20.86532,-103.784602&t=k"
15271,agave en pie,0.42,2023,3,0,0.88,20.864691,-103.716989,"https://maps.google.com/?q=20.864691,-103.716989&t=k"
15513,agave en pie,0.42,2023,3,0,0.69,20.864283,-103.784946,"https://maps.google.com/?q=20.864283,-103.784946&t=k"
16460,agave en pie,0.42,2023,3,0,0.5,20.860575,-103.84971,"https://maps.google.com/?q=20.860575,-103.84971&t=k"
16996,agave en pie,0.42,2023,3,0,0.55,20.858375,-103.872073,"https://maps.google.com/?q=20.858375,-103.872073&t=k"
17970,agave en pie,0.42,2023,3,0,0.52,20.853946,-103.766913,"https://maps.google.com/?q=20.853946,-103.766913&t=k"
20690,agave en pie,0.42,2023,3,0,1.0,20.84155,-103.691382,"https://maps.google.com/?q=20.84155,-103.691382&t=k"
29326,agave en pie,0.42,2023,3,0,0.9,20.80347,-103.789566,"https://maps.google.com/?q=20.80347,-103.789566&t=k"
32558,agave en pie,0.42,2023,3,0,0.62,20.788593,-103.70697,"https://maps.google.com/?q=20.788593,-103.70697&t=k"
34603,agave en pie,0.42,2023,3,0,1.0,20.780297,-103.739413,"https://maps.google.com/?q=20.780297,-103.739413&t=k"
4013,agave en pie,0.41,2023,3,0,0.71,20.913016,-103.897049,"https://maps.google.com/?q=20.913016,-103.897049&t=k"
4449,agave en pie,0.41,2023,3,0,0.41,20.909484,-103.714878,"https://maps.google.com/?q=20.909484,-103.714878&t=k"
6939,agave en pie,0.41,2023,3,0,0.41,20.900291,-103.899257,"https://maps.google.com/?q=20.900291,-103.899257&t=k"
7013,agave en pie,0.41,2023,3,0,0.95,20.89926,-103.761784,"https://maps.google.com/?q=20.89926,-103.761784&t=k"
8923,agave en pie,0.41,2023,3,0,0.85,20.891793,-103.778717,"https://maps.google.com/?q=20.891793,-103.778717&t=k"
9352,agave en pie,0.41,2023,3,0,0.95,20.8894,-103.766239,"https://maps.google.com/?q=20.8894,-103.766239&t=k"
11205,agave en pie,0.41,2023,3,0,1.0,20.881035,-103.777698,"https://maps.google.com/?q=20.881035,-103.777698&t=k"
17266,agave en pie,0.41,2023,3,0,1.0,20.856052,-103.685779,"https://maps.google.com/?q=20.856052,-103.685779&t=k"
17539,agave en pie,0.41,2023,3,0,1.0,20.85628,-103.876414,"https://maps.google.com/?q=20.85628,-103.876414&t=k"
20316,agave en pie,0.41,2023,3,0,0.83,20.843185,-103.728559,"https://maps.google.com/?q=20.843185,-103.728559&t=k"
25262,agave en pie,0.41,2023,3,0,0.51,20.822288,-103.812813,"https://maps.google.com/?q=20.822288,-103.812813&t=k"
25333,agave en pie,0.41,2023,3,0,0.73,20.821911,-103.78471,"https://maps.google.com/?q=20.821911,-103.78471&t=k"
26105,agave en pie,0.41,2023,3,0,0.56,20.817003,-103.68876,"https://maps.google.com/?q=20.817003,-103.68876&t=k"
28650,agave en pie,0.41,2023,3,0,0.56,20.80559,-103.696737,"https://maps.google.com/?q=20.80559,-103.696737&t=k"
29065,agave en pie,0.41,2023,3,0,0.59,20.804177,-103.768279,"https://maps.google.com/?q=20.804177,-103.768279&t=k"
31086,agave en pie,0.41,2023,3,0,0.51,20.794648,-103.683477,"https://maps.google.com/?q=20.794648,-103.683477&t=k"
31715,agave en pie,0.41,2023,3,0,0.95,20.792193,-103.760162,"https://maps.google.com/?q=20.792193,-103.760162&t=k"
33003,agave en pie,0.41,2023,3,0,0.54,20.787083,-103.759339,"https://maps.google.com/?q=20.787083,-103.759339&t=k"
1451,agave en pie,0.4,2023,3,0,0.7,20.924604,-103.832779,"https://maps.google.com/?q=20.924604,-103.832779&t=k"
3862,agave en pie,0.4,2023,3,0,0.42,20.913266,-103.839357,"https://maps.google.com/?q=20.913266,-103.839357&t=k"
3895,agave en pie,0.4,2023,3,0,0.65,20.913431,-103.877527,"https://maps.google.com/?q=20.913431,-103.877527&t=k"
3917,agave en pie,0.4,2023,3,0,0.62,20.913247,-103.863394,"https://maps.google.com/?q=20.913247,-103.863394&t=k"
4627,agave en pie,0.4,2023,3,0,0.8,20.908389,-103.725559,"https://maps.google.com/?q=20.908389,-103.725559&t=k"
11836,agave en pie,0.4,2023,3,0,0.72,20.879034,-103.738543,"https://maps.google.com/?q=20.879034,-103.738543&t=k"
12608,agave en pie,0.4,2023,3,0,0.65,20.875722,-103.767456,"https://maps.google.com/?q=20.875722,-103.767456&t=k"
12673,agave en pie,0.4,2023,3,0,0.98,20.876226,-103.866509,"https://maps.google.com/?q=20.876226,-103.866509&t=k"
14911,agave en pie,0.4,2023,3,0,0.55,20.866098,-103.736104,"https://maps.google.com/?q=20.866098,-103.736104&t=k"
15064,agave en pie,0.4,2023,3,0,0.5,20.866396,-103.876002,"https://maps.google.com/?q=20.866396,-103.876002&t=k"
15618,agave en pie,0.4,2023,3,0,0.4,20.862976,-103.741609,"https://maps.google.com/?q=20.862976,-103.741609&t=k"
15732,agave en pie,0.4,2023,3,0,1.0,20.862816,-103.702011,"https://maps.google.com/?q=20.862816,-103.702011&t=k"
19684,agave en pie,0.4,2023,3,0,0.68,20.846102,-103.690046,"https://maps.google.com/?q=20.846102,-103.690046&t=k"
19764,agave en pie,0.4,2023,3,0,0.85,20.846638,-103.813055,"https://maps.google.com/?q=20.846638,-103.813055&t=k"
19850,agave en pie,0.4,2023,3,0,0.62,20.845454,-103.742187,"https://maps.google.com/?q=20.845454,-103.742187&t=k"
19910,agave en pie,0.4,2023,3,0,0.55,20.845074,-103.685586,"https://maps.google.com/?q=20.845074,-103.685586&t=k"
22201,agave en pie,0.4,2023,3,0,1.0,20.835046,-103.703258,"https://maps.google.com/?q=20.835046,-103.703258&t=k"
23565,agave en pie,0.4,2023,3,0,0.62,20.829526,-103.788397,"https://maps.google.com/?q=20.829526,-103.788397&t=k"
23786,agave en pie,0.4,2023,3,0,0.9,20.827815,-103.789227,"https://maps.google.com/?q=20.827815,-103.789227&t=k"
30058,agave en pie,0.4,2023,3,0,0.6,20.799981,-103.769033,"https://maps.google.com/?q=20.799981,-103.769033&t=k"
32820,agave en pie,0.4,2023,3,0,0.8,20.788345,-103.77787,"https://maps.google.com/?q=20.788345,-103.77787&t=k"
1092,agave en pie,0.39,2023,3,0,0.56,20.926692,-103.89541,"https://maps.google.com/?q=20.926692,-103.89541&t=k"
2333,agave en pie,0.39,2023,3,0,0.69,20.920259,-103.82488,"https://maps.google.com/?q=20.920259,-103.82488&t=k"
3447,agave en pie,0.39,2023,3,0,1.0,20.915067,-103.865352,"https://maps.google.com/?q=20.915067,-103.865352&t=k"
4448,agave en pie,0.39,2023,3,0,1.0,20.909847,-103.715163,"https://maps.google.com/?q=20.909847,-103.715163&t=k"
7539,agave en pie,0.39,2023,3,0,1.0,20.897129,-103.754495,"https://maps.google.com/?q=20.897129,-103.754495&t=k"
7696,agave en pie,0.39,2023,3,0,1.0,20.896401,-103.753684,"https://maps.google.com/?q=20.896401,-103.753684&t=k"
8792,agave en pie,0.39,2023,3,0,0.77,20.892315,-103.8014,"https://maps.google.com/?q=20.892315,-103.8014&t=k"
9706,agave en pie,0.39,2023,3,0,0.87,20.887628,-103.752362,"https://maps.google.com/?q=20.887628,-103.752362&t=k"
11999,agave en pie,0.39,2023,3,0,1.0,20.878338,-103.75441,"https://maps.google.com/?q=20.878338,-103.75441&t=k"
12012,agave en pie,0.39,2023,3,0,0.41,20.878452,-103.847988,"https://maps.google.com/?q=20.878452,-103.847988&t=k"
13035,agave en pie,0.39,2023,3,0,1.0,20.873574,-103.708984,"https://maps.google.com/?q=20.873574,-103.708984&t=k"
15553,agave en pie,0.39,2023,3,0,0.67,20.864141,-103.803162,"https://maps.google.com/?q=20.864141,-103.803162&t=k"
16464,agave en pie,0.39,2023,3,0,0.38,20.859986,-103.816362,"https://maps.google.com/?q=20.859986,-103.816362&t=k"
16707,agave en pie,0.39,2023,3,0,0.44,20.859077,-103.809017,"https://maps.google.com/?q=20.859077,-103.809017&t=k"
17905,agave en pie,0.39,2023,3,0,0.9,20.853696,-103.757448,"https://maps.google.com/?q=20.853696,-103.757448&t=k"
18167,agave en pie,0.39,2023,3,0,0.51,20.852966,-103.787921,"https://maps.google.com/?q=20.852966,-103.787921&t=k"
18640,agave en pie,0.39,2023,3,0,0.51,20.851003,-103.759777,"https://maps.google.com/?q=20.851003,-103.759777&t=k"
19528,agave en pie,0.39,2023,3,0,0.87,20.847382,-103.764996,"https://maps.google.com/?q=20.847382,-103.764996&t=k"
21206,agave en pie,0.39,2023,3,0,0.69,20.839531,-103.69904,"https://maps.google.com/?q=20.839531,-103.69904&t=k"
22257,agave en pie,0.39,2023,3,0,0.69,20.835044,-103.751739,"https://maps.google.com/?q=20.835044,-103.751739&t=k"
22977,agave en pie,0.39,2023,3,0,0.64,20.832023,-103.764881,"https://maps.google.com/?q=20.832023,-103.764881&t=k"
23206,agave en pie,0.39,2023,3,0,0.64,20.829694,-103.694512,"https://maps.google.com/?q=20.829694,-103.694512&t=k"
25289,agave en pie,0.39,2023,3,0,0.67,20.821741,-103.812049,"https://maps.google.com/?q=20.821741,-103.812049&t=k"
26610,agave en pie,0.39,2023,3,0,0.49,20.814895,-103.696705,"https://maps.google.com/?q=20.814895,-103.696705&t=k"
28311,agave en pie,0.39,2023,3,0,1.0,20.807636,-103.680674,"https://maps.google.com/?q=20.807636,-103.680674&t=k"
31075,agave en pie,0.39,2023,3,0,0.74,20.794089,-103.687133,"https://maps.google.com/?q=20.794089,-103.687133&t=k"
31726,agave en pie,0.39,2023,3,0,0.59,20.792334,-103.693921,"https://maps.google.com/?q=20.792334,-103.693921&t=k"
31824,agave en pie,0.39,2023,3,0,0.72,20.791964,-103.747242,"https://maps.google.com/?q=20.791964,-103.747242&t=k"
34043,agave en pie,0.39,2023,3,0,0.67,20.782331,-103.709185,"https://maps.google.com/?q=20.782331,-103.709185&t=k"
362,agave en pie,0.38,2023,3,0,0.74,20.92934,-103.736632,"https://maps.google.com/?q=20.92934,-103.736632&t=k"
752,agave en pie,0.38,2023,3,0,1.0,20.928136,-103.847272,"https://maps.google.com/?q=20.928136,-103.847272&t=k"
4542,agave en pie,0.38,2023,3,0,0.97,20.909349,-103.770258,"https://maps.google.com/?q=20.909349,-103.770258&t=k"
6976,agave en pie,0.38,2023,3,0,0.79,20.900129,-103.895172,"https://maps.google.com/?q=20.900129,-103.895172&t=k"
8295,agave en pie,0.38,2023,3,0,0.97,20.893789,-103.718088,"https://maps.google.com/?q=20.893789,-103.718088&t=k"
8508,agave en pie,0.38,2023,3,0,1.0,20.893347,-103.781204,"https://maps.google.com/?q=20.893347,-103.781204&t=k"
12185,agave en pie,0.38,2023,3,0,1.0,20.877783,-103.784069,"https://maps.google.com/?q=20.877783,-103.784069&t=k"
12451,agave en pie,0.38,2023,3,0,0.58,20.877029,-103.864965,"https://maps.google.com/?q=20.877029,-103.864965&t=k"
12624,agave en pie,0.38,2023,3,0,0.74,20.876093,-103.826666,"https://maps.google.com/?q=20.876093,-103.826666&t=k"
14296,agave en pie,0.38,2023,3,0,0.55,20.869008,-103.788753,"https://maps.google.com/?q=20.869008,-103.788753&t=k"
14762,agave en pie,0.38,2023,3,0,0.47,20.866987,-103.758925,"https://maps.google.com/?q=20.866987,-103.758925&t=k"
19004,agave en pie,0.38,2023,3,0,0.61,20.849231,-103.764596,"https://maps.google.com/?q=20.849231,-103.764596&t=k"
24524,agave en pie,0.38,2023,3,0,0.71,20.825166,-103.791506,"https://maps.google.com/?q=20.825166,-103.791506&t=k"
25725,agave en pie,0.38,2023,3,0,0.66,20.820084,-103.781938,"https://maps.google.com/?q=20.820084,-103.781938&t=k"
26569,agave en pie,0.38,2023,3,0,0.97,20.814875,-103.682245,"https://maps.google.com/?q=20.814875,-103.682245&t=k"
27493,agave en pie,0.38,2023,3,0,0.63,20.811392,-103.68165,"https://maps.google.com/?q=20.811392,-103.68165&t=k"
31461,agave en pie,0.38,2023,3,0,0.92,20.793881,-103.749964,"https://maps.google.com/?q=20.793881,-103.749964&t=k"
32091,agave en pie,0.38,2023,3,0,1.0,20.791194,-103.759401,"https://maps.google.com/?q=20.791194,-103.759401&t=k"
32824,agave en pie,0.38,2023,3,0,1.0,20.787806,-103.734644,"https://maps.google.com/?q=20.787806,-103.734644&t=k"
33543,agave en pie,0.38,2023,3,0,0.5,20.784765,-103.757437,"https://maps.google.com/?q=20.784765,-103.757437&t=k"
34419,agave en pie,0.38,2023,3,0,0.58,20.780234,-103.706561,"https://maps.google.com/?q=20.780234,-103.706561&t=k"
1200,agave en pie,0.37,2023,3,0,0.46,20.925165,-103.733975,"https://maps.google.com/?q=20.925165,-103.733975&t=k"
4003,agave en pie,0.37,2023,3,0,1.0,20.912842,-103.884166,"https://maps.google.com/?q=20.912842,-103.884166&t=k"
8290,agave en pie,0.37,2023,3,0,1.0,20.894264,-103.783071,"https://maps.google.com/?q=20.894264,-103.783071&t=k"
11244,agave en pie,0.37,2023,3,0,0.76,20.881468,-103.775051,"https://maps.google.com/?q=20.881468,-103.775051&t=k"
14761,agave en pie,0.37,2023,3,0,0.59,20.86671,-103.764261,"https://maps.google.com/?q=20.86671,-103.764261&t=k"
15345,agave en pie,0.37,2023,3,0,0.78,20.86457,-103.743374,"https://maps.google.com/?q=20.86457,-103.743374&t=k"
16224,agave en pie,0.37,2023,3,0,1.0,20.860694,-103.750711,"https://maps.google.com/?q=20.860694,-103.750711&t=k"
18893,agave en pie,0.37,2023,3,0,0.65,20.849444,-103.775359,"https://maps.google.com/?q=20.849444,-103.775359&t=k"
19897,agave en pie,0.37,2023,3,0,0.68,20.845381,-103.788414,"https://maps.google.com/?q=20.845381,-103.788414&t=k"
23864,agave en pie,0.37,2023,3,0,0.76,20.828279,-103.75314,"https://maps.google.com/?q=20.828279,-103.75314&t=k"
26255,agave en pie,0.37,2023,3,0,0.62,20.816971,-103.696447,"https://maps.google.com/?q=20.816971,-103.696447&t=k"
29784,agave en pie,0.37,2023,3,0,1.0,20.801358,-103.778438,"https://maps.google.com/?q=20.801358,-103.778438&t=k"
30909,agave en pie,0.37,2023,3,0,0.57,20.795677,-103.76095,"https://maps.google.com/?q=20.795677,-103.76095&t=k"
34710,agave en pie,0.37,2023,3,0,0.38,20.77976,-103.764874,"https://maps.google.com/?q=20.77976,-103.764874&t=k"
1555,agave en pie,0.36,2023,3,0,0.67,20.923453,-103.809903,"https://maps.google.com/?q=20.923453,-103.809903&t=k"
2408,agave en pie,0.36,2023,3,0,1.0,20.91963,-103.786616,"https://maps.google.com/?q=20.91963,-103.786616&t=k"
4888,agave en pie,0.36,2023,3,0,0.94,20.908973,-103.879724,"https://maps.google.com/?q=20.908973,-103.879724&t=k"
5360,agave en pie,0.36,2023,3,0,0.81,20.906128,-103.725145,"https://maps.google.com/?q=20.906128,-103.725145&t=k"
6663,agave en pie,0.36,2023,3,0,0.94,20.900608,-103.760763,"https://maps.google.com/?q=20.900608,-103.760763&t=k"
10097,agave en pie,0.36,2023,3,0,0.61,20.886094,-103.752663,"https://maps.google.com/?q=20.886094,-103.752663&t=k"
10210,agave en pie,0.36,2023,3,0,0.5,20.88599,-103.75699,"https://maps.google.com/?q=20.88599,-103.75699&t=k"
10722,agave en pie,0.36,2023,3,0,0.56,20.884163,-103.791948,"https://maps.google.com/?q=20.884163,-103.791948&t=k"
14431,agave en pie,0.36,2023,3,0,0.61,20.867905,-103.711916,"https://maps.google.com/?q=20.867905,-103.711916&t=k"
17839,agave en pie,0.36,2023,3,0,0.5,20.853679,-103.742743,"https://maps.google.com/?q=20.853679,-103.742743&t=k"
19002,agave en pie,0.36,2023,3,0,0.69,20.849198,-103.78526,"https://maps.google.com/?q=20.849198,-103.78526&t=k"
19494,agave en pie,0.36,2023,3,0,0.69,20.847371,-103.74491,"https://maps.google.com/?q=20.847371,-103.74491&t=k"
20323,agave en pie,0.36,2023,3,0,0.92,20.843354,-103.690934,"https://maps.google.com/?q=20.843354,-103.690934&t=k"
21567,agave en pie,0.36,2023,3,0,0.89,20.837807,-103.686273,"https://maps.google.com/?q=20.837807,-103.686273&t=k"
28293,agave en pie,0.36,2023,3,0,1.0,20.807641,-103.681347,"https://maps.google.com/?q=20.807641,-103.681347&t=k"
431,agave en pie,0.35,2023,3,0,0.57,20.928904,-103.744857,"https://maps.google.com/?q=20.928904,-103.744857&t=k"
3411,agave en pie,0.35,2023,3,0,0.89,20.915274,-103.876215,"https://maps.google.com/?q=20.915274,-103.876215&t=k"
5656,agave en pie,0.35,2023,3,0,0.86,20.905439,-103.830956,"https://maps.google.com/?q=20.905439,-103.830956&t=k"
5930,agave en pie,0.35,2023,3,0,0.6,20.90409,-103.805729,"https://maps.google.com/?q=20.90409,-103.805729&t=k"
6415,agave en pie,0.35,2023,3,0,0.94,20.901813,-103.77753,"https://maps.google.com/?q=20.901813,-103.77753&t=k"
7934,agave en pie,0.35,2023,3,0,1.0,20.895393,-103.73336,"https://maps.google.com/?q=20.895393,-103.73336&t=k"
9351,agave en pie,0.35,2023,3,0,0.91,20.88929,-103.78239,"https://maps.google.com/?q=20.88929,-103.78239&t=k"
9603,agave en pie,0.35,2023,3,0,0.71,20.888827,-103.819453,"https://maps.google.com/?q=20.888827,-103.819453&t=k"
10632,agave en pie,0.35,2023,3,0,0.71,20.884361,-103.853518,"https://maps.google.com/?q=20.884361,-103.853518&t=k"
10776,agave en pie,0.35,2023,3,0,0.37,20.883355,-103.718128,"https://maps.google.com/?q=20.883355,-103.718128&t=k"
13241,agave en pie,0.35,2023,3,0,0.97,20.873049,-103.741525,"https://maps.google.com/?q=20.873049,-103.741525&t=k"
15235,agave en pie,0.35,2023,3,0,0.46,20.865677,-103.876488,"https://maps.google.com/?q=20.865677,-103.876488&t=k"
15534,agave en pie,0.35,2023,3,0,0.77,20.864322,-103.803304,"https://maps.google.com/?q=20.864322,-103.803304&t=k"
15666,agave en pie,0.35,2023,3,0,0.89,20.862974,-103.717004,"https://maps.google.com/?q=20.862974,-103.717004&t=k"
16483,agave en pie,0.35,2023,3,0,1.0,20.859303,-103.685606,"https://maps.google.com/?q=20.859303,-103.685606&t=k"
16881,agave en pie,0.35,2023,3,0,1.0,20.857535,-103.690619,"https://maps.google.com/?q=20.857535,-103.690619&t=k"
17633,agave en pie,0.35,2023,3,0,0.74,20.854384,-103.758788,"https://maps.google.com/?q=20.854384,-103.758788&t=k"
19375,agave en pie,0.35,2023,3,0,0.57,20.848042,-103.750142,"https://maps.google.com/?q=20.848042,-103.750142&t=k"
20576,agave en pie,0.35,2023,3,0,0.51,20.842817,-103.777238,"https://maps.google.com/?q=20.842817,-103.777238&t=k"
21296,agave en pie,0.35,2023,3,0,0.6,20.838644,-103.701257,"https://maps.google.com/?q=20.838644,-103.701257&t=k"
23350,agave en pie,0.35,2023,3,0,0.57,20.830392,-103.757976,"https://maps.google.com/?q=20.830392,-103.757976&t=k"
24113,agave en pie,0.35,2023,3,0,0.83,20.827288,-103.791345,"https://maps.google.com/?q=20.827288,-103.791345&t=k"
512,agave en pie,0.34,2023,3,0,0.5,20.929273,-103.815482,"https://maps.google.com/?q=20.929273,-103.815482&t=k"
4814,agave en pie,0.34,2023,3,0,0.76,20.909561,-103.893709,"https://maps.google.com/?q=20.909561,-103.893709&t=k"
6109,agave en pie,0.34,2023,3,0,0.71,20.903126,-103.836262,"https://maps.google.com/?q=20.903126,-103.836262&t=k"
7492,agave en pie,0.34,2023,3,0,0.71,20.896399,-103.716816,"https://maps.google.com/?q=20.896399,-103.716816&t=k"
8764,agave en pie,0.34,2023,3,0,0.68,20.891565,-103.698832,"https://maps.google.com/?q=20.891565,-103.698832&t=k"
11712,agave en pie,0.34,2023,3,0,1.0,20.880269,-103.897528,"https://maps.google.com/?q=20.880269,-103.897528&t=k"
14902,agave en pie,0.34,2023,3,0,0.65,20.866874,-103.886861,"https://maps.google.com/?q=20.866874,-103.886861&t=k"
15205,agave en pie,0.34,2023,3,0,1.0,20.865293,-103.761966,"https://maps.google.com/?q=20.865293,-103.761966&t=k"
20400,agave en pie,0.34,2023,3,0,1.0,20.84275,-103.694735,"https://maps.google.com/?q=20.84275,-103.694735&t=k"
21784,agave en pie,0.34,2023,3,0,0.88,20.837526,-103.782759,"https://maps.google.com/?q=20.837526,-103.782759&t=k"
22157,agave en pie,0.34,2023,3,0,0.88,20.835828,-103.79171,"https://maps.google.com/?q=20.835828,-103.79171&t=k"
30224,agave en pie,0.34,2023,3,0,0.44,20.799412,-103.784218,"https://maps.google.com/?q=20.799412,-103.784218&t=k"
30314,agave en pie,0.34,2023,3,0,0.59,20.798974,-103.779802,"https://maps.google.com/?q=20.798974,-103.779802&t=k"
30536,agave en pie,0.34,2023,3,0,0.56,20.797185,-103.702237,"https://maps.google.com/?q=20.797185,-103.702237&t=k"
30829,agave en pie,0.34,2023,3,0,0.35,20.796408,-103.762145,"https://maps.google.com/?q=20.796408,-103.762145&t=k"
31862,agave en pie,0.34,2023,3,0,0.44,20.792045,-103.783748,"https://maps.google.com/?q=20.792045,-103.783748&t=k"
1335,agave en pie,0.33,2023,3,0,0.36,20.925109,-103.820707,"https://maps.google.com/?q=20.925109,-103.820707&t=k"
4386,agave en pie,0.33,2023,3,0,0.7,20.909844,-103.714682,"https://maps.google.com/?q=20.909844,-103.714682&t=k"
5964,agave en pie,0.33,2023,3,0,0.67,20.903226,-103.735841,"https://maps.google.com/?q=20.903226,-103.735841&t=k"
6536,agave en pie,0.33,2023,3,0,0.7,20.901003,-103.710335,"https://maps.google.com/?q=20.901003,-103.710335&t=k"
6782,agave en pie,0.33,2023,3,0,0.61,20.899614,-103.729959,"https://maps.google.com/?q=20.899614,-103.729959&t=k"
8513,agave en pie,0.33,2023,3,0,0.55,20.89328,-103.759285,"https://maps.google.com/?q=20.89328,-103.759285&t=k"
9384,agave en pie,0.33,2023,3,0,0.64,20.889852,-103.817378,"https://maps.google.com/?q=20.889852,-103.817378&t=k"
9431,agave en pie,0.33,2023,3,0,0.58,20.889468,-103.807623,"https://maps.google.com/?q=20.889468,-103.807623&t=k"
11225,agave en pie,0.33,2023,3,0,0.73,20.881791,-103.776058,"https://maps.google.com/?q=20.881791,-103.776058&t=k"
15486,agave en pie,0.33,2023,3,0,0.7,20.863622,-103.76198,"https://maps.google.com/?q=20.863622,-103.76198&t=k"
16098,agave en pie,0.33,2023,3,0,0.94,20.860748,-103.697367,"https://maps.google.com/?q=20.860748,-103.697367&t=k"
16280,agave en pie,0.33,2023,3,0,1.0,20.860776,-103.749605,"https://maps.google.com/?q=20.860776,-103.749605&t=k"
16771,agave en pie,0.33,2023,3,0,0.64,20.858857,-103.809931,"https://maps.google.com/?q=20.858857,-103.809931&t=k"
20376,agave en pie,0.33,2023,3,0,0.55,20.843495,-103.809283,"https://maps.google.com/?q=20.843495,-103.809283&t=k"
22234,agave en pie,0.33,2023,3,0,0.76,20.835485,-103.762643,"https://maps.google.com/?q=20.835485,-103.762643&t=k"
24269,agave en pie,0.33,2023,3,0,0.52,20.825437,-103.68124,"https://maps.google.com/?q=20.825437,-103.68124&t=k"
25749,agave en pie,0.33,2023,3,0,0.67,20.819337,-103.791265,"https://maps.google.com/?q=20.819337,-103.791265&t=k"
28442,agave en pie,0.33,2023,3,0,0.76,20.807061,-103.761145,"https://maps.google.com/?q=20.807061,-103.761145&t=k"
29690,agave en pie,0.33,2023,3,0,0.61,20.801584,-103.759557,"https://maps.google.com/?q=20.801584,-103.759557&t=k"
32677,agave en pie,0.33,2023,3,0,0.94,20.788,-103.706158,"https://maps.google.com/?q=20.788,-103.706158&t=k"
34732,agave en pie,0.33,2023,3,0,1.0,20.779221,-103.740431,"https://maps.google.com/?q=20.779221,-103.740431&t=k"
1530,agave en pie,0.32,2023,3,0,0.88,20.923419,-103.892213,"https://maps.google.com/?q=20.923419,-103.892213&t=k"
2369,agave en pie,0.32,2023,3,0,0.88,20.919497,-103.787002,"https://maps.google.com/?q=20.919497,-103.787002&t=k"
7137,agave en pie,0.32,2023,3,0,0.97,20.898719,-103.761933,"https://maps.google.com/?q=20.898719,-103.761933&t=k"
7427,agave en pie,0.32,2023,3,0,0.56,20.897977,-103.863173,"https://maps.google.com/?q=20.897977,-103.863173&t=k"
7784,agave en pie,0.32,2023,3,0,0.56,20.896614,-103.868711,"https://maps.google.com/?q=20.896614,-103.868711&t=k"
11757,agave en pie,0.32,2023,3,0,0.59,20.880227,-103.856722,"https://maps.google.com/?q=20.880227,-103.856722&t=k"
15590,agave en pie,0.32,2023,3,0,0.59,20.864369,-103.876835,"https://maps.google.com/?q=20.864369,-103.876835&t=k"
17408,agave en pie,0.32,2023,3,0,0.41,20.854741,-103.685598,"https://maps.google.com/?q=20.854741,-103.685598&t=k"
18155,agave en pie,0.32,2023,3,0,0.5,20.85298,-103.758271,"https://maps.google.com/?q=20.85298,-103.758271&t=k"
25052,agave en pie,0.32,2023,3,0,0.81,20.822295,-103.701638,"https://maps.google.com/?q=20.822295,-103.701638&t=k"
25119,agave en pie,0.32,2023,3,0,0.69,20.822709,-103.782686,"https://maps.google.com/?q=20.822709,-103.782686&t=k"
30893,agave en pie,0.32,2023,3,0,1.0,20.796531,-103.766611,"https://maps.google.com/?q=20.796531,-103.766611&t=k"
33254,agave en pie,0.32,2023,3,0,0.97,20.785473,-103.71252,"https://maps.google.com/?q=20.785473,-103.71252&t=k"
1658,agave en pie,0.31,2023,3,0,0.52,20.923279,-103.810866,"https://maps.google.com/?q=20.923279,-103.810866&t=k"
1986,agave en pie,0.31,2023,3,0,1.0,20.921736,-103.876648,"https://maps.google.com/?q=20.921736,-103.876648&t=k"
3611,agave en pie,0.31,2023,3,0,0.9,20.914382,-103.864251,"https://maps.google.com/?q=20.914382,-103.864251&t=k"
4818,agave en pie,0.31,2023,3,0,0.71,20.909099,-103.878281,"https://maps.google.com/?q=20.909099,-103.878281&t=k"
6679,agave en pie,0.31,2023,3,0,1.0,20.901193,-103.830941,"https://maps.google.com/?q=20.901193,-103.830941&t=k"
7815,agave en pie,0.31,2023,3,0,0.74,20.896537,-103.850542,"https://maps.google.com/?q=20.896537,-103.850542&t=k"
9017,agave en pie,0.31,2023,3,0,1.0,20.891448,-103.793668,"https://maps.google.com/?q=20.891448,-103.793668&t=k"
9237,agave en pie,0.31,2023,3,0,0.87,20.889754,-103.698271,"https://maps.google.com/?q=20.889754,-103.698271&t=k"
12721,agave en pie,0.31,2023,3,0,0.97,20.875992,-103.865165,"https://maps.google.com/?q=20.875992,-103.865165&t=k"
14805,agave en pie,0.31,2023,3,0,1.0,20.866795,-103.757244,"https://maps.google.com/?q=20.866795,-103.757244&t=k"
18006,agave en pie,0.31,2023,3,0,0.71,20.853771,-103.799592,"https://maps.google.com/?q=20.853771,-103.799592&t=k"
18938,agave en pie,0.31,2023,3,0,0.97,20.849316,-103.776465,"https://maps.google.com/?q=20.849316,-103.776465&t=k"
22431,agave en pie,0.31,2023,3,0,0.65,20.835013,-103.810888,"https://maps.google.com/?q=20.835013,-103.810888&t=k"
26088,agave en pie,0.31,2023,3,0,0.32,20.817945,-103.767062,"https://maps.google.com/?q=20.817945,-103.767062&t=k"
29852,agave en pie,0.31,2023,3,0,0.65,20.800897,-103.751972,"https://maps.google.com/?q=20.800897,-103.751972&t=k"
30717,agave en pie,0.31,2023,3,0,1.0,20.796763,-103.76757,"https://maps.google.com/?q=20.796763,-103.76757&t=k"
31028,agave en pie,0.31,2023,3,0,0.81,20.795254,-103.721804,"https://maps.google.com/?q=20.795254,-103.721804&t=k"
33815,agave en pie,0.31,2023,3,0,0.65,20.783535,-103.762298,"https://maps.google.com/?q=20.783535,-103.762298&t=k"
3425,agave en pie,0.3,2023,3,0,0.67,20.914661,-103.773916,"https://maps.google.com/?q=20.914661,-103.773916&t=k"
4001,agave en pie,0.3,2023,3,0,0.87,20.912895,-103.899405,"https://maps.google.com/?q=20.912895,-103.899405&t=k"
5356,agave en pie,0.3,2023,3,0,1.0,20.906373,-103.752255,"https://maps.google.com/?q=20.906373,-103.752255&t=k"
7373,agave en pie,0.3,2023,3,0,0.73,20.898205,-103.778424,"https://maps.google.com/?q=20.898205,-103.778424&t=k"
8919,agave en pie,0.3,2023,3,0,0.87,20.891095,-103.820733,"https://maps.google.com/?q=20.891095,-103.820733&t=k"
9606,agave en pie,0.3,2023,3,0,1.0,20.888454,-103.779176,"https://maps.google.com/?q=20.888454,-103.779176&t=k"
11065,agave en pie,0.3,2023,3,0,0.7,20.881473,-103.690364,"https://maps.google.com/?q=20.881473,-103.690364&t=k"
11283,agave en pie,0.3,2023,3,0,1.0,20.881953,-103.798791,"https://maps.google.com/?q=20.881953,-103.798791&t=k"
14854,agave en pie,0.3,2023,3,0,0.7,20.866581,-103.758928,"https://maps.google.com/?q=20.866581,-103.758928&t=k"
15155,agave en pie,0.3,2023,3,0,0.73,20.866215,-103.848802,"https://maps.google.com/?q=20.866215,-103.848802&t=k"
19818,agave en pie,0.3,2023,3,0,0.43,20.845649,-103.719745,"https://maps.google.com/?q=20.845649,-103.719745&t=k"
24408,agave en pie,0.3,2023,3,0,0.7,20.825729,-103.769064,"https://maps.google.com/?q=20.825729,-103.769064&t=k"
29538,agave en pie,0.3,2023,3,0,1.0,20.801826,-103.682983,"https://maps.google.com/?q=20.801826,-103.682983&t=k"
31965,agave en pie,0.3,2023,3,0,0.97,20.791432,-103.754884,"https://maps.google.com/?q=20.791432,-103.754884&t=k"
32764,agave en pie,0.3,2023,3,0,0.53,20.787254,-103.764285,"https://maps.google.com/?q=20.787254,-103.764285&t=k"
33306,agave en pie,0.3,2023,3,0,1.0,20.785612,-103.725152,"https://maps.google.com/?q=20.785612,-103.725152&t=k"
4713,agave en pie,2.65,2024,2,0,0.62,20.909343,-103.881019,"https://maps.google.com/?q=20.909343,-103.881019&t=k"
5234,agave en pie,2.24,2024,2,0,0.5,20.907154,-103.817675,"https://maps.google.com/?q=20.907154,-103.817675&t=k"
18434,agave en pie,1.56,2024,2,0,0.54,20.851353,-103.783368,"https://maps.google.com/?q=20.851353,-103.783368&t=k"
16309,agave en pie,1.5,2024,2,0,0.91,20.860594,-103.780651,"https://maps.google.com/?q=20.860594,-103.780651&t=k"
12905,agave en pie,1.49,2024,2,0,0.57,20.874316,-103.760402,"https://maps.google.com/?q=20.874316,-103.760402&t=k"
16450,agave en pie,1.12,2024,2,0,0.77,20.860098,-103.780751,"https://maps.google.com/?q=20.860098,-103.780751&t=k"
10824,agave en pie,1.07,2024,2,0,0.52,20.882423,-103.690548,"https://maps.google.com/?q=20.882423,-103.690548&t=k"
10359,agave en pie,0.91,2024,2,0,0.99,20.884832,-103.716337,"https://maps.google.com/?q=20.884832,-103.716337&t=k"
19971,agave en pie,0.91,2024,2,0,0.84,20.845314,-103.778948,"https://maps.google.com/?q=20.845314,-103.778948&t=k"
26089,agave en pie,0.86,2024,2,0,0.5,20.817986,-103.766485,"https://maps.google.com/?q=20.817986,-103.766485&t=k"
17856,agave en pie,0.82,2024,2,0,0.87,20.853972,-103.758022,"https://maps.google.com/?q=20.853972,-103.758022&t=k"
3523,agave en pie,0.79,2024,2,0,0.73,20.913764,-103.743733,"https://maps.google.com/?q=20.913764,-103.743733&t=k"
21444,agave en pie,0.77,2024,2,0,0.68,20.838366,-103.688479,"https://maps.google.com/?q=20.838366,-103.688479&t=k"
20207,agave en pie,0.76,2024,2,0,0.7,20.844413,-103.772949,"https://maps.google.com/?q=20.844413,-103.772949&t=k"
12008,agave en pie,0.64,2024,2,0,0.62,20.877907,-103.708466,"https://maps.google.com/?q=20.877907,-103.708466&t=k"
20367,agave en pie,0.64,2024,2,0,0.48,20.843323,-103.698719,"https://maps.google.com/?q=20.843323,-103.698719&t=k"
16578,agave en pie,0.54,2024,2,0,0.5,20.859333,-103.707279,"https://maps.google.com/?q=20.859333,-103.707279&t=k"
11893,agave en pie,0.52,2024,2,0,0.52,20.878182,-103.708992,"https://maps.google.com/?q=20.878182,-103.708992&t=k"
19900,agave en pie,0.47,2024,2,0,0.7,20.845405,-103.772797,"https://maps.google.com/?q=20.845405,-103.772797&t=k"
10341,agave en pie,0.39,2024,2,0,0.64,20.885583,-103.794773,"https://maps.google.com/?q=20.885583,-103.794773&t=k"
15400,agave en pie,0.39,2024,2,0,1.0,20.864271,-103.709255,"https://maps.google.com/?q=20.864271,-103.709255&t=k"
19466,agave en pie,0.37,2024,2,0,0.49,20.847035,-103.77336,"https://maps.google.com/?q=20.847035,-103.77336&t=k"
19010,agave en pie,0.36,2024,2,0,0.58,20.84869,-103.691753,"https://maps.google.com/?q=20.84869,-103.691753&t=k"
3023,agave en pie,0.34,2024,2,0,0.5,20.916634,-103.790919,"https://maps.google.com/?q=20.916634,-103.790919&t=k"
15399,agave en pie,0.33,2024,2,0,0.52,20.864265,-103.708438,"https://maps.google.com/?q=20.864265,-103.708438&t=k"
9883,agave en pie,0.31,2024,2,0,0.42,20.886915,-103.681473,"https://maps.google.com/?q=20.886915,-103.681473&t=k"
