anio,mes,pais_destino_iso2,pais_destino,litros
1997,1,DE,Alemania,288413.99
1997,1,AI,Anguilla,9048.38
1997,1,AR,Argentina,19863.44
1997,1,BD,Bangladesh,38.76
1997,1,BE,Bélgica,78006.0
1997,1,CA,Canadá,128576.66
1997,1,CL,Chile,34657.89
1997,1,CO,Colombia,7320.0
1997,1,CO,Colombia,172.8
1997,1,CR,Costa Rica,5085.51
1997,1,CR,Costa Rica,341.81
1997,1,SV,El Salvador,6006.87
1997,1,SV,El Salvador,837.9
1997,1,ES,España,36381.63
1997,1,ES,España,99.11
1997,1,US,Estados Unidos,5829070.98
1997,1,US,Estados Unidos,290364.39
1997,1,PH,Filipinas,2689.88
1997,1,PH,Filipinas,3502.88
1997,1,FR,Francia,79215.79
1997,1,GR,Grecia,34914.59
1997,1,GT,Guatemala,10766.62
1997,1,GT,Guatemala,1010.24
1997,1,HN,Honduras,7735.49
1997,1,HK,Hong Kong,1200.0
1997,1,IL,Israel,7223.63
1997,1,IT,Italia,20093.41
1997,1,JP,Japón,14314.6
1997,1,JP,Japón,1732.5
1997,1,MY,Malasia,3000.94
1997,1,PA,Panamá,25270.86
1997,1,PY,Paraguay,17591.63
1997,1,NL,Países Bajos,33565.0
1997,1,PE,Perú,6095.25
1997,1,GB,Reino Unido,56423.95
1997,1,GB,Reino Unido,6001.28
1997,1,SG,Singapur,13500.0
1997,1,ZA,Sudáfrica,17475.75
1997,1,UY,Uruguay,10991.26
1997,1,VE,Venezuela,3636.0
1997,2,DE,Alemania,195405.99
1997,2,AI,Anguilla,61144.5
1997,2,AR,Argentina,13475.25
1997,2,AR,Argentina,433.12
1997,2,AU,Australia,29.45
1997,2,AT,Austria,3774.35
1997,2,AT,Austria,53.24
1997,2,BM,Bermuda,9.01
1997,2,BR,Brasil,31354.8
1997,2,BE,Bélgica,71061.38
1997,2,CA,Canadá,64240.91
1997,2,CL,Chile,53125.76
1997,2,CO,Colombia,171.9
1997,2,CU,Cuba,5052.59
1997,2,EC,Ecuador,1299.38
1997,2,SV,El Salvador,6837.97
1997,2,SV,El Salvador,648.0
1997,2,US,Estados Unidos,5532315.74
1997,2,US,Estados Unidos,243527.89
1997,2,PH,Filipinas,62827.88
1997,2,PH,Filipinas,2605.5
1997,2,FR,Francia,122888.69
1997,2,FR,Francia,9268.7
1997,2,GR,Grecia,28822.5
1997,2,GT,Guatemala,2141.71
1997,2,GT,Guatemala,206.4
1997,2,HN,Honduras,8.58
1997,2,HK,Hong Kong,1197.01
1997,2,IE,Irlanda,343.34
1997,2,IT,Italia,80026.18
1997,2,JP,Japón,45587.97
1997,2,JP,Japón,1255.51
1997,2,LB,Líbano,6593.84
1997,2,MY,Malasia,38.38
1997,2,NZ,Nueva Zelandia,2393.82
1997,2,PA,Panamá,11688.75
1997,2,PA,Panamá,214.87
1997,2,PY,Paraguay,25985.49
1997,2,NL,Países Bajos,178056.74
1997,2,PE,Perú,2571.74
1997,2,PE,Perú,173.25
1997,2,GB,Reino Unido,16716.69
1997,2,DO,República Dominicana,1737.0
1997,2,SG,Singapur,3200.39
1997,2,ZA,Sudáfrica,32028.74
1997,2,TW,Taiwán (Región),9974.25
1997,2,TR,Turquía,433.12
1997,2,VE,Venezuela,7.49
1997,3,DE,Alemania,188814.35
1997,3,AI,Anguilla,9001.12
1997,3,AI,Anguilla,873.0
1997,3,SA,Arabia Saudita,3003.41
1997,3,SA,Arabia Saudita,421.05
1997,3,BR,Brasil,21636.01
1997,3,BR,Brasil,259.2
1997,3,BE,Bélgica,162824.92
1997,3,CA,Canadá,31227.78
1997,3,CL,Chile,35520.55
1997,3,CL,Chile,1804.49
1997,3,CO,Colombia,1721.25
1997,3,CR,Costa Rica,14387.62
1997,3,ES,España,10309.86
1997,3,US,Estados Unidos,5265032.53
1997,3,US,Estados Unidos,81059.8
1997,3,PH,Filipinas,5377.5
1997,3,PH,Filipinas,2513.71
1997,3,FR,Francia,68465.71
1997,3,FR,Francia,1296.01
1997,3,GU,Guam,1652.05
1997,3,GT,Guatemala,6871.51
1997,3,GT,Guatemala,1360.63
1997,3,HK,Hong Kong,8.79
1997,3,HK,Hong Kong,43.92
1997,3,IE,Irlanda,4813.2
1997,3,IT,Italia,10051.19
1997,3,JP,Japón,89002.66
1997,3,JP,Japón,455.04
1997,3,MY,Malasia,6774.75
1997,3,PY,Paraguay,37719.0
1997,3,NL,Países Bajos,287858.77
1997,3,GB,Reino Unido,98709.54
1997,3,DO,República Dominicana,1.51
1997,3,DO,República Dominicana,86.41
1997,3,SG,Singapur,9999.0
1997,3,ZA,Sudáfrica,59809.52
1997,3,ZA,Sudáfrica,33.0
1997,3,TW,Taiwán (Región),19998.0
1997,3,UY,Uruguay,5039.99
1997,4,DE,Alemania,220408.32
1997,4,AI,Anguilla,59975.99
1997,4,AR,Argentina,17406.22
1997,4,AU,Australia,28875.0
1997,4,BR,Brasil,19341.58
1997,4,BE,Bélgica,94051.0
1997,4,CA,Canadá,64182.25
1997,4,CL,Chile,80156.83
1997,4,CL,Chile,8799.44
1997,4,CO,Colombia,2547.6
1997,4,CO,Colombia,11711.89
1997,4,CR,Costa Rica,10861.12
1997,4,CR,Costa Rica,102.96
1997,4,SV,El Salvador,21515.64
1997,4,SV,El Salvador,436.49
1997,4,SI,Eslovenia,1620.15
1997,4,ES,España,19041.74
1997,4,ES,España,3570.04
1997,4,US,Estados Unidos,5745381.5
1997,4,US,Estados Unidos,165631.69
1997,4,PH,Filipinas,19851.56
1997,4,FR,Francia,167054.13
1997,4,GU,Guam,458.56
1997,4,GT,Guatemala,3523.35
1997,4,GT,Guatemala,1712.14
1997,4,HK,Hong Kong,2397.01
1997,4,HK,Hong Kong,139.52
1997,4,IE,Irlanda,14496.3
1997,4,IT,Italia,48373.49
1997,4,IT,Italia,1255.28
1997,4,JP,Japón,34358.86
1997,4,JP,Japón,7173.0
1997,4,MY,Malasia,1710.01
1997,4,PY,Paraguay,18958.5
1997,4,NL,Países Bajos,307174.53
1997,4,PE,Perú,3399.84
1997,4,GB,Reino Unido,87074.68
1997,4,GB,Reino Unido,1775.5
1997,4,RU,Rusia,10400.36
1997,4,ZA,Sudáfrica,8899.41
1997,4,ZA,Sudáfrica,148.79
1997,4,SE,Suecia,12.47
1997,4,SE,Suecia,4.5
1997,4,TW,Taiwán (Región),8250.76
1997,4,TR,Turquía,1225.7
1997,4,VE,Venezuela,17982.37
1997,5,DE,Alemania,221767.55
1997,5,AI,Anguilla,9008.22
1997,5,AR,Argentina,42330.12
1997,5,BR,Brasil,9575.43
1997,5,BR,Brasil,270.33
1997,5,BE,Bélgica,134347.66
1997,5,BE,Bélgica,27.1
1997,5,CA,Canadá,96742.7
1997,5,CA,Canadá,43.82
1997,5,CL,Chile,72660.06
1997,5,CO,Colombia,15489.54
1997,5,CR,Costa Rica,2993.1
1997,5,CR,Costa Rica,260.38
1997,5,EC,Ecuador,9029.25
1997,5,SV,El Salvador,20590.42
1997,5,ES,España,27500.0
1997,5,ES,España,1268.75
1997,5,US,Estados Unidos,5561477.54
1997,5,US,Estados Unidos,260319.52
1997,5,PH,Filipinas,65087.36
1997,5,PH,Filipinas,2167.32
1997,5,FR,Francia,52938.0
1997,5,FR,Francia,7439.11
1997,5,HN,Honduras,1455.88
1997,5,HN,Honduras,216.0
1997,5,HK,Hong Kong,1764.5
1997,5,IE,Irlanda,1204.87
1997,5,JP,Japón,62843.95
1997,5,JP,Japón,601.49
1997,5,BS,Las Bahamas,4605.62
1997,5,BS,Las Bahamas,210.0
1997,5,NI,Nicaragua,45.1
1997,5,PA,Panamá,43923.22
1997,5,PA,Panamá,215.22
1997,5,NL,Países Bajos,81429.74
1997,5,PE,Perú,8172.23
1997,5,GB,Reino Unido,83283.6
1997,5,GB,Reino Unido,10.95
1997,5,ZA,Sudáfrica,43780.5
1997,5,CH,Suiza,10.71
1997,5,CH,Suiza,32.15
1997,5,UY,Uruguay,6864.3
1997,5,VE,Venezuela,8581.95
1997,6,DE,Alemania,122667.94
1997,6,DE,Alemania,68.87
1997,6,AI,Anguilla,3001.95
1997,6,SA,Arabia Saudita,3762.91
1997,6,SA,Arabia Saudita,815.69
1997,6,AM,Armenia,5427.0
1997,6,BZ,Belice,23293.2
1997,6,BR,Brasil,10534.51
1997,6,BR,Brasil,30.0
1997,6,BE,Bélgica,214277.8
1997,6,BE,Bélgica,7.49
1997,6,CA,Canadá,96684.03
1997,6,CA,Canadá,80.22
1997,6,CL,Chile,68585.55
1997,6,CL,Chile,1824.45
1997,6,CO,Colombia,21784.57
1997,6,CO,Colombia,86.6
1997,6,CR,Costa Rica,950.4
1997,6,CR,Costa Rica,2595.92
1997,6,DK,Dinamarca,866.25
1997,6,EC,Ecuador,1508.22
1997,6,SV,El Salvador,6027.52
1997,6,ES,España,99009.57
1997,6,US,Estados Unidos,5343147.14
1997,6,US,Estados Unidos,258277.07
1997,6,PH,Filipinas,29135.7
1997,6,PH,Filipinas,6997.35
1997,6,FR,Francia,93877.05
1997,6,GT,Guatemala,11500.84
1997,6,GT,Guatemala,1313.84
1997,6,HN,Honduras,6167.34
1997,6,HK,Hong Kong,456.0
1997,6,IE,Irlanda,7619.4
1997,6,IT,Italia,49074.64
1997,6,JP,Japón,60966.28
1997,6,JP,Japón,8831.87
1997,6,MY,Malasia,8696.26
1997,6,NZ,Nueva Zelandia,22263.4
1997,6,PA,Panamá,1350.0
1997,6,PA,Panamá,11.4
1997,6,NL,Países Bajos,161703.75
1997,6,PE,Perú,3005.85
1997,6,GB,Reino Unido,104949.25
1997,6,ZA,Sudáfrica,8775.0
1997,6,TR,Turquía,10080.0
1997,7,DE,Alemania,370814.52
1997,7,DE,Alemania,336.0
1997,7,AR,Argentina,14286.31
1997,7,AR,Argentina,180.9
1997,7,AT,Austria,4011.0
1997,7,BO,Bolivia,2251.12
1997,7,BR,Brasil,57533.33
1997,7,BE,Bélgica,26608.04
1997,7,CA,Canadá,32267.12
1997,7,CA,Canadá,8608.78
1997,7,CZ,Chequia,4756.5
1997,7,CZ,Chequia,320.51
1997,7,CL,Chile,123241.95
1997,7,CN,China,396.5
1997,7,CO,Colombia,8.99
1997,7,CO,Colombia,35.06
1997,7,CR,Costa Rica,5244.98
1997,7,CR,Costa Rica,121.29
1997,7,DK,Dinamarca,321.17
1997,7,SV,El Salvador,15525.76
1997,7,SV,El Salvador,348.41
1997,7,US,Estados Unidos,6438999.04
1997,7,US,Estados Unidos,228424.27
1997,7,PH,Filipinas,67606.5
1997,7,PH,Filipinas,1293.3
1997,7,FR,Francia,85656.13
1997,7,GR,Grecia,21621.6
1997,7,GT,Guatemala,1067.38
1997,7,GT,Guatemala,155.06
1997,7,HN,Honduras,6196.51
1997,7,HK,Hong Kong,3300.0
1997,7,IT,Italia,38074.51
1997,7,JP,Japón,6285.37
1997,7,JP,Japón,1097.25
1997,7,MY,Malasia,13576.5
1997,7,NI,Nicaragua,3603.6
1997,7,PA,Panamá,2523.15
1997,7,PA,Panamá,213.74
1997,7,PY,Paraguay,108339.76
1997,7,NL,Países Bajos,208652.62
1997,7,GB,Reino Unido,47579.07
1997,7,GB,Reino Unido,922.1
1997,7,ZA,Sudáfrica,35019.01
1997,7,TW,Taiwán (Región),7416.9
1997,7,TR,Turquía,5768.77
1997,7,UY,Uruguay,6887.7
1997,7,VE,Venezuela,8.99
1997,7,VE,Venezuela,36.56
1997,8,DE,Alemania,125917.08
1997,8,DE,Alemania,210.32
1997,8,AI,Anguilla,68311.98
1997,8,AI,Anguilla,410.64
1997,8,AR,Argentina,29043.0
1997,8,BZ,Belice,850.91
1997,8,BR,Brasil,53393.09
1997,8,BE,Bélgica,173228.4
1997,8,CA,Canadá,96905.88
1997,8,CA,Canadá,80.01
1997,8,CL,Chile,68596.66
1997,8,CL,Chile,36.14
1997,8,CO,Colombia,6780.37
1997,8,KR,Corea del Sur,36.0
1997,8,CR,Costa Rica,4350.01
1997,8,SV,El Salvador,25865.92
1997,8,SV,El Salvador,113.99
1997,8,ES,España,31350.0
1997,8,ES,España,46.2
1997,8,US,Estados Unidos,7413700.62
1997,8,US,Estados Unidos,304444.36
1997,8,FR,Francia,135818.61
1997,8,FR,Francia,798.0
1997,8,GR,Grecia,9639.29
1997,8,GT,Guatemala,7924.89
1997,8,GT,Guatemala,1407.11
1997,8,HN,Honduras,22639.21
1997,8,HN,Honduras,764.62
1997,8,HK,Hong Kong,1470.0
1997,8,IE,Irlanda,4803.76
1997,8,IL,Israel,7227.0
1997,8,IT,Italia,43018.54
1997,8,IT,Italia,4011.0
1997,8,JP,Japón,27225.7
1997,8,JP,Japón,8747.85
1997,8,NI,Nicaragua,1221.1
1997,8,NI,Nicaragua,222.83
1997,8,PA,Panamá,419.99
1997,8,PA,Panamá,252.0
1997,8,PY,Paraguay,7034.56
1997,8,NL,Países Bajos,96112.5
1997,8,GB,Reino Unido,59738.17
1997,8,GB,Reino Unido,453.6
1997,8,SG,Singapur,21.38
1997,8,ZA,Sudáfrica,65449.62
1997,8,UY,Uruguay,13626.0
1997,8,VE,Venezuela,3432.26
1997,9,DE,Alemania,231204.13
1997,9,DE,Alemania,220.8
1997,9,AR,Argentina,8300.7
1997,9,AR,Argentina,85.95
1997,9,AU,Australia,28875.0
1997,9,AT,Austria,54850.0
1997,9,BO,Bolivia,268.65
1997,9,BO,Bolivia,324.13
1997,9,BR,Brasil,1299.38
1997,9,BE,Bélgica,186148.53
1997,9,CA,Canadá,128015.5
1997,9,CL,Chile,80313.43
1997,9,CR,Costa Rica,10827.0
1997,9,DK,Dinamarca,2046.56
1997,9,EC,Ecuador,373.55
1997,9,SV,El Salvador,677.26
1997,9,ES,España,31670.88
1997,9,ES,España,3674.59
1997,9,US,Estados Unidos,6327083.61
1997,9,US,Estados Unidos,267353.32
1997,9,PH,Filipinas,24336.73
1997,9,FR,Francia,67899.74
1997,9,FR,Francia,21.01
1997,9,GT,Guatemala,93.6
1997,9,GT,Guatemala,1079.22
1997,9,IE,Irlanda,7403.85
1997,9,IT,Italia,20147.39
1997,9,JP,Japón,52165.78
1997,9,JP,Japón,265.73
1997,9,MY,Malasia,1721.25
1997,9,PA,Panamá,25423.87
1997,9,PA,Panamá,34.2
1997,9,NL,Países Bajos,209825.0
1997,9,GB,Reino Unido,85131.78
1997,9,GB,Reino Unido,470.0
1997,9,DO,República Dominicana,9376.0
1997,9,DO,República Dominicana,144.31
1997,9,RU,Rusia,20160.0
1997,9,SG,Singapur,9880.65
1997,9,ZA,Sudáfrica,34991.99
1997,9,CH,Suiza,2470.5
1997,9,TW,Taiwán (Región),9974.25
1997,9,UA,Ucrania,10043.1
1997,9,UY,Uruguay,897.75
1997,9,VE,Venezuela,11754.9
1997,9,VE,Venezuela,34.55
1997,10,DE,Alemania,402955.84
1997,10,DE,Alemania,1033.88
1997,10,AI,Anguilla,62377.65
1997,10,AR,Argentina,32798.03
1997,10,AR,Argentina,144.38
1997,10,BO,Bolivia,1975.05
1997,10,BR,Brasil,34977.88
1997,10,BE,Bélgica,128905.48
1997,10,BE,Bélgica,5756.41
1997,10,CA,Canadá,96801.38
1997,10,CA,Canadá,135.0
1997,10,CL,Chile,90381.8
1997,10,CL,Chile,430.75
1997,10,CO,Colombia,14592.38
1997,10,CO,Colombia,3667.66
1997,10,CD,"Congo, República Democrática del",5379.23
1997,10,CR,Costa Rica,8230.87
1997,10,CR,Costa Rica,331.95
1997,10,DK,Dinamarca,6670.12
1997,10,EC,Ecuador,16189.69
1997,10,EC,Ecuador,2804.88
1997,10,ES,España,37665.75
1997,10,US,Estados Unidos,4489780.85
1997,10,US,Estados Unidos,408398.07
1997,10,PH,Filipinas,121692.89
1997,10,PH,Filipinas,2578.5
1997,10,FR,Francia,208014.14
1997,10,FR,Francia,2246.16
1997,10,GR,Grecia,42498.73
1997,10,GT,Guatemala,11723.85
1997,10,GT,Guatemala,1636.69
1997,10,IT,Italia,26017.65
1997,10,IT,Italia,456.43
1997,10,JP,Japón,35731.88
1997,10,JP,Japón,2944.32
1997,10,MY,Malasia,22185.01
1997,10,NZ,Nueva Zelandia,1905.71
1997,10,PA,Panamá,37240.56
1997,10,PA,Panamá,8685.28
1997,10,NL,Países Bajos,263037.5
1997,10,PE,Perú,11202.76
1997,10,PE,Perú,2165.06
1997,10,PT,Portugal,1718.26
1997,10,GB,Reino Unido,165145.8
1997,10,GB,Reino Unido,944.45
1997,10,SG,Singapur,40479.74
1997,10,SE,Suecia,50.39
1997,10,TW,Taiwán (Región),19958.4
1997,10,VE,Venezuela,9897.74
1997,10,VE,Venezuela,433.02
1997,11,DE,Alemania,220520.75
1997,11,DE,Alemania,374.01
1997,11,AI,Anguilla,18011.7
1997,11,AI,Anguilla,866.7
1997,11,SA,Arabia Saudita,4101.25
1997,11,SA,Arabia Saudita,1530.35
1997,11,AT,Austria,57957.32
1997,11,AT,Austria,298.39
1997,11,BO,Bolivia,4043.26
1997,11,BE,Bélgica,31350.0
1997,11,CA,Canadá,32267.12
1997,11,CA,Canadá,253.89
1997,11,CL,Chile,61277.48
1997,11,CO,Colombia,14311.27
1997,11,CO,Colombia,8.99
1997,11,KR,Corea del Sur,24.24
1997,11,CR,Costa Rica,8033.93
1997,11,ES,España,72777.18
1997,11,US,Estados Unidos,4582553.85
1997,11,US,Estados Unidos,263347.71
1997,11,PH,Filipinas,3610.13
1997,11,FR,Francia,65347.3
1997,11,FR,Francia,3179.52
1997,11,GR,Grecia,14515.19
1997,11,GT,Guatemala,2586.75
1997,11,GT,Guatemala,531.0
1997,11,IT,Italia,19986.63
1997,11,IT,Italia,904.93
1997,11,JP,Japón,2239.88
1997,11,PA,Panamá,9951.97
1997,11,PA,Panamá,429.76
1997,11,NL,Países Bajos,217954.81
1997,11,PE,Perú,9234.64
1997,11,GB,Reino Unido,127551.48
1997,11,GB,Reino Unido,2367.96
1997,11,DO,República Dominicana,6763.5
1997,11,SG,Singapur,5605.96
1997,11,SG,Singapur,1610.96
1997,11,SE,Suecia,293.16
1997,11,SE,Suecia,184.8
1997,11,TR,Turquía,6538.5
1997,11,VE,Venezuela,48316.84
1997,11,VE,Venezuela,252.31
1997,12,DE,Alemania,173558.27
1997,12,DE,Alemania,30.39
1997,12,AI,Anguilla,27060.08
1997,12,AR,Argentina,9720.0
1997,12,AT,Austria,2459.9
1997,12,BE,Bélgica,163129.88
1997,12,CL,Chile,79718.95
1997,12,CR,Costa Rica,1732.5
1997,12,CR,Costa Rica,3586.05
1997,12,DK,Dinamarca,6130.35
1997,12,ES,España,52394.31
1997,12,ES,España,2359.61
1997,12,US,Estados Unidos,3290445.72
1997,12,US,Estados Unidos,181874.85
1997,12,PH,Filipinas,3040.88
1997,12,FR,Francia,112360.71
1997,12,FR,Francia,120.0
1997,12,GR,Grecia,14083.66
1997,12,GT,Guatemala,5235.52
1997,12,GT,Guatemala,444.69
1997,12,HN,Honduras,746.39
1997,12,HK,Hong Kong,1473.45
1997,12,HK,Hong Kong,141.35
1997,12,IE,Irlanda,840.1
1997,12,IT,Italia,30492.77
1997,12,JP,Japón,81135.68
1997,12,JP,Japón,7780.05
1997,12,JO,Jordania,4325.01
1997,12,MY,Malasia,15322.51
1997,12,MY,Malasia,1360.01
1997,12,NZ,Nueva Zelandia,5955.28
1997,12,PA,Panamá,27777.82
1997,12,NL,Países Bajos,267162.5
1997,12,PE,Perú,5992.87
1997,12,PF,Polinesia francés,530.41
1997,12,GB,Reino Unido,137017.4
1997,12,GB,Reino Unido,1560.54
1997,12,DO,República Dominicana,1762.82
1997,12,DO,República Dominicana,231.71
1997,12,RU,Rusia,40269.6
1997,12,SE,Suecia,402.15
1997,12,VE,Venezuela,8152.98
1997,12,VE,Venezuela,420.01
1998,1,DE,Alemania,153073.29
1998,1,DE,Alemania,999.28
1998,1,SA,Arabia Saudita,4391.24
1998,1,SA,Arabia Saudita,2121.75
1998,1,AR,Argentina,9114.0
1998,1,BO,Bolivia,7348.72
1998,1,BE,Bélgica,236700.01
1998,1,CA,Canadá,32267.12
1998,1,CA,Canadá,326.25
1998,1,CL,Chile,54710.0
1998,1,CO,Colombia,9405.0
1998,1,KR,Corea del Sur,7680.01
1998,1,CR,Costa Rica,9216.75
1998,1,DK,Dinamarca,5882.4
1998,1,SV,El Salvador,10815.75
1998,1,SV,El Salvador,384.75
1998,1,ES,España,43893.01
1998,1,US,Estados Unidos,3867858.68
1998,1,US,Estados Unidos,358436.64
1998,1,EE,Estonia,40972.8
1998,1,PH,Filipinas,1350.0
1998,1,FR,Francia,102119.7
1998,1,FR,Francia,2109.0
1998,1,GR,Grecia,21477.9
1998,1,GT,Guatemala,10758.76
1998,1,GT,Guatemala,726.76
1998,1,IE,Irlanda,3790.5
1998,1,IT,Italia,48987.18
1998,1,JP,Japón,18000.01
1998,1,PA,Panamá,18000.0
1998,1,PA,Panamá,855.0
1998,1,PY,Paraguay,47025.0
1998,1,PY,Paraguay,855.0
1998,1,NL,Países Bajos,247303.7
1998,1,GB,Reino Unido,63373.05
1998,1,DO,República Dominicana,7694.99
1998,1,DO,República Dominicana,213.74
1998,1,TW,Taiwán (Región),4200.01
1998,1,UY,Uruguay,4.5
1998,1,VE,Venezuela,7824.73
1998,2,DE,Alemania,178936.99
1998,2,DE,Alemania,2419.79
1998,2,AR,Argentina,16447.49
1998,2,AT,Austria,11969.99
1998,2,BR,Brasil,10224.01
1998,2,BE,Bélgica,74100.0
1998,2,CA,Canadá,64534.25
1998,2,CL,Chile,71620.0
1998,2,CL,Chile,7020.01
1998,2,CO,Colombia,5842.5
1998,2,CO,Colombia,633.74
1998,2,CR,Costa Rica,10800.01
1998,2,EG,Egipto,41.99
1998,2,SV,El Salvador,11116.12
1998,2,SV,El Salvador,1413.01
1998,2,ES,España,31395.57
1998,2,ES,España,166.68
1998,2,US,Estados Unidos,5185211.01
1998,2,US,Estados Unidos,298370.15
1998,2,PH,Filipinas,27000.0
1998,2,PH,Filipinas,2137.51
1998,2,FR,Francia,243389.66
1998,2,GR,Grecia,21545.99
1998,2,HK,Hong Kong,1470.0
1998,2,IE,Irlanda,8380.49
1998,2,IT,Italia,40109.6
1998,2,IT,Italia,453.6
1998,2,JP,Japón,22087.22
1998,2,JP,Japón,60.75
1998,2,NI,Nicaragua,252.75
1998,2,PA,Panamá,6276.75
1998,2,PA,Panamá,173.25
1998,2,PY,Paraguay,28215.0
1998,2,NL,Países Bajos,55000.0
1998,2,PR,Puerto Rico,5699.99
1998,2,GB,Reino Unido,83332.91
1998,2,GB,Reino Unido,41.33
1998,2,RU,Rusia,20160.0
1998,2,SG,Singapur,6637.51
1998,2,SE,Suecia,877.8
1998,2,SE,Suecia,414.96
1998,2,UY,Uruguay,9607.5
1998,2,UY,Uruguay,256.51
1998,2,VE,Venezuela,24299.99
1998,3,DE,Alemania,405569.84
1998,3,AR,Argentina,22795.8
1998,3,AR,Argentina,1026.0
1998,3,AT,Austria,16170.0
1998,3,BE,Bélgica,227275.0
1998,3,BE,Bélgica,21.42
1998,3,CA,Canadá,96801.38
1998,3,CL,Chile,72040.0
1998,3,CO,Colombia,8487.01
1998,3,CR,Costa Rica,5400.0
1998,3,CR,Costa Rica,235.74
1998,3,DK,Dinamarca,6385.9
1998,3,EC,Ecuador,6912.0
1998,3,SV,El Salvador,5985.0
1998,3,ES,España,62643.01
1998,3,ES,España,704.33
1998,3,US,Estados Unidos,4904563.52
1998,3,US,Estados Unidos,520345.91
1998,3,PH,Filipinas,21000.0
1998,3,FR,Francia,169093.61
1998,3,FR,Francia,3974.07
1998,3,GR,Grecia,14363.99
1998,3,GR,Grecia,6125.69
1998,3,GT,Guatemala,10958.25
1998,3,GT,Guatemala,877.0
1998,3,HK,Hong Kong,10140.01
1998,3,IT,Italia,89049.47
1998,3,IT,Italia,7963.2
1998,3,JP,Japón,85099.44
1998,3,JP,Japón,990.0
1998,3,MY,Malasia,1800.0
1998,3,NI,Nicaragua,3434.86
1998,3,NI,Nicaragua,14.24
1998,3,PA,Panamá,13500.0
1998,3,PA,Panamá,1006.25
1998,3,PY,Paraguay,47025.0
1998,3,NL,Países Bajos,264000.0
1998,3,GB,Reino Unido,42182.28
1998,3,GB,Reino Unido,597.07
1998,3,ZA,Sudáfrica,17415.01
1998,3,SE,Suecia,798.0
1998,3,TW,Taiwán (Región),9900.0
1998,3,TR,Turquía,1217.99
1998,3,UY,Uruguay,5850.01
1998,3,VE,Venezuela,40668.02
1998,3,VE,Venezuela,588.0
1998,4,DE,Alemania,233178.7
1998,4,AI,Anguilla,45599.99
1998,4,AN,Antillas Holandesas,104.9
1998,4,AR,Argentina,24413.1
1998,4,AR,Argentina,104.02
1998,4,AT,Austria,35909.98
1998,4,BZ,Belice,1667.24
1998,4,BR,Brasil,30107.98
1998,4,BE,Bélgica,37169.99
1998,4,CA,Canadá,95800.15
1998,4,CA,Canadá,2311.24
1998,4,CL,Chile,103297.49
1998,4,CO,Colombia,26742.0
1998,4,CO,Colombia,213.74
1998,4,CR,Costa Rica,855.0
1998,4,SV,El Salvador,5985.0
1998,4,SV,El Salvador,427.5
1998,4,ES,España,47966.65
1998,4,US,Estados Unidos,5132437.2
1998,4,US,Estados Unidos,329299.25
1998,4,FR,Francia,67100.0
1998,4,GR,Grecia,504.01
1998,4,GT,Guatemala,377.62
1998,4,GT,Guatemala,1221.77
1998,4,HK,Hong Kong,83.05
1998,4,IT,Italia,27984.4
1998,4,JP,Japón,24299.99
1998,4,JP,Japón,1881.01
1998,4,NZ,Nueva Zelandia,5870.45
1998,4,PA,Panamá,22579.49
1998,4,PA,Panamá,213.74
1998,4,NL,Países Bajos,340986.2
1998,4,PR,Puerto Rico,3150.0
1998,4,GB,Reino Unido,86798.87
1998,4,GB,Reino Unido,1778.21
1998,4,SG,Singapur,5039.99
1998,4,ZA,Sudáfrica,17995.5
1998,5,DE,Alemania,353767.2
1998,5,DE,Alemania,720.53
1998,5,AN,Antillas Holandesas,2446.5
1998,5,AR,Argentina,13522.49
1998,5,BR,Brasil,20123.99
1998,5,BE,Bélgica,174765.0
1998,5,CA,Canadá,95763.25
1998,5,CA,Canadá,543.73
1998,5,CL,Chile,95406.59
1998,5,CO,Colombia,1.51
1998,5,KR,Corea del Sur,3000.0
1998,5,CR,Costa Rica,10799.99
1998,5,DK,Dinamarca,7174.39
1998,5,SV,El Salvador,13252.5
1998,5,ES,España,16271.76
1998,5,ES,España,2812.21
1998,5,US,Estados Unidos,5843281.91
1998,5,US,Estados Unidos,322094.01
1998,5,PH,Filipinas,9000.01
1998,5,FR,Francia,103642.12
1998,5,FR,Francia,5180.86
1998,5,GR,Grecia,70223.96
1998,5,GT,Guatemala,6007.82
1998,5,GT,Guatemala,379.5
1998,5,HK,Hong Kong,9900.0
1998,5,IT,Italia,20476.8
1998,5,JP,Japón,62200.01
1998,5,LB,Líbano,6840.01
1998,5,MY,Malasia,2700.01
1998,5,MY,Malasia,252.0
1998,5,PA,Panamá,6127.51
1998,5,PY,Paraguay,37620.0
1998,5,NL,Países Bajos,179769.2
1998,5,PE,Perú,5557.5
1998,5,PE,Perú,427.5
1998,5,PT,Portugal,16686.74
1998,5,PT,Portugal,3643.5
1998,5,PR,Puerto Rico,13500.0
1998,5,GB,Reino Unido,96379.8
1998,5,GB,Reino Unido,1834.21
1998,5,DO,República Dominicana,6840.01
1998,5,SG,Singapur,6299.99
1998,5,ZA,Sudáfrica,26122.51
1998,5,TW,Taiwán (Región),9900.0
1998,5,VE,Venezuela,8163.43
1998,5,VE,Venezuela,483.44
1998,6,DE,Alemania,246640.24
1998,6,DE,Alemania,2069.39
1998,6,AI,Anguilla,29155.5
1998,6,AI,Anguilla,427.5
1998,6,AT,Austria,43319.99
1998,6,BM,Bermuda,35.98
1998,6,BR,Brasil,5973.59
1998,6,BR,Brasil,285.0
1998,6,BE,Bélgica,69450.0
1998,6,CA,Canadá,193602.75
1998,6,CL,Chile,176597.97
1998,6,CL,Chile,6750.01
1998,6,CN,China,171.0
1998,6,CO,Colombia,25786.52
1998,6,CO,Colombia,419.99
1998,6,KR,Corea del Sur,26.11
1998,6,CR,Costa Rica,5566.51
1998,6,CR,Costa Rica,102.6
1998,6,DK,Dinamarca,256.51
1998,6,SV,El Salvador,30295.5
1998,6,SV,El Salvador,1215.75
1998,6,ES,España,30139.09
1998,6,ES,España,3075.16
1998,6,US,Estados Unidos,7769364.87
1998,6,US,Estados Unidos,351792.8
1998,6,FR,Francia,131828.84
1998,6,GT,Guatemala,2730.01
1998,6,GT,Guatemala,25.64
1998,6,HK,Hong Kong,1395.94
1998,6,VI,Islas Vírgenes,3830.39
1998,6,VI,Islas Vírgenes,371.7
1998,6,IT,Italia,22356.0
1998,6,IT,Italia,11782.8
1998,6,JP,Japón,61311.03
1998,6,JP,Japón,12319.52
1998,6,MY,Malasia,9450.0
1998,6,NI,Nicaragua,3698.1
1998,6,PA,Panamá,4275.0
1998,6,PA,Panamá,1073.23
1998,6,NL,Países Bajos,143782.83
1998,6,PT,Portugal,6300.0
1998,6,PR,Puerto Rico,13500.0
1998,6,GB,Reino Unido,75781.9
1998,6,DO,República Dominicana,8338.5
1998,6,SG,Singapur,6412.51
1998,6,ZA,Sudáfrica,17415.01
1998,6,TW,Taiwán (Región),9900.0
1998,6,UY,Uruguay,5039.99
1998,6,VE,Venezuela,35999.97
1998,7,DE,Alemania,283075.03
1998,7,SA,Arabia Saudita,3200.41
1998,7,SA,Arabia Saudita,299.24
1998,7,AR,Argentina,26751.82
1998,7,AR,Argentina,12690.0
1998,7,AM,Armenia,1962.0
1998,7,AU,Australia,27500.0
1998,7,AT,Austria,48194.99
1998,7,BR,Brasil,9659.99
1998,7,BE,Bélgica,157941.01
1998,7,CA,Canadá,32451.2
1998,7,CA,Canadá,66.0
1998,7,CL,Chile,49613.0
1998,7,CL,Chile,1350.0
1998,7,CO,Colombia,18772.52
1998,7,CR,Costa Rica,4320.0
1998,7,DK,Dinamarca,4644.56
1998,7,EC,Ecuador,4950.0
1998,7,SV,El Salvador,27021.16
1998,7,SV,El Salvador,693.0
1998,7,ES,España,106117.92
1998,7,ES,España,2352.01
1998,7,US,Estados Unidos,5559087.1
1998,7,US,Estados Unidos,364774.4
1998,7,PH,Filipinas,6114.01
1998,7,PH,Filipinas,42.75
1998,7,FR,Francia,100606.51
1998,7,FR,Francia,570.01
1998,7,GR,Grecia,41894.99
1998,7,GT,Guatemala,10787.25
1998,7,GT,Guatemala,535.52
1998,7,HN,Honduras,2394.01
1998,7,HN,Honduras,10570.66
1998,7,VI,Islas Vírgenes,338.61
1998,7,IT,Italia,41885.99
1998,7,JP,Japón,25200.0
1998,7,JP,Japón,2290.39
1998,7,NZ,Nueva Zelandia,2582.98
1998,7,PA,Panamá,31207.5
1998,7,PA,Panamá,33.0
1998,7,NL,Países Bajos,219787.51
1998,7,DO,República Dominicana,495.0
1998,7,ZA,Sudáfrica,100092.48
1998,7,VE,Venezuela,8999.99
1998,8,DE,Alemania,139049.42
1998,8,DE,Alemania,190.0
1998,8,AI,Anguilla,8977.5
1998,8,AR,Argentina,29290.5
1998,8,AR,Argentina,162.44
1998,8,AU,Australia,28770.0
1998,8,AZ,Azerbaiyán,8.55
1998,8,BB,Barbados,142.09
1998,8,BR,Brasil,19319.99
1998,8,BE,Bélgica,91425.01
1998,8,CA,Canadá,64534.25
1998,8,CL,Chile,52474.5
1998,8,CL,Chile,125.99
1998,8,CO,Colombia,42814.49
1998,8,CR,Costa Rica,6749.74
1998,8,CR,Costa Rica,3861.0
1998,8,DK,Dinamarca,25.64
1998,8,SV,El Salvador,20519.99
1998,8,SV,El Salvador,738.0
1998,8,ES,España,16753.8
1998,8,ES,España,17.1
1998,8,US,Estados Unidos,5559552.79
1998,8,US,Estados Unidos,461505.55
1998,8,FR,Francia,138526.31
1998,8,FR,Francia,9200.26
1998,8,GR,Grecia,50273.97
1998,8,GT,Guatemala,17330.17
1998,8,GT,Guatemala,3231.39
1998,8,HK,Hong Kong,67.5
1998,8,IT,Italia,10389.83
1998,8,JP,Japón,113609.99
1998,8,JP,Japón,108.01
1998,8,PA,Panamá,18351.75
1998,8,PA,Panamá,774.74
1998,8,NL,Países Bajos,158778.25
1998,8,NL,Países Bajos,604.79
1998,8,PE,Perú,9405.0
1998,8,PT,Portugal,6300.0
1998,8,PR,Puerto Rico,2241.76
1998,8,GB,Reino Unido,128829.02
1998,8,DO,República Dominicana,4275.0
1998,8,SG,Singapur,5039.99
1998,8,ZA,Sudáfrica,26122.51
1998,8,TW,Taiwán (Región),18810.0
1998,8,VE,Venezuela,17.1
1998,9,DE,Alemania,103309.65
1998,9,AR,Argentina,9191.26
1998,9,AR,Argentina,256.51
1998,9,AT,Austria,11970.01
1998,9,AT,Austria,2912.69
1998,9,BR,Brasil,12599.99
1998,9,BE,Bélgica,238413.0
1998,9,CA,Canadá,64534.25
1998,9,CA,Canadá,269.98
1998,9,CL,Chile,115492.51
1998,9,KR,Corea del Sur,8467.19
1998,9,CR,Costa Rica,56.99
1998,9,CR,Costa Rica,171.0
1998,9,SV,El Salvador,2280.0
1998,9,ES,España,3312.0
1998,9,US,Estados Unidos,5553611.35
1998,9,US,Estados Unidos,430009.65
1998,9,PH,Filipinas,84000.0
1998,9,PH,Filipinas,1680.0
1998,9,FR,Francia,194009.2
1998,9,FR,Francia,3633.22
1998,9,GR,Grecia,1760.85
1998,9,GT,Guatemala,1163.76
1998,9,GT,Guatemala,2099.27
1998,9,HK,Hong Kong,899.99
1998,9,IE,Irlanda,877.8
1998,9,VI,Islas Vírgenes,5454.9
1998,9,VI,Islas Vírgenes,668.7
1998,9,IT,Italia,38733.12
1998,9,IT,Italia,4624.51
1998,9,JP,Japón,42300.0
1998,9,JP,Japón,9398.94
1998,9,MY,Malasia,11789.99
1998,9,NZ,Nueva Zelandia,23507.5
1998,9,PA,Panamá,21374.99
1998,9,PA,Panamá,109.93
1998,9,NL,Países Bajos,183961.22
1998,9,PR,Puerto Rico,21150.0
1998,9,GB,Reino Unido,82281.69
1998,9,GB,Reino Unido,404.25
1998,9,RU,Rusia,18.01
1998,9,RU,Rusia,29.52
1998,9,ZA,Sudáfrica,8707.5
1998,9,UA,Ucrania,10080.0
1998,9,UY,Uruguay,5984.99
1998,9,VE,Venezuela,17955.0
1998,10,DE,Alemania,485759.38
1998,10,DE,Alemania,1524.23
1998,10,AR,Argentina,33279.0
1998,10,AU,Australia,28770.0
1998,10,AT,Austria,92242.51
1998,10,BO,Bolivia,900.01
1998,10,BR,Brasil,22477.5
1998,10,BE,Bélgica,198876.01
1998,10,CA,Canadá,96684.05
1998,10,CA,Canadá,13.49
1998,10,CZ,Chequia,10170.0
1998,10,CZ,Chequia,234.0
1998,10,CL,Chile,110817.0
1998,10,CO,Colombia,18224.99
1998,10,CR,Costa Rica,17333.1
1998,10,CR,Costa Rica,781.14
1998,10,DK,Dinamarca,3160.08
1998,10,EC,Ecuador,6912.0
1998,10,ES,España,16131.36
1998,10,ES,España,470.4
1998,10,US,Estados Unidos,5341305.28
1998,10,US,Estados Unidos,396554.63
1998,10,PH,Filipinas,33854.25
1998,10,FR,Francia,265137.83
1998,10,FR,Francia,651.85
1998,10,GT,Guatemala,1800.0
1998,10,GT,Guatemala,1878.0
1998,10,IN,India,30250.0
1998,10,IT,Italia,10494.71
1998,10,IT,Italia,1711.27
1998,10,JP,Japón,31147.5
1998,10,JP,Japón,2879.99
1998,10,NI,Nicaragua,175.56
1998,10,NZ,Nueva Zelandia,23399.75
1998,10,PA,Panamá,9450.0
1998,10,PA,Panamá,320.18
1998,10,PY,Paraguay,11115.01
1998,10,NL,Países Bajos,214501.99
1998,10,PE,Perú,7043.4
1998,10,PL,Polonia,12.0
1998,10,PL,Polonia,95.27
1998,10,GB,Reino Unido,127508.59
1998,10,GB,Reino Unido,6505.25
1998,10,SG,Singapur,672.0
1998,10,ZA,Sudáfrica,87075.04
1998,10,UY,Uruguay,3722.99
1998,10,VE,Venezuela,24255.0
1998,11,DE,Alemania,187407.0
1998,11,DE,Alemania,1907.56
1998,11,AR,Argentina,7740.01
1998,11,AR,Argentina,171.0
1998,11,AU,Australia,28770.0
1998,11,AT,Austria,8694.0
1998,11,AT,Austria,465.0
1998,11,BR,Brasil,37957.49
1998,11,BE,Bélgica,209550.01
1998,11,CA,Canadá,31229.0
1998,11,CA,Canadá,1881.0
1998,11,CZ,Chequia,503.99
1998,11,CL,Chile,26865.0
1998,11,CO,Colombia,5699.99
1998,11,CR,Costa Rica,6413.99
1998,11,CR,Costa Rica,9575.99
1998,11,SV,El Salvador,12110.23
1998,11,SV,El Salvador,427.5
1998,11,US,Estados Unidos,5565778.98
1998,11,US,Estados Unidos,481788.41
1998,11,PH,Filipinas,10157.4
1998,11,PH,Filipinas,1680.0
1998,11,FR,Francia,164509.0
1998,11,FR,Francia,20.8
1998,11,GR,Grecia,6703.19
1998,11,GR,Grecia,4233.6
1998,11,GT,Guatemala,1140.0
1998,11,GT,Guatemala,121.51
1998,11,HN,Honduras,3115.05
1998,11,HN,Honduras,1536.0
1998,11,HK,Hong Kong,17065.8
1998,11,IT,Italia,63062.38
1998,11,JP,Japón,33834.61
1998,11,JP,Japón,49.99
1998,11,MQ,Martinica,538.66
1998,11,NI,Nicaragua,899.99
1998,11,PA,Panamá,39757.49
1998,11,PA,Panamá,427.5
1998,11,PY,Paraguay,26505.0
1998,11,NL,Países Bajos,204110.5
1998,11,PE,Perú,10431.0
1998,11,PE,Perú,1364.99
1998,11,GB,Reino Unido,67279.8
1998,11,DO,República Dominicana,2.06
1998,11,ZA,Sudáfrica,26122.51
1998,11,SE,Suecia,27.01
1998,11,TW,Taiwán (Región),12105.01
1998,11,UY,Uruguay,5039.99
1998,11,VE,Venezuela,27549.42
1998,11,VE,Venezuela,352.63
1998,12,DE,Alemania,249807.28
1998,12,AR,Argentina,7740.01
1998,12,AU,Australia,28875.0
1998,12,AT,Austria,10074.17
1998,12,BO,Bolivia,900.01
1998,12,BR,Brasil,19319.99
1998,12,BE,Bélgica,110550.0
1998,12,CA,Canadá,96625.38
1998,12,CA,Canadá,18.01
1998,12,CL,Chile,7200.01
1998,12,CL,Chile,1665.0
1998,12,CO,Colombia,15668.99
1998,12,CO,Colombia,940.5
1998,12,KR,Corea del Sur,2295.0
1998,12,CR,Costa Rica,11742.01
1998,12,DK,Dinamarca,2604.9
1998,12,ES,España,52733.6
1998,12,US,Estados Unidos,4427260.65
1998,12,US,Estados Unidos,296864.84
1998,12,PH,Filipinas,9405.0
1998,12,PH,Filipinas,427.5
1998,12,FR,Francia,83477.4
1998,12,GR,Grecia,34313.98
1998,12,GT,Guatemala,285.0
1998,12,GT,Guatemala,282.15
1998,12,HK,Hong Kong,1424.99
1998,12,IT,Italia,30214.79
1998,12,JP,Japón,14532.0
1998,12,JP,Japón,828.01
1998,12,MY,Malasia,4133.99
1998,12,NI,Nicaragua,5943.0
1998,12,NI,Nicaragua,422.99
1998,12,NZ,Nueva Zelandia,23.99
1998,12,PA,Panamá,9006.0
1998,12,PA,Panamá,297.0
1998,12,PY,Paraguay,18810.0
1998,12,NL,Países Bajos,197003.51
1998,12,PR,Puerto Rico,13500.0
1998,12,GB,Reino Unido,3744.0
1998,12,DO,República Dominicana,6840.01
1998,12,SG,Singapur,8092.51
1998,12,SG,Singapur,42.75
1998,12,SE,Suecia,1995.0
1998,12,SE,Suecia,798.0
1998,12,UY,Uruguay,5985.0
1998,12,UY,Uruguay,171.0
1999,1,DE,Alemania,207695.29
1999,1,DE,Alemania,220.12
1999,1,SA,Arabia Saudita,3649.81
1999,1,BR,Brasil,37275.01
1999,1,BE,Bélgica,152826.0
1999,1,CA,Canadá,7349.99
1999,1,CA,Canadá,1350.0
1999,1,CZ,Chequia,8300.0
1999,1,CZ,Chequia,234.0
1999,1,CL,Chile,16500.0
1999,1,CO,Colombia,8933.05
1999,1,KR,Corea del Sur,9899.99
1999,1,CR,Costa Rica,9690.01
1999,1,EC,Ecuador,5313.0
1999,1,SV,El Salvador,11115.0
1999,1,SV,El Salvador,49.5
1999,1,US,Estados Unidos,5975924.96
1999,1,US,Estados Unidos,289395.14
1999,1,PH,Filipinas,16911.9
1999,1,PH,Filipinas,427.5
1999,1,FR,Francia,40538.41
1999,1,GR,Grecia,14363.99
1999,1,GT,Guatemala,8683.59
1999,1,GT,Guatemala,1067.25
1999,1,IE,Irlanda,12767.99
1999,1,KY,Islas Caimán,11.4
1999,1,IT,Italia,52920.83
1999,1,IT,Italia,4588.5
1999,1,JP,Japón,12684.59
1999,1,MY,Malasia,10476.0
1999,1,MY,Malasia,2100.0
1999,1,NZ,Nueva Zelandia,5500.0
1999,1,PA,Panamá,24168.02
1999,1,PA,Panamá,756.0
1999,1,NL,Países Bajos,158125.0
1999,1,PE,Perú,940.5
1999,1,GB,Reino Unido,22760.33
1999,1,GB,Reino Unido,120.33
1999,1,DO,República Dominicana,6912.0
1999,1,SG,Singapur,5039.99
1999,1,ZA,Sudáfrica,17415.01
1999,1,TW,Taiwán (Región),9900.0
1999,1,UY,Uruguay,810.0
1999,2,DE,Alemania,32537.5
1999,2,DE,Alemania,387.45
1999,2,SA,Arabia Saudita,1531.49
1999,2,AR,Argentina,13614.0
1999,2,BR,Brasil,39779.99
1999,2,BE,Bélgica,173550.0
1999,2,CA,Canadá,64534.25
1999,2,CA,Canadá,463.5
1999,2,CL,Chile,34605.01
1999,2,CL,Chile,234.0
1999,2,CR,Costa Rica,5343.74
1999,2,CR,Costa Rica,213.74
1999,2,DK,Dinamarca,8634.37
1999,2,EC,Ecuador,746.25
1999,2,SV,El Salvador,11826.36
1999,2,SV,El Salvador,1470.74
1999,2,ES,España,2916.62
1999,2,US,Estados Unidos,3476200.47
1999,2,US,Estados Unidos,394279.45
1999,2,PH,Filipinas,5400.01
1999,2,FR,Francia,152810.65
1999,2,GT,Guatemala,17634.39
1999,2,GT,Guatemala,956.23
1999,2,HN,Honduras,9622.76
1999,2,HN,Honduras,903.59
1999,2,HK,Hong Kong,11.25
1999,2,KY,Islas Caimán,71.98
1999,2,IT,Italia,10383.12
1999,2,JP,Japón,69500.01
1999,2,JP,Japón,9663.38
1999,2,LB,Líbano,6840.01
1999,2,MY,Malasia,5039.99
1999,2,MY,Malasia,34.2
1999,2,MA,Marruecos,1712.85
1999,2,NZ,Nueva Zelandia,7.22
1999,2,PA,Panamá,15390.0
1999,2,PA,Panamá,427.5
1999,2,NL,Países Bajos,325875.0
1999,2,PE,Perú,7267.49
1999,2,PR,Puerto Rico,8999.99
1999,2,GB,Reino Unido,94619.52
1999,2,GB,Reino Unido,5.01
1999,2,DO,República Dominicana,5130.0
1999,2,SG,Singapur,10.78
1999,2,UY,Uruguay,5490.0
1999,2,VE,Venezuela,9900.0
1999,3,DE,Alemania,512755.35
1999,3,DE,Alemania,2036.99
1999,3,AR,Argentina,2249.99
1999,3,AR,Argentina,104.42
1999,3,AW,Aruba,36209.25
1999,3,AW,Aruba,1410.75
1999,3,AU,Australia,28774.2
1999,3,BR,Brasil,8977.5
1999,3,BR,Brasil,360.02
1999,3,BE,Bélgica,312630.01
1999,3,CA,Canadá,3863.72
1999,3,CL,Chile,20790.0
1999,3,CL,Chile,108.76
1999,3,CY,Chipre,18810.0
1999,3,CO,Colombia,25649.99
1999,3,CO,Colombia,126.09
1999,3,KR,Corea del Sur,9899.99
1999,3,KR,Corea del Sur,216.0
1999,3,CW,Curaçao,8934.75
1999,3,CW,Curaçao,470.25
1999,3,DK,Dinamarca,1399.94
1999,3,EC,Ecuador,7650.0
1999,3,EC,Ecuador,427.5
1999,3,SV,El Salvador,33447.59
1999,3,SV,El Salvador,1009.25
1999,3,ES,España,60786.17
1999,3,ES,España,3892.58
1999,3,US,Estados Unidos,5448661.02
1999,3,US,Estados Unidos,453435.69
1999,3,PH,Filipinas,19049.99
1999,3,FR,Francia,198881.86
1999,3,FR,Francia,5586.01
1999,3,GR,Grecia,10002.37
1999,3,GR,Grecia,120.0
1999,3,GT,Guatemala,8607.01
1999,3,GT,Guatemala,854.99
1999,3,HN,Honduras,1710.01
1999,3,IT,Italia,20779.78
1999,3,IT,Italia,405.58
1999,3,JP,Japón,72007.5
1999,3,JP,Japón,171.5
1999,3,BS,Las Bahamas,9974.99
1999,3,MY,Malasia,9000.01
1999,3,NZ,Nueva Zelandia,5500.0
1999,3,NZ,Nueva Zelandia,21.38
1999,3,PA,Panamá,23469.75
1999,3,PA,Panamá,897.75
1999,3,NL,Países Bajos,601359.37
1999,3,PT,Portugal,6299.99
1999,3,PR,Puerto Rico,5940.0
1999,3,GB,Reino Unido,83716.19
1999,3,ZA,Sudáfrica,31375.35
1999,3,TW,Taiwán (Región),9900.0
1999,3,UY,Uruguay,5985.0
1999,3,VE,Venezuela,35101.19
1999,3,VE,Venezuela,1068.0
1999,4,DE,Alemania,288937.33
1999,4,DE,Alemania,1465.2
1999,4,AT,Austria,3641.56
1999,4,AT,Austria,85.5
1999,4,AZ,Azerbaiyán,205.95
1999,4,BR,Brasil,9659.99
1999,4,BR,Brasil,96.0
1999,4,BE,Bélgica,200514.01
1999,4,CA,Canadá,89.99
1999,4,CA,Canadá,10385.99
1999,4,CL,Chile,74073.0
1999,4,CO,Colombia,18.0
1999,4,KP,Corea del Norte,9.5
1999,4,CR,Costa Rica,8806.5
1999,4,CR,Costa Rica,3174.74
1999,4,DK,Dinamarca,3192.01
1999,4,EC,Ecuador,9900.0
1999,4,EG,Egipto,201.2
1999,4,SV,El Salvador,11799.0
1999,4,SV,El Salvador,427.5
1999,4,ES,España,49621.98
1999,4,ES,España,1881.61
1999,4,US,Estados Unidos,5073124.51
1999,4,US,Estados Unidos,550743.31
1999,4,FR,Francia,87450.43
1999,4,FR,Francia,5426.4
1999,4,GR,Grecia,14363.99
1999,4,GT,Guatemala,2024.99
1999,4,HK,Hong Kong,107.92
1999,4,IT,Italia,61719.47
1999,4,IT,Italia,1545.61
1999,4,JP,Japón,53330.01
1999,4,JP,Japón,8165.99
1999,4,MY,Malasia,5039.99
1999,4,PA,Panamá,27046.51
1999,4,PA,Panamá,600.72
1999,4,NL,Países Bajos,157899.65
1999,4,PE,Perú,1539.0
1999,4,PE,Perú,1881.0
1999,4,PR,Puerto Rico,7560.0
1999,4,GB,Reino Unido,39417.3
1999,4,GB,Reino Unido,142.92
1999,4,DO,República Dominicana,1008.0
1999,4,SG,Singapur,5879.99
1999,4,CH,Suiza,11.4
1999,4,TW,Taiwán (Región),9900.0
1999,4,TW,Taiwán (Región),11.4
1999,4,UY,Uruguay,6912.0
1999,4,VE,Venezuela,8999.99
1999,5,DE,Alemania,224697.73
1999,5,SA,Arabia Saudita,4007.56
1999,5,SA,Arabia Saudita,1062.74
1999,5,AW,Aruba,18810.0
1999,5,AU,Australia,29088.1
1999,5,AU,Australia,49.98
1999,5,AT,Austria,103.5
1999,5,BO,Bolivia,450.0
1999,5,BR,Brasil,9660.01
1999,5,BE,Bélgica,232106.02
1999,5,BE,Bélgica,29.31
1999,5,CA,Canadá,3856.49
1999,5,CL,Chile,68669.99
1999,5,CO,Colombia,1710.01
1999,5,CO,Colombia,51.3
1999,5,KR,Corea del Sur,9809.99
1999,5,CR,Costa Rica,3648.0
1999,5,CR,Costa Rica,183.82
1999,5,EC,Ecuador,6912.0
1999,5,ES,España,31350.0
1999,5,ES,España,1022.68
1999,5,US,Estados Unidos,7181051.72
1999,5,US,Estados Unidos,465582.4
1999,5,PH,Filipinas,9750.0
1999,5,PH,Filipinas,127.26
1999,5,FR,Francia,145779.34
1999,5,FR,Francia,8379.0
1999,5,GR,Grecia,25136.99
1999,5,GR,Grecia,5158.64
1999,5,GU,Guam,27.01
1999,5,HN,Honduras,342.0
1999,5,HN,Honduras,406.34
1999,5,IE,Irlanda,5586.01
1999,5,IT,Italia,34806.96
1999,5,IT,Italia,14.4
1999,5,JP,Japón,21600.01
1999,5,JP,Japón,4122.98
1999,5,MY,Malasia,11789.99
1999,5,NI,Nicaragua,2793.0
1999,5,NI,Nicaragua,296.24
1999,5,NZ,Nueva Zelandia,71.09
1999,5,PA,Panamá,6982.51
1999,5,PA,Panamá,321.75
1999,5,NL,Países Bajos,165000.0
1999,5,PE,Perú,4275.0
1999,5,PT,Portugal,3469.4
1999,5,PR,Puerto Rico,49050.0
1999,5,PR,Puerto Rico,911.24
1999,5,GB,Reino Unido,172906.22
1999,5,GB,Reino Unido,239.2
1999,5,DO,República Dominicana,14414.4
1999,5,DO,República Dominicana,231.38
1999,5,ZA,Sudáfrica,17415.01
1999,5,CH,Suiza,2992.49
1999,5,UY,Uruguay,8999.99
1999,5,VE,Venezuela,8999.99
1999,6,DE,Alemania,296554.06
1999,6,DE,Alemania,1276.8
1999,6,AR,Argentina,10642.5
1999,6,AU,Australia,20007.01
1999,6,AU,Australia,5259.62
1999,6,BO,Bolivia,450.0
1999,6,BR,Brasil,8977.5
1999,6,BR,Brasil,21.38
1999,6,BE,Bélgica,115769.99
1999,6,CA,Canadá,31229.0
1999,6,CA,Canadá,1710.01
1999,6,CL,Chile,48365.98
1999,6,CN,China,39600.0
1999,6,CO,Colombia,18468.0
1999,6,CR,Costa Rica,23197.5
1999,6,CR,Costa Rica,386.06
1999,6,DK,Dinamarca,8379.0
1999,6,SV,El Salvador,14404.47
1999,6,SV,El Salvador,662.63
1999,6,ES,España,77649.01
1999,6,ES,España,2302.86
1999,6,US,Estados Unidos,7406257.2
1999,6,US,Estados Unidos,555269.03
1999,6,PH,Filipinas,9599.99
1999,6,FR,Francia,157544.71
1999,6,FR,Francia,20400.31
1999,6,GT,Guatemala,3784.8
1999,6,GT,Guatemala,7568.98
1999,6,HN,Honduras,342.0
1999,6,HN,Honduras,230.85
1999,6,HK,Hong Kong,3562.5
1999,6,HK,Hong Kong,476.99
1999,6,IE,Irlanda,2194.5
1999,6,IL,Israel,6750.0
1999,6,IT,Italia,52923.6
1999,6,JP,Japón,56229.51
1999,6,JP,Japón,1724.99
1999,6,BS,Las Bahamas,14592.0
1999,6,MY,Malasia,3600.0
1999,6,NI,Nicaragua,4200.01
1999,6,NI,Nicaragua,296.24
1999,6,NC,Nueva Caledonia,25.64
1999,6,NC,Nueva Caledonia,4.28
1999,6,PA,Panamá,76404.02
1999,6,PA,Panamá,7751.23
1999,6,NL,Países Bajos,503741.2
1999,6,PT,Portugal,474.61
1999,6,PR,Puerto Rico,14700.0
1999,6,PR,Puerto Rico,450.0
1999,6,GB,Reino Unido,51397.91
1999,6,GB,Reino Unido,453.6
1999,6,DO,República Dominicana,12656.85
1999,6,DO,República Dominicana,85.5
1999,6,SG,Singapur,9479.43
1999,6,SG,Singapur,233.98
1999,6,ZA,Sudáfrica,43537.52
1999,6,TW,Taiwán (Región),9900.0
1999,6,TW,Taiwán (Región),11.4
1999,6,VE,Venezuela,39600.0
1999,7,DE,Alemania,224313.1
1999,7,DE,Alemania,13.94
1999,7,AR,Argentina,9164.39
1999,7,AU,Australia,29218.01
1999,7,BR,Brasil,30742.51
1999,7,BR,Brasil,406.12
1999,7,BE,Bélgica,70800.0
1999,7,CA,Canadá,48.15
1999,7,CL,Chile,66735.01
1999,7,CL,Chile,899.99
1999,7,CN,China,39600.0
1999,7,CO,Colombia,50919.0
1999,7,CO,Colombia,431.39
1999,7,KR,Corea del Sur,10499.98
1999,7,CR,Costa Rica,4275.0
1999,7,DK,Dinamarca,157.51
1999,7,EC,Ecuador,234.0
1999,7,SV,El Salvador,419.99
1999,7,SV,El Salvador,1155.0
1999,7,ES,España,55616.18
1999,7,ES,España,3924.9
1999,7,US,Estados Unidos,6867426.13
1999,7,US,Estados Unidos,539875.05
1999,7,PH,Filipinas,10560.0
1999,7,FR,Francia,94908.45
1999,7,FR,Francia,1501.35
1999,7,GR,Grecia,7182.0
1999,7,GT,Guatemala,3059.99
1999,7,GT,Guatemala,405.01
1999,7,IN,India,30216.96
1999,7,IT,Italia,40618.43
1999,7,JP,Japón,21150.0
1999,7,JP,Japón,10356.02
1999,7,NI,Nicaragua,6993.0
1999,7,NI,Nicaragua,1017.01
1999,7,PA,Panamá,36696.6
1999,7,PA,Panamá,675.0
1999,7,NL,Países Bajos,179370.61
1999,7,PR,Puerto Rico,450.01
1999,7,GB,Reino Unido,57598.31
1999,7,GB,Reino Unido,173.19
1999,7,SG,Singapur,8400.0
1999,7,VE,Venezuela,16559.99
1999,8,DE,Alemania,136090.38
1999,8,AR,Argentina,24187.49
1999,8,AR,Argentina,33.74
1999,8,AU,Australia,29342.62
1999,8,AU,Australia,8266.89
1999,8,BR,Brasil,19777.49
1999,8,BR,Brasil,450.0
1999,8,BE,Bélgica,86937.0
1999,8,CA,Canadá,64534.25
1999,8,CA,Canadá,5844.77
1999,8,CZ,Chequia,8280.0
1999,8,CL,Chile,69795.0
1999,8,CL,Chile,8685.01
1999,8,CR,Costa Rica,3150.0
1999,8,ES,España,23675.79
1999,8,ES,España,887.93
1999,8,US,Estados Unidos,6808998.68
1999,8,US,Estados Unidos,496961.96
1999,8,PH,Filipinas,32939.99
1999,8,PH,Filipinas,2100.0
1999,8,FR,Francia,178025.98
1999,8,FR,Francia,897.75
1999,8,GR,Grecia,28727.99
1999,8,IT,Italia,5731.98
1999,8,JP,Japón,82197.49
1999,8,JP,Japón,2596.19
1999,8,MY,Malasia,8550.0
1999,8,NZ,Nueva Zelandia,1207.14
1999,8,PA,Panamá,5130.0
1999,8,NL,Países Bajos,521125.0
1999,8,PT,Portugal,6300.0
1999,8,GB,Reino Unido,74604.06
1999,8,GB,Reino Unido,1293.93
1999,8,SG,Singapur,11609.99
1999,8,SG,Singapur,117.01
1999,8,ZA,Sudáfrica,17415.01
1999,8,UY,Uruguay,25362.0
1999,8,VE,Venezuela,2096.99
1999,9,DE,Alemania,63820.24
1999,9,DE,Alemania,1021.69
1999,9,AR,Argentina,9674.99
1999,9,AT,Austria,3085.98
1999,9,AZ,Azerbaiyán,873.59
1999,9,BR,Brasil,68275.51
1999,9,BR,Brasil,463.37
1999,9,BE,Bélgica,227820.01
1999,9,CA,Canadá,8588.24
1999,9,CL,Chile,103978.5
1999,9,CL,Chile,112.47
1999,9,KR,Corea del Sur,10650.01
1999,9,KR,Corea del Sur,2.25
1999,9,DK,Dinamarca,1995.0
1999,9,EC,Ecuador,16812.0
1999,9,SV,El Salvador,2565.01
1999,9,ES,España,76986.66
1999,9,ES,España,427.5
1999,9,US,Estados Unidos,7414884.37
1999,9,US,Estados Unidos,684728.12
1999,9,PH,Filipinas,48539.99
1999,9,FR,Francia,90148.88
1999,9,GT,Guatemala,7866.02
1999,9,HN,Honduras,855.0
1999,9,HK,Hong Kong,2249.4
1999,9,IT,Italia,42205.06
1999,9,JP,Japón,9449.99
1999,9,JP,Japón,10123.22
1999,9,LB,Líbano,6840.01
1999,9,MY,Malasia,7740.0
1999,9,NZ,Nueva Zelandia,5512.38
1999,9,NZ,Nueva Zelandia,79.87
1999,9,PA,Panamá,55147.5
1999,9,PA,Panamá,1691.96
1999,9,NL,Países Bajos,436139.39
1999,9,PR,Puerto Rico,18900.01
1999,9,PR,Puerto Rico,1530.0
1999,9,GB,Reino Unido,76619.52
1999,9,GB,Reino Unido,96.32
1999,9,ZA,Sudáfrica,34830.01
1999,9,CH,Suiza,990.0
1999,9,UY,Uruguay,6412.51
1999,9,VE,Venezuela,28800.01
1999,10,DE,Alemania,102304.17
1999,10,DE,Alemania,2570.03
1999,10,AR,Argentina,27719.38
1999,10,AU,Australia,28717.49
1999,10,AT,Austria,871212.38
1999,10,AT,Austria,33908.16
1999,10,BO,Bolivia,990.0
1999,10,BR,Brasil,28327.05
1999,10,BE,Bélgica,111600.0
1999,10,CA,Canadá,193602.75
1999,10,CA,Canadá,5823.03
1999,10,CL,Chile,49185.0
1999,10,KP,Corea del Norte,117.59
1999,10,KP,Corea del Norte,53.1
1999,10,CR,Costa Rica,14050.51
1999,10,CR,Costa Rica,1901.25
1999,10,DK,Dinamarca,2526.76
1999,10,EC,Ecuador,6912.0
1999,10,SV,El Salvador,855.0
1999,10,ES,España,75585.5
1999,10,ES,España,9804.3
1999,10,US,Estados Unidos,5684751.19
1999,10,US,Estados Unidos,725695.55
1999,10,PH,Filipinas,61773.02
1999,10,PH,Filipinas,2699.23
1999,10,FR,Francia,114361.25
1999,10,GR,Grecia,21545.99
1999,10,GT,Guatemala,8749.52
1999,10,GT,Guatemala,3183.73
1999,10,HN,Honduras,2280.0
1999,10,IE,Irlanda,12369.01
1999,10,IT,Italia,6299.99
1999,10,JP,Japón,113325.0
1999,10,JP,Japón,8124.59
1999,10,MY,Malasia,8100.0
1999,10,NI,Nicaragua,945.0
1999,10,NZ,Nueva Zelandia,1156.97
1999,10,PY,Paraguay,9405.0
1999,10,NL,Países Bajos,341444.96
1999,10,PE,Perú,7267.49
1999,10,GB,Reino Unido,39750.0
1999,10,GB,Reino Unido,6552.88
1999,10,SG,Singapur,26804.99
1999,10,ZA,Sudáfrica,17415.01
1999,10,TW,Taiwán (Región),1350.0
1999,10,TW,Taiwán (Región),2520.0
1999,10,UY,Uruguay,2992.49
1999,10,VE,Venezuela,12600.0
1999,11,DE,Alemania,268444.22
1999,11,DE,Alemania,1127.39
1999,11,AR,Argentina,16424.99
1999,11,AU,Australia,13680.0
1999,11,AU,Australia,32640.01
1999,11,AT,Austria,1226234.75
1999,11,BR,Brasil,48595.19
1999,11,BE,Bélgica,24026.98
1999,11,CA,Canadá,158469.75
1999,11,CA,Canadá,1118.25
1999,11,CL,Chile,36090.0
1999,11,KR,Corea del Sur,10650.01
1999,11,CR,Costa Rica,15792.56
1999,11,CR,Costa Rica,2294.48
1999,11,DK,Dinamarca,3990.0
1999,11,SV,El Salvador,2467.49
1999,11,SV,El Salvador,1203.37
1999,11,ES,España,12600.0
1999,11,ES,España,209.11
1999,11,US,Estados Unidos,5035580.12
1999,11,US,Estados Unidos,586266.71
1999,11,PH,Filipinas,37814.99
1999,11,PH,Filipinas,1260.0
1999,11,FR,Francia,154109.75
1999,11,FR,Francia,2975.47
1999,11,GR,Grecia,14363.99
1999,11,GT,Guatemala,1140.0
1999,11,IT,Italia,33567.65
1999,11,IT,Italia,453.6
1999,11,JP,Japón,27450.0
1999,11,NI,Nicaragua,899.96
1999,11,NZ,Nueva Zelandia,7190.0
1999,11,NZ,Nueva Zelandia,36.0
1999,11,PA,Panamá,6447.0
1999,11,PA,Panamá,6686.24
1999,11,PY,Paraguay,28215.0
1999,11,NL,Países Bajos,338159.0
1999,11,PR,Puerto Rico,8100.0
1999,11,GB,Reino Unido,163551.96
1999,11,GB,Reino Unido,108.16
1999,11,DO,República Dominicana,7694.99
1999,11,SG,Singapur,9240.0
1999,11,UY,Uruguay,9405.0
1999,11,VE,Venezuela,18900.01
1999,12,DE,Alemania,280321.88
1999,12,DE,Alemania,456.46
1999,12,AR,Argentina,9674.99
1999,12,BZ,Belice,171.0
1999,12,BO,Bolivia,1170.0
1999,12,BE,Bélgica,37740.01
1999,12,CA,Canadá,129068.5
1999,12,CZ,Chequia,45.0
1999,12,CL,Chile,19800.0
1999,12,CL,Chile,281.38
1999,12,CN,China,2280.0
1999,12,CN,China,1379.76
1999,12,CO,Colombia,17730.01
1999,12,CR,Costa Rica,13395.0
1999,12,EC,Ecuador,6912.0
1999,12,ES,España,49080.01
1999,12,US,Estados Unidos,5271925.07
1999,12,US,Estados Unidos,691026.3
1999,12,FR,Francia,68159.82
1999,12,GR,Grecia,7182.0
1999,12,GT,Guatemala,8803.49
1999,12,GT,Guatemala,469.51
1999,12,HN,Honduras,9531.01
1999,12,HN,Honduras,99.0
1999,12,HK,Hong Kong,71.11
1999,12,IE,Irlanda,42.75
1999,12,VI,Islas Vírgenes,8460.75
1999,12,VI,Islas Vírgenes,480.0
1999,12,JP,Japón,43.46
1999,12,MY,Malasia,1890.01
1999,12,NZ,Nueva Zelandia,467.98
1999,12,PA,Panamá,2992.5
1999,12,PA,Panamá,2466.02
1999,12,PY,Paraguay,28215.0
1999,12,NL,Países Bajos,31350.0
1999,12,PE,Perú,7240.5
1999,12,PE,Perú,295.5
1999,12,PR,Puerto Rico,9900.0
1999,12,PR,Puerto Rico,1125.0
1999,12,GB,Reino Unido,18870.6
1999,12,GB,Reino Unido,34.21
1999,12,DO,República Dominicana,9242.56
1999,12,DO,República Dominicana,85.5
1999,12,SG,Singapur,6750.0
1999,12,SG,Singapur,747.0
1999,12,ZA,Sudáfrica,17415.01
2000,1,DE,Alemania,280398.84
2000,1,DE,Alemania,8.55
2000,1,AR,Argentina,4837.5
2000,1,AU,Australia,28033.75
2000,1,BR,Brasil,33392.03
2000,1,BE,Bélgica,132506.47
2000,1,CA,Canadá,129068.5
2000,1,CA,Canadá,8411.51
2000,1,CL,Chile,40499.99
2000,1,KR,Corea del Sur,10650.01
2000,1,CR,Costa Rica,1687.51
2000,1,DK,Dinamarca,2016.01
2000,1,EC,Ecuador,7875.0
2000,1,SV,El Salvador,24609.76
2000,1,SV,El Salvador,2843.66
2000,1,ES,España,41421.3
2000,1,US,Estados Unidos,6366080.23
2000,1,US,Estados Unidos,438073.89
2000,1,PH,Filipinas,32924.99
2000,1,FR,Francia,56043.01
2000,1,GR,Grecia,5362.94
2000,1,GT,Guatemala,11015.25
2000,1,GT,Guatemala,1435.5
2000,1,HK,Hong Kong,1140.75
2000,1,IN,India,31237.37
2000,1,IT,Italia,62982.71
2000,1,JP,Japón,59590.01
2000,1,JP,Japón,8321.98
2000,1,NZ,Nueva Zelandia,2141.99
2000,1,NL,Países Bajos,127875.0
2000,1,GB,Reino Unido,218.39
2000,1,UY,Uruguay,4752.0
2000,2,DE,Alemania,260937.01
2000,2,DE,Alemania,643.82
2000,2,AW,Aruba,20947.49
2000,2,AU,Australia,8160.01
2000,2,BR,Brasil,22620.0
2000,2,BE,Bélgica,124803.0
2000,2,CA,Canadá,6036.0
2000,2,CZ,Chequia,16596.0
2000,2,CL,Chile,69983.98
2000,2,CL,Chile,180.0
2000,2,KR,Corea del Sur,10799.99
2000,2,CR,Costa Rica,10835.85
2000,2,CR,Costa Rica,1080.45
2000,2,DK,Dinamarca,6384.0
2000,2,SV,El Salvador,3890.25
2000,2,SV,El Salvador,370.51
2000,2,ES,España,2.86
2000,2,ES,España,11101.03
2000,2,US,Estados Unidos,6229551.28
2000,2,US,Estados Unidos,422333.57
2000,2,PH,Filipinas,18660.0
2000,2,FR,Francia,20716.08
2000,2,GR,Grecia,28727.99
2000,2,VI,Islas Vírgenes,11347.49
2000,2,VI,Islas Vírgenes,1889.99
2000,2,IT,Italia,40953.6
2000,2,JP,Japón,35135.98
2000,2,JP,Japón,517.26
2000,2,PA,Panamá,18810.0
2000,2,PA,Panamá,206.98
2000,2,NL,Países Bajos,322385.21
2000,2,PR,Puerto Rico,10799.99
2000,2,PR,Puerto Rico,900.01
2000,2,GB,Reino Unido,11890.2
2000,2,GB,Reino Unido,2120.61
2000,2,DO,República Dominicana,1282.5
2000,2,DO,República Dominicana,42.75
2000,2,SG,Singapur,32160.01
2000,2,SG,Singapur,117.0
2000,2,ZA,Sudáfrica,17415.01
2000,2,TW,Taiwán (Región),5400.0
2000,2,TT,Trinidad y Tobago,5805.0
2000,2,VE,Venezuela,42300.0
2000,3,DE,Alemania,250746.47
2000,3,AW,Aruba,22769.99
2000,3,AU,Australia,419.99
2000,3,AU,Australia,7965.75
2000,3,BR,Brasil,19237.49
2000,3,BE,Bélgica,156846.0
2000,3,CL,Chile,16200.0
2000,3,CL,Chile,180.0
2000,3,CN,China,4.21
2000,3,CN,China,31.02
2000,3,KR,Corea del Sur,10650.01
2000,3,CR,Costa Rica,19052.25
2000,3,CR,Costa Rica,246.0
2000,3,DK,Dinamarca,6383.99
2000,3,EC,Ecuador,38700.01
2000,3,SV,El Salvador,6354.34
2000,3,ES,España,6762.5
2000,3,US,Estados Unidos,6380178.89
2000,3,US,Estados Unidos,684333.83
2000,3,PH,Filipinas,24450.0
2000,3,FR,Francia,128107.33
2000,3,FR,Francia,4389.0
2000,3,GR,Grecia,13406.4
2000,3,GR,Grecia,6054.29
2000,3,GT,Guatemala,5557.5
2000,3,HN,Honduras,570.01
2000,3,HK,Hong Kong,54.01
2000,3,IE,Irlanda,5186.99
2000,3,IT,Italia,29072.4
2000,3,IT,Italia,3845.11
2000,3,JP,Japón,109773.99
2000,3,JP,Japón,1800.0
2000,3,LB,Líbano,6840.01
2000,3,NI,Nicaragua,548.98
2000,3,NZ,Nueva Zelandia,15120.0
2000,3,PA,Panamá,27787.5
2000,3,PA,Panamá,409.49
2000,3,PY,Paraguay,18810.0
2000,3,NL,Países Bajos,707850.0
2000,3,PE,Perú,8464.5
2000,3,PE,Perú,598.5
2000,3,PR,Puerto Rico,10799.99
2000,3,PR,Puerto Rico,900.01
2000,3,GB,Reino Unido,11890.2
2000,3,GB,Reino Unido,19144.01
2000,3,SG,Singapur,6412.51
2000,3,VE,Venezuela,39600.0
2000,4,DE,Alemania,190640.93
2000,4,DE,Alemania,438.9
2000,4,AR,Argentina,9674.99
2000,4,AU,Australia,5207.99
2000,4,AU,Australia,2386.88
2000,4,AT,Austria,5985.0
2000,4,BO,Bolivia,1800.01
2000,4,BR,Brasil,13500.0
2000,4,BE,Bélgica,159150.01
2000,4,BE,Bélgica,1800.01
2000,4,CA,Canadá,96801.38
2000,4,KR,Corea del Sur,10650.01
2000,4,KR,Corea del Sur,485.99
2000,4,CR,Costa Rica,7837.5
2000,4,EC,Ecuador,855.0
2000,4,SV,El Salvador,855.0
2000,4,SV,El Salvador,1251.0
2000,4,ES,España,38925.7
2000,4,ES,España,5468.39
2000,4,US,Estados Unidos,5794715.59
2000,4,US,Estados Unidos,684895.83
2000,4,PH,Filipinas,29505.01
2000,4,FR,Francia,69310.01
2000,4,FR,Francia,9157.05
2000,4,GT,Guatemala,5236.88
2000,4,GT,Guatemala,449.98
2000,4,HK,Hong Kong,2073.76
2000,4,IE,Irlanda,7182.0
2000,4,KY,Islas Caimán,8521.11
2000,4,KY,Islas Caimán,67.5
2000,4,VI,Islas Vírgenes,8461.12
2000,4,VI,Islas Vírgenes,450.01
2000,4,IT,Italia,10668.12
2000,4,IT,Italia,11457.01
2000,4,JP,Japón,12551.99
2000,4,JP,Japón,2099.24
2000,4,NI,Nicaragua,503.98
2000,4,PA,Panamá,26505.0
2000,4,PA,Panamá,751.49
2000,4,NL,Países Bajos,288750.0
2000,4,PR,Puerto Rico,18.01
2000,4,GB,Reino Unido,2850.0
2000,4,DO,República Dominicana,8906.26
2000,4,DO,República Dominicana,213.74
2000,4,SG,Singapur,19.51
2000,4,SG,Singapur,8.99
2000,4,ZA,Sudáfrica,69660.03
2000,4,VE,Venezuela,1800.0
2000,5,DE,Alemania,293478.65
2000,5,DE,Alemania,199.5
2000,5,AR,Argentina,4837.5
2000,5,AW,Aruba,10260.0
2000,5,AT,Austria,12600.0
2000,5,BR,Brasil,19320.01
2000,5,BE,Bélgica,181260.02
2000,5,CA,Canadá,161335.62
2000,5,CL,Chile,19170.0
2000,5,KP,Corea del Norte,9900.0
2000,5,KR,Corea del Sur,32399.98
2000,5,CR,Costa Rica,18438.01
2000,5,DK,Dinamarca,4309.21
2000,5,SV,El Salvador,1767.0
2000,5,SV,El Salvador,256.51
2000,5,ES,España,86701.4
2000,5,ES,España,2872.8
2000,5,US,Estados Unidos,6910461.79
2000,5,US,Estados Unidos,713978.91
2000,5,PH,Filipinas,35655.0
2000,5,FR,Francia,182004.31
2000,5,GR,Grecia,14363.99
2000,5,GT,Guatemala,17012.24
2000,5,GT,Guatemala,1210.47
2000,5,HN,Honduras,2992.51
2000,5,HN,Honduras,855.0
2000,5,IE,Irlanda,14363.99
2000,5,IT,Italia,18448.68
2000,5,IT,Italia,1843.54
2000,5,JP,Japón,92339.98
2000,5,JP,Japón,810.0
2000,5,BS,Las Bahamas,128.25
2000,5,MY,Malasia,6300.0
2000,5,NZ,Nueva Zelandia,27000.0
2000,5,NZ,Nueva Zelandia,1982.24
2000,5,PA,Panamá,5130.0
2000,5,NL,Países Bajos,240451.14
2000,5,GB,Reino Unido,31281.61
2000,5,GB,Reino Unido,1452.58
2000,5,SG,Singapur,6300.0
2000,5,ZA,Sudáfrica,17415.01
2000,5,SE,Suecia,27267.67
2000,5,TW,Taiwán (Región),9900.0
2000,5,UY,Uruguay,24372.0
2000,5,VE,Venezuela,9423.01
2000,6,DE,Alemania,267268.07
2000,6,AW,Aruba,26820.01
2000,6,AW,Aruba,89.99
2000,6,AU,Australia,5222.99
2000,6,BZ,Belice,5700.01
2000,6,BM,Bermuda,3034.47
2000,6,BR,Brasil,31766.39
2000,6,BR,Brasil,63.0
2000,6,BE,Bélgica,160332.0
2000,6,CA,Canadá,129068.5
2000,6,CA,Canadá,13674.83
2000,6,CL,Chile,16199.99
2000,6,CR,Costa Rica,10800.01
2000,6,CR,Costa Rica,17100.0
2000,6,DK,Dinamarca,3431.39
2000,6,EC,Ecuador,4275.0
2000,6,EC,Ecuador,855.0
2000,6,SV,El Salvador,3106.51
2000,6,SV,El Salvador,427.5
2000,6,ES,España,59422.22
2000,6,ES,España,718.2
2000,6,US,Estados Unidos,6136804.78
2000,6,US,Estados Unidos,543731.65
2000,6,PH,Filipinas,18900.01
2000,6,FR,Francia,262592.14
2000,6,GR,Grecia,21545.99
2000,6,GT,Guatemala,2249.99
2000,6,VG,Islas Vírgenes Británicas,4095.01
2000,6,IT,Italia,21698.57
2000,6,IT,Italia,5699.99
2000,6,JP,Japón,90020.0
2000,6,JP,Japón,24743.26
2000,6,BS,Las Bahamas,6569.26
2000,6,MY,Malasia,5040.01
2000,6,NO,Noruega,4309.2
2000,6,PA,Panamá,13962.15
2000,6,PA,Panamá,1713.13
2000,6,NL,Países Bajos,112366.5
2000,6,GB,Reino Unido,13526.09
2000,6,GB,Reino Unido,2700.01
2000,6,DO,República Dominicana,7694.99
2000,6,SG,Singapur,11700.0
2000,6,VE,Venezuela,22050.0
2000,7,DE,Alemania,188126.8
2000,7,DE,Alemania,1755.31
2000,7,AR,Argentina,10642.5
2000,7,AW,Aruba,20520.0
2000,7,AT,Austria,15161.99
2000,7,BR,Brasil,22905.0
2000,7,BR,Brasil,34.2
2000,7,BE,Bélgica,54732.0
2000,7,CA,Canadá,3.56
2000,7,CA,Canadá,34790.83
2000,7,CL,Chile,28251.0
2000,7,CO,Colombia,13480.5
2000,7,CR,Costa Rica,5147.11
2000,7,SV,El Salvador,17101.91
2000,7,SV,El Salvador,232.28
2000,7,ES,España,84873.99
2000,7,US,Estados Unidos,4746153.07
2000,7,US,Estados Unidos,520496.38
2000,7,PH,Filipinas,17400.01
2000,7,PH,Filipinas,855.0
2000,7,FR,Francia,90777.78
2000,7,GR,Grecia,146831.97
2000,7,IT,Italia,53401.91
2000,7,JP,Japón,73800.02
2000,7,JP,Japón,1710.01
2000,7,NZ,Nueva Zelandia,3600.0
2000,7,NZ,Nueva Zelandia,62.4
2000,7,PA,Panamá,49134.02
2000,7,PA,Panamá,2335.51
2000,7,NL,Países Bajos,111656.63
2000,7,NL,Países Bajos,351.0
2000,7,PE,Perú,5968.2
2000,7,PR,Puerto Rico,23400.0
2000,7,GB,Reino Unido,48814.44
2000,7,SG,Singapur,19800.0
2000,7,SG,Singapur,264.58
2000,7,ZA,Sudáfrica,43537.52
2000,7,TW,Taiwán (Región),32400.01
2000,7,VE,Venezuela,25263.0
2000,7,VE,Venezuela,8.99
2000,8,DE,Alemania,408575.16
2000,8,DE,Alemania,779.71
2000,8,AR,Argentina,34323.74
2000,8,AR,Argentina,2564.99
2000,8,AW,Aruba,30780.01
2000,8,AT,Austria,2177.71
2000,8,BR,Brasil,44690.85
2000,8,BR,Brasil,235.12
2000,8,BE,Bélgica,140100.0
2000,8,CA,Canadá,28612.5
2000,8,CA,Canadá,72.89
2000,8,CL,Chile,36405.0
2000,8,CL,Chile,8100.0
2000,8,CO,Colombia,7866.0
2000,8,KR,Corea del Sur,2465.99
2000,8,CR,Costa Rica,4331.99
2000,8,CR,Costa Rica,1471.51
2000,8,CU,Cuba,8.55
2000,8,CU,Cuba,45.02
2000,8,SV,El Salvador,17955.0
2000,8,SV,El Salvador,855.0
2000,8,ES,España,90269.24
2000,8,US,Estados Unidos,8038544.79
2000,8,US,Estados Unidos,560809.05
2000,8,PH,Filipinas,35490.01
2000,8,PH,Filipinas,855.0
2000,8,FR,Francia,51459.6
2000,8,GR,Grecia,15960.0
2000,8,GR,Grecia,5798.09
2000,8,GU,Guam,5879.99
2000,8,GU,Guam,225.0
2000,8,HN,Honduras,5506.22
2000,8,HN,Honduras,855.0
2000,8,HK,Hong Kong,3292.7
2000,8,HK,Hong Kong,2129.98
2000,8,IE,Irlanda,21545.99
2000,8,IT,Italia,10991.89
2000,8,IT,Italia,5656.5
2000,8,JP,Japón,89100.0
2000,8,JP,Japón,3420.0
2000,8,BS,Las Bahamas,16115.03
2000,8,BS,Las Bahamas,518.4
2000,8,NI,Nicaragua,410.41
2000,8,PA,Panamá,15390.0
2000,8,PA,Panamá,1156.5
2000,8,NL,Países Bajos,21253.02
2000,8,PE,Perú,8336.24
2000,8,PE,Perú,683.99
2000,8,PT,Portugal,1775.55
2000,8,PR,Puerto Rico,29879.97
2000,8,PR,Puerto Rico,675.0
2000,8,GB,Reino Unido,5100.0
2000,8,RU,Rusia,1424.99
2000,8,RU,Rusia,1068.75
2000,8,TR,Turquía,8460.0
2000,8,VE,Venezuela,9900.0
2000,9,DE,Alemania,364452.89
2000,9,DE,Alemania,1196.99
2000,9,AR,Argentina,4837.5
2000,9,AW,Aruba,30780.01
2000,9,AU,Australia,13680.0
2000,9,AT,Austria,7349.99
2000,9,AT,Austria,4111.79
2000,9,BB,Barbados,585.01
2000,9,BZ,Belice,2935.5
2000,9,BZ,Belice,997.8
2000,9,BO,Bolivia,900.01
2000,9,BR,Brasil,57757.04
2000,9,BR,Brasil,37.06
2000,9,BE,Bélgica,48600.01
2000,9,CO,Colombia,6840.01
2000,9,KR,Corea del Sur,10650.01
2000,9,CR,Costa Rica,45.0
2000,9,CU,Cuba,1242.02
2000,9,CU,Cuba,586.75
2000,9,CW,Curaçao,475.2
2000,9,DK,Dinamarca,4468.81
2000,9,EC,Ecuador,7541.11
2000,9,EC,Ecuador,418.95
2000,9,SV,El Salvador,9087.0
2000,9,SV,El Salvador,399.0
2000,9,ES,España,141714.24
2000,9,ES,España,1396.51
2000,9,US,Estados Unidos,5502497.73
2000,9,US,Estados Unidos,821530.15
2000,9,PH,Filipinas,29924.99
2000,9,FI,Finlandia,10342.08
2000,9,FR,Francia,222342.37
2000,9,FR,Francia,3.99
2000,9,GR,Grecia,80597.98
2000,9,GT,Guatemala,3106.52
2000,9,HK,Hong Kong,6300.0
2000,9,IE,Irlanda,7182.0
2000,9,IS,Islandia,4588.5
2000,9,VI,Islas Vírgenes,12750.94
2000,9,VI,Islas Vírgenes,89.99
2000,9,IT,Italia,31327.2
2000,9,JP,Japón,10750.2
2000,9,MY,Malasia,3000.0
2000,9,MC,Mónaco,598.51
2000,9,MC,Mónaco,669.18
2000,9,NI,Nicaragua,1242.0
2000,9,NO,Noruega,4005.97
2000,9,PA,Panamá,26932.51
2000,9,PA,Panamá,931.19
2000,9,PY,Paraguay,3600.0
2000,9,NL,Países Bajos,136.8
2000,9,NL,Países Bajos,46.52
2000,9,PE,Perú,171.0
2000,9,PT,Portugal,12289.2
2000,9,PR,Puerto Rico,19619.99
2000,9,PR,Puerto Rico,1800.01
2000,9,GB,Reino Unido,122952.67
2000,9,GB,Reino Unido,746.69
2000,9,SG,Singapur,6300.0
2000,9,SG,Singapur,135.0
2000,9,SE,Suecia,20863.7
2000,9,SE,Suecia,11.98
2000,9,CH,Suiza,13860.0
2000,9,TT,Trinidad y Tobago,30.37
2000,9,VE,Venezuela,19800.0
2000,10,DE,Alemania,187925.57
2000,10,AR,Argentina,8707.5
2000,10,AR,Argentina,206.65
2000,10,AW,Aruba,20520.0
2000,10,AU,Australia,3420.0
2000,10,BB,Barbados,420.01
2000,10,BM,Bermuda,7434.01
2000,10,BM,Bermuda,11.25
2000,10,BO,Bolivia,450.0
2000,10,BR,Brasil,9660.01
2000,10,CA,Canadá,64534.25
2000,10,CA,Canadá,16395.6
2000,10,CL,Chile,29205.0
2000,10,CO,Colombia,7019.55
2000,10,KR,Corea del Sur,21300.01
2000,10,CR,Costa Rica,11627.99
2000,10,CR,Costa Rica,130.5
2000,10,CU,Cuba,1.21
2000,10,CU,Cuba,28.9
2000,10,DK,Dinamarca,6942.59
2000,10,EC,Ecuador,6912.0
2000,10,ES,España,96409.43
2000,10,ES,España,7866.53
2000,10,US,Estados Unidos,7033556.89
2000,10,US,Estados Unidos,615790.63
2000,10,PH,Filipinas,15674.99
2000,10,FR,Francia,68093.33
2000,10,FR,Francia,14363.99
2000,10,GR,Grecia,91969.5
2000,10,GT,Guatemala,1349.99
2000,10,KY,Islas Caimán,8154.38
2000,10,KY,Islas Caimán,22.49
2000,10,IT,Italia,109423.67
2000,10,JP,Japón,1932.01
2000,10,JP,Japón,16245.02
2000,10,NI,Nicaragua,684.01
2000,10,NI,Nicaragua,499.51
2000,10,NO,Noruega,4740.12
2000,10,NZ,Nueva Zelandia,15749.99
2000,10,NZ,Nueva Zelandia,39.9
2000,10,PA,Panamá,16904.5
2000,10,PA,Panamá,1597.79
2000,10,NL,Países Bajos,22059.0
2000,10,NL,Países Bajos,411.83
2000,10,PR,Puerto Rico,9809.99
2000,10,GB,Reino Unido,127524.24
2000,10,DO,República Dominicana,8407.51
2000,10,DO,República Dominicana,199.5
2000,10,SG,Singapur,8400.0
2000,10,ZA,Sudáfrica,48375.0
2000,10,SE,Suecia,4797.11
2000,10,CH,Suiza,2940.0
2000,10,TW,Taiwán (Región),540.0
2000,10,TR,Turquía,16200.0
2000,10,UY,Uruguay,9405.0
2000,10,VE,Venezuela,8550.0
2000,11,DE,Alemania,325721.95
2000,11,DE,Alemania,1153.75
2000,11,AW,Aruba,41040.0
2000,11,AU,Australia,15438.58
2000,11,BR,Brasil,13500.0
2000,11,BE,Bélgica,49800.0
2000,11,CA,Canadá,8618.4
2000,11,CL,Chile,29205.0
2000,11,CO,Colombia,6070.5
2000,11,CO,Colombia,8370.0
2000,11,CR,Costa Rica,22144.49
2000,11,CR,Costa Rica,2415.31
2000,11,SV,El Salvador,21802.49
2000,11,ES,España,92441.1
2000,11,ES,España,4648.34
2000,11,US,Estados Unidos,7479055.51
2000,11,US,Estados Unidos,647283.19
2000,11,PH,Filipinas,86925.0
2000,11,FR,Francia,37825.18
2000,11,FR,Francia,4788.0
2000,11,GR,Grecia,12144.3
2000,11,GU,Guam,4800.0
2000,11,GU,Guam,1079.99
2000,11,GT,Guatemala,21574.53
2000,11,GT,Guatemala,3795.61
2000,11,IT,Italia,47000.37
2000,11,IT,Italia,5819.34
2000,11,JM,Jamaica,3524.99
2000,11,JP,Japón,56700.01
2000,11,JP,Japón,1998.0
2000,11,NI,Nicaragua,1620.0
2000,11,NZ,Nueva Zelandia,5940.0
2000,11,NZ,Nueva Zelandia,119.69
2000,11,PA,Panamá,17527.5
2000,11,PA,Panamá,1027.47
2000,11,PR,Puerto Rico,8280.0
2000,11,GB,Reino Unido,223353.53
2000,11,GB,Reino Unido,855.0
2000,11,SG,Singapur,44010.0
2000,11,SG,Singapur,438.75
2000,11,ZA,Sudáfrica,21285.0
2000,11,CH,Suiza,16800.0
2000,11,TT,Trinidad y Tobago,7199.99
2000,11,TT,Trinidad y Tobago,119.69
2000,11,TR,Turquía,8550.01
2000,11,VE,Venezuela,23130.0
2000,12,DE,Alemania,149827.05
2000,12,DE,Alemania,25.66
2000,12,AR,Argentina,9674.99
2000,12,AU,Australia,51242.9
2000,12,AT,Austria,28600.0
2000,12,BR,Brasil,9405.0
2000,12,BE,Bélgica,32580.01
2000,12,CA,Canadá,28558.81
2000,12,CA,Canadá,8144.99
2000,12,KR,Corea del Sur,31950.02
2000,12,SV,El Salvador,7096.5
2000,12,SV,El Salvador,585.01
2000,12,US,Estados Unidos,4740608.33
2000,12,US,Estados Unidos,661544.61
2000,12,FR,Francia,198551.2
2000,12,GU,Guam,225.0
2000,12,GT,Guatemala,2337.01
2000,12,KY,Islas Caimán,6660.0
2000,12,VG,Islas Vírgenes Británicas,2564.99
2000,12,IT,Italia,71614.77
2000,12,JP,Japón,53100.01
2000,12,JP,Japón,899.99
2000,12,PA,Panamá,6839.99
2000,12,PY,Paraguay,9405.0
2000,12,NL,Países Bajos,18456.6
2000,12,NL,Países Bajos,1484.29
2000,12,GB,Reino Unido,24572.75
2000,12,ZA,Sudáfrica,21285.0
2000,12,SE,Suecia,13789.44
2000,12,CH,Suiza,16800.0
2000,12,UY,Uruguay,2861.99
2000,12,VE,Venezuela,5400.01
2001,1,DE,Alemania,252815.57
2001,1,AR,Argentina,9674.99
2001,1,AW,Aruba,30780.01
2001,1,AU,Australia,41130.69
2001,1,BB,Barbados,1365.0
2001,1,BB,Barbados,39.9
2001,1,BR,Brasil,7224.74
2001,1,BE,Bélgica,62700.0
2001,1,CA,Canadá,130114.82
2001,1,CA,Canadá,991.79
2001,1,CL,Chile,9405.0
2001,1,CO,Colombia,8336.25
2001,1,KR,Corea del Sur,19950.0
2001,1,CR,Costa Rica,6270.0
2001,1,CR,Costa Rica,119.69
2001,1,DK,Dinamarca,5420.7
2001,1,EC,Ecuador,6693.75
2001,1,SV,El Salvador,108.3
2001,1,SV,El Salvador,210.9
2001,1,ES,España,118182.35
2001,1,ES,España,1875.31
2001,1,US,Estados Unidos,3326506.98
2001,1,US,Estados Unidos,365490.85
2001,1,PH,Filipinas,28500.0
2001,1,FR,Francia,203909.45
2001,1,GR,Grecia,87803.62
2001,1,GU,Guam,5400.01
2001,1,GU,Guam,1350.0
2001,1,GT,Guatemala,7837.5
2001,1,GT,Guatemala,798.0
2001,1,HK,Hong Kong,32400.0
2001,1,HK,Hong Kong,1571.25
2001,1,IE,Irlanda,7182.0
2001,1,KY,Islas Caimán,630.0
2001,1,VI,Islas Vírgenes,7443.74
2001,1,IL,Israel,641.25
2001,1,IT,Italia,78530.97
2001,1,IT,Italia,430.93
2001,1,JP,Japón,57125.64
2001,1,NI,Nicaragua,1115.99
2001,1,NZ,Nueva Zelandia,15300.0
2001,1,PA,Panamá,7053.75
2001,1,NL,Países Bajos,20430.96
2001,1,NL,Países Bajos,17.1
2001,1,PE,Perú,7182.01
2001,1,PE,Perú,798.0
2001,1,PR,Puerto Rico,23400.01
2001,1,GB,Reino Unido,7089.6
2001,1,GB,Reino Unido,103.74
2001,1,SG,Singapur,17099.99
2001,1,SG,Singapur,450.0
2001,1,ZA,Sudáfrica,27090.0
2001,1,SE,Suecia,9911.17
2001,1,UY,Uruguay,10305.01
2001,1,VE,Venezuela,29700.0
2001,1,VE,Venezuela,1800.0
2001,2,DE,Alemania,187925.51
2001,2,AR,Argentina,19349.99
2001,2,AU,Australia,27530.99
2001,2,AU,Australia,478.8
2001,2,AT,Austria,19890.15
2001,2,AT,Austria,897.74
2001,2,BR,Brasil,23536.49
2001,2,BE,Bélgica,96989.98
2001,2,CA,Canadá,30259.18
2001,2,KR,Corea del Sur,6300.0
2001,2,KR,Corea del Sur,1453.5
2001,2,CR,Costa Rica,8124.01
2001,2,DK,Dinamarca,6384.0
2001,2,EC,Ecuador,29700.0
2001,2,SV,El Salvador,10521.76
2001,2,SV,El Salvador,803.25
2001,2,ES,España,7182.01
2001,2,ES,España,7383.6
2001,2,US,Estados Unidos,3746258.78
2001,2,US,Estados Unidos,645431.01
2001,2,FR,Francia,39271.87
2001,2,GR,Grecia,95759.99
2001,2,GP,Guadalupe,1800.0
2001,2,GU,Guam,1800.0
2001,2,HK,Hong Kong,4200.01
2001,2,IL,Israel,7908.75
2001,2,IL,Israel,798.0
2001,2,IT,Italia,21286.07
2001,2,JP,Japón,30.62
2001,2,JP,Japón,1350.0
2001,2,NI,Nicaragua,485.99
2001,2,PA,Panamá,33630.0
2001,2,PA,Panamá,4098.31
2001,2,PY,Paraguay,7200.01
2001,2,NL,Países Bajos,44140.8
2001,2,GB,Reino Unido,98153.96
2001,2,DO,República Dominicana,8963.25
2001,2,LC,Santa Lucía,1800.01
2001,2,SE,Suecia,10342.08
2001,2,UY,Uruguay,9405.0
2001,3,DE,Alemania,323222.3
2001,3,DE,Alemania,159.6
2001,3,AR,Argentina,19349.99
2001,3,AW,Aruba,10260.0
2001,3,AU,Australia,31236.0
2001,3,BR,Brasil,9690.0
2001,3,BE,Bélgica,127119.81
2001,3,CA,Canadá,387121.32
2001,3,CL,Chile,50804.99
2001,3,CO,Colombia,11884.5
2001,3,KR,Corea del Sur,4499.99
2001,3,CR,Costa Rica,12254.99
2001,3,EC,Ecuador,28799.99
2001,3,SV,El Salvador,8550.0
2001,3,SV,El Salvador,798.0
2001,3,ES,España,170443.1
2001,3,ES,España,10369.4
2001,3,US,Estados Unidos,5754635.87
2001,3,US,Estados Unidos,549583.5
2001,3,FR,Francia,190462.22
2001,3,GR,Grecia,133665.0
2001,3,GU,Guam,2700.01
2001,3,GU,Guam,1350.0
2001,3,GT,Guatemala,9690.0
2001,3,GT,Guatemala,787.5
2001,3,HN,Honduras,3847.5
2001,3,HN,Honduras,855.0
2001,3,VI,Islas Vírgenes,8430.02
2001,3,VI,Islas Vírgenes,1237.5
2001,3,IT,Italia,36165.83
2001,3,IT,Italia,9120.0
2001,3,JP,Japón,25200.0
2001,3,BS,Las Bahamas,4788.0
2001,3,BS,Las Bahamas,798.0
2001,3,NZ,Nueva Zelandia,9405.0
2001,3,PA,Panamá,11969.99
2001,3,PA,Panamá,1012.51
2001,3,PY,Paraguay,37620.0
2001,3,NL,Países Bajos,17706.49
2001,3,NL,Países Bajos,1037.42
2001,3,PR,Puerto Rico,8316.0
2001,3,GB,Reino Unido,115235.0
2001,3,GB,Reino Unido,8662.71
2001,3,SG,Singapur,9900.0
2001,3,ZA,Sudáfrica,8707.5
2001,3,SE,Suecia,10342.08
2001,3,TH,Tailandia,4500.0
2001,3,TW,Taiwán (Región),9900.0
2001,3,UY,Uruguay,9405.0
2001,3,VE,Venezuela,23850.01
2001,4,DE,Alemania,210703.32
2001,4,DE,Alemania,399.0
2001,4,AW,Aruba,15817.5
2001,4,AW,Aruba,2793.0
2001,4,AU,Australia,28402.98
2001,4,AT,Austria,7182.01
2001,4,BR,Brasil,8550.01
2001,4,BE,Bélgica,123930.33
2001,4,KR,Corea del Sur,3946.5
2001,4,CR,Costa Rica,3420.0
2001,4,SV,El Salvador,6412.51
2001,4,ES,España,71373.94
2001,4,ES,España,1137.14
2001,4,US,Estados Unidos,6283702.7
2001,4,US,Estados Unidos,375151.08
2001,4,FI,Finlandia,4189.5
2001,4,FR,Francia,154443.41
2001,4,GR,Grecia,87780.0
2001,4,GU,Guam,3600.01
2001,4,GU,Guam,1574.99
2001,4,GT,Guatemala,128.25
2001,4,HK,Hong Kong,39.38
2001,4,VI,Islas Vírgenes,1079.99
2001,4,VI,Islas Vírgenes,450.0
2001,4,IT,Italia,93173.62
2001,4,IT,Italia,399.0
2001,4,JP,Japón,82260.02
2001,4,JP,Japón,1889.99
2001,4,PA,Panamá,17955.0
2001,4,PA,Panamá,1596.0
2001,4,NL,Países Bajos,20017.09
2001,4,NL,Países Bajos,17.1
2001,4,GB,Reino Unido,110729.07
2001,4,DO,República Dominicana,15165.01
2001,4,DO,República Dominicana,256.51
2001,4,TW,Taiwán (Región),2700.01
2001,4,TT,Trinidad y Tobago,7740.0
2001,4,TT,Trinidad y Tobago,199.5
2001,4,TR,Turquía,8220.0
2001,5,DE,Alemania,218927.97
2001,5,AR,Argentina,19349.99
2001,5,AU,Australia,29527.81
2001,5,AT,Austria,3982.01
2001,5,BZ,Belice,3260.4
2001,5,BR,Brasil,17992.8
2001,5,BE,Bélgica,111510.0
2001,5,CA,Canadá,51750.01
2001,5,CL,Chile,9900.0
2001,5,CO,Colombia,18810.0
2001,5,CO,Colombia,34.2
2001,5,CR,Costa Rica,6555.0
2001,5,CW,Curaçao,1800.0
2001,5,DK,Dinamarca,11394.31
2001,5,SV,El Salvador,1984.51
2001,5,ES,España,66723.52
2001,5,ES,España,2334.14
2001,5,US,Estados Unidos,3717785.24
2001,5,US,Estados Unidos,721733.97
2001,5,FI,Finlandia,558.59
2001,5,FR,Francia,187759.22
2001,5,GR,Grecia,43890.0
2001,5,GU,Guam,1800.0
2001,5,GT,Guatemala,855.0
2001,5,IE,Irlanda,15504.0
2001,5,VI,Islas Vírgenes,4800.0
2001,5,IT,Italia,37990.98
2001,5,IT,Italia,908.63
2001,5,JP,Japón,57334.74
2001,5,JP,Japón,2087.98
2001,5,NO,Noruega,4740.12
2001,5,PA,Panamá,28215.0
2001,5,NL,Países Bajos,10271.4
2001,5,PR,Puerto Rico,8766.01
2001,5,PR,Puerto Rico,519.01
2001,5,GB,Reino Unido,52692.79
2001,5,DO,República Dominicana,256.51
2001,5,SG,Singapur,264.55
2001,5,SE,Suecia,558.59
2001,5,CH,Suiza,16800.0
2001,5,CH,Suiza,1350.0
2001,5,TT,Trinidad y Tobago,263.24
2001,5,VE,Venezuela,25740.0
2001,6,DE,Alemania,426981.45
2001,6,DE,Alemania,31.35
2001,6,AU,Australia,7980.01
2001,6,BR,Brasil,9405.0
2001,6,BE,Bélgica,130902.45
2001,6,CA,Canadá,2781.6
2001,6,CA,Canadá,410.4
2001,6,CL,Chile,18000.0
2001,6,KR,Corea del Sur,4500.0
2001,6,CR,Costa Rica,13295.25
2001,6,CR,Costa Rica,2640.76
2001,6,SV,El Salvador,630.0
2001,6,SV,El Salvador,1060.01
2001,6,ES,España,108852.1
2001,6,US,Estados Unidos,3541961.24
2001,6,US,Estados Unidos,589856.23
2001,6,FI,Finlandia,4309.19
2001,6,FR,Francia,109392.77
2001,6,GR,Grecia,17556.0
2001,6,GT,Guatemala,12855.0
2001,6,GT,Guatemala,4449.8
2001,6,HK,Hong Kong,11460.01
2001,6,IE,Irlanda,7182.0
2001,6,IE,Irlanda,22.05
2001,6,VI,Islas Vírgenes,5100.0
2001,6,VI,Islas Vírgenes,1350.0
2001,6,IT,Italia,61559.97
2001,6,IT,Italia,1470.01
2001,6,JP,Japón,12613.12
2001,6,NI,Nicaragua,4351.5
2001,6,NI,Nicaragua,89.99
2001,6,NZ,Nueva Zelandia,6942.59
2001,6,NZ,Nueva Zelandia,798.0
2001,6,NL,Países Bajos,2168.29
2001,6,NL,Países Bajos,1995.0
2001,6,PT,Portugal,8778.0
2001,6,PR,Puerto Rico,19368.0
2001,6,PR,Puerto Rico,450.0
2001,6,GB,Reino Unido,23315.75
2001,6,SG,Singapur,37680.01
2001,6,SE,Suecia,10342.08
2001,6,CH,Suiza,22.49
2001,6,SR,Suriname,7875.0
2001,7,DE,Alemania,251360.08
2001,7,DE,Alemania,2346.12
2001,7,AR,Argentina,9674.99
2001,7,AW,Aruba,3937.5
2001,7,AU,Australia,15561.0
2001,7,AU,Australia,1596.0
2001,7,BR,Brasil,19065.01
2001,7,BE,Bélgica,32280.01
2001,7,CA,Canadá,3600.0
2001,7,CL,Chile,18810.0
2001,7,CO,Colombia,13594.5
2001,7,KR,Corea del Sur,9780.0
2001,7,CR,Costa Rica,7875.0
2001,7,DK,Dinamarca,5115.18
2001,7,EC,Ecuador,798.0
2001,7,SV,El Salvador,7695.01
2001,7,ES,España,251068.0
2001,7,ES,España,2274.29
2001,7,US,Estados Unidos,5509765.8
2001,7,US,Estados Unidos,523251.52
2001,7,PH,Filipinas,8700.0
2001,7,FR,Francia,237231.4
2001,7,GR,Grecia,97355.99
2001,7,GR,Grecia,1950.9
2001,7,GT,Guatemala,5039.99
2001,7,KY,Islas Caimán,7439.99
2001,7,KY,Islas Caimán,798.0
2001,7,IT,Italia,151876.44
2001,7,IT,Italia,1213.8
2001,7,JP,Japón,43470.01
2001,7,JP,Japón,4499.99
2001,7,NZ,Nueva Zelandia,9657.0
2001,7,NZ,Nueva Zelandia,1383.0
2001,7,PA,Panamá,4050.01
2001,7,PA,Panamá,2106.01
2001,7,NL,Países Bajos,19790.39
2001,7,PR,Puerto Rico,6750.01
2001,7,PR,Puerto Rico,378.0
2001,7,GB,Reino Unido,167750.67
2001,7,GB,Reino Unido,4891.2
2001,7,SE,Suecia,10399.07
2001,7,TW,Taiwán (Región),7199.99
2001,7,VE,Venezuela,33749.99
2001,8,DE,Alemania,260393.14
2001,8,AR,Argentina,27209.67
2001,8,AR,Argentina,27.01
2001,8,AW,Aruba,20520.0
2001,8,AU,Australia,54195.27
2001,8,AU,Australia,399.0
2001,8,BR,Brasil,9660.01
2001,8,BE,Bélgica,25799.99
2001,8,CA,Canadá,25868.88
2001,8,CA,Canadá,504.01
2001,8,CL,Chile,21816.0
2001,8,CO,Colombia,8122.5
2001,8,KR,Corea del Sur,18.0
2001,8,KR,Corea del Sur,18.0
2001,8,CR,Costa Rica,6982.5
2001,8,SV,El Salvador,6877.52
2001,8,ES,España,95264.81
2001,8,ES,España,93.97
2001,8,US,Estados Unidos,3347301.0
2001,8,US,Estados Unidos,521242.8
2001,8,PH,Filipinas,57570.01
2001,8,PH,Filipinas,598.5
2001,8,FR,Francia,263434.68
2001,8,GR,Grecia,79002.0
2001,8,GR,Grecia,430.93
2001,8,GT,Guatemala,9974.99
2001,8,HK,Hong Kong,6300.0
2001,8,IE,Irlanda,5965.05
2001,8,IE,Irlanda,1701.0
2001,8,VI,Islas Vírgenes,2732.99
2001,8,IT,Italia,31281.59
2001,8,IT,Italia,2394.0
2001,8,JP,Japón,39600.0
2001,8,JP,Japón,4770.0
2001,8,BS,Las Bahamas,28500.0
2001,8,NO,Noruega,8778.0
2001,8,NZ,Nueva Zelandia,6384.0
2001,8,NZ,Nueva Zelandia,798.0
2001,8,PA,Panamá,50909.98
2001,8,PA,Panamá,1596.0
2001,8,PY,Paraguay,16245.01
2001,8,NL,Países Bajos,10271.39
2001,8,PE,Perú,16740.01
2001,8,PR,Puerto Rico,135900.01
2001,8,GB,Reino Unido,238218.86
2001,8,GB,Reino Unido,671.99
2001,8,RU,Rusia,2.67
2001,8,RU,Rusia,2.81
2001,8,SG,Singapur,4500.0
2001,8,SG,Singapur,636.75
2001,8,ZA,Sudáfrica,21285.0
2001,8,SE,Suecia,458.85
2001,8,TT,Trinidad y Tobago,2940.0
2001,8,TR,Turquía,17010.0
2001,9,DE,Alemania,337973.72
2001,9,DE,Alemania,67.66
2001,9,AR,Argentina,3600.0
2001,9,AW,Aruba,30780.01
2001,9,AU,Australia,40540.68
2001,9,BZ,Belice,450.0
2001,9,BM,Bermuda,4500.0
2001,9,BM,Bermuda,798.0
2001,9,BR,Brasil,43.83
2001,9,BE,Bélgica,33300.0
2001,9,CL,Chile,19800.0
2001,9,CO,Colombia,11115.01
2001,9,CR,Costa Rica,470.25
2001,9,CR,Costa Rica,273.61
2001,9,EC,Ecuador,5175.0
2001,9,SV,El Salvador,5985.0
2001,9,ES,España,40444.92
2001,9,ES,España,837.9
2001,9,US,Estados Unidos,4054615.26
2001,9,US,Estados Unidos,452296.17
2001,9,FI,Finlandia,10342.08
2001,9,FR,Francia,217768.44
2001,9,GR,Grecia,79831.92
2001,9,GT,Guatemala,11220.0
2001,9,GT,Guatemala,2899.5
2001,9,HK,Hong Kong,11177.99
2001,9,IS,Islandia,4588.5
2001,9,VI,Islas Vírgenes,6900.0
2001,9,VI,Islas Vírgenes,900.01
2001,9,VG,Islas Vírgenes Británicas,4702.5
2001,9,IT,Italia,10946.25
2001,9,IT,Italia,1010.25
2001,9,JP,Japón,40666.04
2001,9,JP,Japón,10304.99
2001,9,NO,Noruega,4740.12
2001,9,NZ,Nueva Zelandia,5586.01
2001,9,NZ,Nueva Zelandia,798.0
2001,9,PY,Paraguay,28215.0
2001,9,GB,Reino Unido,83239.32
2001,9,GB,Reino Unido,58.51
2001,9,SG,Singapur,10170.0
2001,9,ZA,Sudáfrica,52245.02
2001,9,SE,Suecia,19.95
2001,9,TW,Taiwán (Región),2700.01
2001,9,VE,Venezuela,9900.0
2001,10,DE,Alemania,453526.05
2001,10,DE,Alemania,1683.78
2001,10,AR,Argentina,20317.49
2001,10,AW,Aruba,20520.0
2001,10,AU,Australia,12576.0
2001,10,AT,Austria,28488.6
2001,10,AT,Austria,31.62
2001,10,BZ,Belice,1350.0
2001,10,BR,Brasil,75487.55
2001,10,BE,Bélgica,39450.65
2001,10,BE,Bélgica,44.39
2001,10,CA,Canadá,45303.31
2001,10,CZ,Chequia,9676.8
2001,10,CL,Chile,19800.0
2001,10,CO,Colombia,3163.5
2001,10,KR,Corea del Sur,19800.0
2001,10,CR,Costa Rica,7868.86
2001,10,CR,Costa Rica,846.93
2001,10,DK,Dinamarca,4867.8
2001,10,EC,Ecuador,7875.0
2001,10,SV,El Salvador,450.01
2001,10,SV,El Salvador,468.01
2001,10,ES,España,81963.86
2001,10,ES,España,2352.01
2001,10,US,Estados Unidos,5067571.77
2001,10,US,Estados Unidos,628080.02
2001,10,PH,Filipinas,88920.0
2001,10,PH,Filipinas,798.0
2001,10,FR,Francia,272848.07
2001,10,FR,Francia,21.38
2001,10,GR,Grecia,87780.0
2001,10,GT,Guatemala,9291.0
2001,10,GT,Guatemala,54.0
2001,10,HK,Hong Kong,1800.0
2001,10,ID,Indonesia,8550.0
2001,10,VI,Islas Vírgenes,7290.0
2001,10,VI,Islas Vírgenes,1800.0
2001,10,IL,Israel,9405.0
2001,10,IT,Italia,58210.02
2001,10,IT,Italia,2898.0
2001,10,JP,Japón,57119.98
2001,10,JP,Japón,4499.99
2001,10,NI,Nicaragua,540.0
2001,10,NI,Nicaragua,539.99
2001,10,NZ,Nueva Zelandia,7182.0
2001,10,PA,Panamá,29070.0
2001,10,PA,Panamá,3201.45
2001,10,NL,Países Bajos,10271.4
2001,10,PE,Perú,1197.01
2001,10,PR,Puerto Rico,8100.0
2001,10,PR,Puerto Rico,3168.0
2001,10,GB,Reino Unido,180065.35
2001,10,DO,República Dominicana,6840.01
2001,10,DO,República Dominicana,399.0
2001,10,SG,Singapur,9900.0
2001,10,ZA,Sudáfrica,77632.21
2001,10,SE,Suecia,31026.27
2001,10,TR,Turquía,17400.01
2001,10,VE,Venezuela,12600.02
2001,11,DE,Alemania,418669.1
2001,11,AW,Aruba,20520.0
2001,11,AT,Austria,17998.89
2001,11,BZ,Belice,3006.0
2001,11,BZ,Belice,27.02
2001,11,BR,Brasil,30172.5
2001,11,BE,Bélgica,91248.79
2001,11,CA,Canadá,133574.35
2001,11,CZ,Chequia,9676.8
2001,11,CL,Chile,33012.0
2001,11,KR,Corea del Sur,35111.94
2001,11,KR,Corea del Sur,8100.01
2001,11,CR,Costa Rica,24261.37
2001,11,CR,Costa Rica,5013.02
2001,11,SV,El Salvador,5301.0
2001,11,SV,El Salvador,715.5
2001,11,ES,España,89274.06
2001,11,ES,España,462.0
2001,11,US,Estados Unidos,4258275.33
2001,11,US,Estados Unidos,751267.45
2001,11,PH,Filipinas,41964.0
2001,11,PH,Filipinas,900.01
2001,11,FI,Finlandia,10996.44
2001,11,FR,Francia,154613.61
2001,11,FR,Francia,44.89
2001,11,GR,Grecia,54507.96
2001,11,GT,Guatemala,1499.11
2001,11,HN,Honduras,8120.24
2001,11,HK,Hong Kong,14850.0
2001,11,IT,Italia,78922.18
2001,11,JP,Japón,35959.99
2001,11,JP,Japón,8730.0
2001,11,NO,Noruega,8778.0
2001,11,NZ,Nueva Zelandia,30323.99
2001,11,PA,Panamá,51585.0
2001,11,PA,Panamá,1821.0
2001,11,PY,Paraguay,18810.0
2001,11,NL,Países Bajos,14842.8
2001,11,GB,Reino Unido,109921.06
2001,11,GB,Reino Unido,961.88
2001,11,SG,Singapur,10242.9
2001,11,SE,Suecia,16726.08
2001,11,CH,Suiza,10231.2
2001,11,CH,Suiza,286.51
2001,11,TR,Turquía,8910.0
2001,11,VE,Venezuela,27720.0
2001,11,VE,Venezuela,1800.0
2001,12,DE,Alemania,279523.14
2001,12,AW,Aruba,10260.0
2001,12,AU,Australia,34200.0
2001,12,BZ,Belice,1980.0
2001,12,BZ,Belice,1212.75
2001,12,BE,Bélgica,41400.0
2001,12,CA,Canadá,315.0
2001,12,CN,China,9900.0
2001,12,KR,Corea del Sur,26333.97
2001,12,CR,Costa Rica,28.5
2001,12,DK,Dinamarca,12787.95
2001,12,SV,El Salvador,6749.99
2001,12,SV,El Salvador,1382.99
2001,12,ES,España,113228.18
2001,12,ES,España,6783.0
2001,12,US,Estados Unidos,3515495.84
2001,12,US,Estados Unidos,379773.8
2001,12,FR,Francia,156219.17
2001,12,GR,Grecia,27578.87
2001,12,HN,Honduras,5512.5
2001,12,HK,Hong Kong,1800.0
2001,12,KY,Islas Caimán,7440.0
2001,12,KY,Islas Caimán,798.0
2001,12,IT,Italia,50158.18
2001,12,JP,Japón,65464.81
2001,12,JP,Japón,5039.99
2001,12,NI,Nicaragua,360.0
2001,12,NI,Nicaragua,198.0
2001,12,NO,Noruega,10342.08
2001,12,NZ,Nueva Zelandia,6384.0
2001,12,NZ,Nueva Zelandia,798.0
2001,12,PA,Panamá,6840.01
2001,12,PA,Panamá,5550.31
2001,12,PR,Puerto Rico,27774.01
2001,12,GB,Reino Unido,166051.7
2001,12,GB,Reino Unido,2162.59
2001,12,ZA,Sudáfrica,21285.0
2001,12,SE,Suecia,10342.08
2001,12,SE,Suecia,4.51
2001,12,TW,Taiwán (Región),4139.99
2001,12,TT,Trinidad y Tobago,5400.0
2001,12,VE,Venezuela,37799.99
2002,1,DE,Alemania,152179.09
2002,1,DE,Alemania,1523.76
2002,1,AW,Aruba,10260.0
2002,1,AU,Australia,14535.0
2002,1,AT,Austria,10342.08
2002,1,BR,Brasil,30001.5
2002,1,CA,Canadá,20220.01
2002,1,CL,Chile,12690.01
2002,1,KR,Corea del Sur,4469.99
2002,1,CR,Costa Rica,3606.76
2002,1,ES,España,24190.82
2002,1,ES,España,2895.41
2002,1,US,Estados Unidos,5040608.2
2002,1,US,Estados Unidos,489547.44
2002,1,FR,Francia,78531.31
2002,1,GR,Grecia,96558.0
2002,1,IT,Italia,60970.44
2002,1,JP,Japón,11279.99
2002,1,JP,Japón,135.0
2002,1,PA,Panamá,39615.0
2002,1,PA,Panamá,3962.41
2002,1,PY,Paraguay,9405.0
2002,1,NL,Países Bajos,22640.41
2002,1,NL,Países Bajos,399.0
2002,1,PR,Puerto Rico,8999.99
2002,1,GB,Reino Unido,53322.01
2002,1,SE,Suecia,21123.05
2002,1,SE,Suecia,39.9
2002,2,DE,Alemania,292905.08
2002,2,DE,Alemania,731.12
2002,2,AW,Aruba,10260.0
2002,2,AU,Australia,63801.65
2002,2,AU,Australia,798.0
2002,2,AT,Austria,23939.99
2002,2,BR,Brasil,4704.01
2002,2,BE,Bélgica,31350.65
2002,2,CA,Canadá,137842.99
2002,2,CZ,Chequia,9676.8
2002,2,CL,Chile,495.0
2002,2,CO,Colombia,9405.0
2002,2,KR,Corea del Sur,930.75
2002,2,KR,Corea del Sur,225.0
2002,2,CR,Costa Rica,9547.51
2002,2,CR,Costa Rica,427.5
2002,2,SV,El Salvador,12648.76
2002,2,SV,El Salvador,3.75
2002,2,ES,España,105084.83
2002,2,ES,España,707.29
2002,2,US,Estados Unidos,3943225.77
2002,2,US,Estados Unidos,614413.57
2002,2,FR,Francia,175787.64
2002,2,GR,Grecia,35112.0
2002,2,GT,Guatemala,16711.65
2002,2,GT,Guatemala,1532.55
2002,2,HN,Honduras,2430.0
2002,2,VI,Islas Vírgenes,1966.5
2002,2,IT,Italia,21576.1
2002,2,JP,Japón,19128.7
2002,2,JP,Japón,2733.46
2002,2,NI,Nicaragua,1170.0
2002,2,NI,Nicaragua,198.0
2002,2,PA,Panamá,225.0
2002,2,PY,Paraguay,17442.0
2002,2,NL,Países Bajos,26858.4
2002,2,NL,Países Bajos,798.0
2002,2,PR,Puerto Rico,41999.99
2002,2,GB,Reino Unido,108455.26
2002,2,GB,Reino Unido,399.0
2002,2,SG,Singapur,7820.4
2002,2,ZA,Sudáfrica,21285.0
2002,2,CH,Suiza,10231.2
2002,2,TW,Taiwán (Región),7.42
2002,3,DE,Alemania,362582.58
2002,3,AW,Aruba,17100.01
2002,3,AT,Austria,28129.5
2002,3,BR,Brasil,20707.49
2002,3,CA,Canadá,19320.0
2002,3,CA,Canadá,594.0
2002,3,CL,Chile,27395.99
2002,3,KR,Corea del Sur,8100.01
2002,3,SV,El Salvador,1145.57
2002,3,SV,El Salvador,1867.5
2002,3,ES,España,38377.62
2002,3,ES,España,3049.2
2002,3,US,Estados Unidos,4637508.45
2002,3,US,Estados Unidos,534422.28
2002,3,EE,Estonia,5699.99
2002,3,FR,Francia,215285.0
2002,3,GR,Grecia,261843.0
2002,3,GR,Grecia,1470.01
2002,3,GT,Guatemala,1017.0
2002,3,GT,Guatemala,150.89
2002,3,HK,Hong Kong,8778.0
2002,3,HK,Hong Kong,1109.23
2002,3,IN,India,5400.01
2002,3,IE,Irlanda,7182.0
2002,3,VI,Islas Vírgenes,18867.01
2002,3,VI,Islas Vírgenes,1350.0
2002,3,IT,Italia,48297.16
2002,3,JP,Japón,33027.13
2002,3,JP,Japón,9.01
2002,3,NO,Noruega,17875.21
2002,3,NZ,Nueva Zelandia,16215.36
2002,3,PA,Panamá,15675.0
2002,3,PA,Panamá,1596.0
2002,3,PY,Paraguay,34200.0
2002,3,NL,Países Bajos,67388.65
2002,3,NL,Países Bajos,823.64
2002,3,PT,Portugal,12289.2
2002,3,GB,Reino Unido,62126.38
2002,3,ZA,Sudáfrica,35313.77
2002,3,TW,Taiwán (Región),15.74
2002,4,DE,Alemania,273303.92
2002,4,DE,Alemania,86.93
2002,4,AW,Aruba,51300.01
2002,4,AT,Austria,102582.85
2002,4,BM,Bermuda,63947.57
2002,4,BO,Bolivia,1044.0
2002,4,BO,Bolivia,18.0
2002,4,BR,Brasil,50609.25
2002,4,CA,Canadá,37340.74
2002,4,CZ,Chequia,21646.79
2002,4,CL,Chile,19800.0
2002,4,CY,Chipre,5084.39
2002,4,CO,Colombia,9405.0
2002,4,KR,Corea del Sur,36814.17
2002,4,CR,Costa Rica,923.4
2002,4,CR,Costa Rica,493.29
2002,4,DK,Dinamarca,8797.95
2002,4,SV,El Salvador,8550.0
2002,4,SV,El Salvador,1596.0
2002,4,ES,España,134420.91
2002,4,ES,España,840.0
2002,4,US,Estados Unidos,4965953.69
2002,4,US,Estados Unidos,565339.02
2002,4,PH,Filipinas,17100.0
2002,4,FR,Francia,279635.48
2002,4,GR,Grecia,77007.0
2002,4,GU,Guam,9900.0
2002,4,GT,Guatemala,16837.48
2002,4,HK,Hong Kong,20256.0
2002,4,VG,Islas Vírgenes Británicas,4702.5
2002,4,VG,Islas Vírgenes Británicas,199.5
2002,4,IL,Israel,18810.0
2002,4,IT,Italia,55487.66
2002,4,IT,Italia,2499.01
2002,4,JP,Japón,105155.99
2002,4,JP,Japón,6840.01
2002,4,BS,Las Bahamas,57465.0
2002,4,NO,Noruega,18752.99
2002,4,PA,Panamá,66695.7
2002,4,PA,Panamá,399.0
2002,4,PY,Paraguay,37620.0
2002,4,PE,Perú,7524.0
2002,4,PE,Perú,798.0
2002,4,PL,Polonia,14363.99
2002,4,PR,Puerto Rico,8999.99
2002,4,GB,Reino Unido,169970.64
2002,4,DO,República Dominicana,7515.01
2002,4,SG,Singapur,83565.01
2002,4,SG,Singapur,1800.01
2002,4,ZA,Sudáfrica,94105.0
2002,4,SE,Suecia,6383.99
2002,4,CH,Suiza,27594.85
2002,4,VE,Venezuela,17999.99
2002,5,DE,Alemania,499656.46
2002,5,AR,Argentina,10642.5
2002,5,AU,Australia,7820.4
2002,5,AT,Austria,22312.07
2002,5,BR,Brasil,46546.51
2002,5,CA,Canadá,73049.87
2002,5,CZ,Chequia,19950.0
2002,5,CL,Chile,36630.0
2002,5,KR,Corea del Sur,43890.0
2002,5,KR,Corea del Sur,112.49
2002,5,CR,Costa Rica,6839.99
2002,5,SV,El Salvador,4845.01
2002,5,SV,El Salvador,584.99
2002,5,ES,España,108864.06
2002,5,ES,España,2310.0
2002,5,US,Estados Unidos,7309847.88
2002,5,US,Estados Unidos,380777.4
2002,5,PH,Filipinas,15321.6
2002,5,FR,Francia,248463.77
2002,5,GR,Grecia,2992.49
2002,5,GU,Guam,9900.0
2002,5,GT,Guatemala,1086.0
2002,5,GT,Guatemala,1665.0
2002,5,HN,Honduras,5272.52
2002,5,HN,Honduras,213.74
2002,5,HK,Hong Kong,2400.01
2002,5,HU,Hungría,135.0
2002,5,IE,Irlanda,14363.99
2002,5,VI,Islas Vírgenes,8100.0
2002,5,VI,Islas Vírgenes,675.0
2002,5,IT,Italia,115697.41
2002,5,IT,Italia,399.0
2002,5,JM,Jamaica,2865.01
2002,5,JP,Japón,57090.0
2002,5,JP,Japón,450.0
2002,5,NI,Nicaragua,414.0
2002,5,NI,Nicaragua,234.0
2002,5,NO,Noruega,4740.12
2002,5,NZ,Nueva Zelandia,49475.99
2002,5,NZ,Nueva Zelandia,558.59
2002,5,PA,Panamá,570.01
2002,5,PY,Paraguay,35054.99
2002,5,NL,Países Bajos,19726.58
2002,5,NL,Países Bajos,3281.48
2002,5,GB,Reino Unido,9120.0
2002,5,GB,Reino Unido,84.01
2002,5,SG,Singapur,35204.99
2002,5,SE,Suecia,10342.09
2002,5,CH,Suiza,9719.64
2002,5,CH,Suiza,430.2
2002,5,TW,Taiwán (Región),6209.99
2002,5,VE,Venezuela,9900.0
2002,6,DE,Alemania,663736.56
2002,6,DE,Alemania,178.49
2002,6,AU,Australia,13765.5
2002,6,AT,Austria,61525.78
2002,6,BZ,Belice,9405.0
2002,6,BZ,Belice,1089.0
2002,6,BR,Brasil,9405.0
2002,6,CA,Canadá,170167.59
2002,6,CA,Canadá,252.01
2002,6,CZ,Chequia,17656.79
2002,6,CO,Colombia,5856.74
2002,6,KR,Corea del Sur,2700.01
2002,6,SV,El Salvador,28.5
2002,6,ES,España,115231.19
2002,6,US,Estados Unidos,4911995.93
2002,6,US,Estados Unidos,386837.44
2002,6,PH,Filipinas,22982.4
2002,6,FR,Francia,185179.62
2002,6,GR,Grecia,54678.95
2002,6,GT,Guatemala,3209.72
2002,6,HK,Hong Kong,2640.0
2002,6,HK,Hong Kong,686.25
2002,6,KY,Islas Caimán,6000.01
2002,6,KY,Islas Caimán,1995.0
2002,6,IT,Italia,41728.28
2002,6,IT,Italia,23.64
2002,6,JP,Japón,57775.89
2002,6,JP,Japón,943.0
2002,6,PA,Panamá,38902.5
2002,6,PA,Panamá,3186.3
2002,6,PY,Paraguay,2565.01
2002,6,GB,Reino Unido,93724.21
2002,6,GB,Reino Unido,3135.0
2002,6,RU,Rusia,6103.28
2002,6,RU,Rusia,1287.0
2002,6,SG,Singapur,29700.0
2002,6,ZA,Sudáfrica,88299.61
2002,6,SE,Suecia,6384.0
2002,6,CH,Suiza,26812.8
2002,6,TT,Trinidad y Tobago,9900.0
2002,6,UY,Uruguay,9405.0
2002,6,VE,Venezuela,9900.0
2002,7,DE,Alemania,574807.85
2002,7,AW,Aruba,41040.01
2002,7,AU,Australia,53011.97
2002,7,AT,Austria,69218.5
2002,7,AT,Austria,612.15
2002,7,BM,Bermuda,128775.16
2002,7,BR,Brasil,72909.02
2002,7,BE,Bélgica,15.95
2002,7,CA,Canadá,123666.39
2002,7,CL,Chile,11682.0
2002,7,KR,Corea del Sur,8.55
2002,7,CR,Costa Rica,6463.81
2002,7,CR,Costa Rica,1493.42
2002,7,EC,Ecuador,6912.0
2002,7,SV,El Salvador,9405.0
2002,7,ES,España,40420.99
2002,7,ES,España,203.27
2002,7,US,Estados Unidos,7271236.31
2002,7,US,Estados Unidos,801894.21
2002,7,FR,Francia,443770.17
2002,7,GR,Grecia,33389.47
2002,7,GT,Guatemala,2100.01
2002,7,GT,Guatemala,2342.11
2002,7,HK,Hong Kong,1800.0
2002,7,HK,Hong Kong,213.12
2002,7,IE,Irlanda,6982.5
2002,7,VI,Islas Vírgenes,3059.99
2002,7,VI,Islas Vírgenes,450.0
2002,7,IL,Israel,9405.0
2002,7,JP,Japón,79815.12
2002,7,JP,Japón,40.49
2002,7,BS,Las Bahamas,11400.0
2002,7,PA,Panamá,3615.0
2002,7,PA,Panamá,2742.31
2002,7,PY,Paraguay,9405.0
2002,7,NL,Países Bajos,28980.0
2002,7,GB,Reino Unido,99287.42
2002,7,GB,Reino Unido,3882.35
2002,7,RU,Rusia,49635.27
2002,7,SE,Suecia,20684.15
2002,7,CH,Suiza,17.1
2002,7,VE,Venezuela,2700.01
2002,8,DE,Alemania,299677.0
2002,8,DE,Alemania,383.03
2002,8,AU,Australia,47721.95
2002,8,BM,Bermuda,4500.0
2002,8,BM,Bermuda,798.0
2002,8,BO,Bolivia,360.0
2002,8,BR,Brasil,27549.0
2002,8,BE,Bélgica,31350.0
2002,8,CA,Canadá,7863.72
2002,8,CZ,Chequia,21629.99
2002,8,CL,Chile,29700.0
2002,8,CO,Colombia,14962.5
2002,8,CR,Costa Rica,5398.8
2002,8,CR,Costa Rica,3600.0
2002,8,CW,Curaçao,393.75
2002,8,SV,El Salvador,8550.0
2002,8,SV,El Salvador,3712.39
2002,8,ES,España,37514.81
2002,8,ES,España,764.4
2002,8,US,Estados Unidos,5521194.51
2002,8,US,Estados Unidos,782263.43
2002,8,FR,Francia,169271.59
2002,8,FR,Francia,2254.44
2002,8,GR,Grecia,98014.35
2002,8,GR,Grecia,894.62
2002,8,HK,Hong Kong,2564.99
2002,8,IE,Irlanda,17.67
2002,8,IS,Islandia,4588.5
2002,8,VI,Islas Vírgenes,4500.0
2002,8,VI,Islas Vírgenes,1935.0
2002,8,IT,Italia,47165.68
2002,8,IT,Italia,2940.01
2002,8,JP,Japón,43701.01
2002,8,JP,Japón,38.99
2002,8,NZ,Nueva Zelandia,843.14
2002,8,NZ,Nueva Zelandia,867.86
2002,8,PA,Panamá,59280.0
2002,8,PA,Panamá,5340.47
2002,8,PY,Paraguay,9405.0
2002,8,PL,Polonia,7182.0
2002,8,PR,Puerto Rico,22049.99
2002,8,PR,Puerto Rico,4454.99
2002,8,GB,Reino Unido,310090.08
2002,8,GB,Reino Unido,4588.49
2002,8,SE,Suecia,54.24
2002,9,DE,Alemania,564437.39
2002,9,DE,Alemania,1058.38
2002,9,AR,Argentina,159.6
2002,9,AU,Australia,24853.14
2002,9,AT,Austria,51606.64
2002,9,BR,Brasil,9405.0
2002,9,BE,Bélgica,31350.0
2002,9,CA,Canadá,18157.04
2002,9,CA,Canadá,508.49
2002,9,CZ,Chequia,23939.99
2002,9,CL,Chile,22905.0
2002,9,CO,Colombia,4500.0
2002,9,CO,Colombia,1800.0
2002,9,CR,Costa Rica,4879.2
2002,9,CR,Costa Rica,1632.03
2002,9,EC,Ecuador,8999.99
2002,9,SV,El Salvador,2756.26
2002,9,ES,España,31192.43
2002,9,US,Estados Unidos,5179118.31
2002,9,US,Estados Unidos,710487.22
2002,9,PH,Filipinas,59963.98
2002,9,FR,Francia,236023.27
2002,9,FR,Francia,39.61
2002,9,GR,Grecia,117780.81
2002,9,GR,Grecia,945.01
2002,9,GT,Guatemala,144.0
2002,9,GT,Guatemala,338.99
2002,9,HN,Honduras,22302.0
2002,9,HN,Honduras,2292.29
2002,9,HK,Hong Kong,7182.0
2002,9,HK,Hong Kong,900.01
2002,9,IE,Irlanda,21346.49
2002,9,VG,Islas Vírgenes Británicas,5700.01
2002,9,IT,Italia,40296.71
2002,9,JP,Japón,103834.18
2002,9,JP,Japón,9655.41
2002,9,MU,Mauricio,3942.12
2002,9,MU,Mauricio,1386.0
2002,9,NO,Noruega,10342.08
2002,9,PA,Panamá,5940.0
2002,9,PA,Panamá,990.0
2002,9,NL,Países Bajos,52283.25
2002,9,PR,Puerto Rico,24336.0
2002,9,GB,Reino Unido,117358.35
2002,9,GB,Reino Unido,1197.01
2002,9,DO,República Dominicana,6840.01
2002,9,SG,Singapur,4275.0
2002,9,ZA,Sudáfrica,34830.0
2002,9,SE,Suecia,18054.19
2002,9,SE,Suecia,184.81
2002,9,CH,Suiza,19439.28
2002,9,TH,Tailandia,9240.0
2002,9,UY,Uruguay,9405.0
2002,9,VE,Venezuela,29700.0
2002,10,DE,Alemania,364280.4
2002,10,DE,Alemania,105.0
2002,10,AD,Andorra,2693.24
2002,10,AU,Australia,11565.3
2002,10,AT,Austria,27898.08
2002,10,BR,Brasil,8550.0
2002,10,CA,Canadá,97326.52
2002,10,CA,Canadá,9.01
2002,10,CN,China,9900.0
2002,10,KR,Corea del Sur,28097.97
2002,10,CR,Costa Rica,4683.75
2002,10,CU,Cuba,36.74
2002,10,CU,Cuba,147.17
2002,10,DK,Dinamarca,7182.0
2002,10,SV,El Salvador,3374.98
2002,10,SV,El Salvador,675.0
2002,10,ES,España,83131.92
2002,10,US,Estados Unidos,6226733.57
2002,10,US,Estados Unidos,1027964.23
2002,10,PH,Filipinas,35340.0
2002,10,PH,Filipinas,450.0
2002,10,FR,Francia,164017.04
2002,10,GR,Grecia,72865.39
2002,10,GT,Guatemala,3202.5
2002,10,GT,Guatemala,89.99
2002,10,VI,Islas Vírgenes,450.0
2002,10,IT,Italia,108989.13
2002,10,IT,Italia,4047.0
2002,10,JP,Japón,29380.49
2002,10,JP,Japón,1710.01
2002,10,BS,Las Bahamas,11400.0
2002,10,NI,Nicaragua,630.0
2002,10,NI,Nicaragua,341.99
2002,10,PA,Panamá,19379.99
2002,10,PA,Panamá,4209.31
2002,10,NL,Países Bajos,17828.39
2002,10,NL,Países Bajos,7261.79
2002,10,PE,Perú,8550.0
2002,10,PL,Polonia,14363.99
2002,10,PR,Puerto Rico,2250.01
2002,10,GB,Reino Unido,240268.67
2002,10,GB,Reino Unido,4495.88
2002,10,RU,Rusia,36081.02
2002,10,SE,Suecia,20684.17
2002,10,CH,Suiza,179.99
2002,10,TH,Tailandia,8778.0
2002,10,TT,Trinidad y Tobago,2940.0
2002,10,VE,Venezuela,1800.0
2002,11,DE,Alemania,313920.27
2002,11,DE,Alemania,209.99
2002,11,AD,Andorra,5543.24
2002,11,AM,Armenia,4.18
2002,11,AU,Australia,8436.0
2002,11,AT,Austria,53.86
2002,11,BR,Brasil,11828.24
2002,11,BE,Bélgica,31354.18
2002,11,CA,Canadá,78978.16
2002,11,CA,Canadá,90.01
2002,11,CZ,Chequia,9680.98
2002,11,CL,Chile,57555.0
2002,11,CN,China,8999.99
2002,11,CN,China,900.01
2002,11,CR,Costa Rica,8959.28
2002,11,CR,Costa Rica,304.73
2002,11,DK,Dinamarca,4.18
2002,11,ES,España,200223.21
2002,11,ES,España,3252.91
2002,11,US,Estados Unidos,4990450.92
2002,11,US,Estados Unidos,828754.3
2002,11,EE,Estonia,4.18
2002,11,PH,Filipinas,51869.99
2002,11,FI,Finlandia,9904.18
2002,11,FR,Francia,107753.21
2002,11,FR,Francia,11510.99
2002,11,GR,Grecia,4.18
2002,11,GT,Guatemala,2424.59
2002,11,GT,Guatemala,1865.39
2002,11,HK,Hong Kong,1804.18
2002,11,HU,Hungría,4.18
2002,11,IE,Irlanda,6986.68
2002,11,KY,Islas Caimán,6600.0
2002,11,KY,Islas Caimán,2401.6
2002,11,VI,Islas Vírgenes,8999.99
2002,11,VI,Islas Vírgenes,1485.0
2002,11,IT,Italia,46014.07
2002,11,JP,Japón,29704.18
2002,11,JP,Japón,2997.02
2002,11,NO,Noruega,4.18
2002,11,NZ,Nueva Zelandia,3191.99
2002,11,NZ,Nueva Zelandia,1800.0
2002,11,PA,Panamá,28423.13
2002,11,PA,Panamá,1131.16
2002,11,NL,Países Bajos,4.18
2002,11,PL,Polonia,7186.18
2002,11,PT,Portugal,6707.37
2002,11,PR,Puerto Rico,20754.0
2002,11,PR,Puerto Rico,900.01
2002,11,GB,Reino Unido,69812.57
2002,11,GB,Reino Unido,4414.66
2002,11,DO,República Dominicana,7524.0
2002,11,DO,República Dominicana,263.26
2002,11,RU,Rusia,33945.78
2002,11,SG,Singapur,8400.0
2002,11,ZA,Sudáfrica,21289.18
2002,11,SE,Suecia,26388.34
2002,11,CH,Suiza,4.18
2002,11,CH,Suiza,45.0
2002,11,TT,Trinidad y Tobago,9900.0
2002,11,VE,Venezuela,13949.99
2002,12,DE,Alemania,247486.07
2002,12,DE,Alemania,199.5
2002,12,BO,Bolivia,1979.99
2002,12,BE,Bélgica,31350.65
2002,12,CA,Canadá,18675.02
2002,12,CA,Canadá,9.01
2002,12,CL,Chile,16379.99
2002,12,CO,Colombia,5.69
2002,12,KR,Corea del Sur,8778.0
2002,12,CR,Costa Rica,8943.01
2002,12,CR,Costa Rica,128.25
2002,12,SV,El Salvador,5539.5
2002,12,SV,El Salvador,462.74
2002,12,ES,España,24997.33
2002,12,ES,España,1957.72
2002,12,US,Estados Unidos,2222149.38
2002,12,US,Estados Unidos,523513.83
2002,12,EE,Estonia,1580.04
2002,12,FR,Francia,183865.63
2002,12,FR,Francia,369.6
2002,12,GE,Georgia,5985.0
2002,12,GR,Grecia,42509.46
2002,12,GR,Grecia,159.6
2002,12,GT,Guatemala,7694.99
2002,12,GT,Guatemala,843.0
2002,12,HN,Honduras,2430.0
2002,12,VG,Islas Vírgenes Británicas,8335.02
2002,12,VG,Islas Vírgenes Británicas,1316.53
2002,12,IT,Italia,68906.13
2002,12,JP,Japón,21179.99
2002,12,JP,Japón,4500.0
2002,12,NI,Nicaragua,945.0
2002,12,PA,Panamá,49822.49
2002,12,PA,Panamá,1194.15
2002,12,NL,Países Bajos,40645.56
2002,12,NL,Países Bajos,518.71
2002,12,GB,Reino Unido,95043.74
2002,12,GB,Reino Unido,798.0
2002,12,DO,República Dominicana,6615.0
2002,12,RU,Rusia,239.42
2002,12,SG,Singapur,9900.0
2002,12,ZA,Sudáfrica,10642.5
2002,12,SR,Suriname,4725.0
2002,12,TH,Tailandia,9240.0
2002,12,TH,Tailandia,1.43
2002,12,TW,Taiwán (Región),26.59
2002,12,TW,Taiwán (Región),26.59
2003,1,DE,Alemania,65583.24
2003,1,DE,Alemania,6844.49
2003,1,AU,Australia,32100.47
2003,1,AT,Austria,11439.0
2003,1,KR,Corea del Sur,24149.99
2003,1,CR,Costa Rica,274311.12
2003,1,SV,El Salvador,261433.65
2003,1,SV,El Salvador,8900.99
2003,1,ES,España,104109.49
2003,1,ES,España,337.5
2003,1,US,Estados Unidos,5658069.32
2003,1,US,Estados Unidos,614878.46
2003,1,EE,Estonia,1620.0
2003,1,PH,Filipinas,455448.71
2003,1,PH,Filipinas,427.5
2003,1,FI,Finlandia,15513.11
2003,1,FI,Finlandia,3.99
2003,1,FR,Francia,63942.72
2003,1,FR,Francia,1507.2
2003,1,GR,Grecia,10003.16
2003,1,GR,Grecia,199.5
2003,1,KY,Islas Caimán,44390.95
2003,1,IT,Italia,53073.44
2003,1,NZ,Nueva Zelandia,20399.98
2003,1,NL,Países Bajos,31986.09
2003,1,PR,Puerto Rico,66835.57
2003,1,GB,Reino Unido,204946.09
2003,1,RU,Rusia,1039.5
2003,1,SE,Suecia,10342.08
2003,1,SE,Suecia,3.99
2003,2,DE,Alemania,68367.06
2003,2,DE,Alemania,1339.8
2003,2,AW,Aruba,540.0
2003,2,AT,Austria,8999.99
2003,2,CA,Canadá,32374.38
2003,2,KR,Corea del Sur,9179.99
2003,2,CR,Costa Rica,333000.33
2003,2,SV,El Salvador,40779.75
2003,2,SV,El Salvador,8261.99
2003,2,ES,España,32265.75
2003,2,US,Estados Unidos,5599098.16
2003,2,US,Estados Unidos,894843.88
2003,2,EE,Estonia,363.32
2003,2,PH,Filipinas,198390.75
2003,2,FR,Francia,26744.52
2003,2,FR,Francia,31707.02
2003,2,GR,Grecia,9299.99
2003,2,HN,Honduras,2330.99
2003,2,KY,Islas Caimán,22064.98
2003,2,IT,Italia,10764.0
2003,2,JP,Japón,111.15
2003,2,NO,Noruega,4740.11
2003,2,NL,Países Bajos,92712.15
2003,2,PR,Puerto Rico,104190.51
2003,2,GB,Reino Unido,169279.16
2003,2,GB,Reino Unido,8530.91
2003,2,SE,Suecia,20684.12
2003,3,AT,Austria,8999.99
2003,3,CR,Costa Rica,469510.84
2003,3,CR,Costa Rica,67.5
2003,3,SV,El Salvador,162648.75
2003,3,ES,España,148594.56
2003,3,ES,España,639.0
2003,3,US,Estados Unidos,6037122.89
2003,3,US,Estados Unidos,1165672.02
2003,3,EE,Estonia,275.98
2003,3,PH,Filipinas,265204.99
2003,3,PH,Filipinas,256.5
2003,3,FR,Francia,11981.89
2003,3,FR,Francia,21748.24
2003,3,GR,Grecia,20385.42
2003,3,HN,Honduras,5585.99
2003,3,KY,Islas Caimán,28492.47
2003,3,IT,Italia,62830.41
2003,3,IT,Italia,798.0
2003,3,JP,Japón,111.15
2003,3,JP,Japón,39.37
2003,3,PR,Puerto Rico,174998.46
2003,3,PR,Puerto Rico,18.0
2003,3,GB,Reino Unido,74174.95
2003,3,GB,Reino Unido,540.0
2003,3,RU,Rusia,25.65
2003,3,SE,Suecia,20684.15
2003,4,DE,Alemania,819.0
2003,4,AT,Austria,9470.24
2003,4,BM,Bermuda,180.0
2003,4,KR,Corea del Sur,21299.99
2003,4,CR,Costa Rica,198200.93
2003,4,SV,El Salvador,34.2
2003,4,SV,El Salvador,132.0
2003,4,ES,España,57407.72
2003,4,US,Estados Unidos,7143434.87
2003,4,US,Estados Unidos,805793.08
2003,4,EE,Estonia,790.5
2003,4,PH,Filipinas,262804.23
2003,4,PH,Filipinas,1026.0
2003,4,FR,Francia,16217.51
2003,4,FR,Francia,14987.23
2003,4,GR,Grecia,13254.51
2003,4,KY,Islas Caimán,18268.48
2003,4,IT,Italia,59655.52
2003,4,IT,Italia,798.0
2003,4,NL,Países Bajos,9610.43
2003,4,PR,Puerto Rico,181896.6
2003,4,GB,Reino Unido,129839.4
2003,4,GB,Reino Unido,2668.67
2003,4,RU,Rusia,3532.5
2003,5,DE,Alemania,796.5
2003,5,AU,Australia,64304.07
2003,5,AT,Austria,8999.99
2003,5,KR,Corea del Sur,21450.0
2003,5,CR,Costa Rica,398487.95
2003,5,CR,Costa Rica,1485.0
2003,5,SV,El Salvador,97589.25
2003,5,SV,El Salvador,8261.99
2003,5,ES,España,108085.39
2003,5,US,Estados Unidos,6397939.0
2003,5,US,Estados Unidos,550297.13
2003,5,EE,Estonia,527.12
2003,5,PH,Filipinas,425171.56
2003,5,FI,Finlandia,10070.75
2003,5,FR,Francia,16207.0
2003,5,FR,Francia,7425.84
2003,5,GR,Grecia,18535.01
2003,5,GT,Guatemala,16015.49
2003,5,KY,Islas Caimán,18377.97
2003,5,IT,Italia,31521.93
2003,5,JM,Jamaica,7392.0
2003,5,NL,Países Bajos,10120.91
2003,5,PR,Puerto Rico,180180.53
2003,5,GB,Reino Unido,103719.99
2003,5,GB,Reino Unido,2735.1
2003,5,SE,Suecia,10342.08
2003,6,DE,Alemania,112.5
2003,6,AT,Austria,4950.0
2003,6,BM,Bermuda,315.0
2003,6,CA,Canadá,2872.79
2003,6,CA,Canadá,252.0
2003,6,CZ,Chequia,9206.98
2003,6,KR,Corea del Sur,1200.0
2003,6,KR,Corea del Sur,8250.0
2003,6,CR,Costa Rica,425735.75
2003,6,SV,El Salvador,97623.45
2003,6,SV,El Salvador,12.0
2003,6,ES,España,277213.75
2003,6,ES,España,6209.99
2003,6,US,Estados Unidos,6666955.64
2003,6,US,Estados Unidos,582191.81
2003,6,EE,Estonia,809.4
2003,6,PH,Filipinas,387205.5
2003,6,FR,Francia,33507.47
2003,6,FR,Francia,10783.78
2003,6,GR,Grecia,18754.7
2003,6,GT,Guatemala,16102.49
2003,6,HN,Honduras,2467.49
2003,6,KY,Islas Caimán,18409.49
2003,6,IL,Israel,2564.99
2003,6,IL,Israel,900.0
2003,6,IT,Italia,46125.33
2003,6,IT,Italia,798.0
2003,6,JM,Jamaica,9599.99
2003,6,JP,Japón,12000.0
2003,6,JP,Japón,144.37
2003,6,NO,Noruega,4740.11
2003,6,NL,Países Bajos,41251.26
2003,6,PR,Puerto Rico,172649.32
2003,6,PR,Puerto Rico,1200.0
2003,6,GB,Reino Unido,160235.07
2003,6,GB,Reino Unido,3397.67
2003,6,RU,Rusia,52.5
2003,6,SE,Suecia,10342.08
2003,7,DE,Alemania,6982.5
2003,7,AT,Austria,1282.5
2003,7,AT,Austria,64.12
2003,7,BM,Bermuda,90.0
2003,7,CZ,Chequia,658.35
2003,7,KR,Corea del Sur,9899.99
2003,7,CR,Costa Rica,389324.1
2003,7,CR,Costa Rica,1125.0
2003,7,SV,El Salvador,162774.46
2003,7,SV,El Salvador,8786.99
2003,7,ES,España,83749.79
2003,7,ES,España,4777.49
2003,7,US,Estados Unidos,6149606.37
2003,7,US,Estados Unidos,769071.38
2003,7,EE,Estonia,48.0
2003,7,PH,Filipinas,451102.99
2003,7,FR,Francia,33951.98
2003,7,FR,Francia,4659.05
2003,7,GR,Grecia,2451.76
2003,7,GT,Guatemala,7679.98
2003,7,GT,Guatemala,1485.0
2003,7,KY,Islas Caimán,27584.98
2003,7,IT,Italia,174822.31
2003,7,IT,Italia,2070.0
2003,7,JP,Japón,325.5
2003,7,PA,Panamá,4140.0
2003,7,PA,Panamá,2843.99
2003,7,NL,Países Bajos,31109.92
2003,7,PR,Puerto Rico,246913.14
2003,7,GB,Reino Unido,76580.47
2003,7,GB,Reino Unido,1723.67
2003,7,RU,Rusia,11399.99
2003,7,TT,Trinidad y Tobago,180.0
2003,7,VE,Venezuela,9900.0
2003,8,DE,Alemania,38187.79
2003,8,DE,Alemania,1269.0
2003,8,AT,Austria,9359.98
2003,8,AT,Austria,4.5
2003,8,BM,Bermuda,7199.99
2003,8,BR,Brasil,2160.0
2003,8,CZ,Chequia,180.0
2003,8,CR,Costa Rica,313043.73
2003,8,CR,Costa Rica,2123.99
2003,8,SV,El Salvador,161879.44
2003,8,SV,El Salvador,8262.0
2003,8,ES,España,146148.79
2003,8,ES,España,7928.99
2003,8,US,Estados Unidos,4422795.2
2003,8,US,Estados Unidos,732915.21
2003,8,EE,Estonia,1477.27
2003,8,PH,Filipinas,439304.0
2003,8,PH,Filipinas,256.5
2003,8,FR,Francia,19909.47
2003,8,FR,Francia,14750.65
2003,8,GR,Grecia,12184.96
2003,8,GT,Guatemala,23797.49
2003,8,GT,Guatemala,2496.0
2003,8,KY,Islas Caimán,36872.97
2003,8,IT,Italia,90106.77
2003,8,PA,Panamá,180.0
2003,8,NL,Países Bajos,7421.4
2003,8,PT,Portugal,57489.57
2003,8,PR,Puerto Rico,105031.07
2003,8,GB,Reino Unido,72699.6
2003,8,GB,Reino Unido,297.0
2003,8,SE,Suecia,10342.06
2003,9,DE,Alemania,25586.92
2003,9,DE,Alemania,2608.29
2003,9,AU,Australia,64558.45
2003,9,AU,Australia,27.5
2003,9,AT,Austria,9900.0
2003,9,KR,Corea del Sur,22424.99
2003,9,CR,Costa Rica,363493.39
2003,9,SV,El Salvador,32352.24
2003,9,SV,El Salvador,8261.99
2003,9,ES,España,131494.21
2003,9,ES,España,315.0
2003,9,US,Estados Unidos,5697236.59
2003,9,US,Estados Unidos,1138007.8
2003,9,EE,Estonia,341.25
2003,9,PH,Filipinas,357221.53
2003,9,PH,Filipinas,427.5
2003,9,FI,Finlandia,4508.69
2003,9,FR,Francia,68428.0
2003,9,FR,Francia,2685.27
2003,9,GR,Grecia,6349.22
2003,9,GT,Guatemala,3.0
2003,9,HN,Honduras,3802.49
2003,9,KY,Islas Caimán,18286.48
2003,9,IT,Italia,83546.02
2003,9,NL,Países Bajos,2968.56
2003,9,PR,Puerto Rico,38106.33
2003,9,GB,Reino Unido,34629.64
2003,9,GB,Reino Unido,3989.99
2003,9,RU,Rusia,5971.72
2003,10,DE,Alemania,17.1
2003,10,AU,Australia,64590.9
2003,10,AT,Austria,16730.82
2003,10,AT,Austria,452.25
2003,10,BM,Bermuda,900.0
2003,10,KR,Corea del Sur,8999.99
2003,10,CR,Costa Rica,328120.5
2003,10,CR,Costa Rica,1305.0
2003,10,SV,El Salvador,97226.26
2003,10,SV,El Salvador,174.0
2003,10,ES,España,107657.33
2003,10,ES,España,22472.98
2003,10,US,Estados Unidos,7027378.5
2003,10,US,Estados Unidos,991641.83
2003,10,EE,Estonia,370.4
2003,10,PH,Filipinas,490328.36
2003,10,PH,Filipinas,427.5
2003,10,FR,Francia,69027.04
2003,10,FR,Francia,6708.49
2003,10,GR,Grecia,8135.5
2003,10,GT,Guatemala,15194.98
2003,10,GT,Guatemala,1883.25
2003,10,KY,Islas Caimán,27388.47
2003,10,IT,Italia,95479.66
2003,10,IT,Italia,1755.0
2003,10,JP,Japón,63.0
2003,10,NO,Noruega,4740.11
2003,10,PA,Panamá,360.0
2003,10,NL,Países Bajos,18219.47
2003,10,PR,Puerto Rico,167059.54
2003,10,GB,Reino Unido,102781.08
2003,10,GB,Reino Unido,219.45
2003,10,RU,Rusia,5999.99
2003,10,SE,Suecia,10341.97
2003,10,TW,Taiwán (Región),38.0
2003,10,TR,Turquía,26471.97
2003,10,VE,Venezuela,9900.0
2003,11,DE,Alemania,11516.74
2003,11,DE,Alemania,3798.6
2003,11,AT,Austria,8999.99
2003,11,AT,Austria,135.0
2003,11,CR,Costa Rica,334250.53
2003,11,SV,El Salvador,65754.0
2003,11,SV,El Salvador,16709.98
2003,11,ES,España,61636.56
2003,11,ES,España,2673.0
2003,11,US,Estados Unidos,5448758.87
2003,11,US,Estados Unidos,758320.6
2003,11,EE,Estonia,171.0
2003,11,PH,Filipinas,123333.95
2003,11,PH,Filipinas,171.0
2003,11,FI,Finlandia,4740.11
2003,11,FR,Francia,5094.74
2003,11,FR,Francia,10599.75
2003,11,GR,Grecia,13735.48
2003,11,GT,Guatemala,2690.99
2003,11,GT,Guatemala,976.5
2003,11,KY,Islas Caimán,27580.46
2003,11,IT,Italia,13750.14
2003,11,IT,Italia,2268.0
2003,11,JP,Japón,17.1
2003,11,JP,Japón,25.65
2003,11,NL,Países Bajos,14205.45
2003,11,PT,Portugal,58340.01
2003,11,PR,Puerto Rico,106889.65
2003,11,GB,Reino Unido,51210.88
2003,11,GB,Reino Unido,2394.0
2003,11,TT,Trinidad y Tobago,270.0
2003,11,TR,Turquía,12000.0
2003,11,VE,Venezuela,9900.0
2003,12,DE,Alemania,34777.65
2003,12,DE,Alemania,99.0
2003,12,AT,Austria,25259.99
2003,12,BM,Bermuda,5327.99
2003,12,BM,Bermuda,4499.99
2003,12,CZ,Chequia,468.75
2003,12,CR,Costa Rica,266525.94
2003,12,SV,El Salvador,64527.1
2003,12,ES,España,51917.52
2003,12,ES,España,12959.98
2003,12,US,Estados Unidos,3901072.78
2003,12,US,Estados Unidos,741470.74
2003,12,EE,Estonia,102.9
2003,12,EE,Estonia,157.06
2003,12,PH,Filipinas,354940.99
2003,12,FR,Francia,43568.0
2003,12,FR,Francia,14649.42
2003,12,GR,Grecia,19965.17
2003,12,GT,Guatemala,15295.48
2003,12,GT,Guatemala,904.5
2003,12,HN,Honduras,1350.0
2003,12,KY,Islas Caimán,18208.49
2003,12,IT,Italia,74193.86
2003,12,JM,Jamaica,600.0
2003,12,NL,Países Bajos,20736.58
2003,12,NL,Países Bajos,518.7
2003,12,PT,Portugal,25364.98
2003,12,PR,Puerto Rico,91597.38
2003,12,GB,Reino Unido,53060.3
2003,12,GB,Reino Unido,5209.65
2003,12,TR,Turquía,33255.61
2004,1,DE,Alemania,225.0
2004,1,BE,Bélgica,48.3
2004,1,CR,Costa Rica,249204.97
2004,1,SV,El Salvador,75141.51
2004,1,SV,El Salvador,9650.99
2004,1,ES,España,141617.5
2004,1,US,Estados Unidos,5658635.82
2004,1,US,Estados Unidos,804908.41
2004,1,EE,Estonia,360.0
2004,1,PH,Filipinas,257617.8
2004,1,FR,Francia,13109.24
2004,1,FR,Francia,10727.99
2004,1,GR,Grecia,40501.93
2004,1,GT,Guatemala,1481.99
2004,1,HN,Honduras,11438.99
2004,1,KY,Islas Caimán,18391.49
2004,1,VG,Islas Vírgenes Británicas,45.6
2004,1,IT,Italia,8820.75
2004,1,NO,Noruega,4740.11
2004,1,NZ,Nueva Zelandia,8979.0
2004,1,PA,Panamá,8999.99
2004,1,NL,Países Bajos,10690.91
2004,1,PT,Portugal,11399.99
2004,1,PR,Puerto Rico,32308.69
2004,1,GB,Reino Unido,12509.99
2004,1,SE,Suecia,10342.08
2004,1,TT,Trinidad y Tobago,477.0
2004,1,VE,Venezuela,9900.0
2004,2,DE,Alemania,19.25
2004,2,DE,Alemania,855.0
2004,2,AW,Aruba,1620.0
2004,2,AT,Austria,16215.74
2004,2,AT,Austria,12.82
2004,2,CZ,Chequia,78.75
2004,2,KR,Corea del Sur,27749.98
2004,2,CR,Costa Rica,109034.43
2004,2,SV,El Salvador,129483.35
2004,2,SV,El Salvador,258.0
2004,2,ES,España,108122.79
2004,2,ES,España,1800.0
2004,2,US,Estados Unidos,4990384.66
2004,2,US,Estados Unidos,895889.15
2004,2,EE,Estonia,162.3
2004,2,PH,Filipinas,296789.76
2004,2,PH,Filipinas,273.75
2004,2,FI,Finlandia,4740.11
2004,2,FR,Francia,119764.69
2004,2,FR,Francia,47.94
2004,2,GR,Grecia,10288.87
2004,2,GT,Guatemala,15874.49
2004,2,GT,Guatemala,36.0
2004,2,HN,Honduras,4524.0
2004,2,KY,Islas Caimán,9198.0
2004,2,IT,Italia,62104.84
2004,2,NZ,Nueva Zelandia,3.15
2004,2,NL,Países Bajos,10766.15
2004,2,PT,Portugal,56930.36
2004,2,PR,Puerto Rico,106553.37
2004,2,GB,Reino Unido,63303.1
2004,2,GB,Reino Unido,198.0
2004,2,RU,Rusia,13508.99
2004,2,RU,Rusia,12149.98
2004,2,TW,Taiwán (Región),12.11
2004,2,TR,Turquía,32927.54
2004,3,DE,Alemania,7204.78
2004,3,DE,Alemania,1495.5
2004,3,AU,Australia,32028.29
2004,3,AT,Austria,18599.99
2004,3,BM,Bermuda,1284.6
2004,3,BO,Bolivia,4499.99
2004,3,CZ,Chequia,7379.99
2004,3,CL,Chile,12599.99
2004,3,CR,Costa Rica,335020.44
2004,3,CR,Costa Rica,297.0
2004,3,SV,El Salvador,76.95
2004,3,SV,El Salvador,8648.98
2004,3,ES,España,5789.99
2004,3,ES,España,17255.98
2004,3,US,Estados Unidos,6381377.31
2004,3,US,Estados Unidos,1021821.5
2004,3,EE,Estonia,506.0
2004,3,PH,Filipinas,287630.61
2004,3,FI,Finlandia,3878.27
2004,3,FI,Finlandia,798.0
2004,3,FR,Francia,36103.32
2004,3,FR,Francia,370.12
2004,3,GR,Grecia,11852.57
2004,3,GU,Guam,10185.0
2004,3,GT,Guatemala,2536.5
2004,3,HN,Honduras,1458.0
2004,3,KY,Islas Caimán,32881.45
2004,3,VG,Islas Vírgenes Británicas,5492.98
2004,3,VG,Islas Vírgenes Británicas,1407.0
2004,3,IT,Italia,109888.34
2004,3,IT,Italia,2396.99
2004,3,JP,Japón,210.0
2004,3,PY,Paraguay,18382.38
2004,3,NL,Países Bajos,10766.15
2004,3,PT,Portugal,158024.49
2004,3,PR,Puerto Rico,158734.9
2004,3,GB,Reino Unido,8618.39
2004,3,GB,Reino Unido,1595.99
2004,3,RU,Rusia,3366.0
2004,3,SE,Suecia,20684.14
2004,3,VE,Venezuela,9900.0
2004,4,DE,Alemania,5015.99
2004,4,AT,Austria,9899.99
2004,4,BM,Bermuda,4499.99
2004,4,BE,Bélgica,240.39
2004,4,CR,Costa Rica,390155.95
2004,4,CR,Costa Rica,45.0
2004,4,SV,El Salvador,64763.6
2004,4,SV,El Salvador,16523.98
2004,4,ES,España,147865.49
2004,4,US,Estados Unidos,6603832.48
2004,4,US,Estados Unidos,1457218.53
2004,4,PH,Filipinas,323814.27
2004,4,FR,Francia,79831.81
2004,4,FR,Francia,4925.53
2004,4,GR,Grecia,14584.81
2004,4,GT,Guatemala,7278.89
2004,4,GT,Guatemala,1161.0
2004,4,KY,Islas Caimán,18395.99
2004,4,VG,Islas Vírgenes Británicas,900.0
2004,4,IT,Italia,133638.29
2004,4,IT,Italia,540.0
2004,4,NO,Noruega,4740.12
2004,4,PA,Panamá,720.0
2004,4,NL,Países Bajos,21886.84
2004,4,NL,Países Bajos,34.2
2004,4,PT,Portugal,130093.43
2004,4,PT,Portugal,39.23
2004,4,PR,Puerto Rico,148205.43
2004,4,GB,Reino Unido,7252.49
2004,4,DO,República Dominicana,6614.99
2004,4,RU,Rusia,51178.46
2004,4,SE,Suecia,477.0
2004,4,TW,Taiwán (Región),63.89
2004,4,TW,Taiwán (Región),161.25
2004,5,DE,Alemania,10944.0
2004,5,DE,Alemania,831.6
2004,5,AU,Australia,98107.49
2004,5,AT,Austria,30373.63
2004,5,AT,Austria,431.77
2004,5,CA,Canadá,32271.25
2004,5,CZ,Chequia,292.5
2004,5,KR,Corea del Sur,15955.2
2004,5,KR,Corea del Sur,73574.95
2004,5,CR,Costa Rica,385023.04
2004,5,CR,Costa Rica,157.5
2004,5,CU,Cuba,5039.99
2004,5,SV,El Salvador,127855.48
2004,5,SV,El Salvador,16523.98
2004,5,ES,España,86543.72
2004,5,US,Estados Unidos,6246197.06
2004,5,US,Estados Unidos,1098387.23
2004,5,PH,Filipinas,484008.25
2004,5,FR,Francia,9899.99
2004,5,FR,Francia,2644.95
2004,5,GR,Grecia,19519.4
2004,5,GU,Guam,9900.0
2004,5,KY,Islas Caimán,42389.94
2004,5,IT,Italia,88923.2
2004,5,IT,Italia,2151.0
2004,5,JP,Japón,110.25
2004,5,PA,Panamá,5984.99
2004,5,PA,Panamá,5129.99
2004,5,PY,Paraguay,30577.5
2004,5,NL,Países Bajos,21080.85
2004,5,PT,Portugal,222783.14
2004,5,PR,Puerto Rico,28655.56
2004,5,GB,Reino Unido,112665.71
2004,5,GB,Reino Unido,2394.0
2004,5,RU,Rusia,14084.99
2004,5,RU,Rusia,13907.98
2004,5,SE,Suecia,10342.06
2004,5,TW,Taiwán (Región),9.0
2004,5,TR,Turquía,31850.78
2004,6,DE,Alemania,7295.98
2004,6,DE,Alemania,454.5
2004,6,AU,Australia,62969.22
2004,6,AT,Austria,8399.99
2004,6,AT,Austria,21.37
2004,6,BM,Bermuda,3094.19
2004,6,BR,Brasil,6911.99
2004,6,CR,Costa Rica,468290.31
2004,6,DK,Dinamarca,123.0
2004,6,EC,Ecuador,6551.99
2004,6,SV,El Salvador,193224.82
2004,6,SV,El Salvador,225.0
2004,6,ES,España,205625.17
2004,6,ES,España,8459.98
2004,6,US,Estados Unidos,7257598.82
2004,6,US,Estados Unidos,1227601.53
2004,6,EE,Estonia,315.0
2004,6,EE,Estonia,85.12
2004,6,PH,Filipinas,326947.89
2004,6,FI,Finlandia,4740.12
2004,6,FR,Francia,49340.11
2004,6,FR,Francia,2814.45
2004,6,GR,Grecia,7202.83
2004,6,GR,Grecia,285.0
2004,6,GT,Guatemala,21023.98
2004,6,GT,Guatemala,360.0
2004,6,HN,Honduras,819.0
2004,6,KY,Islas Caimán,36686.95
2004,6,VG,Islas Vírgenes Británicas,7551.0
2004,6,VG,Islas Vírgenes Británicas,817.5
2004,6,IT,Italia,57973.31
2004,6,IT,Italia,2343.0
2004,6,JP,Japón,11423.99
2004,6,JP,Japón,52.5
2004,6,NL,Países Bajos,41478.94
2004,6,PT,Portugal,159439.91
2004,6,PR,Puerto Rico,128905.07
2004,6,GB,Reino Unido,2154.6
2004,6,GB,Reino Unido,2394.0
2004,6,RU,Rusia,12172.49
2004,6,TW,Taiwán (Región),5400.0
2004,6,TW,Taiwán (Región),2187.0
2004,6,TR,Turquía,4230.0
2004,7,DE,Alemania,349.5
2004,7,AU,Australia,100554.44
2004,7,AT,Austria,4698.0
2004,7,BM,Bermuda,3600.0
2004,7,BE,Bélgica,34375.0
2004,7,CA,Canadá,2989.35
2004,7,CZ,Chequia,7979.99
2004,7,CL,Chile,19079.97
2004,7,CR,Costa Rica,374144.27
2004,7,CR,Costa Rica,427.5
2004,7,CU,Cuba,36048.32
2004,7,CU,Cuba,540.0
2004,7,SV,El Salvador,160438.71
2004,7,ES,España,108289.39
2004,7,ES,España,3390.0
2004,7,US,Estados Unidos,4935229.15
2004,7,US,Estados Unidos,1308889.7
2004,7,PH,Filipinas,535374.36
2004,7,FR,Francia,27504.76
2004,7,FR,Francia,12018.29
2004,7,GR,Grecia,87780.0
2004,7,GR,Grecia,3009.59
2004,7,GT,Guatemala,13802.99
2004,7,HN,Honduras,3275.99
2004,7,KY,Islas Caimán,40121.96
2004,7,IT,Italia,63076.83
2004,7,IT,Italia,1263.0
2004,7,NO,Noruega,4740.11
2004,7,PY,Paraguay,18810.0
2004,7,NL,Países Bajos,21833.24
2004,7,PR,Puerto Rico,213811.59
2004,7,PR,Puerto Rico,1701.0
2004,7,GB,Reino Unido,36365.12
2004,7,RU,Rusia,18734.98
2004,7,RU,Rusia,6749.99
2004,7,SE,Suecia,16374.93
2004,7,CH,Suiza,29139.7
2004,7,TW,Taiwán (Región),4.27
2004,7,UY,Uruguay,4702.5
2004,7,VE,Venezuela,9881.99
2004,8,DE,Alemania,18011.97
2004,8,DE,Alemania,1416.51
2004,8,AU,Australia,26579.25
2004,8,AT,Austria,28856.56
2004,8,AT,Austria,1593.9
2004,8,BR,Brasil,24653.98
2004,8,BR,Brasil,4683.42
2004,8,BE,Bélgica,64778.45
2004,8,CZ,Chequia,45.0
2004,8,CZ,Chequia,1773.92
2004,8,CL,Chile,18044.98
2004,8,CL,Chile,22.5
2004,8,CN,China,6269.99
2004,8,CO,Colombia,18809.99
2004,8,CR,Costa Rica,84103.23
2004,8,CR,Costa Rica,1440.0
2004,8,SV,El Salvador,135490.2
2004,8,SV,El Salvador,1080.69
2004,8,AE,Emiratos Árabes Unidos,9676.8
2004,8,ES,España,96801.1
2004,8,US,Estados Unidos,4579180.34
2004,8,US,Estados Unidos,1037072.54
2004,8,EE,Estonia,720.0
2004,8,PH,Filipinas,451221.65
2004,8,FR,Francia,193964.5
2004,8,FR,Francia,2010.0
2004,8,GR,Grecia,837.0
2004,8,GR,Grecia,7982.99
2004,8,GT,Guatemala,23480.98
2004,8,GT,Guatemala,951.31
2004,8,HN,Honduras,810.0
2004,8,HK,Hong Kong,9575.99
2004,8,HK,Hong Kong,225.0
2004,8,IN,India,10350.0
2004,8,KY,Islas Caimán,73559.95
2004,8,IT,Italia,127036.41
2004,8,JP,Japón,41495.92
2004,8,JP,Japón,78.75
2004,8,NZ,Nueva Zelandia,15503.94
2004,8,NZ,Nueva Zelandia,900.0
2004,8,PA,Panamá,103014.15
2004,8,PA,Panamá,6204.29
2004,8,PE,Perú,1181.25
2004,8,PR,Puerto Rico,233548.57
2004,8,PR,Puerto Rico,7259.99
2004,8,GB,Reino Unido,41775.55
2004,8,GB,Reino Unido,3727.79
2004,8,RO,Rumania,33603.21
2004,8,RU,Rusia,18406.47
2004,8,SG,Singapur,6299.99
2004,8,ZA,Sudáfrica,107434.45
2004,8,ZA,Sudáfrica,79.8
2004,8,SE,Suecia,6703.19
2004,8,TW,Taiwán (Región),9968.4
2004,8,TW,Taiwán (Región),1980.0
2004,8,TR,Turquía,28105.96
2004,8,UY,Uruguay,4702.5
2004,9,DE,Alemania,292545.05
2004,9,DE,Alemania,4992.58
2004,9,AD,Andorra,790.02
2004,9,AD,Andorra,6.3
2004,9,AR,Argentina,20609.96
2004,9,AU,Australia,99217.29
2004,9,AU,Australia,1800.0
2004,9,AT,Austria,4.2
2004,9,BH,Bahrein,10200.0
2004,9,BB,Barbados,720.0
2004,9,BM,Bermuda,1890.0
2004,9,BR,Brasil,20176.46
2004,9,BR,Brasil,708.6
2004,9,BE,Bélgica,31349.17
2004,9,CA,Canadá,8482.49
2004,9,CA,Canadá,4060.35
2004,9,CZ,Chequia,9676.8
2004,9,CZ,Chequia,12.6
2004,9,CL,Chile,6749.98
2004,9,CN,China,2690.37
2004,9,CO,Colombia,9404.99
2004,9,CO,Colombia,198.0
2004,9,KR,Corea del Sur,38924.98
2004,9,CR,Costa Rica,257281.67
2004,9,CR,Costa Rica,5133.37
2004,9,EC,Ecuador,47654.85
2004,9,SV,El Salvador,73246.2
2004,9,AE,Emiratos Árabes Unidos,8699.98
2004,9,AE,Emiratos Árabes Unidos,6.75
2004,9,ES,España,129338.84
2004,9,ES,España,9775.07
2004,9,US,Estados Unidos,5505696.87
2004,9,US,Estados Unidos,1543406.69
2004,9,EE,Estonia,48.0
2004,9,PH,Filipinas,480232.35
2004,9,PH,Filipinas,213.75
2004,9,FI,Finlandia,4740.12
2004,9,FR,Francia,252866.48
2004,9,FR,Francia,2991.37
2004,9,GI,Gibraltar,9764.97
2004,9,GI,Gibraltar,270.0
2004,9,GR,Grecia,119132.45
2004,9,GR,Grecia,13711.47
2004,9,GT,Guatemala,15929.98
2004,9,GT,Guatemala,2777.22
2004,9,HN,Honduras,6046.86
2004,9,HN,Honduras,1277.94
2004,9,HK,Hong Kong,6335.99
2004,9,HK,Hong Kong,261.67
2004,9,IN,India,17.38
2004,9,IN,India,31.92
2004,9,IE,Irlanda,6703.19
2004,9,VG,Islas Vírgenes Británicas,85.5
2004,9,IT,Italia,147125.71
2004,9,JP,Japón,48959.96
2004,9,JP,Japón,135.0
2004,9,LV,Letonia,4611.29
2004,9,LV,Letonia,6097.4
2004,9,LB,Líbano,11114.99
2004,9,MV,Maldivas,10079.99
2004,9,NO,Noruega,924.0
2004,9,NZ,Nueva Zelandia,19950.0
2004,9,PA,Panamá,1709.99
2004,9,PY,Paraguay,18810.0
2004,9,NL,Países Bajos,20411.61
2004,9,PE,Perú,8550.0
2004,9,PT,Portugal,11969.98
2004,9,PR,Puerto Rico,67322.92
2004,9,PR,Puerto Rico,300.0
2004,9,GB,Reino Unido,292945.62
2004,9,GB,Reino Unido,20207.22
2004,9,RO,Rumania,20342.03
2004,9,RU,Rusia,4949.99
2004,9,SG,Singapur,40019.95
2004,9,ZA,Sudáfrica,48374.99
2004,9,SE,Suecia,10342.06
2004,9,CH,Suiza,4.2
2004,9,TR,Turquía,16757.98
2004,9,UY,Uruguay,2137.49
2004,10,DE,Alemania,333708.13
2004,10,DE,Alemania,252.0
2004,10,AU,Australia,42307.97
2004,10,AU,Australia,918.0
2004,10,AT,Austria,20684.15
2004,10,BR,Brasil,21991.49
2004,10,BR,Brasil,297.0
2004,10,BG,Bulgaria,6703.19
2004,10,BE,Bélgica,22000.26
2004,10,CA,Canadá,87656.93
2004,10,CA,Canadá,39.61
2004,10,CZ,Chequia,11395.42
2004,10,CZ,Chequia,99.75
2004,10,CL,Chile,28016.96
2004,10,CO,Colombia,16386.22
2004,10,CO,Colombia,297.0
2004,10,CR,Costa Rica,180532.28
2004,10,CR,Costa Rica,2122.36
2004,10,EC,Ecuador,10799.98
2004,10,EC,Ecuador,407.4
2004,10,SV,El Salvador,21914.97
2004,10,ES,España,229518.8
2004,10,ES,España,1089.27
2004,10,US,Estados Unidos,4626095.49
2004,10,US,Estados Unidos,1240172.77
2004,10,EE,Estonia,9073.25
2004,10,PH,Filipinas,245820.99
2004,10,PH,Filipinas,2249.99
2004,10,FR,Francia,165324.13
2004,10,FR,Francia,73.36
2004,10,GR,Grecia,79931.38
2004,10,GR,Grecia,2032.05
2004,10,HN,Honduras,3465.59
2004,10,HN,Honduras,1941.04
2004,10,HK,Hong Kong,9576.0
2004,10,IN,India,8999.99
2004,10,IE,Irlanda,6703.19
2004,10,VI,Islas Vírgenes,7055.99
2004,10,VI,Islas Vírgenes,2268.0
2004,10,VG,Islas Vírgenes Británicas,10345.5
2004,10,VG,Islas Vírgenes Británicas,961.5
2004,10,IT,Italia,92215.82
2004,10,IT,Italia,319.2
2004,10,JP,Japón,67397.95
2004,10,JP,Japón,2902.49
2004,10,BS,Las Bahamas,5699.99
2004,10,BS,Las Bahamas,1440.0
2004,10,LV,Letonia,6208.41
2004,10,MY,Malasia,6599.99
2004,10,NI,Nicaragua,5265.0
2004,10,NI,Nicaragua,522.0
2004,10,NO,Noruega,13518.11
2004,10,NZ,Nueva Zelandia,6953.99
2004,10,PA,Panamá,43208.85
2004,10,PA,Panamá,819.37
2004,10,PY,Paraguay,9405.0
2004,10,NL,Países Bajos,82955.07
2004,10,PE,Perú,8550.0
2004,10,PE,Perú,900.0
2004,10,PL,Polonia,11890.17
2004,10,PR,Puerto Rico,32507.91
2004,10,PR,Puerto Rico,511.5
2004,10,GB,Reino Unido,134133.95
2004,10,GB,Reino Unido,12277.39
2004,10,RU,Rusia,1.6
2004,10,SG,Singapur,56779.76
2004,10,ZA,Sudáfrica,22881.31
2004,10,ZA,Sudáfrica,660.37
2004,10,SE,Suecia,17045.27
2004,10,CH,Suiza,243.39
2004,10,CH,Suiza,21.0
2004,10,SR,Suriname,9900.0
2004,10,TH,Tailandia,7182.0
2004,10,TH,Tailandia,11.25
2004,10,TW,Taiwán (Región),9900.0
2004,10,UY,Uruguay,7267.49
2004,10,VE,Venezuela,9900.0
2004,11,DE,Alemania,471588.28
2004,11,DE,Alemania,1422.93
2004,11,AR,Argentina,9900.0
2004,11,AU,Australia,96015.07
2004,11,AU,Australia,900.0
2004,11,AT,Austria,9177.0
2004,11,BE,Bélgica,29807.02
2004,11,BE,Bélgica,135.66
2004,11,CA,Canadá,105640.83
2004,11,CA,Canadá,555.0
2004,11,CO,Colombia,13103.12
2004,11,CO,Colombia,7041.48
2004,11,KR,Corea del Sur,10373.99
2004,11,KR,Corea del Sur,2376.0
2004,11,CR,Costa Rica,131060.12
2004,11,DK,Dinamarca,12146.68
2004,11,EC,Ecuador,6299.99
2004,11,EC,Ecuador,239.4
2004,11,SV,El Salvador,7239.13
2004,11,SV,El Salvador,396.0
2004,11,AE,Emiratos Árabes Unidos,10667.99
2004,11,SK,Eslovaquia,51.3
2004,11,ES,España,120944.82
2004,11,ES,España,9465.63
2004,11,US,Estados Unidos,7053011.3
2004,11,US,Estados Unidos,1441244.5
2004,11,EE,Estonia,10142.57
2004,11,EE,Estonia,29.4
2004,11,PH,Filipinas,164864.47
2004,11,FR,Francia,427242.91
2004,11,GR,Grecia,21346.49
2004,11,GR,Grecia,159.6
2004,11,GT,Guatemala,7314.6
2004,11,GT,Guatemala,1656.0
2004,11,HN,Honduras,19579.48
2004,11,HN,Honduras,877.8
2004,11,HU,Hungría,6463.78
2004,11,IT,Italia,96944.32
2004,11,JP,Japón,116356.97
2004,11,JP,Japón,2304.61
2004,11,NZ,Nueva Zelandia,4314.0
2004,11,NZ,Nueva Zelandia,956.25
2004,11,PA,Panamá,15134.99
2004,11,PA,Panamá,4108.2
2004,11,PY,Paraguay,56430.0
2004,11,NL,Países Bajos,11860.75
2004,11,PE,Perú,8550.0
2004,11,PR,Puerto Rico,10835.99
2004,11,PR,Puerto Rico,1574.99
2004,11,GB,Reino Unido,184204.77
2004,11,GB,Reino Unido,26576.66
2004,11,DO,República Dominicana,7920.0
2004,11,RU,Rusia,2565.0
2004,11,RU,Rusia,945.0
2004,11,SG,Singapur,31199.99
2004,11,SG,Singapur,135.0
2004,11,ZA,Sudáfrica,21285.0
2004,11,SE,Suecia,89.77
2004,11,CH,Suiza,11730.59
2004,11,CH,Suiza,393.6
2004,11,TH,Tailandia,7560.0
2004,11,TH,Tailandia,45.0
2004,11,TW,Taiwán (Región),9900.0
2004,11,TT,Trinidad y Tobago,5400.0
2004,11,TT,Trinidad y Tobago,900.0
2004,11,TR,Turquía,7346.16
2004,11,UA,Ucrania,10280.49
2004,11,VE,Venezuela,9899.99
2004,12,DE,Alemania,354591.94
2004,12,DE,Alemania,1577.7
2004,12,AN,Antillas Holandesas,5400.0
2004,12,AN,Antillas Holandesas,777.18
2004,12,AM,Armenia,6912.95
2004,12,AU,Australia,53256.99
2004,12,AU,Australia,6905.99
2004,12,AT,Austria,1512.0
2004,12,AT,Austria,630.0
2004,12,BB,Barbados,13724.99
2004,12,BB,Barbados,630.0
2004,12,BZ,Belice,6930.0
2004,12,BZ,Belice,1137.0
2004,12,BR,Brasil,13873.49
2004,12,BR,Brasil,237.69
2004,12,BE,Bélgica,31389.05
2004,12,CA,Canadá,13319.09
2004,12,CA,Canadá,461.25
2004,12,CZ,Chequia,182.1
2004,12,CL,Chile,18539.98
2004,12,KR,Corea del Sur,10373.98
2004,12,KR,Corea del Sur,2249.99
2004,12,CR,Costa Rica,179425.69
2004,12,CR,Costa Rica,1273.42
2004,12,CU,Cuba,10687.49
2004,12,ES,España,37093.62
2004,12,ES,España,948.45
2004,12,US,Estados Unidos,4149457.17
2004,12,US,Estados Unidos,968250.51
2004,12,PH,Filipinas,193603.58
2004,12,FI,Finlandia,4740.12
2004,12,FR,Francia,272774.19
2004,12,GR,Grecia,18520.98
2004,12,GR,Grecia,2371.5
2004,12,GT,Guatemala,5557.49
2004,12,GT,Guatemala,1335.64
2004,12,HK,Hong Kong,12311.99
2004,12,HK,Hong Kong,225.0
2004,12,IE,Irlanda,6703.19
2004,12,VI,Islas Vírgenes,6048.0
2004,12,VI,Islas Vírgenes,3564.0
2004,12,VG,Islas Vírgenes Británicas,10884.0
2004,12,VG,Islas Vírgenes Británicas,1227.3
2004,12,IT,Italia,48239.37
2004,12,IT,Italia,1368.15
2004,12,JP,Japón,28109.97
2004,12,MU,Mauricio,4740.0
2004,12,MU,Mauricio,1146.75
2004,12,NI,Nicaragua,5736.74
2004,12,NI,Nicaragua,202.35
2004,12,NO,Noruega,817.95
2004,12,NO,Noruega,1062.6
2004,12,PA,Panamá,23084.92
2004,12,PA,Panamá,1929.15
2004,12,PY,Paraguay,7199.99
2004,12,NL,Países Bajos,76263.27
2004,12,GB,Reino Unido,46528.15
2004,12,GB,Reino Unido,5042.39
2004,12,RU,Rusia,281.4
2004,12,SG,Singapur,185.97
2004,12,ZA,Sudáfrica,9191.25
2004,12,SR,Suriname,7950.0
2004,12,TH,Tailandia,7299.6
2004,12,TW,Taiwán (Región),940.8
2004,12,TW,Taiwán (Región),756.0
2004,12,UY,Uruguay,27404.99
2004,12,VE,Venezuela,9900.0
2005,1,DE,Alemania,230037.25
2005,1,DE,Alemania,67.5
2005,1,AR,Argentina,10420.86
2005,1,AU,Australia,26675.99
2005,1,AU,Australia,900.0
2005,1,BR,Brasil,11722.49
2005,1,BR,Brasil,396.15
2005,1,BG,Bulgaria,6703.19
2005,1,BG,Bulgaria,79.8
2005,1,BE,Bélgica,5567.39
2005,1,CA,Canadá,101338.6
2005,1,CZ,Chequia,11730.59
2005,1,CO,Colombia,6299.99
2005,1,CR,Costa Rica,3989.99
2005,1,CR,Costa Rica,213.75
2005,1,SV,El Salvador,3704.99
2005,1,ES,España,43660.65
2005,1,ES,España,900.0
2005,1,US,Estados Unidos,4827127.48
2005,1,US,Estados Unidos,1245620.6
2005,1,EE,Estonia,2298.23
2005,1,EE,Estonia,42.0
2005,1,PH,Filipinas,303485.89
2005,1,FR,Francia,283329.24
2005,1,FR,Francia,1588.5
2005,1,GR,Grecia,239149.19
2005,1,GR,Grecia,2211.59
2005,1,GT,Guatemala,2622.0
2005,1,HN,Honduras,810.0
2005,1,HN,Honduras,87.78
2005,1,HK,Hong Kong,30527.96
2005,1,HK,Hong Kong,225.0
2005,1,IN,India,9900.0
2005,1,KY,Islas Caimán,8400.0
2005,1,KY,Islas Caimán,810.0
2005,1,VI,Islas Vírgenes,8027.99
2005,1,VI,Islas Vírgenes,1512.0
2005,1,VG,Islas Vírgenes Británicas,2137.49
2005,1,VG,Islas Vírgenes Británicas,90.0
2005,1,IT,Italia,73084.69
2005,1,JP,Japón,93407.85
2005,1,JP,Japón,3311.99
2005,1,LV,Letonia,9.12
2005,1,LV,Letonia,79.8
2005,1,MU,Mauricio,997.5
2005,1,NZ,Nueva Zelandia,21090.0
2005,1,NZ,Nueva Zelandia,900.0
2005,1,PA,Panamá,10545.0
2005,1,PA,Panamá,14944.79
2005,1,NL,Países Bajos,10346.63
2005,1,PT,Portugal,11969.98
2005,1,GB,Reino Unido,151117.99
2005,1,GB,Reino Unido,1838.25
2005,1,SG,Singapur,7625.99
2005,1,SG,Singapur,180.0
2005,1,ZA,Sudáfrica,17414.98
2005,1,SE,Suecia,6399.95
2005,1,SE,Suecia,335.16
2005,1,CH,Suiza,11730.59
2005,1,SR,Suriname,8999.99
2005,1,TR,Turquía,5429.25
2005,1,VE,Venezuela,9900.0
2005,2,DE,Alemania,504996.52
2005,2,DE,Alemania,838.62
2005,2,AU,Australia,47015.94
2005,2,AU,Australia,3210.75
2005,2,AT,Austria,18322.07
2005,2,BR,Brasil,21554.98
2005,2,BR,Brasil,630.0
2005,2,BE,Bélgica,5793.71
2005,2,CA,Canadá,37653.04
2005,2,CZ,Chequia,11730.58
2005,2,CL,Chile,28079.96
2005,2,CO,Colombia,6839.99
2005,2,KR,Corea del Sur,14363.98
2005,2,KR,Corea del Sur,4455.0
2005,2,CR,Costa Rica,9809.99
2005,2,CR,Costa Rica,1277.94
2005,2,DK,Dinamarca,566.58
2005,2,EC,Ecuador,9629.99
2005,2,SV,El Salvador,19632.87
2005,2,SV,El Salvador,1264.5
2005,2,AE,Emiratos Árabes Unidos,19319.98
2005,2,ES,España,111339.91
2005,2,ES,España,2503.2
2005,2,US,Estados Unidos,4478945.45
2005,2,US,Estados Unidos,1899320.5
2005,2,EE,Estonia,8732.39
2005,2,PH,Filipinas,332236.85
2005,2,FI,Finlandia,4309.19
2005,2,FI,Finlandia,199.5
2005,2,FR,Francia,340849.24
2005,2,GR,Grecia,112242.1
2005,2,GR,Grecia,3205.64
2005,2,GU,Guam,5399.99
2005,2,GU,Guam,4725.0
2005,2,GT,Guatemala,6343.11
2005,2,GT,Guatemala,1951.08
2005,2,HN,Honduras,6565.27
2005,2,HN,Honduras,5806.94
2005,2,HK,Hong Kong,13764.24
2005,2,HK,Hong Kong,225.0
2005,2,IN,India,90.0
2005,2,IL,Israel,9404.99
2005,2,IT,Italia,73383.85
2005,2,IT,Italia,3646.55
2005,2,JP,Japón,44549.95
2005,2,JP,Japón,22.5
2005,2,LV,Letonia,3538.08
2005,2,LV,Letonia,2397.9
2005,2,NI,Nicaragua,5400.0
2005,2,NI,Nicaragua,1575.0
2005,2,NZ,Nueva Zelandia,18467.98
2005,2,PA,Panamá,21674.22
2005,2,PA,Panamá,5397.0
2005,2,PY,Paraguay,7920.0
2005,2,PY,Paraguay,1080.0
2005,2,NL,Países Bajos,31815.92
2005,2,PT,Portugal,60251.12
2005,2,PR,Puerto Rico,1388.45
2005,2,PR,Puerto Rico,308.02
2005,2,GB,Reino Unido,120028.96
2005,2,GB,Reino Unido,2178.54
2005,2,DO,República Dominicana,4499.99
2005,2,VC,San Vicente y las Granadinas,495.0
2005,2,SG,Singapur,7694.99
2005,2,SG,Singapur,228.45
2005,2,SE,Suecia,10342.06
2005,2,SE,Suecia,38.19
2005,2,VE,Venezuela,9900.0
2005,3,DE,Alemania,281589.33
2005,3,DE,Alemania,2519.16
2005,3,AU,Australia,14975.74
2005,3,AU,Australia,288.0
2005,3,BR,Brasil,17279.99
2005,3,BR,Brasil,270.0
2005,3,CA,Canadá,117968.69
2005,3,CA,Canadá,3591.0
2005,3,CL,Chile,17639.97
2005,3,CL,Chile,19.95
2005,3,CO,Colombia,2058.44
2005,3,CO,Colombia,450.0
2005,3,KR,Corea del Sur,23164.76
2005,3,KR,Corea del Sur,2249.99
2005,3,CR,Costa Rica,67324.99
2005,3,CR,Costa Rica,787.5
2005,3,CU,Cuba,10687.49
2005,3,EC,Ecuador,7874.98
2005,3,EC,Ecuador,974.4
2005,3,SV,El Salvador,1806.9
2005,3,AE,Emiratos Árabes Unidos,21359.99
2005,3,ES,España,124723.59
2005,3,ES,España,1332.66
2005,3,US,Estados Unidos,5770536.55
2005,3,US,Estados Unidos,1625878.87
2005,3,PH,Filipinas,193617.6
2005,3,FR,Francia,280593.53
2005,3,FR,Francia,450.0
2005,3,GR,Grecia,29388.05
2005,3,GR,Grecia,2436.0
2005,3,GT,Guatemala,9974.98
2005,3,GT,Guatemala,949.05
2005,3,HN,Honduras,9405.0
2005,3,HN,Honduras,438.37
2005,3,HU,Hungría,7421.39
2005,3,VI,Islas Vírgenes,9198.0
2005,3,VI,Islas Vírgenes,1134.0
2005,3,IT,Italia,74321.07
2005,3,IT,Italia,399.0
2005,3,JP,Japón,41864.99
2005,3,JP,Japón,360.0
2005,3,LV,Letonia,216.0
2005,3,LV,Letonia,216.0
2005,3,NZ,Nueva Zelandia,14477.99
2005,3,PA,Panamá,22799.99
2005,3,PA,Panamá,18498.28
2005,3,NL,Países Bajos,34455.16
2005,3,PT,Portugal,92960.69
2005,3,PT,Portugal,795.34
2005,3,GB,Reino Unido,118306.99
2005,3,GB,Reino Unido,25293.47
2005,3,DO,República Dominicana,900.0
2005,3,RO,Rumania,31625.41
2005,3,RU,Rusia,9059.99
2005,3,RU,Rusia,2100.0
2005,3,SG,Singapur,13528.78
2005,3,SG,Singapur,900.0
2005,3,ZA,Sudáfrica,42570.0
2005,3,SE,Suecia,10342.06
2005,3,SE,Suecia,52.0
2005,3,CH,Suiza,689.7
2005,3,UY,Uruguay,9405.0
2005,3,VE,Venezuela,9900.0
2005,4,DE,Alemania,563926.53
2005,4,DE,Alemania,4568.39
2005,4,AN,Antillas Holandesas,5999.99
2005,4,AN,Antillas Holandesas,514.5
2005,4,AU,Australia,19060.79
2005,4,AT,Austria,10230.36
2005,4,BM,Bermuda,5549.99
2005,4,BM,Bermuda,1890.0
2005,4,BR,Brasil,37889.96
2005,4,BR,Brasil,4229.99
2005,4,CA,Canadá,34893.28
2005,4,CA,Canadá,1098.0
2005,4,CZ,Chequia,6703.18
2005,4,CL,Chile,17999.99
2005,4,CN,China,69.92
2005,4,CO,Colombia,9405.0
2005,4,CO,Colombia,1485.0
2005,4,KR,Corea del Sur,6.65
2005,4,CR,Costa Rica,405.0
2005,4,CR,Costa Rica,196.65
2005,4,DK,Dinamarca,5665.79
2005,4,EC,Ecuador,14399.98
2005,4,EC,Ecuador,2376.89
2005,4,SV,El Salvador,16864.46
2005,4,SV,El Salvador,2604.9
2005,4,AE,Emiratos Árabes Unidos,19499.96
2005,4,ES,España,114336.46
2005,4,ES,España,2383.68
2005,4,US,Estados Unidos,5574606.77
2005,4,US,Estados Unidos,1598523.75
2005,4,EE,Estonia,8732.38
2005,4,PH,Filipinas,135800.76
2005,4,FR,Francia,514877.41
2005,4,GR,Grecia,200712.96
2005,4,GR,Grecia,1755.6
2005,4,GT,Guatemala,6839.99
2005,4,GT,Guatemala,658.81
2005,4,HN,Honduras,6584.99
2005,4,HN,Honduras,1771.87
2005,4,HK,Hong Kong,9575.99
2005,4,HK,Hong Kong,360.0
2005,4,IN,India,9071.24
2005,4,VI,Islas Vírgenes,378.0
2005,4,VG,Islas Vírgenes Británicas,8339.09
2005,4,VG,Islas Vírgenes Británicas,2259.0
2005,4,IT,Italia,38806.31
2005,4,IT,Italia,544.05
2005,4,JP,Japón,115004.88
2005,4,JP,Japón,3600.0
2005,4,QA,Katar,4500.0
2005,4,QA,Katar,90.0
2005,4,BS,Las Bahamas,12539.97
2005,4,MU,Mauricio,4395.0
2005,4,MU,Mauricio,1072.5
2005,4,NI,Nicaragua,2249.99
2005,4,NZ,Nueva Zelandia,11172.0
2005,4,NZ,Nueva Zelandia,900.0
2005,4,PA,Panamá,26857.46
2005,4,PA,Panamá,6199.64
2005,4,PY,Paraguay,28215.0
2005,4,NL,Países Bajos,41500.54
2005,4,PT,Portugal,80593.01
2005,4,PR,Puerto Rico,21671.98
2005,4,GB,Reino Unido,120985.38
2005,4,GB,Reino Unido,5931.66
2005,4,RO,Rumania,758.1
2005,4,RO,Rumania,210.0
2005,4,RU,Rusia,105521.13
2005,4,RS,Serbia,6643.33
2005,4,SC,Seychelles,1349.1
2005,4,ZA,Sudáfrica,26122.47
2005,4,SE,Suecia,10342.08
2005,4,CH,Suiza,12061.76
2005,4,UY,Uruguay,4228.43
2005,4,UY,Uruguay,90.0
2005,4,VE,Venezuela,9899.99
2005,5,DE,Alemania,549413.29
2005,5,DE,Alemania,1458.0
2005,5,AW,Aruba,9405.0
2005,5,AU,Australia,24341.99
2005,5,AU,Australia,22.5
2005,5,AT,Austria,10342.08
2005,5,BB,Barbados,8234.99
2005,5,BB,Barbados,135.0
2005,5,BR,Brasil,16829.99
2005,5,BR,Brasil,5586.21
2005,5,CA,Canadá,83343.48
2005,5,CZ,Chequia,11730.59
2005,5,CZ,Chequia,524.25
2005,5,CL,Chile,13358.98
2005,5,CL,Chile,286.42
2005,5,CN,China,23634.32
2005,5,KR,Corea del Sur,12626.23
2005,5,KR,Corea del Sur,2249.99
2005,5,CR,Costa Rica,12624.35
2005,5,CR,Costa Rica,3743.01
2005,5,EC,Ecuador,63112.38
2005,5,SV,El Salvador,9461.98
2005,5,AE,Emiratos Árabes Unidos,18479.97
2005,5,SI,Eslovenia,19512.23
2005,5,SI,Eslovenia,311.22
2005,5,ES,España,211997.16
2005,5,ES,España,87.78
2005,5,US,Estados Unidos,6444852.77
2005,5,US,Estados Unidos,1386381.02
2005,5,FI,Finlandia,12289.18
2005,5,FI,Finlandia,199.5
2005,5,FR,Francia,274744.58
2005,5,FR,Francia,566.7
2005,5,GR,Grecia,106419.0
2005,5,GR,Grecia,1328.1
2005,5,GT,Guatemala,3034.68
2005,5,GT,Guatemala,766.93
2005,5,HN,Honduras,4110.0
2005,5,HN,Honduras,903.0
2005,5,HK,Hong Kong,68.4
2005,5,HK,Hong Kong,414.9
2005,5,HU,Hungría,1994.99
2005,5,IN,India,5475.0
2005,5,IN,India,2474.99
2005,5,KY,Islas Caimán,1683.56
2005,5,IL,Israel,8550.0
2005,5,IL,Israel,900.0
2005,5,IT,Italia,172191.34
2005,5,IT,Italia,333.6
2005,5,JP,Japón,93149.94
2005,5,LV,Letonia,5058.75
2005,5,LV,Letonia,5970.74
2005,5,MY,Malasia,10939.99
2005,5,NZ,Nueva Zelandia,12312.0
2005,5,NZ,Nueva Zelandia,900.0
2005,5,PA,Panamá,16550.61
2005,5,PA,Panamá,798.0
2005,5,PY,Paraguay,28215.0
2005,5,NL,Países Bajos,104011.29
2005,5,NL,Países Bajos,3413.99
2005,5,PT,Portugal,22799.97
2005,5,PR,Puerto Rico,2200.0
2005,5,PR,Puerto Rico,2268.0
2005,5,GB,Reino Unido,139514.0
2005,5,GB,Reino Unido,2971.12
2005,5,RU,Rusia,561.0
2005,5,SG,Singapur,30212.99
2005,5,SG,Singapur,225.0
2005,5,ZA,Sudáfrica,53212.46
2005,5,CH,Suiza,6982.48
2005,5,TT,Trinidad y Tobago,7181.98
2005,5,TR,Turquía,2394.0
2005,5,UY,Uruguay,3239.99
2005,5,VE,Venezuela,19804.0
2005,6,DE,Alemania,808001.77
2005,6,DE,Alemania,1735.14
2005,6,AN,Antillas Holandesas,6599.99
2005,6,AN,Antillas Holandesas,424.5
2005,6,AM,Armenia,6912.95
2005,6,AU,Australia,26333.99
2005,6,AU,Australia,944.77
2005,6,AT,Austria,6691.79
2005,6,AT,Austria,59.85
2005,6,BH,Bahrein,10199.98
2005,6,BZ,Belice,3063.75
2005,6,BZ,Belice,199.5
2005,6,BR,Brasil,12149.99
2005,6,BE,Bélgica,21999.31
2005,6,BE,Bélgica,11.97
2005,6,CA,Canadá,123895.34
2005,6,CA,Canadá,6646.49
2005,6,CZ,Chequia,25159.74
2005,6,CZ,Chequia,1090.83
2005,6,CL,Chile,29789.97
2005,6,CO,Colombia,14534.99
2005,6,KR,Corea del Sur,1485.0
2005,6,KR,Corea del Sur,519.75
2005,6,CR,Costa Rica,9607.49
2005,6,SV,El Salvador,7124.99
2005,6,SV,El Salvador,1250.4
2005,6,ES,España,158856.37
2005,6,ES,España,1925.28
2005,6,US,Estados Unidos,6923601.28
2005,6,US,Estados Unidos,2064096.4
2005,6,PH,Filipinas,32489.88
2005,6,FR,Francia,373412.61
2005,6,FR,Francia,481.2
2005,6,GI,Gibraltar,10142.48
2005,6,GI,Gibraltar,337.5
2005,6,GR,Grecia,21431.42
2005,6,GR,Grecia,1301.88
2005,6,GU,Guam,5399.99
2005,6,GU,Guam,2475.0
2005,6,GT,Guatemala,2176.12
2005,6,GT,Guatemala,1730.1
2005,6,HK,Hong Kong,2699.99
2005,6,HK,Hong Kong,22.5
2005,6,HU,Hungría,4719.59
2005,6,HU,Hungría,10746.42
2005,6,IN,India,22.8
2005,6,VI,Islas Vírgenes,7811.99
2005,6,VI,Islas Vírgenes,756.0
2005,6,IT,Italia,160715.5
2005,6,IT,Italia,1770.29
2005,6,JP,Japón,90503.9
2005,6,JP,Japón,3622.5
2005,6,LV,Letonia,9203.98
2005,6,LV,Letonia,1557.0
2005,6,LB,Líbano,9404.99
2005,6,MY,Malasia,5520.62
2005,6,NZ,Nueva Zelandia,17248.5
2005,6,NZ,Nueva Zelandia,579.3
2005,6,PA,Panamá,8614.78
2005,6,PA,Panamá,18219.05
2005,6,PY,Paraguay,9405.0
2005,6,NL,Países Bajos,21833.28
2005,6,NL,Países Bajos,518.7
2005,6,PE,Perú,8550.0
2005,6,PR,Puerto Rico,11024.98
2005,6,GB,Reino Unido,179773.24
2005,6,GB,Reino Unido,3982.42
2005,6,SG,Singapur,990.0
2005,6,ZA,Sudáfrica,59120.93
2005,6,SE,Suecia,10342.08
2005,6,TR,Turquía,14363.99
2005,6,UA,Ucrania,112.0
2005,6,UA,Ucrania,9.0
2005,6,VE,Venezuela,7065.0
2005,7,DE,Alemania,519354.75
2005,7,DE,Alemania,261.3
2005,7,AR,Argentina,19487.23
2005,7,AR,Argentina,1131.38
2005,7,AU,Australia,52325.98
2005,7,AU,Australia,213.0
2005,7,AT,Austria,10342.08
2005,7,BR,Brasil,33614.96
2005,7,BR,Brasil,1805.7
2005,7,BE,Bélgica,31525.15
2005,7,BE,Bélgica,155.4
2005,7,CA,Canadá,53671.54
2005,7,CA,Canadá,2403.0
2005,7,CZ,Chequia,11730.58
2005,7,CL,Chile,40229.94
2005,7,CL,Chile,1282.5
2005,7,CY,Chipre,11000.96
2005,7,CO,Colombia,6693.75
2005,7,KR,Corea del Sur,29539.66
2005,7,KR,Corea del Sur,7199.99
2005,7,CR,Costa Rica,14639.98
2005,7,CR,Costa Rica,4120.47
2005,7,ES,España,137602.4
2005,7,ES,España,3134.25
2005,7,US,Estados Unidos,6032631.42
2005,7,US,Estados Unidos,1807634.34
2005,7,PH,Filipinas,15959.9
2005,7,FR,Francia,236536.45
2005,7,FR,Francia,1293.75
2005,7,GR,Grecia,240158.09
2005,7,GR,Grecia,3476.99
2005,7,GT,Guatemala,10349.98
2005,7,GT,Guatemala,1935.0
2005,7,HK,Hong Kong,9590.24
2005,7,HK,Hong Kong,714.6
2005,7,HU,Hungría,1269.27
2005,7,IN,India,9113.99
2005,7,IN,India,225.0
2005,7,IE,Irlanda,12688.18
2005,7,KY,Islas Caimán,8400.0
2005,7,KY,Islas Caimán,1209.0
2005,7,VI,Islas Vírgenes,7055.99
2005,7,IL,Israel,15404.98
2005,7,IT,Italia,11420.52
2005,7,JP,Japón,25782.6
2005,7,JP,Japón,1656.0
2005,7,NO,Noruega,929.67
2005,7,NZ,Nueva Zelandia,11846.99
2005,7,NZ,Nueva Zelandia,359.19
2005,7,PA,Panamá,67604.84
2005,7,PA,Panamá,8675.88
2005,7,PY,Paraguay,26685.0
2005,7,NL,Países Bajos,11035.2
2005,7,PE,Perú,16244.99
2005,7,PE,Perú,900.0
2005,7,GB,Reino Unido,299682.62
2005,7,GB,Reino Unido,3508.0
2005,7,RU,Rusia,138285.58
2005,7,RU,Rusia,3239.99
2005,7,SG,Singapur,60149.97
2005,7,SG,Singapur,4504.79
2005,7,ZA,Sudáfrica,162539.96
2005,7,CH,Suiza,24131.5
2005,7,TT,Trinidad y Tobago,6803.99
2005,7,TT,Trinidad y Tobago,378.0
2005,7,UY,Uruguay,9404.99
2005,7,VE,Venezuela,29663.97
2005,8,DE,Alemania,438203.15
2005,8,DE,Alemania,452.25
2005,8,AW,Aruba,1080.0
2005,8,AU,Australia,28499.99
2005,8,AU,Australia,1372.5
2005,8,AT,Austria,8777.99
2005,8,AT,Austria,279.3
2005,8,BR,Brasil,38249.96
2005,8,BR,Brasil,1044.3
2005,8,BE,Bélgica,32647.04
2005,8,CA,Canadá,126431.59
2005,8,CA,Canadá,1800.0
2005,8,CZ,Chequia,9676.8
2005,8,CZ,Chequia,10709.97
2005,8,CL,Chile,14132.69
2005,8,CL,Chile,540.0
2005,8,CN,China,81.22
2005,8,CN,China,40.95
2005,8,CO,Colombia,6693.74
2005,8,CR,Costa Rica,199.5
2005,8,EC,Ecuador,3420.0
2005,8,SV,El Salvador,4598.99
2005,8,SV,El Salvador,171.0
2005,8,AE,Emiratos Árabes Unidos,9899.99
2005,8,AE,Emiratos Árabes Unidos,90.0
2005,8,ES,España,249520.77
2005,8,ES,España,16690.84
2005,8,US,Estados Unidos,5212898.69
2005,8,US,Estados Unidos,1404554.9
2005,8,PH,Filipinas,10259.99
2005,8,FI,Finlandia,7453.32
2005,8,FI,Finlandia,199.5
2005,8,FR,Francia,382377.98
2005,8,FR,Francia,753.75
2005,8,GR,Grecia,99.46
2005,8,GR,Grecia,262.61
2005,8,GT,Guatemala,15441.28
2005,8,GT,Guatemala,743.25
2005,8,HK,Hong Kong,5702.83
2005,8,HU,Hungría,6839.99
2005,8,IE,Irlanda,6703.19
2005,8,JP,Japón,18180.0
2005,8,JP,Japón,4517.54
2005,8,LV,Letonia,23952.7
2005,8,LV,Letonia,1750.5
2005,8,LT,Lituania,21115.05
2005,8,PA,Panamá,68936.01
2005,8,PA,Panamá,6811.23
2005,8,NL,Países Bajos,22478.51
2005,8,PE,Perú,450.0
2005,8,PE,Perú,3.94
2005,8,PT,Portugal,126417.46
2005,8,PR,Puerto Rico,5507.99
2005,8,PR,Puerto Rico,45.0
2005,8,GB,Reino Unido,102911.53
2005,8,GB,Reino Unido,20463.91
2005,8,RU,Rusia,11020.94
2005,8,RU,Rusia,2170.5
2005,8,SG,Singapur,6583.5
2005,8,ZA,Sudáfrica,78394.46
2005,8,ZA,Sudáfrica,98.72
2005,8,SE,Suecia,10342.08
2005,8,TW,Taiwán (Región),9900.0
2005,8,UA,Ucrania,10772.96
2005,9,DE,Alemania,345539.27
2005,9,DE,Alemania,975.72
2005,9,AU,Australia,39811.75
2005,9,AU,Australia,1133.1
2005,9,BR,Brasil,28214.99
2005,9,BR,Brasil,4232.25
2005,9,BE,Bélgica,9917.99
2005,9,BE,Bélgica,360.0
2005,9,CA,Canadá,68499.47
2005,9,CA,Canadá,450.0
2005,9,CZ,Chequia,9676.78
2005,9,CO,Colombia,7964.99
2005,9,CO,Colombia,1080.0
2005,9,KR,Corea del Sur,16757.96
2005,9,KR,Corea del Sur,2699.99
2005,9,CR,Costa Rica,1113.75
2005,9,CR,Costa Rica,1759.49
2005,9,DK,Dinamarca,9.0
2005,9,DK,Dinamarca,8.55
2005,9,EC,Ecuador,23056.23
2005,9,SV,El Salvador,4560.0
2005,9,SV,El Salvador,452.4
2005,9,ES,España,32267.4
2005,9,US,Estados Unidos,5900870.36
2005,9,US,Estados Unidos,1992722.25
2005,9,FR,Francia,338228.01
2005,9,GR,Grecia,105434.03
2005,9,GR,Grecia,1846.8
2005,9,HN,Honduras,9405.0
2005,9,HN,Honduras,199.5
2005,9,HK,Hong Kong,16373.23
2005,9,ID,Indonesia,9.02
2005,9,IT,Italia,42569.41
2005,9,JP,Japón,40157.08
2005,9,JP,Japón,1710.0
2005,9,BS,Las Bahamas,7022.4
2005,9,LV,Letonia,18993.72
2005,9,LV,Letonia,5687.99
2005,9,PA,Panamá,28696.82
2005,9,PA,Panamá,3285.47
2005,9,NL,Países Bajos,34007.74
2005,9,PE,Perú,8229.38
2005,9,PE,Perú,49.5
2005,9,PT,Portugal,58199.07
2005,9,PR,Puerto Rico,21662.97
2005,9,PR,Puerto Rico,2268.0
2005,9,GB,Reino Unido,44381.55
2005,9,GB,Reino Unido,3142.45
2005,9,RU,Rusia,4950.0
2005,9,RU,Rusia,1597.5
2005,9,SG,Singapur,20240.99
2005,9,SG,Singapur,214.47
2005,9,ZA,Sudáfrica,48.37
2005,9,SE,Suecia,193.95
2005,9,CH,Suiza,325.8
2005,9,TH,Tailandia,7187.69
2005,9,TT,Trinidad y Tobago,7559.98
2005,9,UY,Uruguay,18809.97
2005,9,VE,Venezuela,12.0
2005,10,DE,Alemania,526631.9
2005,10,DE,Alemania,842.4
2005,10,AN,Antillas Holandesas,5999.99
2005,10,AN,Antillas Holandesas,649.5
2005,10,AR,Argentina,10835.99
2005,10,AU,Australia,32279.88
2005,10,AU,Australia,1869.75
2005,10,AT,Austria,10342.08
2005,10,BR,Brasil,27616.48
2005,10,BR,Brasil,441.15
2005,10,BE,Bélgica,43412.04
2005,10,CA,Canadá,33171.52
2005,10,CA,Canadá,1635.0
2005,10,CL,Chile,26639.97
2005,10,CN,China,13.12
2005,10,CO,Colombia,29876.57
2005,10,CO,Colombia,2108.24
2005,10,KR,Corea del Sur,33515.96
2005,10,KR,Corea del Sur,3600.0
2005,10,CR,Costa Rica,555.75
2005,10,CU,Cuba,39.37
2005,10,SV,El Salvador,427.5
2005,10,AE,Emiratos Árabes Unidos,10680.0
2005,10,AE,Emiratos Árabes Unidos,51.75
2005,10,SI,Eslovenia,792.0
2005,10,ES,España,338285.71
2005,10,ES,España,2859.78
2005,10,US,Estados Unidos,4724789.56
2005,10,US,Estados Unidos,1944484.24
2005,10,EE,Estonia,15917.96
2005,10,EE,Estonia,399.0
2005,10,FR,Francia,301825.97
2005,10,FR,Francia,1954.56
2005,10,GI,Gibraltar,20689.98
2005,10,GI,Gibraltar,360.0
2005,10,GR,Grecia,23722.25
2005,10,GR,Grecia,6596.13
2005,10,GT,Guatemala,6839.99
2005,10,GT,Guatemala,1299.52
2005,10,HK,Hong Kong,5130.0
2005,10,HU,Hungría,7894.49
2005,10,IN,India,7199.98
2005,10,IT,Italia,22380.48
2005,10,JP,Japón,185993.74
2005,10,JP,Japón,8999.98
2005,10,LV,Letonia,19621.75
2005,10,LV,Letonia,1260.0
2005,10,NO,Noruega,8578.49
2005,10,NO,Noruega,59.85
2005,10,NZ,Nueva Zelandia,10488.0
2005,10,NZ,Nueva Zelandia,3978.0
2005,10,PA,Panamá,42221.15
2005,10,NL,Países Bajos,20368.3
2005,10,NL,Países Bajos,1723.68
2005,10,PE,Perú,8550.0
2005,10,PT,Portugal,80946.52
2005,10,PR,Puerto Rico,3347.99
2005,10,GB,Reino Unido,215583.66
2005,10,GB,Reino Unido,13028.68
2005,10,RU,Rusia,123244.27
2005,10,RU,Rusia,468.0
2005,10,RS,Serbia,6635.35
2005,10,SG,Singapur,12599.99
2005,10,SG,Singapur,118.44
2005,10,ZA,Sudáfrica,59984.98
2005,10,SE,Suecia,18068.41
2005,10,TH,Tailandia,5399.98
2005,10,TH,Tailandia,2085.75
2005,10,TR,Turquía,11035.19
2005,11,DE,Alemania,555163.91
2005,11,DE,Alemania,1460.55
2005,11,AN,Antillas Holandesas,2249.99
2005,11,AR,Argentina,1333.8
2005,11,AU,Australia,28047.8
2005,11,AU,Australia,1125.0
2005,11,BR,Brasil,48239.94
2005,11,BE,Bélgica,63381.45
2005,11,CA,Canadá,108330.22
2005,11,CA,Canadá,1073.25
2005,11,CZ,Chequia,18.0
2005,11,CZ,Chequia,236.85
2005,11,CO,Colombia,5557.49
2005,11,KR,Corea del Sur,2970.0
2005,11,KR,Corea del Sur,495.0
2005,11,CR,Costa Rica,17735.97
2005,11,CR,Costa Rica,256.5
2005,11,CU,Cuba,10687.49
2005,11,DK,Dinamarca,15327.58
2005,11,EC,Ecuador,3600.0
2005,11,EC,Ecuador,1276.8
2005,11,SV,El Salvador,26539.18
2005,11,SV,El Salvador,598.5
2005,11,AE,Emiratos Árabes Unidos,35729.97
2005,11,ES,España,256539.94
2005,11,ES,España,900.9
2005,11,US,Estados Unidos,6466697.8
2005,11,US,Estados Unidos,1906442.29
2005,11,FI,Finlandia,7453.32
2005,11,FI,Finlandia,199.5
2005,11,FR,Francia,150403.72
2005,11,FR,Francia,1680.0
2005,11,GR,Grecia,52668.0
2005,11,GR,Grecia,5472.63
2005,11,GT,Guatemala,17276.95
2005,11,GT,Guatemala,2073.38
2005,11,HN,Honduras,1620.0
2005,11,HK,Hong Kong,26081.96
2005,11,HK,Hong Kong,421.5
2005,11,HU,Hungría,4309.18
2005,11,IN,India,9442.49
2005,11,IN,India,701.1
2005,11,VI,Islas Vírgenes,2094.0
2005,11,VI,Islas Vírgenes,1129.5
2005,11,VG,Islas Vírgenes Británicas,2693.24
2005,11,VG,Islas Vírgenes Británicas,315.0
2005,11,IL,Israel,8407.48
2005,11,IT,Italia,31258.8
2005,11,IT,Italia,180.0
2005,11,JP,Japón,32800.45
2005,11,JP,Japón,3141.03
2005,11,QA,Katar,5399.98
2005,11,QA,Katar,18.0
2005,11,BS,Las Bahamas,5699.99
2005,11,BS,Las Bahamas,300.0
2005,11,LV,Letonia,29048.56
2005,11,LV,Letonia,16653.74
2005,11,NO,Noruega,438.9
2005,11,NZ,Nueva Zelandia,8220.0
2005,11,PA,Panamá,9433.11
2005,11,PA,Panamá,10159.48
2005,11,NL,Países Bajos,11142.35
2005,11,NL,Países Bajos,95.76
2005,11,PE,Perú,8550.0
2005,11,PT,Portugal,58039.85
2005,11,PR,Puerto Rico,32507.97
2005,11,PR,Puerto Rico,945.0
2005,11,GB,Reino Unido,275942.83
2005,11,GB,Reino Unido,1958.21
2005,11,RU,Rusia,173549.67
2005,11,RU,Rusia,1926.0
2005,11,SG,Singapur,29709.0
2005,11,ZA,Sudáfrica,50716.27
2005,11,SE,Suecia,629.22
2005,11,SR,Suriname,19800.0
2005,11,TW,Taiwán (Región),9900.0
2005,11,VE,Venezuela,14580.0
2005,12,DE,Alemania,231047.26
2005,12,DE,Alemania,903.0
2005,12,AR,Argentina,514.99
2005,12,AU,Australia,52946.61
2005,12,AU,Australia,4200.0
2005,12,BZ,Belice,900.0
2005,12,BE,Bélgica,10031.98
2005,12,CA,Canadá,45137.32
2005,12,CA,Canadá,4279.87
2005,12,CL,Chile,72449.95
2005,12,CO,Colombia,20519.98
2005,12,CO,Colombia,5122.98
2005,12,KR,Corea del Sur,43889.93
2005,12,CR,Costa Rica,12340.48
2005,12,CR,Costa Rica,2121.24
2005,12,EC,Ecuador,27215.95
2005,12,SV,El Salvador,29881.47
2005,12,SV,El Salvador,1302.0
2005,12,AE,Emiratos Árabes Unidos,900.0
2005,12,ES,España,202289.68
2005,12,US,Estados Unidos,1671244.26
2005,12,US,Estados Unidos,1308310.88
2005,12,EE,Estonia,25043.98
2005,12,EE,Estonia,1602.84
2005,12,FR,Francia,89348.79
2005,12,GR,Grecia,159666.66
2005,12,GR,Grecia,5597.8
2005,12,GT,Guatemala,3533.99
2005,12,GT,Guatemala,425.5
2005,12,HK,Hong Kong,3989.99
2005,12,HU,Hungría,4021.92
2005,12,IN,India,18262.46
2005,12,IN,India,2980.72
2005,12,VI,Islas Vírgenes,7433.99
2005,12,VI,Islas Vírgenes,378.0
2005,12,IL,Israel,8549.98
2005,12,IL,Israel,900.0
2005,12,IT,Italia,10893.84
2005,12,JP,Japón,75389.92
2005,12,JP,Japón,3420.0
2005,12,KZ,Kazajstán,6912.95
2005,12,LV,Letonia,7229.98
2005,12,LV,Letonia,1896.0
2005,12,NO,Noruega,14016.86
2005,12,NO,Noruega,59.85
2005,12,NZ,Nueva Zelandia,4858.77
2005,12,NZ,Nueva Zelandia,319.2
2005,12,PA,Panamá,20519.95
2005,12,PA,Panamá,2495.99
2005,12,PY,Paraguay,18810.0
2005,12,NL,Países Bajos,84843.52
2005,12,NL,Países Bajos,518.7
2005,12,PT,Portugal,81126.52
2005,12,GB,Reino Unido,85567.5
2005,12,GB,Reino Unido,14060.46
2005,12,SG,Singapur,8099.99
2005,12,SG,Singapur,576.0
2005,12,ZA,Sudáfrica,43537.46
2005,12,SE,Suecia,8974.08
2005,12,CH,Suiza,12065.76
2005,12,CH,Suiza,1158.81
2005,12,TH,Tailandia,6804.0
2005,12,UA,Ucrania,21500.4
2005,12,UY,Uruguay,5512.49
2005,12,VE,Venezuela,9900.0
2005,12,VE,Venezuela,13.5
2006,1,DE,Alemania,194094.21
2006,1,DE,Alemania,8472.29
2006,1,AR,Argentina,8572.49
2006,1,AR,Argentina,450.0
2006,1,AU,Australia,19379.99
2006,1,AT,Austria,10342.08
2006,1,BM,Bermuda,4230.0
2006,1,BM,Bermuda,855.0
2006,1,BO,Bolivia,10259.99
2006,1,BR,Brasil,22657.46
2006,1,BR,Brasil,523.83
2006,1,CA,Canadá,99457.37
2006,1,CZ,Chequia,6142.67
2006,1,CZ,Chequia,434.22
2006,1,CL,Chile,24299.98
2006,1,CN,China,13641.59
2006,1,CN,China,4620.0
2006,1,CO,Colombia,855.0
2006,1,CR,Costa Rica,1128.6
2006,1,CR,Costa Rica,18.0
2006,1,DK,Dinamarca,4740.12
2006,1,EC,Ecuador,23309.97
2006,1,EC,Ecuador,871.5
2006,1,SV,El Salvador,3509.99
2006,1,SV,El Salvador,1811.25
2006,1,AE,Emiratos Árabes Unidos,8099.99
2006,1,ES,España,118447.88
2006,1,ES,España,598.5
2006,1,US,Estados Unidos,7652746.19
2006,1,US,Estados Unidos,2200841.55
2006,1,EE,Estonia,3628.79
2006,1,FI,Finlandia,28245.56
2006,1,FI,Finlandia,1197.0
2006,1,FR,Francia,31624.86
2006,1,GR,Grecia,158801.99
2006,1,GR,Grecia,3191.99
2006,1,GU,Guam,8999.99
2006,1,GT,Guatemala,8773.11
2006,1,GT,Guatemala,183.75
2006,1,HN,Honduras,8550.0
2006,1,HN,Honduras,399.0
2006,1,HK,Hong Kong,22400.98
2006,1,IN,India,106.87
2006,1,IE,Irlanda,6703.19
2006,1,IL,Israel,8549.98
2006,1,IL,Israel,2567.25
2006,1,IT,Italia,31069.55
2006,1,IT,Italia,2400.36
2006,1,JP,Japón,40875.18
2006,1,JP,Japón,1511.99
2006,1,LV,Letonia,10201.47
2006,1,LV,Letonia,3041.99
2006,1,LB,Líbano,12824.98
2006,1,PA,Panamá,16682.44
2006,1,PA,Panamá,2904.15
2006,1,NL,Países Bajos,36791.52
2006,1,GB,Reino Unido,166625.31
2006,1,GB,Reino Unido,12037.69
2006,1,RU,Rusia,4859.98
2006,1,RU,Rusia,344.5
2006,1,SG,Singapur,53744.91
2006,1,SG,Singapur,4267.49
2006,1,ZA,Sudáfrica,53212.49
2006,1,SE,Suecia,10342.08
2006,1,SE,Suecia,1575.42
2006,1,TW,Taiwán (Región),9900.0
2006,1,VE,Venezuela,25019.99
2006,2,DE,Alemania,860952.4
2006,2,DE,Alemania,1795.5
2006,2,AO,Angola,8774.97
2006,2,AN,Antillas Holandesas,7811.99
2006,2,AN,Antillas Holandesas,669.0
2006,2,AW,Aruba,8310.59
2006,2,AW,Aruba,472.5
2006,2,AU,Australia,12673.5
2006,2,AU,Australia,740.51
2006,2,BR,Brasil,18981.43
2006,2,BR,Brasil,2272.56
2006,2,BE,Bélgica,43120.64
2006,2,BE,Bélgica,4.5
2006,2,CA,Canadá,70781.55
2006,2,CA,Canadá,2862.0
2006,2,CL,Chile,34402.49
2006,2,CN,China,64.98
2006,2,CN,China,22.06
2006,2,CO,Colombia,17.1
2006,2,KR,Corea del Sur,15161.97
2006,2,KR,Corea del Sur,1350.0
2006,2,CR,Costa Rica,6896.98
2006,2,CR,Costa Rica,3082.5
2006,2,EC,Ecuador,5984.99
2006,2,EC,Ecuador,25.65
2006,2,SV,El Salvador,3243.74
2006,2,SV,El Salvador,427.5
2006,2,AE,Emiratos Árabes Unidos,10499.98
2006,2,SI,Eslovenia,3168.0
2006,2,ES,España,174716.63
2006,2,ES,España,2573.66
2006,2,US,Estados Unidos,6367218.08
2006,2,US,Estados Unidos,2229802.98
2006,2,FR,Francia,48032.01
2006,2,GR,Grecia,302697.34
2006,2,GR,Grecia,1089.27
2006,2,GT,Guatemala,10270.29
2006,2,GT,Guatemala,2133.28
2006,2,HN,Honduras,7639.77
2006,2,HK,Hong Kong,19370.92
2006,2,HK,Hong Kong,565.5
2006,2,IN,India,17954.97
2006,2,KY,Islas Caimán,9570.0
2006,2,KY,Islas Caimán,1639.2
2006,2,VI,Islas Vírgenes,8441.99
2006,2,VI,Islas Vírgenes,756.0
2006,2,IL,Israel,12434.98
2006,2,IL,Israel,1530.0
2006,2,IT,Italia,50066.51
2006,2,IT,Italia,474.63
2006,2,JP,Japón,90135.88
2006,2,JP,Japón,4168.85
2006,2,LV,Letonia,8965.48
2006,2,LV,Letonia,11548.49
2006,2,NI,Nicaragua,5598.97
2006,2,NI,Nicaragua,119.7
2006,2,NZ,Nueva Zelandia,5262.25
2006,2,NZ,Nueva Zelandia,319.2
2006,2,PA,Panamá,53973.68
2006,2,PA,Panamá,2206.65
2006,2,PY,Paraguay,18810.0
2006,2,NL,Países Bajos,39981.93
2006,2,PE,Perú,17100.0
2006,2,PT,Portugal,22800.0
2006,2,PR,Puerto Rico,3195.0
2006,2,GB,Reino Unido,24498.57
2006,2,GB,Reino Unido,1611.96
2006,2,DO,República Dominicana,7349.99
2006,2,RU,Rusia,5292.0
2006,2,RU,Rusia,4694.7
2006,2,SG,Singapur,5400.0
2006,2,SG,Singapur,900.0
2006,2,ZA,Sudáfrica,21285.0
2006,2,SE,Suecia,10342.08
2006,2,SR,Suriname,9575.97
2006,2,TW,Taiwán (Región),14174.38
2006,2,TW,Taiwán (Región),456.75
2006,2,VE,Venezuela,9936.0
2006,3,DE,Alemania,106217.79
2006,3,DE,Alemania,157.48
2006,3,AD,Andorra,790.02
2006,3,AD,Andorra,46.2
2006,3,AR,Argentina,10271.25
2006,3,AU,Australia,50226.35
2006,3,AU,Australia,13.5
2006,3,AT,Austria,18721.06
2006,3,AT,Austria,1795.5
2006,3,BR,Brasil,34132.48
2006,3,BR,Brasil,396.15
2006,3,BE,Bélgica,51413.14
2006,3,CA,Canadá,90881.66
2006,3,CA,Canadá,6020.99
2006,3,CZ,Chequia,10.5
2006,3,CZ,Chequia,19.0
2006,3,CL,Chile,9676.79
2006,3,CN,China,24462.11
2006,3,CN,China,3388.87
2006,3,CO,Colombia,12109.48
2006,3,CO,Colombia,2472.75
2006,3,KR,Corea del Sur,8777.99
2006,3,CR,Costa Rica,6019.19
2006,3,CR,Costa Rica,478.8
2006,3,DK,Dinamarca,5754.59
2006,3,SV,El Salvador,14462.22
2006,3,SV,El Salvador,1197.0
2006,3,AE,Emiratos Árabes Unidos,25499.95
2006,3,ES,España,36466.62
2006,3,US,Estados Unidos,6498306.61
2006,3,US,Estados Unidos,2550155.1
2006,3,FI,Finlandia,5212.79
2006,3,FR,Francia,310362.34
2006,3,GR,Grecia,80437.49
2006,3,GR,Grecia,19.0
2006,3,GT,Guatemala,5534.98
2006,3,GT,Guatemala,476.8
2006,3,HK,Hong Kong,9575.99
2006,3,HU,Hungría,10.5
2006,3,HU,Hungría,19.0
2006,3,VI,Islas Vírgenes,7433.99
2006,3,VI,Islas Vírgenes,756.0
2006,3,IL,Israel,3600.0
2006,3,IL,Israel,1935.0
2006,3,IT,Italia,112537.17
2006,3,IT,Italia,495.9
2006,3,JM,Jamaica,5249.98
2006,3,JP,Japón,84170.52
2006,3,JP,Japón,1800.0
2006,3,QA,Katar,3455.99
2006,3,BS,Las Bahamas,5699.99
2006,3,BS,Las Bahamas,300.0
2006,3,LV,Letonia,4034.98
2006,3,LV,Letonia,7639.49
2006,3,NZ,Nueva Zelandia,27542.38
2006,3,NZ,Nueva Zelandia,3739.49
2006,3,PA,Panamá,46169.89
2006,3,PA,Panamá,638.4
2006,3,PY,Paraguay,18810.0
2006,3,NL,Países Bajos,11787.59
2006,3,PE,Perú,27.56
2006,3,PL,Polonia,10.5
2006,3,PL,Polonia,19.0
2006,3,PT,Portugal,65817.76
2006,3,PR,Puerto Rico,67991.9
2006,3,PR,Puerto Rico,1251.0
2006,3,GB,Reino Unido,126342.6
2006,3,GB,Reino Unido,12615.3
2006,3,DO,República Dominicana,8.55
2006,3,DO,República Dominicana,1088.55
2006,3,RU,Rusia,145478.15
2006,3,RU,Rusia,1534.5
2006,3,RS,Serbia,6643.34
2006,3,SG,Singapur,50358.58
2006,3,SG,Singapur,10123.48
2006,3,ZA,Sudáfrica,66796.15
2006,3,SE,Suecia,775.2
2006,3,SE,Suecia,15.75
2006,3,CH,Suiza,28577.49
2006,3,CH,Suiza,689.98
2006,3,SR,Suriname,8208.0
2006,3,SR,Suriname,225.0
2006,3,TH,Tailandia,3590.98
2006,3,VE,Venezuela,9936.0
2006,4,DE,Alemania,409051.9
2006,4,DE,Alemania,1240.95
2006,4,AD,Andorra,21.0
2006,4,AU,Australia,41469.09
2006,4,AU,Australia,756.0
2006,4,BZ,Belice,1800.0
2006,4,BO,Bolivia,763.8
2006,4,BR,Brasil,36907.14
2006,4,BR,Brasil,548.53
2006,4,BE,Bélgica,26672.96
2006,4,BE,Bélgica,669.6
2006,4,CA,Canadá,15362.99
2006,4,CA,Canadá,30.0
2006,4,CL,Chile,31618.78
2006,4,CN,China,23176.48
2006,4,CN,China,88.2
2006,4,CR,Costa Rica,6600.6
2006,4,CR,Costa Rica,2323.79
2006,4,EC,Ecuador,15983.99
2006,4,EC,Ecuador,330.45
2006,4,AE,Emiratos Árabes Unidos,15083.97
2006,4,ES,España,390419.88
2006,4,ES,España,1931.15
2006,4,US,Estados Unidos,7373226.37
2006,4,US,Estados Unidos,1979855.98
2006,4,FI,Finlandia,22698.2
2006,4,FI,Finlandia,79.8
2006,4,FR,Francia,144481.06
2006,4,GR,Grecia,9192.95
2006,4,GT,Guatemala,8600.85
2006,4,GT,Guatemala,1283.57
2006,4,IN,India,23134.67
2006,4,IN,India,112.5
2006,4,IE,Irlanda,14364.0
2006,4,IL,Israel,9599.98
2006,4,IT,Italia,90327.43
2006,4,IT,Italia,798.0
2006,4,JP,Japón,92519.86
2006,4,QA,Katar,3455.99
2006,4,QA,Katar,94.5
2006,4,KZ,Kazajstán,10026.85
2006,4,LV,Letonia,2736.0
2006,4,LV,Letonia,658.35
2006,4,NZ,Nueva Zelandia,30556.97
2006,4,PA,Panamá,22708.72
2006,4,PA,Panamá,665.53
2006,4,PY,Paraguay,37756.68
2006,4,NL,Países Bajos,20509.49
2006,4,NL,Países Bajos,235.12
2006,4,PE,Perú,15886.11
2006,4,PE,Perú,2176.04
2006,4,PT,Portugal,146570.82
2006,4,PR,Puerto Rico,25055.97
2006,4,GB,Reino Unido,27421.44
2006,4,GB,Reino Unido,951.9
2006,4,SG,Singapur,118895.9
2006,4,SG,Singapur,9554.4
2006,4,ZA,Sudáfrica,70820.82
2006,4,SE,Suecia,8287.78
2006,4,SE,Suecia,17.1
2006,4,CH,Suiza,319.2
2006,4,CH,Suiza,351.0
2006,4,TW,Taiwán (Región),6047.99
2006,4,VE,Venezuela,19872.0
2006,5,DE,Alemania,655309.18
2006,5,DE,Alemania,2101.42
2006,5,AN,Antillas Holandesas,589.2
2006,5,AW,Aruba,9439.2
2006,5,AU,Australia,26001.33
2006,5,AU,Australia,4722.68
2006,5,AT,Austria,6822.89
2006,5,AT,Austria,335.16
2006,5,BR,Brasil,34961.35
2006,5,BR,Brasil,612.28
2006,5,BG,Bulgaria,3990.0
2006,5,BG,Bulgaria,226.38
2006,5,BE,Bélgica,84788.13
2006,5,CA,Canadá,133604.46
2006,5,CA,Canadá,1478.02
2006,5,CZ,Chequia,15551.26
2006,5,CZ,Chequia,735.84
2006,5,CL,Chile,44693.95
2006,5,CN,China,31909.2
2006,5,CN,China,2718.89
2006,5,CY,Chipre,16176.56
2006,5,CY,Chipre,103.74
2006,5,CR,Costa Rica,3604.51
2006,5,CU,Cuba,10687.49
2006,5,DK,Dinamarca,13047.34
2006,5,EC,Ecuador,16799.89
2006,5,SV,El Salvador,2564.99
2006,5,SV,El Salvador,299.25
2006,5,ES,España,288605.24
2006,5,ES,España,7942.87
2006,5,US,Estados Unidos,7967996.45
2006,5,US,Estados Unidos,2515422.42
2006,5,EE,Estonia,16187.99
2006,5,PH,Filipinas,1299.6
2006,5,FR,Francia,46370.98
2006,5,FR,Francia,3000.46
2006,5,GR,Grecia,54008.58
2006,5,GR,Grecia,726.18
2006,5,GU,Guam,8207.99
2006,5,GU,Guam,2519.99
2006,5,HN,Honduras,855.0
2006,5,HK,Hong Kong,15439.47
2006,5,HK,Hong Kong,363.72
2006,5,HU,Hungría,4651.18
2006,5,HU,Hungría,670.32
2006,5,VI,Islas Vírgenes,9503.99
2006,5,VI,Islas Vírgenes,189.0
2006,5,IL,Israel,9404.99
2006,5,IL,Israel,2.3
2006,5,IT,Italia,151109.57
2006,5,JP,Japón,47579.95
2006,5,JP,Japón,3600.0
2006,5,BS,Las Bahamas,5745.59
2006,5,BS,Las Bahamas,540.0
2006,5,LV,Letonia,12277.63
2006,5,LV,Letonia,336.0
2006,5,NO,Noruega,8977.49
2006,5,NZ,Nueva Zelandia,12703.24
2006,5,NZ,Nueva Zelandia,2637.83
2006,5,PA,Panamá,25408.72
2006,5,PA,Panamá,1803.9
2006,5,NL,Países Bajos,144829.94
2006,5,NL,Países Bajos,736.5
2006,5,PT,Portugal,52445.25
2006,5,PR,Puerto Rico,6750.0
2006,5,PR,Puerto Rico,3005.99
2006,5,GB,Reino Unido,45204.75
2006,5,GB,Reino Unido,2146.19
2006,5,RU,Rusia,85653.61
2006,5,RU,Rusia,2992.49
2006,5,SG,Singapur,70726.25
2006,5,SG,Singapur,644.32
2006,5,ZA,Sudáfrica,17414.98
2006,5,SE,Suecia,231.0
2006,5,CH,Suiza,18371.12
2006,5,CH,Suiza,1456.2
2006,5,SR,Suriname,25535.98
2006,5,TH,Tailandia,10772.99
2006,5,TH,Tailandia,3.0
2006,5,TT,Trinidad y Tobago,5616.0
2006,5,TT,Trinidad y Tobago,378.0
2006,5,TR,Turquía,16757.98
2006,5,VE,Venezuela,7344.0
2006,6,DE,Alemania,139407.31
2006,6,DE,Alemania,781.2
2006,6,AN,Antillas Holandesas,6407.99
2006,6,AR,Argentina,15897.59
2006,6,AR,Argentina,72.0
2006,6,AU,Australia,61569.12
2006,6,AU,Australia,1988.16
2006,6,AT,Austria,4948.12
2006,6,AT,Austria,425.6
2006,6,BO,Bolivia,18878.39
2006,6,BO,Bolivia,540.0
2006,6,BR,Brasil,41831.97
2006,6,BG,Bulgaria,18.0
2006,6,BE,Bélgica,19607.99
2006,6,CA,Canadá,91952.22
2006,6,CA,Canadá,2308.49
2006,6,CZ,Chequia,16098.47
2006,6,CZ,Chequia,798.0
2006,6,CN,China,2007.0
2006,6,CN,China,1904.1
2006,6,CO,Colombia,18500.97
2006,6,CO,Colombia,4125.37
2006,6,KR,Corea del Sur,598.5
2006,6,CR,Costa Rica,5335.19
2006,6,CR,Costa Rica,9155.02
2006,6,DK,Dinamarca,4309.19
2006,6,EC,Ecuador,9935.98
2006,6,SV,El Salvador,9189.9
2006,6,SV,El Salvador,6043.06
2006,6,AE,Emiratos Árabes Unidos,17315.98
2006,6,ES,España,189317.04
2006,6,ES,España,10518.29
2006,6,US,Estados Unidos,5173859.75
2006,6,US,Estados Unidos,2144576.03
2006,6,EE,Estonia,14379.58
2006,6,PH,Filipinas,1732.79
2006,6,FI,Finlandia,4468.8
2006,6,FI,Finlandia,79.8
2006,6,FR,Francia,57113.34
2006,6,FR,Francia,2343.11
2006,6,GR,Grecia,166565.19
2006,6,GR,Grecia,31.5
2006,6,GT,Guatemala,26509.57
2006,6,GT,Guatemala,1516.32
2006,6,HK,Hong Kong,364.5
2006,6,IN,India,3.75
2006,6,IL,Israel,900.0
2006,6,IT,Italia,46703.5
2006,6,IT,Italia,1815.44
2006,6,JP,Japón,115224.9
2006,6,JP,Japón,5881.92
2006,6,LV,Letonia,8063.98
2006,6,LV,Letonia,2101.5
2006,6,LT,Lituania,7694.98
2006,6,NI,Nicaragua,276.0
2006,6,NZ,Nueva Zelandia,775.2
2006,6,NZ,Nueva Zelandia,1134.0
2006,6,PA,Panamá,27088.75
2006,6,PA,Panamá,3946.35
2006,6,NL,Países Bajos,43782.91
2006,6,NL,Países Bajos,420.37
2006,6,PE,Perú,16826.38
2006,6,PE,Perú,1967.37
2006,6,PL,Polonia,319.2
2006,6,PL,Polonia,239.4
2006,6,PT,Portugal,58615.43
2006,6,GB,Reino Unido,101577.6
2006,6,GB,Reino Unido,5281.11
2006,6,RU,Rusia,6466.53
2006,6,RU,Rusia,9091.37
2006,6,SG,Singapur,42413.95
2006,6,SG,Singapur,904.5
2006,6,ZA,Sudáfrica,17414.98
2006,6,SE,Suecia,10342.08
2006,6,CH,Suiza,11395.44
2006,6,CH,Suiza,142.5
2006,6,TW,Taiwán (Región),9071.99
2006,6,TW,Taiwán (Región),189.0
2006,6,TR,Turquía,20086.76
2006,6,UA,Ucrania,21295.17
2006,6,UY,Uruguay,16712.99
2006,6,UY,Uruguay,334.69
2006,6,VE,Venezuela,44135.98
2006,7,DE,Alemania,576418.45
2006,7,DE,Alemania,1276.8
2006,7,AR,Argentina,24364.72
2006,7,AR,Argentina,638.4
2006,7,AU,Australia,9655.19
2006,7,AU,Australia,5711.33
2006,7,BM,Bermuda,5745.59
2006,7,BR,Brasil,56361.54
2006,7,BR,Brasil,1742.86
2006,7,CA,Canadá,56514.68
2006,7,CA,Canadá,5129.98
2006,7,CZ,Chequia,85.5
2006,7,CZ,Chequia,705.3
2006,7,CL,Chile,18964.72
2006,7,CN,China,9388.12
2006,7,CO,Colombia,18278.21
2006,7,CO,Colombia,1090.12
2006,7,KR,Corea del Sur,5445.0
2006,7,CR,Costa Rica,5699.98
2006,7,CR,Costa Rica,436.5
2006,7,SV,El Salvador,8656.98
2006,7,SV,El Salvador,236.25
2006,7,AE,Emiratos Árabes Unidos,22463.96
2006,7,ES,España,102282.65
2006,7,ES,España,2956.8
2006,7,US,Estados Unidos,7186474.32
2006,7,US,Estados Unidos,2140474.84
2006,7,EE,Estonia,10569.58
2006,7,FR,Francia,191740.86
2006,7,FR,Francia,716.1
2006,7,GI,Gibraltar,8597.49
2006,7,GI,Gibraltar,270.0
2006,7,GR,Grecia,144472.92
2006,7,GT,Guatemala,2073.0
2006,7,GT,Guatemala,1871.36
2006,7,HN,Honduras,12071.98
2006,7,HN,Honduras,18381.82
2006,7,HK,Hong Kong,15731.99
2006,7,IN,India,6047.99
2006,7,IT,Italia,10793.52
2006,7,JP,Japón,86689.38
2006,7,JP,Japón,5242.91
2006,7,BS,Las Bahamas,5745.59
2006,7,LV,Letonia,12859.49
2006,7,LV,Letonia,1710.0
2006,7,NZ,Nueva Zelandia,9585.11
2006,7,NZ,Nueva Zelandia,900.0
2006,7,PA,Panamá,113983.6
2006,7,PA,Panamá,10105.21
2006,7,NL,Países Bajos,107650.27
2006,7,NL,Países Bajos,5469.37
2006,7,PE,Perú,8618.39
2006,7,PE,Perú,756.0
2006,7,PT,Portugal,28977.44
2006,7,PR,Puerto Rico,9935.98
2006,7,PR,Puerto Rico,1080.0
2006,7,GB,Reino Unido,38409.81
2006,7,GB,Reino Unido,23007.12
2006,7,DO,República Dominicana,9439.18
2006,7,RU,Rusia,4.4
2006,7,RU,Rusia,3004.45
2006,7,SG,Singapur,38410.16
2006,7,SG,Singapur,6200.45
2006,7,ZA,Sudáfrica,125523.15
2006,7,SE,Suecia,10342.08
2006,7,CH,Suiza,149.62
2006,7,TH,Tailandia,750.0
2006,7,TH,Tailandia,4882.5
2006,7,TW,Taiwán (Región),10882.78
2006,7,TW,Taiwán (Región),423.0
2006,7,TR,Turquía,13879.5
2006,8,DE,Alemania,582941.8
2006,8,DE,Alemania,727.89
2006,8,AR,Argentina,5523.3
2006,8,AR,Argentina,99.0
2006,8,AM,Armenia,10327.24
2006,8,AU,Australia,93865.15
2006,8,AU,Australia,2234.99
2006,8,BM,Bermuda,180.0
2006,8,BY,Bielorrusia,3551.1
2006,8,BY,Bielorrusia,1197.0
2006,8,BO,Bolivia,13649.61
2006,8,BO,Bolivia,49.5
2006,8,BR,Brasil,23957.92
2006,8,BR,Brasil,335.16
2006,8,BE,Bélgica,19835.98
2006,8,CA,Canadá,75758.94
2006,8,CA,Canadá,8.81
2006,8,CL,Chile,49102.47
2006,8,CL,Chile,25.65
2006,8,CN,China,9177.55
2006,8,CN,China,4740.59
2006,8,CO,Colombia,17943.72
2006,8,CO,Colombia,900.0
2006,8,KR,Corea del Sur,23649.34
2006,8,KR,Corea del Sur,4841.99
2006,8,CR,Costa Rica,7113.6
2006,8,CR,Costa Rica,2295.0
2006,8,EC,Ecuador,47362.36
2006,8,EC,Ecuador,1086.12
2006,8,SV,El Salvador,63.0
2006,8,AE,Emiratos Árabes Unidos,12239.96
2006,8,AE,Emiratos Árabes Unidos,11.25
2006,8,ES,España,110432.23
2006,8,ES,España,13717.58
2006,8,US,Estados Unidos,7776885.72
2006,8,US,Estados Unidos,2437494.22
2006,8,FR,Francia,355724.39
2006,8,FR,Francia,445.2
2006,8,GR,Grecia,230685.68
2006,8,GR,Grecia,6210.53
2006,8,GT,Guatemala,5312.24
2006,8,GT,Guatemala,685.98
2006,8,HK,Hong Kong,40522.62
2006,8,HK,Hong Kong,1490.73
2006,8,HU,Hungría,6251.74
2006,8,IN,India,12581.99
2006,8,VI,Islas Vírgenes,10652.24
2006,8,VI,Islas Vírgenes,756.0
2006,8,IT,Italia,7182.0
2006,8,JP,Japón,79829.94
2006,8,JP,Japón,2968.39
2006,8,QA,Katar,8207.99
2006,8,QA,Katar,45.0
2006,8,LV,Letonia,5777.98
2006,8,LV,Letonia,4568.91
2006,8,NZ,Nueva Zelandia,12861.34
2006,8,NZ,Nueva Zelandia,425.34
2006,8,PA,Panamá,36513.16
2006,8,PA,Panamá,4162.26
2006,8,NL,Países Bajos,39304.74
2006,8,NL,Países Bajos,5313.22
2006,8,PE,Perú,4103.99
2006,8,PE,Perú,720.0
2006,8,PT,Portugal,222468.12
2006,8,PR,Puerto Rico,30815.97
2006,8,PR,Puerto Rico,756.0
2006,8,GB,Reino Unido,23100.81
2006,8,GB,Reino Unido,4744.95
2006,8,RU,Rusia,160292.38
2006,8,RU,Rusia,925.35
2006,8,SG,Singapur,99098.34
2006,8,SG,Singapur,7278.59
2006,8,ZA,Sudáfrica,154234.33
2006,8,SR,Suriname,8639.99
2006,8,SR,Suriname,360.0
2006,8,TW,Taiwán (Región),119.25
2006,8,TR,Turquía,19949.98
2006,8,UY,Uruguay,5945.61
2006,8,UY,Uruguay,45.0
2006,9,DE,Alemania,345142.53
2006,9,DE,Alemania,2896.34
2006,9,AU,Australia,23785.75
2006,9,AU,Australia,13.5
2006,9,BR,Brasil,33703.13
2006,9,BR,Brasil,167.58
2006,9,BE,Bélgica,18866.98
2006,9,BE,Bélgica,405.0
2006,9,CA,Canadá,157586.82
2006,9,CA,Canadá,1568.25
2006,9,CZ,Chequia,19404.36
2006,9,CZ,Chequia,232.89
2006,9,CL,Chile,53456.37
2006,9,CN,China,28743.87
2006,9,CN,China,840.0
2006,9,CO,Colombia,25034.34
2006,9,CO,Colombia,106.4
2006,9,KR,Corea del Sur,35239.6
2006,9,KR,Corea del Sur,14549.99
2006,9,CR,Costa Rica,5927.98
2006,9,CR,Costa Rica,213.75
2006,9,DK,Dinamarca,7182.0
2006,9,SV,El Salvador,26265.57
2006,9,SV,El Salvador,1067.32
2006,9,AE,Emiratos Árabes Unidos,5039.98
2006,9,ES,España,159632.01
2006,9,ES,España,2839.8
2006,9,US,Estados Unidos,6285835.08
2006,9,US,Estados Unidos,1846446.76
2006,9,EE,Estonia,72842.7
2006,9,EE,Estonia,2572.12
2006,9,FJ,Fiji,612.0
2006,9,PH,Filipinas,14162.33
2006,9,FI,Finlandia,4492.73
2006,9,FI,Finlandia,55.86
2006,9,FR,Francia,71810.99
2006,9,FR,Francia,772.8
2006,9,GR,Grecia,124889.19
2006,9,GT,Guatemala,12448.78
2006,9,GT,Guatemala,927.57
2006,9,HK,Hong Kong,23707.42
2006,9,HK,Hong Kong,189.0
2006,9,IN,India,4703.55
2006,9,IN,India,3548.39
2006,9,KY,Islas Caimán,670.32
2006,9,VG,Islas Vírgenes Británicas,2599.19
2006,9,VG,Islas Vírgenes Británicas,90.0
2006,9,IL,Israel,8549.98
2006,9,IT,Italia,121199.46
2006,9,IT,Italia,157.5
2006,9,JP,Japón,47399.93
2006,9,JP,Japón,720.0
2006,9,LV,Letonia,45825.01
2006,9,LV,Letonia,12487.18
2006,9,NI,Nicaragua,787.5
2006,9,NO,Noruega,8618.39
2006,9,NO,Noruega,79.8
2006,9,NZ,Nueva Zelandia,3830.39
2006,9,NZ,Nueva Zelandia,378.0
2006,9,PA,Panamá,31053.55
2006,9,PA,Panamá,7793.15
2006,9,PY,Paraguay,8618.39
2006,9,NL,Países Bajos,168352.79
2006,9,NL,Países Bajos,6476.08
2006,9,PE,Perú,13953.58
2006,9,PL,Polonia,410.4
2006,9,PL,Polonia,501.6
2006,9,PT,Portugal,145111.17
2006,9,PR,Puerto Rico,53360.4
2006,9,PR,Puerto Rico,3309.74
2006,9,GB,Reino Unido,32287.03
2006,9,GB,Reino Unido,1883.27
2006,9,RU,Rusia,8977.5
2006,9,RU,Rusia,21959.07
2006,9,RS,Serbia,16499.68
2006,9,SG,Singapur,99372.33
2006,9,SG,Singapur,3818.99
2006,9,ZA,Sudáfrica,60952.43
2006,9,SE,Suecia,19120.06
2006,9,SE,Suecia,99.75
2006,9,CH,Suiza,15225.83
2006,9,TR,Turquía,16199.38
2006,9,UY,Uruguay,8207.98
2006,9,UY,Uruguay,524.11
2006,9,VE,Venezuela,36287.9
2006,10,DE,Alemania,875760.31
2006,10,DE,Alemania,1635.48
2006,10,AN,Antillas Holandesas,5975.99
2006,10,AN,Antillas Holandesas,940.2
2006,10,AW,Aruba,18878.39
2006,10,AU,Australia,57590.55
2006,10,AU,Australia,252.0
2006,10,AT,Austria,7182.0
2006,10,AT,Austria,335.16
2006,10,BA,Bosnia y Herzegovina,4435.19
2006,10,BR,Brasil,27052.18
2006,10,BR,Brasil,204.6
2006,10,BE,Bélgica,32123.44
2006,10,CA,Canadá,53458.64
2006,10,CA,Canadá,10887.15
2006,10,CZ,Chequia,24052.93
2006,10,CL,Chile,28078.17
2006,10,CL,Chile,79.8
2006,10,CO,Colombia,8561.24
2006,10,CO,Colombia,10828.66
2006,10,KR,Corea del Sur,5039.99
2006,10,KR,Corea del Sur,7290.0
2006,10,CR,Costa Rica,1881.0
2006,10,CR,Costa Rica,5494.49
2006,10,CU,Cuba,10174.49
2006,10,EC,Ecuador,20837.18
2006,10,SV,El Salvador,9899.38
2006,10,AE,Emiratos Árabes Unidos,6263.98
2006,10,ES,España,263272.63
2006,10,ES,España,1340.64
2006,10,US,Estados Unidos,8087427.28
2006,10,US,Estados Unidos,1979038.72
2006,10,EE,Estonia,107596.05
2006,10,EE,Estonia,798.0
2006,10,FR,Francia,412234.84
2006,10,GR,Grecia,88099.14
2006,10,GU,Guam,12095.99
2006,10,GU,Guam,2519.99
2006,10,GT,Guatemala,1800.0
2006,10,GT,Guatemala,897.75
2006,10,HK,Hong Kong,13433.8
2006,10,HK,Hong Kong,1109.25
2006,10,HU,Hungría,337.41
2006,10,IN,India,5670.0
2006,10,IN,India,315.0
2006,10,IE,Irlanda,8977.5
2006,10,KY,Islas Caimán,6479.99
2006,10,KY,Islas Caimán,720.0
2006,10,VI,Islas Vírgenes,864.0
2006,10,VI,Islas Vírgenes,2452.5
2006,10,IL,Israel,9404.99
2006,10,IT,Italia,35700.21
2006,10,IT,Italia,23.1
2006,10,JP,Japón,130825.06
2006,10,JP,Japón,292.5
2006,10,KZ,Kazajstán,387.6
2006,10,KZ,Kazajstán,28.5
2006,10,LV,Letonia,23982.55
2006,10,LV,Letonia,2657.1
2006,10,MY,Malasia,4446.0
2006,10,NZ,Nueva Zelandia,1377.6
2006,10,NZ,Nueva Zelandia,378.0
2006,10,PA,Panamá,8006.24
2006,10,PA,Panamá,14767.2
2006,10,PY,Paraguay,7796.24
2006,10,PY,Paraguay,45.0
2006,10,NL,Países Bajos,139565.6
2006,10,NL,Países Bajos,7150.86
2006,10,PE,Perú,9439.18
2006,10,PT,Portugal,40376.6
2006,10,PR,Puerto Rico,24408.0
2006,10,PR,Puerto Rico,1602.0
2006,10,GB,Reino Unido,160916.93
2006,10,GB,Reino Unido,13233.52
2006,10,RO,Rumania,4435.2
2006,10,RU,Rusia,248776.92
2006,10,RU,Rusia,11946.25
2006,10,SG,Singapur,116275.92
2006,10,SG,Singapur,2455.69
2006,10,ZA,Sudáfrica,187965.77
2006,10,SE,Suecia,10342.08
2006,10,TW,Taiwán (Región),1932.0
2006,10,UY,Uruguay,8618.39
2006,10,UY,Uruguay,489.06
2006,10,VE,Venezuela,18513.0
2006,11,DE,Alemania,409499.16
2006,11,DE,Alemania,3801.48
2006,11,AU,Australia,55647.96
2006,11,AU,Australia,3700.8
2006,11,BR,Brasil,18878.4
2006,11,BE,Bélgica,62927.22
2006,11,CA,Canadá,92453.52
2006,11,CA,Canadá,8005.49
2006,11,CL,Chile,3990.0
2006,11,CL,Chile,171.0
2006,11,CN,China,275.62
2006,11,CN,China,315.0
2006,11,CO,Colombia,18468.0
2006,11,KR,Corea del Sur,35239.68
2006,11,KR,Corea del Sur,1608.0
2006,11,CR,Costa Rica,1795.49
2006,11,CR,Costa Rica,1263.69
2006,11,EC,Ecuador,15749.98
2006,11,SV,El Salvador,11524.84
2006,11,SV,El Salvador,1050.69
2006,11,AE,Emiratos Árabes Unidos,13248.0
2006,11,AE,Emiratos Árabes Unidos,13.11
2006,11,SI,Eslovenia,10070.39
2006,11,ES,España,44358.81
2006,11,ES,España,17.1
2006,11,US,Estados Unidos,6574962.92
2006,11,US,Estados Unidos,2096423.37
2006,11,EE,Estonia,15176.38
2006,11,EE,Estonia,235.12
2006,11,FI,Finlandia,4428.89
2006,11,FI,Finlandia,119.7
2006,11,FR,Francia,214008.46
2006,11,GR,Grecia,17049.26
2006,11,GR,Grecia,2178.54
2006,11,GT,Guatemala,18101.99
2006,11,GT,Guatemala,1190.25
2006,11,HK,Hong Kong,14107.91
2006,11,HK,Hong Kong,556.5
2006,11,HU,Hungría,335.16
2006,11,VI,Islas Vírgenes,14112.0
2006,11,IT,Italia,18429.8
2006,11,IT,Italia,1591.8
2006,11,JP,Japón,70927.17
2006,11,KZ,Kazajstán,8158.41
2006,11,LT,Lituania,7649.39
2006,11,NZ,Nueva Zelandia,891.0
2006,11,NZ,Nueva Zelandia,447.84
2006,11,PA,Panamá,115812.05
2006,11,PA,Panamá,431.7
2006,11,PY,Paraguay,18878.4
2006,11,NL,Países Bajos,20909.86
2006,11,NL,Países Bajos,144.0
2006,11,PL,Polonia,726.18
2006,11,PL,Polonia,558.6
2006,11,PT,Portugal,125557.54
2006,11,GB,Reino Unido,43750.49
2006,11,DO,República Dominicana,3222.89
2006,11,DO,República Dominicana,911.02
2006,11,RU,Rusia,209605.1
2006,11,RU,Rusia,11720.38
2006,11,SG,Singapur,60318.29
2006,11,SG,Singapur,441.0
2006,11,ZA,Sudáfrica,64087.2
2006,11,SE,Suecia,8977.5
2006,11,SR,Suriname,9504.0
2006,11,SR,Suriname,900.0
2006,11,TW,Taiwán (Región),9912.0
2006,11,TR,Turquía,9587.4
2006,11,UY,Uruguay,9439.2
2006,11,VE,Venezuela,1350.0
2006,12,DE,Alemania,66934.76
2006,12,DE,Alemania,3441.07
2006,12,AW,Aruba,20520.0
2006,12,AU,Australia,45220.77
2006,12,AU,Australia,782.82
2006,12,AT,Austria,10342.08
2006,12,BO,Bolivia,16689.57
2006,12,BR,Brasil,45000.0
2006,12,BE,Bélgica,8892.0
2006,12,CA,Canadá,126358.96
2006,12,CA,Canadá,630.0
2006,12,CO,Colombia,7874.98
2006,12,CO,Colombia,1220.62
2006,12,CR,Costa Rica,5940.74
2006,12,CR,Costa Rica,1664.0
2006,12,DK,Dinamarca,12073.67
2006,12,EC,Ecuador,15749.98
2006,12,SV,El Salvador,2052.0
2006,12,SV,El Salvador,4631.53
2006,12,AE,Emiratos Árabes Unidos,21672.0
2006,12,ES,España,95594.79
2006,12,ES,España,5520.9
2006,12,US,Estados Unidos,5322457.29
2006,12,US,Estados Unidos,1372547.21
2006,12,EE,Estonia,7756.56
2006,12,FR,Francia,312270.59
2006,12,GT,Guatemala,11491.2
2006,12,GT,Guatemala,859.1
2006,12,HK,Hong Kong,18913.92
2006,12,IN,India,4616.99
2006,12,VI,Islas Vírgenes,3528.0
2006,12,VI,Islas Vírgenes,360.0
2006,12,IT,Italia,32478.58
2006,12,IT,Italia,149.62
2006,12,JP,Japón,58379.39
2006,12,JP,Japón,6025.98
2006,12,LV,Letonia,27137.99
2006,12,LV,Letonia,22878.86
2006,12,NO,Noruega,3231.9
2006,12,NZ,Nueva Zelandia,4074.84
2006,12,PA,Panamá,41870.4
2006,12,PA,Panamá,4738.83
2006,12,NL,Países Bajos,12711.0
2006,12,PE,Perú,1.43
2006,12,PE,Perú,2.85
2006,12,PT,Portugal,87218.72
2006,12,GB,Reino Unido,8618.4
2006,12,GB,Reino Unido,13711.32
2006,12,RU,Rusia,129174.52
2006,12,RU,Rusia,30128.36
2006,12,SG,Singapur,66615.84
2006,12,SG,Singapur,957.6
2006,12,CH,Suiza,3686.76
2006,12,SR,Suriname,9072.0
2006,12,SR,Suriname,720.0
2006,12,TW,Taiwán (Región),385.5
2006,12,TW,Taiwán (Región),834.1
2006,12,UA,Ucrania,20688.69
2006,12,UY,Uruguay,20428.79
2006,12,UY,Uruguay,990.0
2007,1,DE,Alemania,554113.35
2007,1,DE,Alemania,1589.63
2007,1,AN,Antillas Holandesas,1098.0
2007,1,AU,Australia,2053.8
2007,1,BO,Bolivia,8139.6
2007,1,BA,Bosnia y Herzegovina,14886.9
2007,1,BR,Brasil,65030.4
2007,1,BR,Brasil,794.07
2007,1,BE,Bélgica,94179.89
2007,1,CA,Canadá,45828.31
2007,1,CA,Canadá,623.85
2007,1,CL,Chile,36690.84
2007,1,CL,Chile,420.0
2007,1,CO,Colombia,9444.62
2007,1,CO,Colombia,526.38
2007,1,KR,Corea del Sur,17619.84
2007,1,KR,Corea del Sur,2385.0
2007,1,CR,Costa Rica,9943.65
2007,1,CR,Costa Rica,3648.38
2007,1,DK,Dinamarca,5031.36
2007,1,SV,El Salvador,11984.7
2007,1,SV,El Salvador,404.7
2007,1,AE,Emiratos Árabes Unidos,42840.0
2007,1,AE,Emiratos Árabes Unidos,427.5
2007,1,ES,España,18385.92
2007,1,US,Estados Unidos,6903361.57
2007,1,US,Estados Unidos,2878694.03
2007,1,FI,Finlandia,5566.05
2007,1,FI,Finlandia,107.73
2007,1,FR,Francia,245443.18
2007,1,FR,Francia,2002.98
2007,1,GR,Grecia,146576.64
2007,1,GT,Guatemala,9298.2
2007,1,HK,Hong Kong,720.0
2007,1,HU,Hungría,7835.22
2007,1,IN,India,26208.0
2007,1,VI,Islas Vírgenes,7920.0
2007,1,VI,Islas Vírgenes,630.0
2007,1,IL,Israel,9405.0
2007,1,IT,Italia,117303.72
2007,1,IT,Italia,570.0
2007,1,JP,Japón,76752.0
2007,1,JP,Japón,2452.5
2007,1,BS,Las Bahamas,7660.8
2007,1,LV,Letonia,8640.0
2007,1,LV,Letonia,1993.5
2007,1,MY,Malasia,3847.5
2007,1,NI,Nicaragua,787.5
2007,1,NO,Noruega,5745.6
2007,1,NZ,Nueva Zelandia,4984.08
2007,1,PA,Panamá,77360.25
2007,1,PA,Panamá,8483.12
2007,1,NL,Países Bajos,10666.44
2007,1,PE,Perú,9439.2
2007,1,PL,Polonia,5322.66
2007,1,PL,Polonia,1069.32
2007,1,PT,Portugal,157584.23
2007,1,PR,Puerto Rico,10368.0
2007,1,PR,Puerto Rico,283.5
2007,1,GB,Reino Unido,76416.48
2007,1,GB,Reino Unido,23385.39
2007,1,RU,Rusia,86040.75
2007,1,RU,Rusia,3692.25
2007,1,SG,Singapur,16688.64
2007,1,SG,Singapur,8190.0
2007,1,ZA,Sudáfrica,26122.5
2007,1,SE,Suecia,10342.08
2007,1,CH,Suiza,8043.84
2007,1,CH,Suiza,535.5
2007,1,SR,Suriname,8136.0
2007,1,SR,Suriname,720.0
2007,1,TW,Taiwán (Región),8850.0
2007,1,TW,Taiwán (Región),1512.0
2007,1,TT,Trinidad y Tobago,7344.0
2007,1,TT,Trinidad y Tobago,360.0
2007,1,TR,Turquía,21759.0
2007,1,UA,Ucrania,31.35
2007,1,UA,Ucrania,56.55
2007,1,UY,Uruguay,19670.7
2007,1,UY,Uruguay,321.48
2007,1,VE,Venezuela,9504.0
2007,1,VE,Venezuela,49.5
2007,2,DE,Alemania,576745.3
2007,2,DE,Alemania,1311.0
2007,2,AN,Antillas Holandesas,5256.0
2007,2,AN,Antillas Holandesas,609.45
2007,2,AW,Aruba,10260.0
2007,2,AU,Australia,62533.3
2007,2,AU,Australia,3951.36
2007,2,AT,Austria,10342.08
2007,2,BR,Brasil,23392.8
2007,2,BE,Bélgica,90270.83
2007,2,BE,Bélgica,9.0
2007,2,CA,Canadá,114701.78
2007,2,CA,Canadá,366.75
2007,2,CZ,Chequia,367.08
2007,2,CL,Chile,18032.4
2007,2,CN,China,14449.5
2007,2,CO,Colombia,11080.8
2007,2,CO,Colombia,618.75
2007,2,KR,Corea del Sur,8809.92
2007,2,KR,Corea del Sur,3192.0
2007,2,CR,Costa Rica,624.15
2007,2,CR,Costa Rica,251.37
2007,2,CU,Cuba,9405.0
2007,2,DK,Dinamarca,14713.68
2007,2,EC,Ecuador,15732.0
2007,2,SV,El Salvador,6388.2
2007,2,SV,El Salvador,335.16
2007,2,AE,Emiratos Árabes Unidos,25920.0
2007,2,ES,España,238553.74
2007,2,ES,España,6862.8
2007,2,US,Estados Unidos,6243061.6
2007,2,US,Estados Unidos,2168203.54
2007,2,EE,Estonia,37506.0
2007,2,EE,Estonia,3733.5
2007,2,FR,Francia,124821.98
2007,2,GR,Grecia,92267.04
2007,2,GT,Guatemala,11265.23
2007,2,GT,Guatemala,757.25
2007,2,HK,Hong Kong,3505.5
2007,2,IN,India,9504.0
2007,2,VG,Islas Vírgenes Británicas,2941.2
2007,2,VG,Islas Vírgenes Británicas,180.0
2007,2,IL,Israel,9405.0
2007,2,IT,Italia,77442.9
2007,2,IT,Italia,74.25
2007,2,JP,Japón,48609.29
2007,2,JP,Japón,7818.67
2007,2,BS,Las Bahamas,540.0
2007,2,LV,Letonia,23883.0
2007,2,LV,Letonia,1698.6
2007,2,LB,Líbano,11901.6
2007,2,LB,Líbano,378.0
2007,2,PA,Panamá,27107.8
2007,2,PA,Panamá,37162.98
2007,2,PY,Paraguay,18468.0
2007,2,NL,Países Bajos,38142.0
2007,2,NL,Países Bajos,8049.83
2007,2,PT,Portugal,40071.66
2007,2,PR,Puerto Rico,15984.0
2007,2,PR,Puerto Rico,567.0
2007,2,GB,Reino Unido,167390.11
2007,2,GB,Reino Unido,3895.57
2007,2,RU,Rusia,190599.45
2007,2,RU,Rusia,1436.4
2007,2,RS,Serbia,9676.8
2007,2,SG,Singapur,35352.0
2007,2,SG,Singapur,225.0
2007,2,ZA,Sudáfrica,77593.5
2007,2,ZA,Sudáfrica,967.5
2007,2,SE,Suecia,1372.56
2007,2,SE,Suecia,2295.11
2007,2,CH,Suiza,9835.35
2007,2,SR,Suriname,20556.0
2007,2,TH,Tailandia,1516.2
2007,2,TR,Turquía,28449.84
2007,2,UA,Ucrania,17575.2
2007,2,UA,Ucrania,2824.92
2007,2,VE,Venezuela,40176.0
2007,3,DE,Alemania,644855.08
2007,3,DE,Alemania,1302.0
2007,3,AR,Argentina,2592.0
2007,3,AU,Australia,8809.92
2007,3,BM,Bermuda,1.5
2007,3,BM,Bermuda,3.0
2007,3,BR,Brasil,29282.4
2007,3,BR,Brasil,1802.67
2007,3,BE,Bélgica,86971.15
2007,3,BE,Bélgica,2430.0
2007,3,CA,Canadá,89970.14
2007,3,CA,Canadá,810.0
2007,3,CZ,Chequia,878.1
2007,3,CZ,Chequia,1231.2
2007,3,CL,Chile,78948.0
2007,3,CL,Chile,35.1
2007,3,CO,Colombia,9028.8
2007,3,CO,Colombia,607.5
2007,3,KR,Corea del Sur,11509.92
2007,3,KR,Corea del Sur,3192.0
2007,3,CR,Costa Rica,11550.9
2007,3,CR,Costa Rica,4274.48
2007,3,EC,Ecuador,8478.0
2007,3,AE,Emiratos Árabes Unidos,19584.0
2007,3,ES,España,194204.74
2007,3,ES,España,1562.1
2007,3,US,Estados Unidos,7262797.01
2007,3,US,Estados Unidos,2524264.0
2007,3,EE,Estonia,33535.2
2007,3,EE,Estonia,1902.38
2007,3,FR,Francia,183922.71
2007,3,FR,Francia,3977.4
2007,3,GR,Grecia,79289.28
2007,3,GR,Grecia,363.09
2007,3,GT,Guatemala,11307.82
2007,3,GT,Guatemala,526.68
2007,3,HK,Hong Kong,19872.0
2007,3,HK,Hong Kong,167.7
2007,3,IN,India,9000.0
2007,3,IT,Italia,60004.47
2007,3,IT,Italia,7954.8
2007,3,JP,Japón,116389.38
2007,3,JP,Japón,91.43
2007,3,QA,Katar,8208.0
2007,3,QA,Katar,180.0
2007,3,LV,Letonia,27864.0
2007,3,LV,Letonia,7434.0
2007,3,NZ,Nueva Zelandia,32950.5
2007,3,NZ,Nueva Zelandia,1966.5
2007,3,PA,Panamá,47606.4
2007,3,PA,Panamá,8628.87
2007,3,PY,Paraguay,18518.4
2007,3,PY,Paraguay,356.53
2007,3,NL,Países Bajos,84402.72
2007,3,NL,Países Bajos,1702.88
2007,3,PE,Perú,9439.2
2007,3,PR,Puerto Rico,42506.53
2007,3,PR,Puerto Rico,288.0
2007,3,GB,Reino Unido,38890.32
2007,3,GB,Reino Unido,665.4
2007,3,RO,Rumania,9676.8
2007,3,RU,Rusia,80286.0
2007,3,RU,Rusia,27477.6
2007,3,SG,Singapur,21969.0
2007,3,ZA,Sudáfrica,51277.5
2007,3,ZA,Sudáfrica,483.75
2007,3,SE,Suecia,20684.16
2007,3,SE,Suecia,336.0
2007,3,CH,Suiza,6691.8
2007,3,CH,Suiza,5842.5
2007,3,SR,Suriname,4536.0
2007,3,SR,Suriname,1080.0
2007,3,TW,Taiwán (Región),294.0
2007,3,TR,Turquía,17413.5
2007,3,VE,Venezuela,28874.76
2007,4,DE,Alemania,283004.45
2007,4,AR,Argentina,12524.62
2007,4,AR,Argentina,247.5
2007,4,AW,Aruba,10260.0
2007,4,AU,Australia,25184.88
2007,4,AU,Australia,854.25
2007,4,BR,Brasil,27907.2
2007,4,BR,Brasil,356.53
2007,4,BE,Bélgica,44097.83
2007,4,CA,Canadá,192129.61
2007,4,CA,Canadá,6310.5
2007,4,CZ,Chequia,4724.16
2007,4,CZ,Chequia,2420.28
2007,4,CL,Chile,44539.2
2007,4,CN,China,13.05
2007,4,CN,China,42.41
2007,4,CY,Chipre,239.4
2007,4,KR,Corea del Sur,6300.0
2007,4,KR,Corea del Sur,2331.0
2007,4,CR,Costa Rica,9573.15
2007,4,CR,Costa Rica,3748.59
2007,4,CU,Cuba,9875.25
2007,4,SV,El Salvador,16577.29
2007,4,SV,El Salvador,3079.45
2007,4,AE,Emiratos Árabes Unidos,30096.0
2007,4,AE,Emiratos Árabes Unidos,189.0
2007,4,SI,Eslovenia,9804.0
2007,4,ES,España,318800.38
2007,4,ES,España,7050.33
2007,4,US,Estados Unidos,5012063.37
2007,4,US,Estados Unidos,1983278.45
2007,4,PH,Filipinas,22.05
2007,4,FR,Francia,206967.68
2007,4,FR,Francia,199.5
2007,4,GR,Grecia,44049.6
2007,4,GR,Grecia,748.12
2007,4,GT,Guatemala,1800.0
2007,4,HK,Hong Kong,9936.0
2007,4,HK,Hong Kong,6.0
2007,4,IN,India,25920.0
2007,4,IN,India,40.5
2007,4,KY,Islas Caimán,540.0
2007,4,VI,Islas Vírgenes,34.12
2007,4,VI,Islas Vírgenes,378.0
2007,4,IL,Israel,9405.0
2007,4,IT,Italia,87734.97
2007,4,IT,Italia,4367.58
2007,4,JP,Japón,113772.6
2007,4,JP,Japón,11.4
2007,4,KZ,Kazajstán,15725.73
2007,4,KZ,Kazajstán,1273.5
2007,4,BS,Las Bahamas,9097.2
2007,4,BS,Las Bahamas,270.0
2007,4,LV,Letonia,7894.5
2007,4,LV,Letonia,45.0
2007,4,NI,Nicaragua,1575.0
2007,4,NZ,Nueva Zelandia,6903.84
2007,4,PA,Panamá,45418.12
2007,4,PA,Panamá,2388.87
2007,4,NL,Países Bajos,50826.72
2007,4,NL,Países Bajos,3586.72
2007,4,PE,Perú,450.0
2007,4,PT,Portugal,11400.0
2007,4,PR,Puerto Rico,16848.0
2007,4,GB,Reino Unido,48141.08
2007,4,GB,Reino Unido,404.65
2007,4,DO,República Dominicana,228.0
2007,4,RO,Rumania,4435.2
2007,4,RU,Rusia,7800.0
2007,4,SG,Singapur,89023.35
2007,4,SG,Singapur,4820.8
2007,4,ZA,Sudáfrica,27090.0
2007,4,SE,Suecia,21500.4
2007,4,SE,Suecia,582.54
2007,4,CH,Suiza,10773.0
2007,4,CH,Suiza,335.16
2007,4,SR,Suriname,8400.0
2007,4,TW,Taiwán (Región),5880.0
2007,4,TR,Turquía,50938.05
2007,4,UA,Ucrania,29389.2
2007,4,UA,Ucrania,2608.32
2007,4,UY,Uruguay,28001.25
2007,5,DE,Alemania,289760.91
2007,5,DE,Alemania,2740.07
2007,5,AN,Antillas Holandesas,6120.0
2007,5,AN,Antillas Holandesas,1039.2
2007,5,AR,Argentina,2422.5
2007,5,AW,Aruba,8550.0
2007,5,AU,Australia,49315.52
2007,5,AU,Australia,4525.38
2007,5,BR,Brasil,16689.6
2007,5,BR,Brasil,356.53
2007,5,BE,Bélgica,98138.32
2007,5,BE,Bélgica,810.0
2007,5,CA,Canadá,120264.99
2007,5,CA,Canadá,1404.0
2007,5,CZ,Chequia,15552.6
2007,5,CL,Chile,45090.0
2007,5,CN,China,9067.28
2007,5,CN,China,9.26
2007,5,CY,Chipre,18262.8
2007,5,CY,Chipre,167.58
2007,5,CO,Colombia,192.0
2007,5,CO,Colombia,4012.2
2007,5,KR,Corea del Sur,10832.22
2007,5,CR,Costa Rica,6793.2
2007,5,CR,Costa Rica,110.25
2007,5,EC,Ecuador,26703.0
2007,5,SV,El Salvador,3827.25
2007,5,SV,El Salvador,4349.25
2007,5,AE,Emiratos Árabes Unidos,7308.0
2007,5,ES,España,366487.2
2007,5,ES,España,6861.42
2007,5,US,Estados Unidos,5605557.08
2007,5,US,Estados Unidos,2800039.83
2007,5,EE,Estonia,23273.55
2007,5,PH,Filipinas,9034.5
2007,5,PH,Filipinas,162.16
2007,5,FR,Francia,194917.09
2007,5,GR,Grecia,123402.72
2007,5,GR,Grecia,3634.32
2007,5,GU,Guam,4752.0
2007,5,GU,Guam,1440.0
2007,5,GT,Guatemala,346.5
2007,5,GT,Guatemala,220.5
2007,5,HK,Hong Kong,15450.75
2007,5,HU,Hungría,1927.17
2007,5,IN,India,10008.0
2007,5,IN,India,189.0
2007,5,KY,Islas Caimán,8928.0
2007,5,VI,Islas Vírgenes,7560.0
2007,5,IL,Israel,9405.0
2007,5,IT,Italia,50274.0
2007,5,IT,Italia,335.16
2007,5,JP,Japón,79628.85
2007,5,JP,Japón,14043.9
2007,5,LV,Letonia,18919.2
2007,5,LV,Letonia,5222.32
2007,5,NZ,Nueva Zelandia,4941.72
2007,5,NZ,Nueva Zelandia,191.52
2007,5,PA,Panamá,35644.68
2007,5,PA,Panamá,7767.0
2007,5,PY,Paraguay,13129.88
2007,5,NL,Países Bajos,44857.2
2007,5,NL,Países Bajos,883.5
2007,5,PL,Polonia,996.36
2007,5,PL,Polonia,735.87
2007,5,PT,Portugal,173630.05
2007,5,PR,Puerto Rico,26248.5
2007,5,PR,Puerto Rico,27.0
2007,5,GB,Reino Unido,130081.32
2007,5,GB,Reino Unido,18670.65
2007,5,DO,República Dominicana,6156.0
2007,5,RO,Rumania,8870.4
2007,5,RU,Rusia,201745.8
2007,5,RU,Rusia,16479.3
2007,5,SG,Singapur,9936.0
2007,5,ZA,Sudáfrica,79528.5
2007,5,SE,Suecia,19678.68
2007,5,CH,Suiza,4309.2
2007,5,SR,Suriname,9000.0
2007,5,TH,Tailandia,2234.4
2007,5,TW,Taiwán (Región),13200.0
2007,5,TT,Trinidad y Tobago,378.0
2007,5,TR,Turquía,27952.8
2007,5,UA,Ucrania,6723.0
2007,5,UY,Uruguay,25359.3
2007,5,VE,Venezuela,13500.0
2007,5,VE,Venezuela,900.0
2007,6,DE,Alemania,606802.47
2007,6,DE,Alemania,3739.5
2007,6,AU,Australia,78609.56
2007,6,AU,Australia,7527.18
2007,6,BO,Bolivia,17499.6
2007,6,BA,Bosnia y Herzegovina,7652.82
2007,6,BR,Brasil,10670.4
2007,6,BR,Brasil,1274.2
2007,6,BE,Bélgica,30984.42
2007,6,CA,Canadá,99410.02
2007,6,CA,Canadá,3717.0
2007,6,CZ,Chequia,10944.0
2007,6,CL,Chile,19800.0
2007,6,CN,China,10260.0
2007,6,CO,Colombia,9487.8
2007,6,CO,Colombia,3150.0
2007,6,KR,Corea del Sur,855.0
2007,6,CR,Costa Rica,12847.88
2007,6,CR,Costa Rica,148.5
2007,6,DK,Dinamarca,7182.0
2007,6,EC,Ecuador,6300.0
2007,6,EG,Egipto,7960.05
2007,6,AE,Emiratos Árabes Unidos,4720.32
2007,6,AE,Emiratos Árabes Unidos,189.0
2007,6,ES,España,1580483.73
2007,6,ES,España,2186.52
2007,6,US,Estados Unidos,4149589.71
2007,6,US,Estados Unidos,3705543.22
2007,6,EE,Estonia,8522.64
2007,6,FI,Finlandia,4616.64
2007,6,FI,Finlandia,107.73
2007,6,GR,Grecia,2416.8
2007,6,GT,Guatemala,8721.0
2007,6,GT,Guatemala,718.59
2007,6,HK,Hong Kong,9936.0
2007,6,HU,Hungría,9878.1
2007,6,IN,India,4215.84
2007,6,IN,India,675.0
2007,6,IE,Irlanda,7182.0
2007,6,VI,Islas Vírgenes,432.0
2007,6,IL,Israel,9405.0
2007,6,IT,Italia,28151.16
2007,6,IT,Italia,40.5
2007,6,JP,Japón,102913.46
2007,6,JP,Japón,378.0
2007,6,BS,Las Bahamas,360.0
2007,6,LV,Letonia,20464.5
2007,6,LV,Letonia,4394.24
2007,6,LB,Líbano,10054.8
2007,6,NI,Nicaragua,2551.5
2007,6,NI,Nicaragua,554.04
2007,6,NO,Noruega,8977.5
2007,6,NO,Noruega,83.79
2007,6,NZ,Nueva Zelandia,1541.28
2007,6,NZ,Nueva Zelandia,1512.0
2007,6,PA,Panamá,33400.8
2007,6,PA,Panamá,162.76
2007,6,NL,Países Bajos,43368.0
2007,6,NL,Países Bajos,3095.1
2007,6,PE,Perú,1641.6
2007,6,PR,Puerto Rico,11232.0
2007,6,PR,Puerto Rico,1273.5
2007,6,GB,Reino Unido,8891.61
2007,6,GB,Reino Unido,16032.81
2007,6,DO,República Dominicana,2359.8
2007,6,DO,República Dominicana,1154.25
2007,6,RU,Rusia,53401.02
2007,6,RU,Rusia,2811.6
2007,6,SY,Siria,10687.5
2007,6,ZA,Sudáfrica,21362.4
2007,6,SE,Suecia,29341.32
2007,6,SE,Suecia,399.0
2007,6,CH,Suiza,758.1
2007,6,CH,Suiza,261.9
2007,6,TW,Taiwán (Región),5880.0
2007,6,TT,Trinidad y Tobago,7614.0
2007,6,TR,Turquía,4032.0
2007,6,UA,Ucrania,18924.0
2007,6,UY,Uruguay,12895.31
2007,6,VE,Venezuela,2160.0
2007,7,DE,Alemania,168015.49
2007,7,AR,Argentina,20617.2
2007,7,AW,Aruba,9576.0
2007,7,AW,Aruba,900.0
2007,7,AU,Australia,30165.3
2007,7,AU,Australia,774.36
2007,7,BZ,Belice,9439.2
2007,7,BZ,Belice,159.6
2007,7,BO,Bolivia,8871.84
2007,7,BR,Brasil,35841.6
2007,7,BR,Brasil,379.62
2007,7,BE,Bélgica,83886.19
2007,7,BE,Bélgica,405.0
2007,7,CA,Canadá,169864.21
2007,7,CA,Canadá,3725.41
2007,7,CZ,Chequia,11092.2
2007,7,CL,Chile,19339.2
2007,7,CN,China,6840.0
2007,7,CO,Colombia,19628.17
2007,7,CO,Colombia,5570.89
2007,7,KR,Corea del Sur,3600.0
2007,7,KR,Corea del Sur,9199.12
2007,7,CR,Costa Rica,10318.2
2007,7,CR,Costa Rica,5557.5
2007,7,EC,Ecuador,19278.0
2007,7,SV,El Salvador,8823.6
2007,7,AE,Emiratos Árabes Unidos,30384.0
2007,7,ES,España,1371520.5
2007,7,ES,España,6454.33
2007,7,US,Estados Unidos,8359837.36
2007,7,US,Estados Unidos,2453838.6
2007,7,EE,Estonia,187917.9
2007,7,FR,Francia,353397.68
2007,7,GR,Grecia,44049.6
2007,7,GT,Guatemala,14641.75
2007,7,GT,Guatemala,2700.89
2007,7,HN,Honduras,9523.56
2007,7,HK,Hong Kong,2565.0
2007,7,IL,Israel,8977.5
2007,7,IL,Israel,450.0
2007,7,IT,Italia,29112.75
2007,7,IT,Italia,2162.62
2007,7,JP,Japón,110580.0
2007,7,JP,Japón,806.55
2007,7,BS,Las Bahamas,4788.0
2007,7,LV,Letonia,8527.5
2007,7,NZ,Nueva Zelandia,4872.74
2007,7,NZ,Nueva Zelandia,247.5
2007,7,PA,Panamá,62599.05
2007,7,PA,Panamá,21916.77
2007,7,PY,Paraguay,18878.4
2007,7,NL,Países Bajos,25266.0
2007,7,NL,Países Bajos,2559.45
2007,7,PE,Perú,17236.8
2007,7,PT,Portugal,89548.99
2007,7,GB,Reino Unido,61623.84
2007,7,GB,Reino Unido,5907.0
2007,7,DO,República Dominicana,2758.8
2007,7,DO,República Dominicana,2123.1
2007,7,SG,Singapur,29833.2
2007,7,SG,Singapur,73.5
2007,7,ZA,Sudáfrica,118750.95
2007,7,TW,Taiwán (Región),9072.0
2007,7,TR,Turquía,7367.25
2007,7,UY,Uruguay,27998.4
2007,7,VE,Venezuela,29808.0
2007,7,VE,Venezuela,900.0
2007,8,DE,Alemania,597926.49
2007,8,DE,Alemania,1301.88
2007,8,AN,Antillas Holandesas,864.0
2007,8,AN,Antillas Holandesas,337.74
2007,8,AR,Argentina,20617.2
2007,8,AU,Australia,31792.32
2007,8,AU,Australia,4600.44
2007,8,BH,Bahrein,672.0
2007,8,BB,Barbados,2016.0
2007,8,BM,Bermuda,4629.6
2007,8,BM,Bermuda,360.0
2007,8,BO,Bolivia,9849.6
2007,8,BR,Brasil,42681.6
2007,8,BR,Brasil,872.67
2007,8,BE,Bélgica,109973.58
2007,8,CA,Canadá,60460.26
2007,8,CA,Canadá,8322.75
2007,8,CZ,Chequia,6942.6
2007,8,CZ,Chequia,1245.15
2007,8,CL,Chile,9028.8
2007,8,CN,China,10687.5
2007,8,CN,China,129.15
2007,8,CO,Colombia,9507.6
2007,8,CO,Colombia,3510.0
2007,8,CR,Costa Rica,8115.6
2007,8,CR,Costa Rica,3287.25
2007,8,EC,Ecuador,46404.3
2007,8,EC,Ecuador,500.85
2007,8,EG,Egipto,7974.3
2007,8,SV,El Salvador,6374.7
2007,8,SV,El Salvador,356.53
2007,8,AE,Emiratos Árabes Unidos,2016.0
2007,8,AE,Emiratos Árabes Unidos,45.0
2007,8,ES,España,579945.98
2007,8,ES,España,670.32
2007,8,US,Estados Unidos,8065644.07
2007,8,US,Estados Unidos,2522596.25
2007,8,EE,Estonia,50071.2
2007,8,EE,Estonia,6892.73
2007,8,FR,Francia,222336.22
2007,8,GR,Grecia,129843.72
2007,8,GR,Grecia,8265.28
2007,8,GT,Guatemala,8413.2
2007,8,GT,Guatemala,706.87
2007,8,HN,Honduras,4725.0
2007,8,HK,Hong Kong,6696.0
2007,8,IN,India,9072.0
2007,8,IQ,Irak,7410.0
2007,8,IQ,Irak,199.5
2007,8,IE,Irlanda,7182.0
2007,8,IL,Israel,7920.0
2007,8,IT,Italia,132525.08
2007,8,IT,Italia,25818.54
2007,8,JP,Japón,83400.0
2007,8,JP,Japón,1350.0
2007,8,QA,Katar,8208.0
2007,8,QA,Katar,94.5
2007,8,LV,Letonia,11643.0
2007,8,LV,Letonia,1449.0
2007,8,NO,Noruega,14.82
2007,8,NZ,Nueva Zelandia,12154.8
2007,8,NZ,Nueva Zelandia,2227.5
2007,8,PA,Panamá,86932.73
2007,8,PA,Panamá,19616.52
2007,8,NL,Países Bajos,60196.34
2007,8,NL,Países Bajos,2897.7
2007,8,PE,Perú,8618.4
2007,8,PE,Perú,720.0
2007,8,PT,Portugal,138777.04
2007,8,PR,Puerto Rico,32616.0
2007,8,PR,Puerto Rico,2173.5
2007,8,GB,Reino Unido,66514.44
2007,8,GB,Reino Unido,20112.69
2007,8,RU,Rusia,34730.1
2007,8,RU,Rusia,4309.2
2007,8,SG,Singapur,100065.78
2007,8,SG,Singapur,848.7
2007,8,ZA,Sudáfrica,78367.5
2007,8,ZA,Sudáfrica,4.72
2007,8,CH,Suiza,11850.3
2007,8,SR,Suriname,4032.0
2007,8,TH,Tailandia,9576.0
2007,8,TW,Taiwán (Región),9072.0
2007,8,TR,Turquía,26505.0
2007,8,UA,Ucrania,1915.2
2007,9,DE,Alemania,428952.9
2007,9,DE,Alemania,3548.45
2007,9,AN,Antillas Holandesas,5040.0
2007,9,AN,Antillas Holandesas,776.25
2007,9,DZ,Argelia,0.3
2007,9,DZ,Argelia,2.92
2007,9,AU,Australia,76610.71
2007,9,AU,Australia,3016.44
2007,9,AT,Austria,8686.23
2007,9,AT,Austria,399.0
2007,9,BH,Bahrein,2184.0
2007,9,BH,Bahrein,94.5
2007,9,BA,Bosnia y Herzegovina,7182.0
2007,9,BR,Brasil,9644.4
2007,9,BR,Brasil,1069.61
2007,9,BG,Bulgaria,32906.91
2007,9,BE,Bélgica,24492.9
2007,9,CA,Canadá,115070.44
2007,9,CA,Canadá,5712.75
2007,9,CZ,Chequia,14400.0
2007,9,CZ,Chequia,79.8
2007,9,CL,Chile,15201.0
2007,9,CN,China,2017.5
2007,9,CN,China,3.0
2007,9,CO,Colombia,19168.09
2007,9,CO,Colombia,198.0
2007,9,KR,Corea del Sur,22309.92
2007,9,KR,Corea del Sur,1496.25
2007,9,CR,Costa Rica,3960.3
2007,9,CR,Costa Rica,33.75
2007,9,EC,Ecuador,21918.75
2007,9,EG,Egipto,2970.0
2007,9,SV,El Salvador,8883.0
2007,9,SV,El Salvador,694.65
2007,9,AE,Emiratos Árabes Unidos,16740.0
2007,9,ES,España,66484.61
2007,9,ES,España,2105.26
2007,9,US,Estados Unidos,4778281.26
2007,9,US,Estados Unidos,2983816.22
2007,9,PH,Filipinas,2496.0
2007,9,PH,Filipinas,324.9
2007,9,FI,Finlandia,4037.88
2007,9,FR,Francia,361194.23
2007,9,FR,Francia,1682.18
2007,9,GR,Grecia,181670.58
2007,9,GR,Grecia,3774.54
2007,9,GU,Guam,9072.0
2007,9,GU,Guam,3960.0
2007,9,GT,Guatemala,8542.5
2007,9,GT,Guatemala,1999.32
2007,9,HN,Honduras,2715.9
2007,9,HN,Honduras,1435.69
2007,9,HK,Hong Kong,29808.0
2007,9,HK,Hong Kong,591.6
2007,9,HU,Hungría,2074.8
2007,9,IN,India,4343.7
2007,9,VG,Islas Vírgenes Británicas,478.8
2007,9,VG,Islas Vírgenes Británicas,360.0
2007,9,IL,Israel,9405.0
2007,9,IT,Italia,18050.76
2007,9,IT,Italia,8299.2
2007,9,JM,Jamaica,5040.0
2007,9,JP,Japón,71957.25
2007,9,JP,Japón,525.81
2007,9,KZ,Kazajstán,9386.76
2007,9,KZ,Kazajstán,630.0
2007,9,LV,Letonia,641.25
2007,9,LT,Lituania,5386.5
2007,9,NI,Nicaragua,672.0
2007,9,NZ,Nueva Zelandia,35808.91
2007,9,NZ,Nueva Zelandia,502.74
2007,9,PA,Panamá,33310.8
2007,9,PA,Panamá,497.13
2007,9,PY,Paraguay,7797.6
2007,9,NL,Países Bajos,32274.96
2007,9,NL,Países Bajos,3689.32
2007,9,PT,Portugal,183036.45
2007,9,PR,Puerto Rico,3456.0
2007,9,GB,Reino Unido,35928.0
2007,9,GB,Reino Unido,3537.0
2007,9,RO,Rumania,3950.1
2007,9,RO,Rumania,357.0
2007,9,RU,Rusia,18810.0
2007,9,RU,Rusia,4943.4
2007,9,RS,Serbia,10886.4
2007,9,SG,Singapur,39057.6
2007,9,SG,Singapur,755.33
2007,9,ZA,Sudáfrica,82314.9
2007,9,SE,Suecia,24916.44
2007,9,SE,Suecia,3053.12
2007,9,CH,Suiza,11850.3
2007,9,CH,Suiza,167.58
2007,9,SR,Suriname,5616.0
2007,9,TW,Taiwán (Región),1680.0
2007,9,TR,Turquía,5700.0
2007,9,UA,Ucrania,8622.0
2007,9,UY,Uruguay,29389.2
2007,10,DE,Alemania,555356.74
2007,10,DE,Alemania,9101.5
2007,10,AN,Antillas Holandesas,661.2
2007,10,AR,Argentina,4767.0
2007,10,AW,Aruba,13269.6
2007,10,AU,Australia,84022.47
2007,10,AU,Australia,2538.81
2007,10,AT,Austria,10342.08
2007,10,BR,Brasil,99086.4
2007,10,BR,Brasil,952.47
2007,10,BE,Bélgica,34128.0
2007,10,BE,Bélgica,405.0
2007,10,CA,Canadá,58524.96
2007,10,CA,Canadá,20537.81
2007,10,CZ,Chequia,10156.26
2007,10,CZ,Chequia,202.5
2007,10,CL,Chile,67335.0
2007,10,CN,China,9883.23
2007,10,CN,China,256.81
2007,10,CO,Colombia,19526.4
2007,10,CO,Colombia,3128.62
2007,10,KR,Corea del Sur,12337.92
2007,10,KR,Corea del Sur,1276.35
2007,10,CR,Costa Rica,2700.0
2007,10,CR,Costa Rica,171.0
2007,10,EC,Ecuador,11664.0
2007,10,SV,El Salvador,18693.3
2007,10,SV,El Salvador,6265.98
2007,10,AE,Emiratos Árabes Unidos,9696.0
2007,10,ES,España,383545.27
2007,10,US,Estados Unidos,5857350.49
2007,10,US,Estados Unidos,2921609.65
2007,10,EE,Estonia,4404.96
2007,10,FR,Francia,379698.09
2007,10,FR,Francia,674.38
2007,10,GR,Grecia,162165.57
2007,10,GT,Guatemala,843.3
2007,10,GT,Guatemala,475.38
2007,10,HN,Honduras,1800.0
2007,10,HN,Honduras,3195.0
2007,10,HU,Hungría,13366.5
2007,10,HU,Hungría,312.55
2007,10,IN,India,10583.0
2007,10,VI,Islas Vírgenes,8064.0
2007,10,VG,Islas Vírgenes Británicas,2462.4
2007,10,IL,Israel,9600.0
2007,10,IT,Italia,7884.24
2007,10,IT,Italia,436.8
2007,10,JM,Jamaica,864.0
2007,10,JP,Japón,143469.15
2007,10,JP,Japón,1743.36
2007,10,KZ,Kazajstán,1.5
2007,10,KZ,Kazajstán,5545.46
2007,10,BS,Las Bahamas,18604.8
2007,10,BS,Las Bahamas,360.0
2007,10,LV,Letonia,23476.5
2007,10,LV,Letonia,20160.08
2007,10,NI,Nicaragua,3358.88
2007,10,NI,Nicaragua,1306.5
2007,10,NO,Noruega,685.2
2007,10,NZ,Nueva Zelandia,14674.21
2007,10,NZ,Nueva Zelandia,1059.24
2007,10,PA,Panamá,131023.28
2007,10,PA,Panamá,28708.38
2007,10,PY,Paraguay,8208.0
2007,10,NL,Países Bajos,29448.0
2007,10,PE,Perú,18878.4
2007,10,PE,Perú,1080.0
2007,10,PL,Polonia,513.0
2007,10,PL,Polonia,872.58
2007,10,PT,Portugal,98124.59
2007,10,PT,Portugal,857.85
2007,10,PR,Puerto Rico,24030.0
2007,10,GB,Reino Unido,14147.7
2007,10,GB,Reino Unido,15231.3
2007,10,DO,República Dominicana,7951.5
2007,10,DO,República Dominicana,4501.57
2007,10,RU,Rusia,27108.0
2007,10,RU,Rusia,18548.1
2007,10,SG,Singapur,128389.44
2007,10,ZA,Sudáfrica,112346.1
2007,10,ZA,Sudáfrica,4227.98
2007,10,CH,Suiza,277.5
2007,10,TW,Taiwán (Región),3888.0
2007,10,TT,Trinidad y Tobago,8208.0
2007,10,TT,Trinidad y Tobago,360.0
2007,10,TR,Turquía,8037.0
2007,10,UA,Ucrania,16109.4
2007,10,UA,Ucrania,2536.88
2007,10,UY,Uruguay,9439.2
2007,10,VE,Venezuela,58896.0
2007,10,VE,Venezuela,2351.4
2007,11,DE,Alemania,846653.05
2007,11,DE,Alemania,1138.23
2007,11,AW,Aruba,25444.8
2007,11,AW,Aruba,720.0
2007,11,AU,Australia,41965.42
2007,11,AU,Australia,6263.28
2007,11,BO,Bolivia,32838.84
2007,11,BR,Brasil,27907.2
2007,11,BR,Brasil,399.0
2007,11,BE,Bélgica,135487.71
2007,11,BE,Bélgica,405.0
2007,11,CA,Canadá,155367.78
2007,11,CA,Canadá,2235.94
2007,11,CZ,Chequia,195.51
2007,11,CL,Chile,103523.4
2007,11,CL,Chile,504.0
2007,11,CN,China,2480.25
2007,11,CN,China,5.25
2007,11,CO,Colombia,8322.75
2007,11,CO,Colombia,7320.6
2007,11,KR,Corea del Sur,17374.86
2007,11,KR,Corea del Sur,471.6
2007,11,CR,Costa Rica,13771.35
2007,11,CR,Costa Rica,1448.37
2007,11,DK,Dinamarca,7182.0
2007,11,DK,Dinamarca,1298.1
2007,11,EC,Ecuador,41547.19
2007,11,SV,El Salvador,6420.75
2007,11,SV,El Salvador,275.62
2007,11,AE,Emiratos Árabes Unidos,3528.0
2007,11,AE,Emiratos Árabes Unidos,270.0
2007,11,ES,España,129210.59
2007,11,ES,España,1512.21
2007,11,US,Estados Unidos,5159499.36
2007,11,US,Estados Unidos,3258210.28
2007,11,EE,Estonia,24969.84
2007,11,FR,Francia,95950.05
2007,11,FR,Francia,299.25
2007,11,GR,Grecia,8809.92
2007,11,GT,Guatemala,28839.3
2007,11,GT,Guatemala,16110.99
2007,11,HN,Honduras,6225.19
2007,11,HN,Honduras,996.07
2007,11,HK,Hong Kong,32971.5
2007,11,HK,Hong Kong,519.75
2007,11,HU,Hungría,7079.4
2007,11,IN,India,36295.68
2007,11,IN,India,7.27
2007,11,KY,Islas Caimán,7344.0
2007,11,KY,Islas Caimán,1338.0
2007,11,IL,Israel,13252.5
2007,11,IT,Italia,28762.8
2007,11,IT,Italia,51498.9
2007,11,JP,Japón,67959.9
2007,11,JP,Japón,13545.54
2007,11,QA,Katar,94.5
2007,11,KZ,Kazajstán,8580.0
2007,11,KZ,Kazajstán,6219.0
2007,11,LV,Letonia,21492.0
2007,11,LV,Letonia,5521.5
2007,11,LB,Líbano,9439.2
2007,11,NO,Noruega,3231.9
2007,11,NO,Noruega,49.88
2007,11,NZ,Nueva Zelandia,4617.54
2007,11,NZ,Nueva Zelandia,1109.4
2007,11,PA,Panamá,69916.8
2007,11,PA,Panamá,24446.46
2007,11,PY,Paraguay,18057.6
2007,11,NL,Países Bajos,882.0
2007,11,NL,Países Bajos,8014.2
2007,11,PE,Perú,10265.0
2007,11,PT,Portugal,11400.0
2007,11,PT,Portugal,239.4
2007,11,PR,Puerto Rico,18144.0
2007,11,PR,Puerto Rico,945.0
2007,11,GB,Reino Unido,68718.13
2007,11,GB,Reino Unido,17625.6
2007,11,RU,Rusia,236775.15
2007,11,RU,Rusia,5389.2
2007,11,SG,Singapur,91338.3
2007,11,SG,Singapur,194.4
2007,11,LK,Sri Lanka,1800.0
2007,11,ZA,Sudáfrica,58166.1
2007,11,CH,Suiza,22.8
2007,11,CH,Suiza,11.97
2007,11,TH,Tailandia,7581.0
2007,11,TW,Taiwán (Región),5184.0
2007,11,TW,Taiwán (Región),1025.1
2007,11,TR,Turquía,8626.38
2007,11,TR,Turquía,385.03
2007,11,UA,Ucrania,29314.5
2007,11,UA,Ucrania,1292.76
2007,11,UY,Uruguay,9849.6
2007,12,DE,Alemania,116703.91
2007,12,DE,Alemania,3245.59
2007,12,AR,Argentina,10854.0
2007,12,AR,Argentina,8347.5
2007,12,AU,Australia,18613.52
2007,12,AU,Australia,7571.88
2007,12,BO,Bolivia,1800.0
2007,12,BO,Bolivia,225.0
2007,12,BR,Brasil,23954.4
2007,12,BR,Brasil,223.83
2007,12,BE,Bélgica,17932.2
2007,12,CA,Canadá,34967.86
2007,12,CZ,Chequia,11092.2
2007,12,CL,Chile,50940.0
2007,12,CL,Chile,540.0
2007,12,CN,China,6945.75
2007,12,CO,Colombia,7705.69
2007,12,CO,Colombia,6079.5
2007,12,KR,Corea del Sur,31005.24
2007,12,KR,Corea del Sur,2452.5
2007,12,CR,Costa Rica,8733.6
2007,12,CR,Costa Rica,449.77
2007,12,CU,Cuba,9875.25
2007,12,EC,Ecuador,27648.0
2007,12,SK,Eslovaquia,2.75
2007,12,ES,España,49006.41
2007,12,ES,España,17115.24
2007,12,US,Estados Unidos,3830060.14
2007,12,US,Estados Unidos,1861747.05
2007,12,EE,Estonia,35322.0
2007,12,FR,Francia,154487.36
2007,12,GR,Grecia,20926.92
2007,12,GR,Grecia,3135.3
2007,12,GT,Guatemala,1467.15
2007,12,HN,Honduras,4847.28
2007,12,HK,Hong Kong,19872.0
2007,12,HU,Hungría,1532.16
2007,12,VI,Islas Vírgenes,1260.0
2007,12,IT,Italia,52558.8
2007,12,JP,Japón,83565.0
2007,12,JP,Japón,12753.0
2007,12,LV,Letonia,9420.0
2007,12,LV,Letonia,3605.99
2007,12,LT,Lituania,7820.4
2007,12,LB,Líbano,6987.3
2007,12,LB,Líbano,149.62
2007,12,NI,Nicaragua,1260.0
2007,12,NO,Noruega,5745.6
2007,12,NO,Noruega,83.79
2007,12,NZ,Nueva Zelandia,9662.78
2007,12,NZ,Nueva Zelandia,378.0
2007,12,PA,Panamá,14569.2
2007,12,PA,Panamá,6384.0
2007,12,PY,Paraguay,1968.75
2007,12,PY,Paraguay,12.83
2007,12,PE,Perú,9399.38
2007,12,PE,Perú,49.5
2007,12,PT,Portugal,11400.0
2007,12,GB,Reino Unido,95173.47
2007,12,GB,Reino Unido,11359.95
2007,12,RU,Rusia,10459.5
2007,12,RU,Rusia,9688.0
2007,12,SG,Singapur,79982.4
2007,12,SG,Singapur,778.5
2007,12,ZA,Sudáfrica,66873.6
2007,12,ZA,Sudáfrica,164.47
2007,12,CH,Suiza,12209.4
2007,12,SR,Suriname,9000.0
2007,12,SR,Suriname,900.0
2007,12,TH,Tailandia,8809.92
2007,12,TW,Taiwán (Región),806.4
2007,12,TT,Trinidad y Tobago,6912.0
2007,12,TT,Trinidad y Tobago,720.0
2007,12,TR,Turquía,19707.75
2007,12,UY,Uruguay,8407.5
2007,12,VE,Venezuela,31536.0
2008,1,DE,Alemania,156510.12
2008,1,DE,Alemania,20369.53
2008,1,AR,Argentina,7776.0
2008,1,AU,Australia,46741.8
2008,1,AU,Australia,2689.26
2008,1,AZ,Azerbaiyán,1197.0
2008,1,AZ,Azerbaiyán,4417.5
2008,1,BO,Bolivia,9439.2
2008,1,BO,Bolivia,270.0
2008,1,BA,Bosnia y Herzegovina,7182.0
2008,1,BR,Brasil,82943.1
2008,1,BR,Brasil,487.03
2008,1,BE,Bélgica,10545.0
2008,1,BE,Bélgica,810.0
2008,1,CA,Canadá,90331.74
2008,1,CA,Canadá,1216.35
2008,1,CZ,Chequia,3351.6
2008,1,CZ,Chequia,1050.0
2008,1,CL,Chile,18878.4
2008,1,CN,China,5985.0
2008,1,CN,China,1263.26
2008,1,CO,Colombia,50038.65
2008,1,CO,Colombia,2610.0
2008,1,KR,Corea del Sur,40506.48
2008,1,KR,Corea del Sur,201.0
2008,1,CR,Costa Rica,9212.42
2008,1,CR,Costa Rica,11965.42
2008,1,EC,Ecuador,23625.0
2008,1,EC,Ecuador,1361.25
2008,1,SV,El Salvador,23213.47
2008,1,SV,El Salvador,236.25
2008,1,SI,Eslovenia,10374.0
2008,1,ES,España,153640.16
2008,1,US,Estados Unidos,6107114.72
2008,1,US,Estados Unidos,2687424.6
2008,1,EE,Estonia,195055.8
2008,1,EE,Estonia,798.0
2008,1,FR,Francia,92970.43
2008,1,FR,Francia,936.6
2008,1,GR,Grecia,161679.36
2008,1,GR,Grecia,1815.45
2008,1,GT,Guatemala,23540.7
2008,1,GT,Guatemala,1296.44
2008,1,HK,Hong Kong,15298.2
2008,1,HK,Hong Kong,3638.53
2008,1,IE,Irlanda,8977.5
2008,1,IL,Israel,3847.5
2008,1,IL,Israel,2034.0
2008,1,IT,Italia,81887.47
2008,1,IT,Italia,47372.9
2008,1,JP,Japón,126949.2
2008,1,JP,Japón,786.0
2008,1,QA,Katar,8208.0
2008,1,KZ,Kazajstán,18400.35
2008,1,KZ,Kazajstán,270.0
2008,1,LV,Letonia,15703.5
2008,1,LT,Lituania,4743.0
2008,1,LT,Lituania,3312.0
2008,1,NI,Nicaragua,2131.5
2008,1,NZ,Nueva Zelandia,9931.82
2008,1,PA,Panamá,149385.15
2008,1,PA,Panamá,20495.31
2008,1,PY,Paraguay,28317.6
2008,1,NL,Países Bajos,588.0
2008,1,PE,Perú,28317.6
2008,1,PR,Puerto Rico,31104.0
2008,1,PR,Puerto Rico,1701.0
2008,1,GB,Reino Unido,26375.04
2008,1,GB,Reino Unido,20981.7
2008,1,RU,Rusia,181341.0
2008,1,RU,Rusia,10431.0
2008,1,SG,Singapur,23505.9
2008,1,SG,Singapur,1345.32
2008,1,ZA,Sudáfrica,112539.6
2008,1,ZA,Sudáfrica,4818.15
2008,1,TH,Tailandia,12799.92
2008,1,TH,Tailandia,117.0
2008,1,TR,Turquía,3192.0
2008,1,TR,Turquía,840.0
2008,1,UY,Uruguay,17236.8
2008,1,VE,Venezuela,12528.0
2008,1,VE,Venezuela,900.0
2008,2,DE,Alemania,578073.88
2008,2,DE,Alemania,36217.79
2008,2,AR,Argentina,23292.67
2008,2,AU,Australia,34302.24
2008,2,AU,Australia,2220.33
2008,2,BR,Brasil,25444.8
2008,2,BR,Brasil,1056.13
2008,2,CA,Canadá,123656.4
2008,2,CA,Canadá,10705.5
2008,2,CZ,Chequia,3351.6
2008,2,CZ,Chequia,399.0
2008,2,CO,Colombia,16457.44
2008,2,CO,Colombia,4574.53
2008,2,KR,Corea del Sur,19757.34
2008,2,CR,Costa Rica,8413.2
2008,2,CR,Costa Rica,237.69
2008,2,EC,Ecuador,810.0
2008,2,SV,El Salvador,1186.5
2008,2,SV,El Salvador,3697.12
2008,2,AE,Emiratos Árabes Unidos,20520.0
2008,2,AE,Emiratos Árabes Unidos,229.5
2008,2,ES,España,243875.17
2008,2,ES,España,792.36
2008,2,US,Estados Unidos,7193630.09
2008,2,US,Estados Unidos,2039504.32
2008,2,EE,Estonia,7800.0
2008,2,FR,Francia,160966.92
2008,2,FR,Francia,2121.0
2008,2,GR,Grecia,99702.12
2008,2,GT,Guatemala,4882.5
2008,2,GT,Guatemala,1390.8
2008,2,HN,Honduras,9646.5
2008,2,HN,Honduras,2240.17
2008,2,HK,Hong Kong,19440.0
2008,2,HK,Hong Kong,378.0
2008,2,IN,India,9072.0
2008,2,VI,Islas Vírgenes,504.0
2008,2,IT,Italia,14364.0
2008,2,IT,Italia,46667.58
2008,2,JP,Japón,63049.55
2008,2,JP,Japón,4701.48
2008,2,LV,Letonia,4155.3
2008,2,LV,Letonia,4129.65
2008,2,NI,Nicaragua,9133.95
2008,2,NI,Nicaragua,413.55
2008,2,NO,Noruega,1276.8
2008,2,NZ,Nueva Zelandia,23469.31
2008,2,NZ,Nueva Zelandia,281.3
2008,2,PA,Panamá,7928.55
2008,2,PA,Panamá,8907.75
2008,2,NL,Países Bajos,46360.2
2008,2,NL,Países Bajos,3034.8
2008,2,PE,Perú,1080.0
2008,2,PT,Portugal,9690.0
2008,2,PT,Portugal,1197.0
2008,2,PR,Puerto Rico,56.25
2008,2,GB,Reino Unido,74241.64
2008,2,GB,Reino Unido,14936.28
2008,2,DO,República Dominicana,8208.0
2008,2,RU,Rusia,135712.2
2008,2,RU,Rusia,9483.05
2008,2,SG,Singapur,9936.0
2008,2,SG,Singapur,4980.0
2008,2,ZA,Sudáfrica,17415.0
2008,2,SE,Suecia,7086.24
2008,2,SE,Suecia,4385.64
2008,2,CH,Suiza,99.75
2008,2,TW,Taiwán (Región),10029.6
2008,2,TR,Turquía,36802.05
2008,2,TR,Turquía,997.5
2008,2,UA,Ucrania,10616.4
2008,2,UY,Uruguay,9690.0
2008,2,VE,Venezuela,35316.0
2008,3,DE,Alemania,190364.93
2008,3,AN,Antillas Holandesas,7056.0
2008,3,AU,Australia,54582.42
2008,3,AU,Australia,1580.61
2008,3,BA,Bosnia y Herzegovina,7182.0
2008,3,BR,Brasil,12654.0
2008,3,BR,Brasil,1085.53
2008,3,BE,Bélgica,44517.0
2008,3,BE,Bélgica,810.0
2008,3,CA,Canadá,80937.77
2008,3,CA,Canadá,10539.0
2008,3,CZ,Chequia,3990.0
2008,3,CZ,Chequia,504.0
2008,3,CL,Chile,17100.0
2008,3,CN,China,11979.0
2008,3,CN,China,408.75
2008,3,CY,Chipre,18673.2
2008,3,CY,Chipre,406.98
2008,3,CO,Colombia,10.69
2008,3,KR,Corea del Sur,5760.0
2008,3,CR,Costa Rica,8308.8
2008,3,CR,Costa Rica,2164.2
2008,3,CU,Cuba,29925.0
2008,3,DK,Dinamarca,7182.0
2008,3,EC,Ecuador,110902.5
2008,3,EG,Egipto,7837.5
2008,3,SV,El Salvador,7482.56
2008,3,SV,El Salvador,54.0
2008,3,AE,Emiratos Árabes Unidos,30784.5
2008,3,ES,España,527086.51
2008,3,ES,España,4237.52
2008,3,US,Estados Unidos,5530650.46
2008,3,US,Estados Unidos,2339022.6
2008,3,EE,Estonia,12124.56
2008,3,EE,Estonia,235.12
2008,3,FI,Finlandia,4309.2
2008,3,FR,Francia,175556.15
2008,3,FR,Francia,540.0
2008,3,GR,Grecia,181975.92
2008,3,GR,Grecia,4012.8
2008,3,GT,Guatemala,2767.5
2008,3,GT,Guatemala,1703.25
2008,3,IN,India,22590.0
2008,3,IE,Irlanda,20496.0
2008,3,IE,Irlanda,21.0
2008,3,VI,Islas Vírgenes,10584.0
2008,3,IL,Israel,8407.5
2008,3,IL,Israel,900.0
2008,3,JP,Japón,78516.0
2008,3,JP,Japón,5517.5
2008,3,BS,Las Bahamas,6703.2
2008,3,BS,Las Bahamas,720.0
2008,3,LV,Letonia,2855.7
2008,3,LV,Letonia,2311.61
2008,3,NI,Nicaragua,1404.0
2008,3,NZ,Nueva Zelandia,3078.0
2008,3,NZ,Nueva Zelandia,1512.0
2008,3,PA,Panamá,1837.5
2008,3,PA,Panamá,804.52
2008,3,PY,Paraguay,3693.6
2008,3,PT,Portugal,156034.94
2008,3,PT,Portugal,598.5
2008,3,PR,Puerto Rico,44484.26
2008,3,PR,Puerto Rico,39.0
2008,3,GB,Reino Unido,121559.42
2008,3,GB,Reino Unido,2258.4
2008,3,RU,Rusia,166757.7
2008,3,RU,Rusia,2611.8
2008,3,SG,Singapur,55099.5
2008,3,SG,Singapur,1035.66
2008,3,ZA,Sudáfrica,31037.4
2008,3,SE,Suecia,3192.0
2008,3,CH,Suiza,11850.3
2008,3,TR,Turquía,6156.0
2008,3,UA,Ucrania,20104.8
2008,3,UY,Uruguay,9028.8
2008,3,VE,Venezuela,9072.0
2008,3,VE,Venezuela,1350.0
2008,4,DE,Alemania,625451.54
2008,4,DE,Alemania,1345.8
2008,4,AR,Argentina,21740.4
2008,4,AW,Aruba,20520.0
2008,4,AU,Australia,13885.2
2008,4,AU,Australia,335.16
2008,4,BB,Barbados,3312.0
2008,4,BM,Bermuda,4896.0
2008,4,BM,Bermuda,416.25
2008,4,BR,Brasil,59029.2
2008,4,BR,Brasil,867.18
2008,4,CA,Canadá,83230.96
2008,4,CA,Canadá,11346.75
2008,4,CZ,Chequia,23302.2
2008,4,CZ,Chequia,3024.0
2008,4,CL,Chile,21240.0
2008,4,CN,China,62.83
2008,4,CN,China,1137.6
2008,4,CO,Colombia,26775.79
2008,4,CO,Colombia,858.15
2008,4,KR,Corea del Sur,24139.77
2008,4,KR,Corea del Sur,10086.0
2008,4,CR,Costa Rica,11337.9
2008,4,CR,Costa Rica,5688.64
2008,4,EG,Egipto,7837.5
2008,4,SV,El Salvador,8625.94
2008,4,SV,El Salvador,804.38
2008,4,AE,Emiratos Árabes Unidos,48397.8
2008,4,AE,Emiratos Árabes Unidos,189.0
2008,4,ES,España,342944.31
2008,4,US,Estados Unidos,7083844.01
2008,4,US,Estados Unidos,2517831.17
2008,4,EE,Estonia,15027.6
2008,4,EE,Estonia,235.12
2008,4,PH,Filipinas,7.98
2008,4,FR,Francia,208429.8
2008,4,GR,Grecia,40289.31
2008,4,GU,Guam,8751.15
2008,4,GU,Guam,1440.0
2008,4,GT,Guatemala,17027.25
2008,4,GT,Guatemala,1276.8
2008,4,HN,Honduras,12478.0
2008,4,HN,Honduras,2611.22
2008,4,HK,Hong Kong,24784.88
2008,4,HK,Hong Kong,381.3
2008,4,IN,India,13726.78
2008,4,KY,Islas Caimán,6408.0
2008,4,KY,Islas Caimán,180.0
2008,4,VI,Islas Vírgenes,9072.0
2008,4,VI,Islas Vírgenes,168.75
2008,4,VG,Islas Vírgenes Británicas,3009.6
2008,4,IL,Israel,9120.0
2008,4,IT,Italia,11640.0
2008,4,JP,Japón,103545.0
2008,4,JP,Japón,226.88
2008,4,QA,Katar,5832.0
2008,4,QA,Katar,189.0
2008,4,BS,Las Bahamas,10773.0
2008,4,BS,Las Bahamas,675.0
2008,4,LV,Letonia,23170.95
2008,4,LV,Letonia,1103.55
2008,4,LB,Líbano,6976.8
2008,4,LB,Líbano,756.0
2008,4,MU,Mauricio,13424.4
2008,4,MU,Mauricio,4500.0
2008,4,NO,Noruega,6822.9
2008,4,NO,Noruega,3192.0
2008,4,NZ,Nueva Zelandia,16937.66
2008,4,NZ,Nueva Zelandia,1400.88
2008,4,PA,Panamá,130986.23
2008,4,PA,Panamá,29684.84
2008,4,PE,Perú,1641.6
2008,4,PT,Portugal,36799.1
2008,4,PT,Portugal,1197.0
2008,4,PR,Puerto Rico,15993.0
2008,4,PR,Puerto Rico,4105.5
2008,4,GB,Reino Unido,54898.64
2008,4,GB,Reino Unido,23637.35
2008,4,RU,Rusia,177428.1
2008,4,RU,Rusia,2352.6
2008,4,SG,Singapur,15814.5
2008,4,SG,Singapur,1877.32
2008,4,ZA,Sudáfrica,26122.5
2008,4,ZA,Sudáfrica,4123.12
2008,4,SE,Suecia,15.96
2008,4,SR,Suriname,9072.0
2008,4,TW,Taiwán (Región),7916.4
2008,4,TW,Taiwán (Región),36.0
2008,4,TR,Turquía,22272.75
2008,4,UA,Ucrania,47901.7
2008,4,UA,Ucrania,180.0
2008,4,UY,Uruguay,1575.0
2008,4,VE,Venezuela,5512.5
2008,4,VE,Venezuela,180.0
2008,5,DE,Alemania,527523.91
2008,5,DE,Alemania,15433.07
2008,5,AN,Antillas Holandesas,189.0
2008,5,AN,Antillas Holandesas,199.17
2008,5,AU,Australia,53306.4
2008,5,AU,Australia,7535.82
2008,5,AZ,Azerbaiyán,10938.3
2008,5,AZ,Azerbaiyán,67.5
2008,5,BO,Bolivia,16853.76
2008,5,BR,Brasil,6780.15
2008,5,BR,Brasil,1098.0
2008,5,BG,Bulgaria,32952.0
2008,5,BE,Bélgica,22515.0
2008,5,CA,Canadá,121176.32
2008,5,CA,Canadá,3081.94
2008,5,CZ,Chequia,4389.0
2008,5,CZ,Chequia,336.0
2008,5,CL,Chile,7650.0
2008,5,CN,China,5985.0
2008,5,CN,China,32.3
2008,5,CO,Colombia,13398.75
2008,5,CO,Colombia,4809.38
2008,5,KR,Corea del Sur,24099.84
2008,5,CR,Costa Rica,5218.8
2008,5,EC,Ecuador,15750.0
2008,5,SV,El Salvador,6035.4
2008,5,SV,El Salvador,1282.5
2008,5,ES,España,251106.19
2008,5,ES,España,1635.9
2008,5,US,Estados Unidos,6357196.72
2008,5,US,Estados Unidos,3483319.35
2008,5,EE,Estonia,13389.6
2008,5,EE,Estonia,1268.25
2008,5,FR,Francia,282711.64
2008,5,FR,Francia,17587.82
2008,5,GR,Grecia,109426.89
2008,5,GR,Grecia,6112.68
2008,5,GT,Guatemala,17425.8
2008,5,GT,Guatemala,1680.77
2008,5,HN,Honduras,514.5
2008,5,HN,Honduras,210.0
2008,5,HU,Hungría,13673.16
2008,5,HU,Hungría,2010.96
2008,5,IN,India,27288.0
2008,5,KY,Islas Caimán,1260.0
2008,5,IL,Israel,26490.0
2008,5,IT,Italia,32889.0
2008,5,IT,Italia,77.36
2008,5,JP,Japón,131631.0
2008,5,JP,Japón,659.02
2008,5,BS,Las Bahamas,11251.8
2008,5,LV,Letonia,26521.05
2008,5,LV,Letonia,4426.46
2008,5,NI,Nicaragua,1867.5
2008,5,NZ,Nueva Zelandia,14569.32
2008,5,NZ,Nueva Zelandia,2215.62
2008,5,PA,Panamá,11440.8
2008,5,PA,Panamá,14430.09
2008,5,PE,Perú,5335.2
2008,5,PE,Perú,2160.0
2008,5,PT,Portugal,37406.04
2008,5,PT,Portugal,1197.0
2008,5,PR,Puerto Rico,360.0
2008,5,GB,Reino Unido,86590.16
2008,5,GB,Reino Unido,9461.32
2008,5,RU,Rusia,172868.31
2008,5,RU,Rusia,23571.75
2008,5,SG,Singapur,23673.6
2008,5,SG,Singapur,1050.48
2008,5,ZA,Sudáfrica,102980.7
2008,5,SE,Suecia,8634.36
2008,5,SE,Suecia,2978.12
2008,5,CH,Suiza,12209.4
2008,5,CH,Suiza,2244.0
2008,5,SR,Suriname,900.0
2008,5,TH,Tailandia,8785.98
2008,5,TR,Turquía,34976.25
2008,5,UA,Ucrania,5914.05
2008,5,UY,Uruguay,14986.88
2008,5,UY,Uruguay,45.0
2008,6,DE,Alemania,758373.85
2008,6,DE,Alemania,1281.15
2008,6,AN,Antillas Holandesas,6912.0
2008,6,AN,Antillas Holandesas,45.0
2008,6,AW,Aruba,22914.0
2008,6,AU,Australia,97101.18
2008,6,AU,Australia,5970.64
2008,6,BO,Bolivia,450.0
2008,6,BR,Brasil,29332.8
2008,6,BR,Brasil,1197.85
2008,6,BE,Bélgica,41723.02
2008,6,BE,Bélgica,3497.25
2008,6,CA,Canadá,42997.59
2008,6,CA,Canadá,5508.0
2008,6,CZ,Chequia,11092.2
2008,6,CZ,Chequia,15.96
2008,6,CL,Chile,34200.0
2008,6,CN,China,5985.0
2008,6,CN,China,580.5
2008,6,CO,Colombia,17718.75
2008,6,CO,Colombia,1471.5
2008,6,KR,Corea del Sur,21312.24
2008,6,KR,Corea del Sur,684.0
2008,6,CR,Costa Rica,1911.0
2008,6,CR,Costa Rica,4063.5
2008,6,EC,Ecuador,10800.0
2008,6,SV,El Salvador,6566.4
2008,6,SV,El Salvador,475.38
2008,6,AE,Emiratos Árabes Unidos,26081.16
2008,6,AE,Emiratos Árabes Unidos,1242.0
2008,6,ES,España,275275.18
2008,6,US,Estados Unidos,6809645.96
2008,6,US,Estados Unidos,3491403.9
2008,6,EE,Estonia,82781.46
2008,6,EE,Estonia,39.9
2008,6,PH,Filipinas,1710.0
2008,6,PH,Filipinas,684.0
2008,6,FR,Francia,295390.26
2008,6,FR,Francia,13047.09
2008,6,GR,Grecia,2793.0
2008,6,GR,Grecia,3946.5
2008,6,GT,Guatemala,1800.0
2008,6,GT,Guatemala,1413.13
2008,6,HK,Hong Kong,52272.0
2008,6,HK,Hong Kong,4772.25
2008,6,IN,India,9367.68
2008,6,JP,Japón,101079.0
2008,6,JP,Japón,4925.7
2008,6,BS,Las Bahamas,8618.4
2008,6,LV,Letonia,18899.17
2008,6,LV,Letonia,2509.8
2008,6,MY,Malasia,2197.2
2008,6,NI,Nicaragua,2362.5
2008,6,NI,Nicaragua,1083.0
2008,6,NZ,Nueva Zelandia,3651.9
2008,6,NZ,Nueva Zelandia,924.75
2008,6,PA,Panamá,21785.33
2008,6,PA,Panamá,5282.43
2008,6,NL,Países Bajos,8007.0
2008,6,PE,Perú,17347.95
2008,6,PE,Perú,143.93
2008,6,PL,Polonia,575.7
2008,6,PL,Polonia,1250.58
2008,6,PT,Portugal,11172.0
2008,6,PT,Portugal,79.8
2008,6,PR,Puerto Rico,15720.0
2008,6,PR,Puerto Rico,3690.0
2008,6,GB,Reino Unido,74988.63
2008,6,GB,Reino Unido,9309.06
2008,6,RU,Rusia,81707.43
2008,6,RU,Rusia,2466.0
2008,6,SG,Singapur,39463.2
2008,6,SG,Singapur,5233.98
2008,6,ZA,Sudáfrica,17415.0
2008,6,SE,Suecia,8977.5
2008,6,SE,Suecia,283.29
2008,6,TH,Tailandia,8778.0
2008,6,TW,Taiwán (Región),4050.0
2008,6,TW,Taiwán (Región),594.0
2008,6,TT,Trinidad y Tobago,5616.0
2008,6,TT,Trinidad y Tobago,906.75
2008,6,TR,Turquía,15612.3
2008,6,UA,Ucrania,19993.12
2008,6,UA,Ucrania,6567.92
2008,6,UY,Uruguay,27360.0
2008,7,DE,Alemania,315840.53
2008,7,DE,Alemania,27005.17
2008,7,AR,Argentina,10854.0
2008,7,AU,Australia,15054.75
2008,7,AU,Australia,1583.92
2008,7,BO,Bolivia,2700.0
2008,7,BR,Brasil,113299.2
2008,7,BR,Brasil,1593.72
2008,7,BE,Bélgica,53920.06
2008,7,BE,Bélgica,405.0
2008,7,CA,Canadá,244247.93
2008,7,CA,Canadá,6937.16
2008,7,CZ,Chequia,6156.0
2008,7,CZ,Chequia,1416.45
2008,7,CL,Chile,100674.0
2008,7,CN,China,11532.15
2008,7,CO,Colombia,10372.65
2008,7,CO,Colombia,756.0
2008,7,KR,Corea del Sur,15289.92
2008,7,CR,Costa Rica,13352.4
2008,7,CR,Costa Rica,2306.19
2008,7,DK,Dinamarca,7038.36
2008,7,EC,Ecuador,47250.0
2008,7,AE,Emiratos Árabes Unidos,19764.0
2008,7,AE,Emiratos Árabes Unidos,360.0
2008,7,ES,España,470009.91
2008,7,US,Estados Unidos,6290442.5
2008,7,US,Estados Unidos,2827248.6
2008,7,EE,Estonia,94321.2
2008,7,EE,Estonia,2935.5
2008,7,PH,Filipinas,6113.25
2008,7,PH,Filipinas,847.88
2008,7,FR,Francia,199529.37
2008,7,FR,Francia,4622.5
2008,7,GR,Grecia,232573.68
2008,7,GR,Grecia,4478.77
2008,7,GT,Guatemala,10195.05
2008,7,GT,Guatemala,1232.14
2008,7,HN,Honduras,955.5
2008,7,HN,Honduras,677.25
2008,7,HK,Hong Kong,5985.0
2008,7,HU,Hungría,15483.0
2008,7,HU,Hungría,659.68
2008,7,VG,Islas Vírgenes Británicas,3009.6
2008,7,IL,Israel,8721.0
2008,7,IL,Israel,450.0
2008,7,IT,Italia,33516.0
2008,7,IT,Italia,41014.58
2008,7,JP,Japón,33264.0
2008,7,JP,Japón,2110.05
2008,7,KZ,Kazajstán,10550.7
2008,7,BS,Las Bahamas,10773.0
2008,7,LV,Letonia,4620.0
2008,7,LV,Letonia,957.6
2008,7,NZ,Nueva Zelandia,4369.64
2008,7,NZ,Nueva Zelandia,383.04
2008,7,PA,Panamá,192913.58
2008,7,PA,Panamá,43680.93
2008,7,NL,Países Bajos,13566.0
2008,7,PE,Perú,18878.4
2008,7,PE,Perú,180.0
2008,7,PT,Portugal,143701.33
2008,7,PT,Portugal,1795.5
2008,7,PR,Puerto Rico,6750.0
2008,7,GB,Reino Unido,96264.17
2008,7,GB,Reino Unido,21722.19
2008,7,RU,Rusia,20094.0
2008,7,RU,Rusia,3411.0
2008,7,RS,Serbia,3990.0
2008,7,SG,Singapur,24822.0
2008,7,ZA,Sudáfrica,26122.5
2008,7,SE,Suecia,6703.2
2008,7,TW,Taiwán (Región),9.0
2008,7,TW,Taiwán (Región),6.13
2008,7,TR,Turquía,10270.26
2008,7,UA,Ucrania,20602.8
2008,7,UA,Ucrania,577.12
2008,7,UY,Uruguay,2362.5
2008,7,VE,Venezuela,4054.5
2008,7,VE,Venezuela,1984.5
2008,8,DE,Alemania,538092.0
2008,8,DE,Alemania,18349.8
2008,8,AR,Argentina,14739.08
2008,8,AR,Argentina,36.0
2008,8,AU,Australia,24906.3
2008,8,AU,Australia,3082.23
2008,8,AT,Austria,11001.0
2008,8,BO,Bolivia,9439.2
2008,8,BO,Bolivia,1170.0
2008,8,BR,Brasil,38553.75
2008,8,BR,Brasil,1797.36
2008,8,BE,Bélgica,21831.0
2008,8,BE,Bélgica,405.0
2008,8,CA,Canadá,95809.14
2008,8,CA,Canadá,1793.25
2008,8,CZ,Chequia,15680.7
2008,8,CZ,Chequia,6820.63
2008,8,CL,Chile,43155.13
2008,8,CO,Colombia,20109.6
2008,8,CO,Colombia,4348.8
2008,8,KR,Corea del Sur,8809.92
2008,8,CR,Costa Rica,5670.0
2008,8,CR,Costa Rica,3228.75
2008,8,CU,Cuba,29925.0
2008,8,EC,Ecuador,32265.0
2008,8,EC,Ecuador,455.25
2008,8,SV,El Salvador,16646.06
2008,8,SV,El Salvador,3003.67
2008,8,AE,Emiratos Árabes Unidos,8118.96
2008,8,ES,España,34098.49
2008,8,ES,España,6612.0
2008,8,US,Estados Unidos,6416007.32
2008,8,US,Estados Unidos,2872174.42
2008,8,EE,Estonia,52489.2
2008,8,EE,Estonia,1268.25
2008,8,PH,Filipinas,73564.2
2008,8,FR,Francia,235284.44
2008,8,FR,Francia,1056.6
2008,8,GR,Grecia,135624.66
2008,8,GR,Grecia,1815.45
2008,8,GT,Guatemala,17688.6
2008,8,GT,Guatemala,2651.36
2008,8,HK,Hong Kong,9936.0
2008,8,HK,Hong Kong,198.0
2008,8,VI,Islas Vírgenes,9504.0
2008,8,VI,Islas Vírgenes,1098.0
2008,8,IL,Israel,7920.0
2008,8,IT,Italia,23102.1
2008,8,IT,Italia,9133.2
2008,8,JM,Jamaica,4968.0
2008,8,JP,Japón,30051.0
2008,8,JP,Japón,8083.0
2008,8,KZ,Kazajstán,10431.0
2008,8,LV,Letonia,7317.38
2008,8,NO,Noruega,8618.4
2008,8,NO,Noruega,83.79
2008,8,NZ,Nueva Zelandia,18105.84
2008,8,NZ,Nueva Zelandia,756.0
2008,8,PA,Panamá,37688.29
2008,8,PA,Panamá,15334.53
2008,8,PY,Paraguay,49658.4
2008,8,PE,Perú,33652.8
2008,8,PE,Perú,2610.0
2008,8,PT,Portugal,61428.74
2008,8,PT,Portugal,5873.55
2008,8,PR,Puerto Rico,11232.0
2008,8,GB,Reino Unido,61238.91
2008,8,GB,Reino Unido,13167.51
2008,8,RU,Rusia,56700.93
2008,8,RU,Rusia,8412.8
2008,8,SG,Singapur,8464.5
2008,8,SG,Singapur,470.16
2008,8,ZA,Sudáfrica,8707.5
2008,8,SE,Suecia,5512.5
2008,8,CH,Suiza,10773.0
2008,8,CH,Suiza,167.58
2008,8,SR,Suriname,9600.0
2008,8,TH,Tailandia,8809.92
2008,8,TW,Taiwán (Región),396.0
2008,8,TW,Taiwán (Región),198.0
2008,8,TT,Trinidad y Tobago,8208.0
2008,8,TT,Trinidad y Tobago,360.0
2008,8,UA,Ucrania,40100.64
2008,8,UY,Uruguay,22449.15
2008,8,VE,Venezuela,13288.5
2008,8,VE,Venezuela,6322.5
2008,9,DE,Alemania,446988.96
2008,9,DE,Alemania,5755.05
2008,9,AR,Argentina,8304.9
2008,9,AU,Australia,19772.4
2008,9,AU,Australia,14800.29
2008,9,AZ,Azerbaiyán,11197.65
2008,9,AZ,Azerbaiyán,67.5
2008,9,BO,Bolivia,9439.2
2008,9,BR,Brasil,41508.0
2008,9,BR,Brasil,1597.18
2008,9,BE,Bélgica,101600.28
2008,9,BE,Bélgica,6224.1
2008,9,CA,Canadá,119365.2
2008,9,CA,Canadá,18723.38
2008,9,CZ,Chequia,11092.2
2008,9,CL,Chile,45918.0
2008,9,CL,Chile,45.0
2008,9,CN,China,11970.0
2008,9,CN,China,5994.0
2008,9,CO,Colombia,42093.0
2008,9,CO,Colombia,1080.0
2008,9,KR,Corea del Sur,16142.88
2008,9,KR,Corea del Sur,2145.0
2008,9,CR,Costa Rica,13306.12
2008,9,CR,Costa Rica,237.69
2008,9,EC,Ecuador,23637.0
2008,9,EC,Ecuador,127.84
2008,9,SV,El Salvador,9369.9
2008,9,SV,El Salvador,2077.08
2008,9,AE,Emiratos Árabes Unidos,34220.88
2008,9,AE,Emiratos Árabes Unidos,1935.0
2008,9,ES,España,421330.58
2008,9,ES,España,6184.5
2008,9,US,Estados Unidos,5451484.99
2008,9,US,Estados Unidos,3423585.13
2008,9,PH,Filipinas,35239.68
2008,9,FI,Finlandia,638.4
2008,9,FR,Francia,256916.59
2008,9,FR,Francia,162.41
2008,9,GR,Grecia,208533.36
2008,9,GR,Grecia,6238.68
2008,9,GT,Guatemala,15196.28
2008,9,GT,Guatemala,3974.95
2008,9,HK,Hong Kong,44082.0
2008,9,HK,Hong Kong,1112.58
2008,9,HU,Hungría,11108.16
2008,9,IN,India,2.14
2008,9,IN,India,1696.5
2008,9,IE,Irlanda,7182.0
2008,9,IL,Israel,18556.35
2008,9,JP,Japón,95712.0
2008,9,JP,Japón,7063.65
2008,9,QA,Katar,8640.0
2008,9,QA,Katar,378.0
2008,9,BS,Las Bahamas,8670.6
2008,9,BS,Las Bahamas,2781.0
2008,9,LV,Letonia,6063.75
2008,9,LV,Letonia,4536.0
2008,9,MU,Mauricio,5399.18
2008,9,NZ,Nueva Zelandia,53171.26
2008,9,NZ,Nueva Zelandia,378.0
2008,9,PA,Panamá,17818.5
2008,9,PA,Panamá,654.36
2008,9,PY,Paraguay,28728.0
2008,9,NL,Países Bajos,31349.27
2008,9,NL,Países Bajos,9372.0
2008,9,PE,Perú,2165.62
2008,9,PE,Perú,225.0
2008,9,PT,Portugal,135143.89
2008,9,PT,Portugal,1296.75
2008,9,PR,Puerto Rico,21600.0
2008,9,PR,Puerto Rico,567.0
2008,9,GB,Reino Unido,78536.19
2008,9,GB,Reino Unido,36187.62
2008,9,DO,República Dominicana,4924.8
2008,9,RU,Rusia,76502.1
2008,9,RU,Rusia,29427.0
2008,9,SG,Singapur,7.98
2008,9,SG,Singapur,16933.05
2008,9,ZA,Sudáfrica,127013.4
2008,9,SE,Suecia,6163.71
2008,9,TH,Tailandia,21210.84
2008,9,TW,Taiwán (Región),9072.0
2008,9,TR,Turquía,12090.0
2008,9,TR,Turquía,4.5
2008,9,UA,Ucrania,13984.67
2008,9,UA,Ucrania,2872.8
2008,9,UY,Uruguay,8208.0
2008,9,VE,Venezuela,5512.5
2008,9,VE,Venezuela,180.0
2008,10,DE,Alemania,735466.2
2008,10,AN,Antillas Holandesas,5040.0
2008,10,AN,Antillas Holandesas,360.0
2008,10,AM,Armenia,5913.75
2008,10,AM,Armenia,324.0
2008,10,AW,Aruba,10054.8
2008,10,AU,Australia,82222.35
2008,10,AU,Australia,6617.52
2008,10,AT,Austria,5494.8
2008,10,BO,Bolivia,18878.4
2008,10,BA,Bosnia y Herzegovina,7182.0
2008,10,BR,Brasil,34678.8
2008,10,BR,Brasil,1130.3
2008,10,BG,Bulgaria,32700.0
2008,10,BE,Bélgica,55510.2
2008,10,BE,Bélgica,405.0
2008,10,CA,Canadá,125634.73
2008,10,CA,Canadá,4474.69
2008,10,CL,Chile,28044.0
2008,10,CN,China,15915.0
2008,10,CO,Colombia,28579.88
2008,10,CO,Colombia,9036.19
2008,10,KR,Corea del Sur,28716.12
2008,10,CR,Costa Rica,5673.0
2008,10,CR,Costa Rica,3152.1
2008,10,EC,Ecuador,27821.25
2008,10,EG,Egipto,9008.85
2008,10,SV,El Salvador,12817.39
2008,10,SV,El Salvador,1451.1
2008,10,AE,Emiratos Árabes Unidos,19080.0
2008,10,ES,España,376284.76
2008,10,ES,España,4245.0
2008,10,US,Estados Unidos,7316080.84
2008,10,US,Estados Unidos,3112804.78
2008,10,EE,Estonia,20143.2
2008,10,EE,Estonia,1197.0
2008,10,PH,Filipinas,45294.48
2008,10,FR,Francia,287429.02
2008,10,FR,Francia,2000.93
2008,10,GR,Grecia,98955.99
2008,10,GR,Grecia,105.0
2008,10,GT,Guatemala,8831.78
2008,10,GT,Guatemala,896.23
2008,10,HN,Honduras,1911.0
2008,10,HN,Honduras,559.12
2008,10,HK,Hong Kong,18576.0
2008,10,HK,Hong Kong,16.73
2008,10,IQ,Irak,8322.0
2008,10,IQ,Irak,540.0
2008,10,IE,Irlanda,7182.0
2008,10,KY,Islas Caimán,6480.0
2008,10,KY,Islas Caimán,900.0
2008,10,IL,Israel,9405.0
2008,10,IT,Italia,8470.2
2008,10,IT,Italia,4716.0
2008,10,JP,Japón,97653.0
2008,10,JP,Japón,22.5
2008,10,BS,Las Bahamas,10773.0
2008,10,LV,Letonia,16302.6
2008,10,LV,Letonia,2434.95
2008,10,LT,Lituania,4636.95
2008,10,LT,Lituania,57.33
2008,10,LB,Líbano,10670.4
2008,10,LB,Líbano,117.0
2008,10,MY,Malasia,1710.0
2008,10,MY,Malasia,219.38
2008,10,NI,Nicaragua,6208.72
2008,10,NI,Nicaragua,232.28
2008,10,NZ,Nueva Zelandia,7195.8
2008,10,NZ,Nueva Zelandia,1680.75
2008,10,PA,Panamá,119442.97
2008,10,PA,Panamá,14698.87
2008,10,NL,Países Bajos,15590.79
2008,10,PE,Perú,25144.2
2008,10,PE,Perú,373.35
2008,10,PT,Portugal,109382.58
2008,10,PR,Puerto Rico,19656.0
2008,10,PR,Puerto Rico,1833.75
2008,10,GB,Reino Unido,81345.0
2008,10,GB,Reino Unido,28707.6
2008,10,RU,Rusia,190182.37
2008,10,RU,Rusia,19109.7
2008,10,SG,Singapur,29605.5
2008,10,SG,Singapur,738.0
2008,10,ZA,Sudáfrica,121285.8
2008,10,SE,Suecia,396.9
2008,10,SE,Suecia,7277.76
2008,10,CH,Suiza,11491.2
2008,10,TH,Tailandia,11203.92
2008,10,TT,Trinidad y Tobago,8208.0
2008,10,TT,Trinidad y Tobago,720.0
2008,10,TR,Turquía,16091.1
2008,10,UA,Ucrania,19437.6
2008,10,UA,Ucrania,798.0
2008,10,UY,Uruguay,18057.6
2008,10,VE,Venezuela,25425.75
2008,11,DE,Alemania,230499.38
2008,11,DE,Alemania,1229.4
2008,11,AU,Australia,60090.76
2008,11,AU,Australia,1005.48
2008,11,BM,Bermuda,6336.0
2008,11,BY,Bielorrusia,3154.95
2008,11,BY,Bielorrusia,675.0
2008,11,BR,Brasil,18454.95
2008,11,BE,Bélgica,91190.42
2008,11,BE,Bélgica,4520.7
2008,11,CA,Canadá,108064.6
2008,11,CA,Canadá,10719.0
2008,11,CZ,Chequia,10482.3
2008,11,CL,Chile,9900.0
2008,11,CN,China,693.0
2008,11,CN,China,3450.9
2008,11,CO,Colombia,37058.7
2008,11,CO,Colombia,213.75
2008,11,KR,Corea del Sur,8543.7
2008,11,CR,Costa Rica,4202.55
2008,11,DK,Dinamarca,10773.0
2008,11,EC,Ecuador,17718.75
2008,11,EG,Egipto,8991.75
2008,11,SV,El Salvador,12050.06
2008,11,SV,El Salvador,433.12
2008,11,AE,Emiratos Árabes Unidos,9864.0
2008,11,ES,España,172374.16
2008,11,ES,España,873.6
2008,11,US,Estados Unidos,6059934.23
2008,11,US,Estados Unidos,2755931.04
2008,11,PH,Filipinas,9.0
2008,11,PH,Filipinas,4.5
2008,11,FR,Francia,180004.36
2008,11,FR,Francia,858.9
2008,11,GU,Guam,14607.0
2008,11,GU,Guam,2268.0
2008,11,GT,Guatemala,11835.0
2008,11,HK,Hong Kong,6027.75
2008,11,HU,Hungría,27.0
2008,11,IN,India,12850.0
2008,11,IL,Israel,8550.0
2008,11,IL,Israel,450.0
2008,11,IT,Italia,2850.0
2008,11,IT,Italia,8114.4
2008,11,JP,Japón,119390.4
2008,11,JP,Japón,2383.88
2008,11,KZ,Kazajstán,19200.45
2008,11,BS,Las Bahamas,10773.0
2008,11,LV,Letonia,28343.25
2008,11,LV,Letonia,90.0
2008,11,MY,Malasia,4988.4
2008,11,NZ,Nueva Zelandia,14850.0
2008,11,PA,Panamá,12654.0
2008,11,PA,Panamá,654.36
2008,11,NL,Países Bajos,4791.0
2008,11,PE,Perú,450.0
2008,11,PL,Polonia,7924.14
2008,11,PL,Polonia,840.0
2008,11,PT,Portugal,155485.58
2008,11,PT,Portugal,79.8
2008,11,PR,Puerto Rico,31041.0
2008,11,PR,Puerto Rico,1851.75
2008,11,GB,Reino Unido,104788.8
2008,11,GB,Reino Unido,3385.8
2008,11,DO,República Dominicana,2462.4
2008,11,RU,Rusia,210842.43
2008,11,RU,Rusia,747.0
2008,11,SG,Singapur,29412.0
2008,11,SG,Singapur,460.38
2008,11,ZA,Sudáfrica,181232.1
2008,11,SR,Suriname,7725.0
2008,11,TH,Tailandia,3591.0
2008,11,TW,Taiwán (Región),8208.0
2008,11,TW,Taiwán (Región),432.0
2008,11,TR,Turquía,24891.75
2008,11,TR,Turquía,39.9
2008,11,UA,Ucrania,25412.31
2008,11,UA,Ucrania,2154.6
2008,11,UY,Uruguay,9164.93
2008,11,UY,Uruguay,249.66
2008,11,VE,Venezuela,21600.0
2008,11,VE,Venezuela,3685.5
2008,12,DE,Alemania,101751.35
2008,12,AU,Australia,54422.83
2008,12,AU,Australia,3919.8
2008,12,AZ,Azerbaiyán,9397.59
2008,12,AZ,Azerbaiyán,607.5
2008,12,BO,Bolivia,7678.12
2008,12,BO,Bolivia,90.0
2008,12,BA,Bosnia y Herzegovina,7541.1
2008,12,BR,Brasil,7797.6
2008,12,BR,Brasil,524.12
2008,12,BE,Bélgica,32075.6
2008,12,CA,Canadá,3049.88
2008,12,CZ,Chequia,25942.2
2008,12,CL,Chile,35089.2
2008,12,CL,Chile,225.0
2008,12,CO,Colombia,7431.75
2008,12,KR,Corea del Sur,29647.98
2008,12,CR,Costa Rica,8139.6
2008,12,CR,Costa Rica,1059.6
2008,12,EC,Ecuador,26558.44
2008,12,EC,Ecuador,2205.0
2008,12,EG,Egipto,3600.0
2008,12,SV,El Salvador,7796.25
2008,12,AE,Emiratos Árabes Unidos,18780.75
2008,12,AE,Emiratos Árabes Unidos,562.5
2008,12,SI,Eslovenia,10260.0
2008,12,SI,Eslovenia,39.9
2008,12,ES,España,77630.48
2008,12,ES,España,12.82
2008,12,US,Estados Unidos,3905062.83
2008,12,US,Estados Unidos,2225742.85
2008,12,PH,Filipinas,15.08
2008,12,FR,Francia,264630.42
2008,12,GR,Grecia,945.63
2008,12,GR,Grecia,3107.37
2008,12,GT,Guatemala,1255.71
2008,12,HK,Hong Kong,17280.0
2008,12,HK,Hong Kong,400.38
2008,12,IT,Italia,8719.2
2008,12,JP,Japón,29031.6
2008,12,JP,Japón,14949.22
2008,12,BS,Las Bahamas,10773.0
2008,12,MU,Mauricio,23962.4
2008,12,NZ,Nueva Zelandia,21572.52
2008,12,PA,Panamá,38509.2
2008,12,PA,Panamá,6605.84
2008,12,NL,Países Bajos,13750.0
2008,12,NL,Países Bajos,613.03
2008,12,PL,Polonia,5311.83
2008,12,PL,Polonia,790.02
2008,12,PT,Portugal,114101.58
2008,12,PT,Portugal,2445.0
2008,12,GB,Reino Unido,55891.35
2008,12,GB,Reino Unido,9678.6
2008,12,RU,Rusia,29969.28
2008,12,RU,Rusia,8110.5
2008,12,SG,Singapur,9936.0
2008,12,SG,Singapur,25.65
2008,12,SE,Suecia,17797.5
2008,12,SE,Suecia,472.53
2008,12,TW,Taiwán (Región),99.0
2008,12,TT,Trinidad y Tobago,7776.0
2008,12,TT,Trinidad y Tobago,360.0
2008,12,TR,Turquía,9519.0
2008,12,TR,Turquía,79.8
2009,1,DE,Alemania,661696.26
2009,1,DE,Alemania,82.97
2009,1,AR,Argentina,30434.4
2009,1,AR,Argentina,516.13
2009,1,AU,Australia,57416.94
2009,1,AU,Australia,10043.97
2009,1,BO,Bolivia,4500.0
2009,1,BO,Bolivia,495.0
2009,1,BR,Brasil,41846.4
2009,1,BR,Brasil,167.58
2009,1,CA,Canadá,99772.28
2009,1,CA,Canadá,4886.88
2009,1,CL,Chile,36450.0
2009,1,CL,Chile,210.0
2009,1,CN,China,5056.0
2009,1,CN,China,123.6
2009,1,CO,Colombia,12.25
2009,1,CO,Colombia,1733.04
2009,1,KR,Corea del Sur,29817.96
2009,1,KR,Corea del Sur,2565.0
2009,1,CR,Costa Rica,6628.5
2009,1,CR,Costa Rica,417.18
2009,1,SV,El Salvador,6023.55
2009,1,SV,El Salvador,1810.35
2009,1,AE,Emiratos Árabes Unidos,9949.8
2009,1,AE,Emiratos Árabes Unidos,567.0
2009,1,ES,España,235519.3
2009,1,US,Estados Unidos,5460797.21
2009,1,US,Estados Unidos,2198500.2
2009,1,EE,Estonia,9264.0
2009,1,FR,Francia,111242.07
2009,1,FR,Francia,336.0
2009,1,GR,Grecia,114182.4
2009,1,GR,Grecia,5984.13
2009,1,GT,Guatemala,10338.75
2009,1,HK,Hong Kong,25632.0
2009,1,HK,Hong Kong,624.0
2009,1,IN,India,9072.0
2009,1,IT,Italia,7.98
2009,1,IT,Italia,4335.96
2009,1,JP,Japón,123984.0
2009,1,JP,Japón,1030.5
2009,1,BS,Las Bahamas,8139.6
2009,1,BS,Las Bahamas,1440.0
2009,1,LV,Letonia,626.43
2009,1,LT,Lituania,3591.0
2009,1,MC,Mónaco,3.99
2009,1,MC,Mónaco,4.5
2009,1,NI,Nicaragua,121.2
2009,1,PA,Panamá,67235.81
2009,1,PA,Panamá,22113.39
2009,1,NL,Países Bajos,9950.4
2009,1,NL,Países Bajos,8148.72
2009,1,PR,Puerto Rico,21600.0
2009,1,PR,Puerto Rico,567.0
2009,1,GB,Reino Unido,59411.1
2009,1,GB,Reino Unido,10212.64
2009,1,RU,Rusia,18756.0
2009,1,RU,Rusia,4302.83
2009,1,SG,Singapur,18274.8
2009,1,SG,Singapur,2037.84
2009,1,ZA,Sudáfrica,207673.88
2009,1,ZA,Sudáfrica,4275.0
2009,1,CH,Suiza,12209.4
2009,1,TH,Tailandia,3591.0
2009,1,TW,Taiwán (Región),9072.0
2009,1,TW,Taiwán (Región),30.0
2009,1,UA,Ucrania,7843.2
2009,1,UA,Ucrania,3943.45
2009,1,UY,Uruguay,3283.2
2009,1,UY,Uruguay,405.27
2009,2,DE,Alemania,440979.0
2009,2,DE,Alemania,17.43
2009,2,AN,Antillas Holandesas,5904.0
2009,2,AU,Australia,15360.36
2009,2,AU,Australia,776.7
2009,2,BR,Brasil,19836.0
2009,2,BR,Brasil,5083.55
2009,2,BG,Bulgaria,65652.0
2009,2,BE,Bélgica,15219.0
2009,2,BE,Bélgica,4599.9
2009,2,CA,Canadá,93418.54
2009,2,CA,Canadá,10906.88
2009,2,CZ,Chequia,3242.16
2009,2,CZ,Chequia,845.88
2009,2,CL,Chile,44940.82
2009,2,CL,Chile,170.83
2009,2,CN,China,5557.5
2009,2,CO,Colombia,14846.25
2009,2,CO,Colombia,1676.45
2009,2,KR,Corea del Sur,57807.36
2009,2,CR,Costa Rica,16014.52
2009,2,CR,Costa Rica,6110.0
2009,2,SV,El Salvador,7020.0
2009,2,AE,Emiratos Árabes Unidos,8352.0
2009,2,AE,Emiratos Árabes Unidos,90.0
2009,2,ES,España,109090.14
2009,2,ES,España,6399.96
2009,2,US,Estados Unidos,5106850.18
2009,2,US,Estados Unidos,2276303.7
2009,2,PH,Filipinas,17907.12
2009,2,PH,Filipinas,549.0
2009,2,FR,Francia,223203.26
2009,2,GR,Grecia,70479.36
2009,2,GR,Grecia,3993.99
2009,2,GT,Guatemala,17660.7
2009,2,GT,Guatemala,694.65
2009,2,HN,Honduras,3812.85
2009,2,HN,Honduras,3753.0
2009,2,HK,Hong Kong,1659.84
2009,2,HK,Hong Kong,2.2
2009,2,IN,India,9072.0
2009,2,IE,Irlanda,638.4
2009,2,VI,Islas Vírgenes,6804.0
2009,2,VI,Islas Vírgenes,909.0
2009,2,IL,Israel,18382.5
2009,2,IT,Italia,23461.2
2009,2,IT,Italia,11327.1
2009,2,JP,Japón,117833.29
2009,2,JP,Japón,314.85
2009,2,LV,Letonia,7415.7
2009,2,LV,Letonia,997.5
2009,2,NI,Nicaragua,900.0
2009,2,NO,Noruega,8618.4
2009,2,NZ,Nueva Zelandia,4310.5
2009,2,NZ,Nueva Zelandia,1134.0
2009,2,PA,Panamá,81075.6
2009,2,PA,Panamá,16428.21
2009,2,PE,Perú,18878.4
2009,2,PR,Puerto Rico,21240.0
2009,2,PR,Puerto Rico,283.5
2009,2,GB,Reino Unido,63931.2
2009,2,GB,Reino Unido,813.36
2009,2,RU,Rusia,7560.0
2009,2,RU,Rusia,1584.0
2009,2,RS,Serbia,3990.0
2009,2,SC,Seychelles,9975.0
2009,2,SG,Singapur,10704.6
2009,2,SG,Singapur,3773.88
2009,2,ZA,Sudáfrica,34830.0
2009,2,CH,Suiza,10725.12
2009,2,TT,Trinidad y Tobago,7776.0
2009,2,TT,Trinidad y Tobago,360.0
2009,2,UA,Ucrania,7638.0
2009,2,UA,Ucrania,6480.9
2009,2,UY,Uruguay,4104.0
2009,3,DE,Alemania,313907.31
2009,3,DE,Alemania,1833.23
2009,3,AR,Argentina,24987.6
2009,3,AU,Australia,41252.33
2009,3,AU,Australia,6428.48
2009,3,BB,Barbados,2448.0
2009,3,BY,Bielorrusia,10002.93
2009,3,BY,Bielorrusia,1455.51
2009,3,BR,Brasil,37479.6
2009,3,BR,Brasil,1180.08
2009,3,CA,Canadá,131144.62
2009,3,CA,Canadá,6845.4
2009,3,CZ,Chequia,4006.8
2009,3,CL,Chile,24681.0
2009,3,CL,Chile,676.2
2009,3,CN,China,14107.5
2009,3,CN,China,4.5
2009,3,CO,Colombia,7200.0
2009,3,CO,Colombia,3082.5
2009,3,KR,Corea del Sur,19926.06
2009,3,KR,Corea del Sur,17.1
2009,3,CR,Costa Rica,12500.4
2009,3,CR,Costa Rica,1855.08
2009,3,CU,Cuba,29925.0
2009,3,EC,Ecuador,30896.77
2009,3,SV,El Salvador,607.5
2009,3,AE,Emiratos Árabes Unidos,9000.0
2009,3,ES,España,164867.95
2009,3,ES,España,3147.12
2009,3,US,Estados Unidos,6715163.03
2009,3,US,Estados Unidos,2797045.05
2009,3,PH,Filipinas,77964.6
2009,3,FR,Francia,171405.48
2009,3,FR,Francia,43.5
2009,3,GR,Grecia,103420.8
2009,3,GR,Grecia,9116.49
2009,3,GT,Guatemala,12674.25
2009,3,GT,Guatemala,810.0
2009,3,HK,Hong Kong,35838.0
2009,3,HK,Hong Kong,286.08
2009,3,IN,India,1980.0
2009,3,IE,Irlanda,7182.0
2009,3,KY,Islas Caimán,8640.0
2009,3,KY,Islas Caimán,720.0
2009,3,VG,Islas Vírgenes Británicas,2120.4
2009,3,VG,Islas Vírgenes Británicas,360.0
2009,3,IT,Italia,8820.0
2009,3,JP,Japón,94752.0
2009,3,JP,Japón,727.5
2009,3,QA,Katar,6156.0
2009,3,KZ,Kazajstán,6327.0
2009,3,BS,Las Bahamas,8139.6
2009,3,BS,Las Bahamas,540.0
2009,3,NZ,Nueva Zelandia,14850.0
2009,3,NZ,Nueva Zelandia,2853.18
2009,3,PA,Panamá,70588.2
2009,3,PA,Panamá,19791.39
2009,3,NL,Países Bajos,6149.16
2009,3,PE,Perú,9849.6
2009,3,PT,Portugal,1149.12
2009,3,PR,Puerto Rico,10368.0
2009,3,PR,Puerto Rico,2407.5
2009,3,GB,Reino Unido,69402.06
2009,3,GB,Reino Unido,47589.26
2009,3,DO,República Dominicana,4924.8
2009,3,RO,Rumania,31625.35
2009,3,RU,Rusia,26253.0
2009,3,RU,Rusia,4135.5
2009,3,SG,Singapur,61460.1
2009,3,SG,Singapur,2330.16
2009,3,ZA,Sudáfrica,17415.0
2009,3,SE,Suecia,8259.3
2009,3,SE,Suecia,385.03
2009,3,CH,Suiza,438.9
2009,3,CH,Suiza,307.35
2009,3,TW,Taiwán (Región),9072.0
2009,3,TR,Turquía,15067.95
2009,3,UY,Uruguay,2096.66
2009,3,VE,Venezuela,39744.0
2009,3,VE,Venezuela,18.0
2009,4,DE,Alemania,541118.13
2009,4,DE,Alemania,36369.17
2009,4,AR,Argentina,20617.2
2009,4,AU,Australia,58039.38
2009,4,AU,Australia,3728.16
2009,4,BR,Brasil,44733.6
2009,4,BR,Brasil,223.83
2009,4,BE,Bélgica,33019.25
2009,4,CA,Canadá,39846.59
2009,4,CA,Canadá,17170.42
2009,4,CL,Chile,21330.0
2009,4,CN,China,8587.13
2009,4,CN,China,344.15
2009,4,CO,Colombia,3881.7
2009,4,CO,Colombia,4236.45
2009,4,KR,Corea del Sur,17015.64
2009,4,CR,Costa Rica,13682.7
2009,4,CR,Costa Rica,3486.69
2009,4,EC,Ecuador,54521.77
2009,4,SV,El Salvador,12996.0
2009,4,SV,El Salvador,450.0
2009,4,AE,Emiratos Árabes Unidos,51048.0
2009,4,AE,Emiratos Árabes Unidos,2814.0
2009,4,ES,España,182600.03
2009,4,ES,España,4544.16
2009,4,US,Estados Unidos,8005444.94
2009,4,US,Estados Unidos,3410247.65
2009,4,PH,Filipinas,9.0
2009,4,FR,Francia,125949.38
2009,4,FR,Francia,9.0
2009,4,GR,Grecia,3627.93
2009,4,GT,Guatemala,11279.12
2009,4,GT,Guatemala,1731.08
2009,4,HK,Hong Kong,19872.0
2009,4,HK,Hong Kong,46.35
2009,4,HU,Hungría,11682.72
2009,4,IL,Israel,8407.5
2009,4,IL,Israel,1134.0
2009,4,IT,Italia,55564.59
2009,4,IT,Italia,6572.55
2009,4,JP,Japón,95998.5
2009,4,JP,Japón,6979.5
2009,4,LV,Letonia,8550.0
2009,4,NZ,Nueva Zelandia,10593.1
2009,4,NZ,Nueva Zelandia,1916.32
2009,4,PA,Panamá,131872.2
2009,4,PA,Panamá,18902.56
2009,4,NL,Países Bajos,40127.27
2009,4,PE,Perú,9439.2
2009,4,PR,Puerto Rico,20736.0
2009,4,PR,Puerto Rico,9616.5
2009,4,GB,Reino Unido,77936.07
2009,4,GB,Reino Unido,3932.98
2009,4,RU,Rusia,17040.15
2009,4,RU,Rusia,9646.2
2009,4,KN,Saint Kitts y Nevis,9.0
2009,4,SG,Singapur,19396.5
2009,4,SG,Singapur,2601.18
2009,4,ZA,Sudáfrica,1935.0
2009,4,ZA,Sudáfrica,967.5
2009,4,CH,Suiza,8379.0
2009,4,CH,Suiza,395.01
2009,4,TW,Taiwán (Región),9072.0
2009,4,TR,Turquía,38041.8
2009,4,VE,Venezuela,36648.0
2009,4,VE,Venezuela,442.26
2009,5,DE,Alemania,158232.31
2009,5,DE,Alemania,297.75
2009,5,AN,Antillas Holandesas,4032.0
2009,5,AN,Antillas Holandesas,234.0
2009,5,AW,Aruba,30780.0
2009,5,AU,Australia,21831.66
2009,5,AU,Australia,1733.7
2009,5,BR,Brasil,18784.8
2009,5,BR,Brasil,851.3
2009,5,BG,Bulgaria,5244.0
2009,5,BG,Bulgaria,1651.86
2009,5,BE,Bélgica,32992.33
2009,5,CA,Canadá,154808.32
2009,5,CA,Canadá,14631.38
2009,5,CZ,Chequia,8008.5
2009,5,CZ,Chequia,5073.6
2009,5,CL,Chile,44100.0
2009,5,CN,China,5557.5
2009,5,CN,China,10460.1
2009,5,KR,Corea del Sur,19007.94
2009,5,CR,Costa Rica,5130.0
2009,5,EC,Ecuador,23625.0
2009,5,SV,El Salvador,2598.75
2009,5,SV,El Salvador,1915.31
2009,5,AE,Emiratos Árabes Unidos,10008.0
2009,5,AE,Emiratos Árabes Unidos,118.5
2009,5,ES,España,114536.21
2009,5,ES,España,5779.8
2009,5,US,Estados Unidos,6580350.1
2009,5,US,Estados Unidos,2746137.08
2009,5,PH,Filipinas,66074.4
2009,5,FR,Francia,98567.56
2009,5,FR,Francia,23.0
2009,5,GR,Grecia,4740.12
2009,5,GR,Grecia,24154.14
2009,5,GU,Guam,7114.2
2009,5,GU,Guam,3240.0
2009,5,GT,Guatemala,220.5
2009,5,HN,Honduras,1433.25
2009,5,HN,Honduras,815.62
2009,5,HK,Hong Kong,31477.5
2009,5,HK,Hong Kong,56.25
2009,5,VI,Islas Vírgenes,6620.25
2009,5,VI,Islas Vírgenes,1521.0
2009,5,IL,Israel,9405.0
2009,5,IT,Italia,19614.0
2009,5,IT,Italia,6969.42
2009,5,JP,Japón,116766.0
2009,5,JP,Japón,8415.0
2009,5,LV,Letonia,17735.55
2009,5,LV,Letonia,2474.28
2009,5,NZ,Nueva Zelandia,2404.5
2009,5,PA,Panamá,58687.65
2009,5,PA,Panamá,12231.11
2009,5,PL,Polonia,7788.48
2009,5,PL,Polonia,2100.0
2009,5,PR,Puerto Rico,32436.99
2009,5,GB,Reino Unido,20460.72
2009,5,GB,Reino Unido,12167.26
2009,5,RU,Rusia,64908.6
2009,5,RU,Rusia,10424.1
2009,5,SG,Singapur,63039.6
2009,5,SG,Singapur,5738.68
2009,5,ZA,Sudáfrica,62181.0
2009,5,ZA,Sudáfrica,4275.0
2009,5,SE,Suecia,13.5
2009,5,TR,Turquía,6982.5
2009,5,VE,Venezuela,9900.0
2009,6,DE,Alemania,401762.61
2009,6,DE,Alemania,17022.13
2009,6,AN,Antillas Holandesas,864.0
2009,6,AR,Argentina,6091.87
2009,6,AU,Australia,62009.73
2009,6,AU,Australia,8173.17
2009,6,AT,Austria,6156.0
2009,6,AT,Austria,441.0
2009,6,BO,Bolivia,9439.2
2009,6,BA,Bosnia y Herzegovina,11132.1
2009,6,BR,Brasil,27364.8
2009,6,BR,Brasil,7384.5
2009,6,BG,Bulgaria,135.0
2009,6,BE,Bélgica,38309.49
2009,6,BE,Bélgica,4740.12
2009,6,CA,Canadá,114622.13
2009,6,CA,Canadá,25457.28
2009,6,CL,Chile,42487.2
2009,6,CL,Chile,56.25
2009,6,CN,China,8.85
2009,6,CO,Colombia,33783.07
2009,6,CO,Colombia,756.0
2009,6,KR,Corea del Sur,11179.32
2009,6,CR,Costa Rica,4514.4
2009,6,CR,Costa Rica,4030.81
2009,6,EC,Ecuador,59913.0
2009,6,EC,Ecuador,534.38
2009,6,SV,El Salvador,9466.42
2009,6,SV,El Salvador,307.62
2009,6,AE,Emiratos Árabes Unidos,19152.0
2009,6,ES,España,379266.2
2009,6,ES,España,12044.49
2009,6,US,Estados Unidos,7397349.78
2009,6,US,Estados Unidos,3034654.75
2009,6,PH,Filipinas,1915.2
2009,6,PH,Filipinas,778.5
2009,6,FR,Francia,206892.83
2009,6,GR,Grecia,125956.32
2009,6,GR,Grecia,21135.24
2009,6,GT,Guatemala,10210.88
2009,6,GT,Guatemala,1147.07
2009,6,HK,Hong Kong,49680.0
2009,6,HU,Hungría,4.5
2009,6,IN,India,9504.0
2009,6,IE,Irlanda,7182.0
2009,6,VI,Islas Vírgenes,864.0
2009,6,IL,Israel,18810.0
2009,6,IL,Israel,1230.6
2009,6,IT,Italia,49025.7
2009,6,IT,Italia,9314.19
2009,6,JP,Japón,197608.65
2009,6,JP,Japón,4140.0
2009,6,QA,Katar,5184.0
2009,6,QA,Katar,378.0
2009,6,BS,Las Bahamas,7649.4
2009,6,BS,Las Bahamas,1329.0
2009,6,LB,Líbano,16751.85
2009,6,LB,Líbano,227.76
2009,6,NO,Noruega,8618.4
2009,6,NO,Noruega,149.62
2009,6,NZ,Nueva Zelandia,18395.04
2009,6,NZ,Nueva Zelandia,3679.56
2009,6,PA,Panamá,41818.5
2009,6,PA,Panamá,24002.5
2009,6,PY,Paraguay,28728.0
2009,6,PE,Perú,18861.3
2009,6,PR,Puerto Rico,562.5
2009,6,GB,Reino Unido,93336.36
2009,6,GB,Reino Unido,30272.65
2009,6,RU,Rusia,57699.96
2009,6,RU,Rusia,4114.43
2009,6,SG,Singapur,42336.0
2009,6,SG,Singapur,6016.32
2009,6,ZA,Sudáfrica,17415.0
2009,6,ZA,Sudáfrica,31.5
2009,6,CH,Suiza,17571.96
2009,6,CH,Suiza,385.98
2009,6,TH,Tailandia,8809.92
2009,6,TW,Taiwán (Región),7776.0
2009,6,TW,Taiwán (Región),189.0
2009,6,UA,Ucrania,17022.6
2009,6,UA,Ucrania,76.95
2009,6,UY,Uruguay,8208.0
2009,6,UY,Uruguay,167.58
2009,6,VE,Venezuela,40203.0
2009,6,VE,Venezuela,180.0
2009,7,DE,Alemania,474273.85
2009,7,DE,Alemania,19884.12
2009,7,AR,Argentina,20476.8
2009,7,AR,Argentina,874.38
2009,7,AU,Australia,48791.23
2009,7,AU,Australia,3023.82
2009,7,AT,Austria,19271.7
2009,7,BM,Bermuda,3736.8
2009,7,BM,Bermuda,720.0
2009,7,BO,Bolivia,9439.2
2009,7,BO,Bolivia,278.09
2009,7,BR,Brasil,93087.67
2009,7,BR,Brasil,3413.16
2009,7,BE,Bélgica,20236.5
2009,7,BE,Bélgica,1975.05
2009,7,CA,Canadá,81188.7
2009,7,CA,Canadá,6562.5
2009,7,CL,Chile,52194.0
2009,7,CL,Chile,278.1
2009,7,CO,Colombia,24686.74
2009,7,CO,Colombia,4624.73
2009,7,KR,Corea del Sur,12960.0
2009,7,KR,Corea del Sur,4591.19
2009,7,CR,Costa Rica,2388.75
2009,7,CR,Costa Rica,513.0
2009,7,SV,El Salvador,2558.85
2009,7,SV,El Salvador,171.0
2009,7,AE,Emiratos Árabes Unidos,19809.0
2009,7,ES,España,92336.39
2009,7,ES,España,7980.0
2009,7,US,Estados Unidos,6707037.09
2009,7,US,Estados Unidos,3396960.37
2009,7,FR,Francia,225852.19
2009,7,FR,Francia,6028.7
2009,7,GR,Grecia,198606.24
2009,7,GR,Grecia,12047.7
2009,7,GT,Guatemala,7027.87
2009,7,GT,Guatemala,2722.2
2009,7,HN,Honduras,4260.75
2009,7,IQ,Irak,9120.0
2009,7,VG,Islas Vírgenes Británicas,2325.6
2009,7,IL,Israel,1530.0
2009,7,IT,Italia,840.0
2009,7,JP,Japón,77083.0
2009,7,JP,Japón,3972.15
2009,7,LV,Letonia,1425.0
2009,7,LV,Letonia,1416.45
2009,7,NI,Nicaragua,630.0
2009,7,NI,Nicaragua,450.0
2009,7,NO,Noruega,1276.8
2009,7,NZ,Nueva Zelandia,7054.57
2009,7,NZ,Nueva Zelandia,4219.32
2009,7,PA,Panamá,60867.0
2009,7,PA,Panamá,10047.69
2009,7,NL,Países Bajos,46296.97
2009,7,NL,Países Bajos,2793.0
2009,7,PE,Perú,18878.4
2009,7,PL,Polonia,1972.2
2009,7,PL,Polonia,1395.74
2009,7,PT,Portugal,9256.8
2009,7,PR,Puerto Rico,17280.0
2009,7,PR,Puerto Rico,1147.5
2009,7,GB,Reino Unido,131184.22
2009,7,GB,Reino Unido,15465.09
2009,7,RU,Rusia,134765.58
2009,7,RU,Rusia,10845.0
2009,7,SG,Singapur,6104.88
2009,7,ZA,Sudáfrica,34830.0
2009,7,ZA,Sudáfrica,4.5
2009,7,SE,Suecia,8618.4
2009,7,SE,Suecia,4931.64
2009,7,CH,Suiza,10306.17
2009,7,CH,Suiza,119.7
2009,7,TH,Tailandia,5187.0
2009,7,TR,Turquía,33373.5
2009,7,TR,Turquía,79.8
2009,7,UY,Uruguay,19427.85
2009,7,UY,Uruguay,139.14
2009,8,DE,Alemania,219851.3
2009,8,DE,Alemania,1511.24
2009,8,AR,Argentina,15206.85
2009,8,AR,Argentina,151.15
2009,8,AM,Armenia,2.0
2009,8,AM,Armenia,1.5
2009,8,AW,Aruba,10260.0
2009,8,AW,Aruba,7200.0
2009,8,AU,Australia,48478.5
2009,8,AU,Australia,10764.24
2009,8,BO,Bolivia,9439.2
2009,8,BR,Brasil,95554.8
2009,8,BR,Brasil,1847.43
2009,8,CA,Canadá,154266.04
2009,8,CA,Canadá,26031.22
2009,8,CL,Chile,66250.8
2009,8,CL,Chile,8949.82
2009,8,CN,China,1.5
2009,8,CN,China,4.5
2009,8,CO,Colombia,25846.65
2009,8,CO,Colombia,4242.23
2009,8,KR,Corea del Sur,8426.88
2009,8,KR,Corea del Sur,378.0
2009,8,CR,Costa Rica,2700.88
2009,8,CR,Costa Rica,2858.3
2009,8,SV,El Salvador,10405.8
2009,8,SV,El Salvador,1210.32
2009,8,SI,Eslovenia,66.15
2009,8,ES,España,251213.84
2009,8,ES,España,3990.0
2009,8,US,Estados Unidos,6328145.34
2009,8,US,Estados Unidos,2890127.17
2009,8,EE,Estonia,10368.0
2009,8,FR,Francia,297892.08
2009,8,FR,Francia,86.45
2009,8,GR,Grecia,61669.44
2009,8,GR,Grecia,11256.0
2009,8,GT,Guatemala,18043.2
2009,8,GT,Guatemala,1106.52
2009,8,GY,Guayana,54.0
2009,8,HN,Honduras,1923.75
2009,8,HK,Hong Kong,11.0
2009,8,HK,Hong Kong,64.3
2009,8,HU,Hungría,4625.55
2009,8,IN,India,2595.0
2009,8,IN,India,472.5
2009,8,VI,Islas Vírgenes,8496.0
2009,8,VI,Islas Vírgenes,1575.0
2009,8,IT,Italia,11970.0
2009,8,IT,Italia,167.58
2009,8,JP,Japón,166830.75
2009,8,JP,Japón,12820.24
2009,8,MY,Malasia,1710.0
2009,8,MC,Mónaco,13.5
2009,8,NZ,Nueva Zelandia,15869.26
2009,8,NZ,Nueva Zelandia,596.4
2009,8,PA,Panamá,64087.35
2009,8,PA,Panamá,21453.58
2009,8,PY,Paraguay,27283.05
2009,8,PY,Paraguay,356.53
2009,8,PE,Perú,9979.2
2009,8,PE,Perú,1800.0
2009,8,PL,Polonia,9192.96
2009,8,PT,Portugal,126926.48
2009,8,PR,Puerto Rico,16416.0
2009,8,PR,Puerto Rico,562.5
2009,8,GB,Reino Unido,114954.75
2009,8,GB,Reino Unido,11315.64
2009,8,RU,Rusia,65800.8
2009,8,RU,Rusia,9182.85
2009,8,SG,Singapur,11604.0
2009,8,SG,Singapur,9566.64
2009,8,ZA,Sudáfrica,54218.7
2009,8,SE,Suecia,1945.98
2009,8,SE,Suecia,2133.23
2009,8,UA,Ucrania,20323.64
2009,8,UA,Ucrania,1.5
2009,8,UY,Uruguay,13953.6
2009,8,VE,Venezuela,5737.5
2009,8,VE,Venezuela,450.0
2009,9,DE,Alemania,690099.5
2009,9,DE,Alemania,18162.93
2009,9,AN,Antillas Holandesas,5040.0
2009,9,AN,Antillas Holandesas,679.2
2009,9,AR,Argentina,4500.0
2009,9,AU,Australia,48699.78
2009,9,AU,Australia,4779.45
2009,9,BO,Bolivia,9439.2
2009,9,BR,Brasil,39211.2
2009,9,BE,Bélgica,47607.61
2009,9,CA,Canadá,121953.24
2009,9,CA,Canadá,12682.5
2009,9,CZ,Chequia,11092.2
2009,9,CL,Chile,76816.8
2009,9,CL,Chile,247.5
2009,9,CN,China,5590.5
2009,9,CN,China,117.55
2009,9,CO,Colombia,9849.6
2009,9,CO,Colombia,3167.28
2009,9,KR,Corea del Sur,47818.02
2009,9,KR,Corea del Sur,923.4
2009,9,CR,Costa Rica,12245.62
2009,9,CR,Costa Rica,8533.12
2009,9,DK,Dinamarca,10773.0
2009,9,EG,Egipto,9120.0
2009,9,SV,El Salvador,13999.05
2009,9,SV,El Salvador,1761.39
2009,9,AE,Emiratos Árabes Unidos,10584.0
2009,9,AE,Emiratos Árabes Unidos,2835.0
2009,9,ES,España,70717.29
2009,9,ES,España,6188.49
2009,9,US,Estados Unidos,6498528.71
2009,9,US,Estados Unidos,4123736.05
2009,9,PH,Filipinas,108783.36
2009,9,PH,Filipinas,1692.0
2009,9,FR,Francia,72948.75
2009,9,FR,Francia,1907.55
2009,9,GR,Grecia,158578.56
2009,9,GR,Grecia,16044.75
2009,9,GT,Guatemala,13104.66
2009,9,GT,Guatemala,1598.85
2009,9,HK,Hong Kong,28944.0
2009,9,HK,Hong Kong,756.0
2009,9,HU,Hungría,8139.6
2009,9,IE,Irlanda,17955.0
2009,9,IT,Italia,23940.0
2009,9,JM,Jamaica,5184.0
2009,9,JP,Japón,60990.0
2009,9,JP,Japón,5359.5
2009,9,LV,Letonia,13380.0
2009,9,LV,Letonia,1197.0
2009,9,NZ,Nueva Zelandia,6258.67
2009,9,PA,Panamá,47708.78
2009,9,PA,Panamá,27577.69
2009,9,PY,Paraguay,18468.0
2009,9,PE,Perú,27496.8
2009,9,PE,Perú,1018.85
2009,9,PT,Portugal,29067.29
2009,9,PR,Puerto Rico,4500.0
2009,9,PR,Puerto Rico,2700.0
2009,9,GB,Reino Unido,80443.53
2009,9,GB,Reino Unido,21722.64
2009,9,DO,República Dominicana,7387.2
2009,9,RU,Rusia,99067.68
2009,9,RU,Rusia,11634.45
2009,9,ZA,Sudáfrica,102438.0
2009,9,SE,Suecia,199.5
2009,9,SE,Suecia,1705.62
2009,9,TW,Taiwán (Región),9936.0
2009,9,TT,Trinidad y Tobago,14688.0
2009,9,TT,Trinidad y Tobago,360.0
2009,9,TR,Turquía,8760.9
2009,9,UA,Ucrania,10315.2
2009,9,UY,Uruguay,9028.8
2009,9,UY,Uruguay,237.69
2009,10,DE,Alemania,440048.96
2009,10,DE,Alemania,9789.75
2009,10,AW,Aruba,3830.4
2009,10,AW,Aruba,2646.0
2009,10,AU,Australia,81034.01
2009,10,AU,Australia,17610.12
2009,10,AT,Austria,427.5
2009,10,AT,Austria,438.9
2009,10,BY,Bielorrusia,6022.62
2009,10,BY,Bielorrusia,308.34
2009,10,BO,Bolivia,180.0
2009,10,BA,Bosnia y Herzegovina,7182.0
2009,10,BR,Brasil,70232.4
2009,10,BR,Brasil,2142.0
2009,10,BE,Bélgica,65753.84
2009,10,BE,Bélgica,315.0
2009,10,CA,Canadá,78042.33
2009,10,CA,Canadá,8547.94
2009,10,CL,Chile,6912.0
2009,10,CN,China,8550.0
2009,10,CN,China,342.0
2009,10,CO,Colombia,6294.75
2009,10,CO,Colombia,2287.12
2009,10,KR,Corea del Sur,35291.28
2009,10,CR,Costa Rica,9880.0
2009,10,CR,Costa Rica,7274.25
2009,10,SV,El Salvador,7560.0
2009,10,SV,El Salvador,1665.0
2009,10,AE,Emiratos Árabes Unidos,16093.92
2009,10,AE,Emiratos Árabes Unidos,666.0
2009,10,ES,España,452575.23
2009,10,ES,España,18256.2
2009,10,US,Estados Unidos,5813656.19
2009,10,US,Estados Unidos,3210352.93
2009,10,EE,Estonia,10416.0
2009,10,PH,Filipinas,12448.8
2009,10,FR,Francia,209484.11
2009,10,FR,Francia,3546.0
2009,10,GR,Grecia,42517.44
2009,10,GR,Grecia,6003.72
2009,10,GT,Guatemala,1174.28
2009,10,HN,Honduras,4374.75
2009,10,HK,Hong Kong,19872.0
2009,10,KY,Islas Caimán,7992.0
2009,10,KY,Islas Caimán,519.6
2009,10,IL,Israel,16605.0
2009,10,IT,Italia,6270.0
2009,10,IT,Italia,12676.8
2009,10,JP,Japón,142161.0
2009,10,JP,Japón,247.5
2009,10,QA,Katar,6048.0
2009,10,BS,Las Bahamas,954.0
2009,10,NI,Nicaragua,2700.0
2009,10,NI,Nicaragua,192.82
2009,10,NO,Noruega,8614.41
2009,10,NZ,Nueva Zelandia,19786.94
2009,10,NZ,Nueva Zelandia,1352.4
2009,10,PA,Panamá,83937.54
2009,10,PA,Panamá,17348.07
2009,10,PY,Paraguay,7387.2
2009,10,NL,Países Bajos,11259.78
2009,10,PE,Perú,56.25
2009,10,PL,Polonia,5292.0
2009,10,PR,Puerto Rico,11232.0
2009,10,PR,Puerto Rico,283.5
2009,10,GB,Reino Unido,132677.76
2009,10,GB,Reino Unido,6048.54
2009,10,RU,Rusia,91583.76
2009,10,RU,Rusia,21963.3
2009,10,SG,Singapur,32715.3
2009,10,SG,Singapur,13637.28
2009,10,ZA,Sudáfrica,36012.6
2009,10,ZA,Sudáfrica,810.0
2009,10,CH,Suiza,218.4
2009,10,SR,Suriname,9936.0
2009,10,TW,Taiwán (Región),1287.0
2009,10,TR,Turquía,3583.02
2009,10,UA,Ucrania,9895.2
2009,10,UA,Ucrania,877.8
2009,10,UY,Uruguay,3171.15
2009,10,VE,Venezuela,41854.5
2009,10,VE,Venezuela,2208.0
2009,11,DE,Alemania,757574.84
2009,11,DE,Alemania,6656.27
2009,11,AW,Aruba,23529.6
2009,11,AW,Aruba,6048.0
2009,11,AU,Australia,33162.78
2009,11,AU,Australia,7016.4
2009,11,AZ,Azerbaiyán,4995.0
2009,11,BO,Bolivia,8415.0
2009,11,BR,Brasil,58960.8
2009,11,BR,Brasil,3896.19
2009,11,BE,Bélgica,100064.95
2009,11,BE,Bélgica,1125.97
2009,11,CA,Canadá,111623.45
2009,11,CA,Canadá,15583.25
2009,11,CL,Chile,77788.8
2009,11,CL,Chile,1260.0
2009,11,CN,China,8550.0
2009,11,CN,China,11772.0
2009,11,CO,Colombia,3690.0
2009,11,KR,Corea del Sur,6585.49
2009,11,KR,Corea del Sur,4275.0
2009,11,CR,Costa Rica,4882.5
2009,11,EC,Ecuador,23625.0
2009,11,SV,El Salvador,7567.22
2009,11,SV,El Salvador,8.55
2009,11,AE,Emiratos Árabes Unidos,22248.0
2009,11,AE,Emiratos Árabes Unidos,7137.0
2009,11,ES,España,499118.54
2009,11,ES,España,502.74
2009,11,US,Estados Unidos,4842120.61
2009,11,US,Estados Unidos,2725707.9
2009,11,PH,Filipinas,59371.2
2009,11,FR,Francia,323385.85
2009,11,GR,Grecia,2245.53
2009,11,GU,Guam,7776.0
2009,11,GU,Guam,2520.0
2009,11,GT,Guatemala,8823.6
2009,11,GT,Guatemala,3692.68
2009,11,HN,Honduras,1433.25
2009,11,HN,Honduras,27.0
2009,11,HK,Hong Kong,15493.5
2009,11,HK,Hong Kong,1662.3
2009,11,IN,India,8000.0
2009,11,VI,Islas Vírgenes,6514.13
2009,11,VI,Islas Vírgenes,1944.0
2009,11,JP,Japón,33075.0
2009,11,JP,Japón,5464.12
2009,11,LT,Lituania,3277.5
2009,11,LT,Lituania,4735.54
2009,11,NI,Nicaragua,6754.5
2009,11,NZ,Nueva Zelandia,7565.04
2009,11,NZ,Nueva Zelandia,4477.2
2009,11,PA,Panamá,60545.55
2009,11,PA,Panamá,18125.82
2009,11,PT,Portugal,10703.35
2009,11,PT,Portugal,10.24
2009,11,PR,Puerto Rico,2520.0
2009,11,PR,Puerto Rico,10642.5
2009,11,GB,Reino Unido,125184.78
2009,11,GB,Reino Unido,43838.93
2009,11,DO,República Dominicana,3420.0
2009,11,DO,República Dominicana,2223.0
2009,11,RU,Rusia,86742.4
2009,11,RU,Rusia,3136.28
2009,11,SG,Singapur,23886.0
2009,11,SG,Singapur,15496.2
2009,11,ZA,Sudáfrica,51432.3
2009,11,ZA,Sudáfrica,1653.0
2009,11,CH,Suiza,10968.51
2009,11,CH,Suiza,696.93
2009,11,TH,Tailandia,418.5
2009,11,TW,Taiwán (Región),90.0
2009,11,TR,Turquía,17613.0
2009,11,TR,Turquía,1395.9
2009,11,UY,Uruguay,30901.39
2009,11,VE,Venezuela,29769.14
2009,12,DE,Alemania,682055.47
2009,12,DE,Alemania,26140.26
2009,12,AU,Australia,3485.92
2009,12,AU,Australia,2717.48
2009,12,BR,Brasil,76428.8
2009,12,BR,Brasil,1172.38
2009,12,BE,Bélgica,95984.46
2009,12,CA,Canadá,13428.0
2009,12,CA,Canadá,2083.5
2009,12,CZ,Chequia,11149.2
2009,12,CL,Chile,61951.5
2009,12,CN,China,8550.0
2009,12,CO,Colombia,24560.78
2009,12,CO,Colombia,746.55
2009,12,KR,Corea del Sur,37784.46
2009,12,KR,Corea del Sur,292.5
2009,12,CR,Costa Rica,12683.25
2009,12,CR,Costa Rica,4128.75
2009,12,CU,Cuba,10545.0
2009,12,EC,Ecuador,17625.0
2009,12,EC,Ecuador,877.5
2009,12,AE,Emiratos Árabes Unidos,38160.0
2009,12,SI,Eslovenia,2639.1
2009,12,SI,Eslovenia,1197.0
2009,12,ES,España,468662.09
2009,12,US,Estados Unidos,3811485.43
2009,12,US,Estados Unidos,1860454.97
2009,12,EE,Estonia,21318.6
2009,12,PH,Filipinas,71808.6
2009,12,FR,Francia,205505.28
2009,12,FR,Francia,6374.5
2009,12,GR,Grecia,132148.8
2009,12,GR,Grecia,6757.17
2009,12,GT,Guatemala,20083.34
2009,12,GT,Guatemala,1099.92
2009,12,HK,Hong Kong,43200.0
2009,12,HK,Hong Kong,2375.91
2009,12,HU,Hungría,8052.96
2009,12,IN,India,6528.0
2009,12,IN,India,2237.4
2009,12,VG,Islas Vírgenes Británicas,1710.0
2009,12,VG,Islas Vírgenes Británicas,90.0
2009,12,IL,Israel,9405.0
2009,12,IT,Italia,55565.02
2009,12,IT,Italia,311.22
2009,12,JP,Japón,90407.4
2009,12,JP,Japón,1096.1
2009,12,LV,Letonia,19678.5
2009,12,NZ,Nueva Zelandia,12405.6
2009,12,NZ,Nueva Zelandia,756.0
2009,12,PA,Panamá,98623.65
2009,12,PA,Panamá,25367.72
2009,12,PY,Paraguay,35704.8
2009,12,PE,Perú,18468.0
2009,12,PE,Perú,450.0
2009,12,PL,Polonia,7581.0
2009,12,PL,Polonia,4596.48
2009,12,PR,Puerto Rico,12096.0
2009,12,GB,Reino Unido,86671.69
2009,12,GB,Reino Unido,18895.5
2009,12,DO,República Dominicana,9.0
2009,12,RU,Rusia,69906.48
2009,12,RU,Rusia,1335.0
2009,12,SG,Singapur,32256.0
2009,12,SG,Singapur,7926.75
2009,12,ZA,Sudáfrica,179093.7
2009,12,ZA,Sudáfrica,5760.0
2009,12,SE,Suecia,4847.85
2009,12,TW,Taiwán (Región),9504.0
2009,12,TW,Taiwán (Región),0.75
2009,12,TR,Turquía,44089.5
2009,12,UY,Uruguay,9028.8
2009,12,UY,Uruguay,5342.58
2009,12,VE,Venezuela,27216.0
2009,12,VE,Venezuela,1228.5
2010,1,DE,Alemania,695764.05
2010,1,DE,Alemania,761.6
2010,1,AN,Antillas Holandesas,6912.0
2010,1,AN,Antillas Holandesas,56.25
2010,1,AR,Argentina,18054.0
2010,1,AU,Australia,8040.31
2010,1,AU,Australia,19646.54
2010,1,BR,Brasil,58814.1
2010,1,BG,Bulgaria,64802.16
2010,1,BE,Bélgica,31965.83
2010,1,CA,Canadá,81748.34
2010,1,CA,Canadá,9123.19
2010,1,CL,Chile,43844.4
2010,1,CN,China,1373.7
2010,1,CO,Colombia,4872.0
2010,1,CO,Colombia,1.5
2010,1,KR,Corea del Sur,23301.6
2010,1,KR,Corea del Sur,8441.7
2010,1,CR,Costa Rica,7944.75
2010,1,EC,Ecuador,638.4
2010,1,EG,Egipto,9191.25
2010,1,SV,El Salvador,12049.54
2010,1,SV,El Salvador,1724.68
2010,1,AE,Emiratos Árabes Unidos,28944.0
2010,1,SK,Eslovaquia,84.0
2010,1,ES,España,271055.93
2010,1,ES,España,3990.0
2010,1,US,Estados Unidos,4722963.08
2010,1,US,Estados Unidos,3216031.51
2010,1,EE,Estonia,15288.9
2010,1,FR,Francia,102225.78
2010,1,GR,Grecia,87843.84
2010,1,GR,Grecia,873.6
2010,1,HK,Hong Kong,45301.5
2010,1,HK,Hong Kong,9125.55
2010,1,IN,India,27873.51
2010,1,VI,Islas Vírgenes,7992.0
2010,1,VI,Islas Vírgenes,1813.5
2010,1,IL,Israel,4053.0
2010,1,IT,Italia,11970.0
2010,1,IT,Italia,18589.2
2010,1,JM,Jamaica,6000.0
2010,1,JP,Japón,112773.69
2010,1,JP,Japón,263.77
2010,1,BS,Las Bahamas,7182.0
2010,1,BS,Las Bahamas,270.0
2010,1,LV,Letonia,19930.05
2010,1,LV,Letonia,1367.14
2010,1,LB,Líbano,8052.0
2010,1,LB,Líbano,94.5
2010,1,NI,Nicaragua,900.0
2010,1,NO,Noruega,957.6
2010,1,NZ,Nueva Zelandia,12052.53
2010,1,NZ,Nueva Zelandia,1664.04
2010,1,NL,Países Bajos,399.0
2010,1,NL,Países Bajos,6770.4
2010,1,PL,Polonia,4596.48
2010,1,PR,Puerto Rico,10800.0
2010,1,PR,Puerto Rico,283.5
2010,1,GB,Reino Unido,63568.68
2010,1,GB,Reino Unido,9211.35
2010,1,RU,Rusia,17452.65
2010,1,RU,Rusia,14749.52
2010,1,SC,Seychelles,9975.0
2010,1,SG,Singapur,18400.5
2010,1,SG,Singapur,6063.63
2010,1,ZA,Sudáfrica,18643.5
2010,1,CH,Suiza,10773.0
2010,1,TW,Taiwán (Región),8208.0
2010,1,TW,Taiwán (Región),758.25
2010,1,TR,Turquía,6982.5
2010,1,UA,Ucrania,3900.0
2010,1,UA,Ucrania,435.0
2010,1,VE,Venezuela,15552.0
2010,1,VE,Venezuela,2488.34
2010,2,DE,Alemania,762282.5
2010,2,DE,Alemania,9234.88
2010,2,AM,Armenia,5016.0
2010,2,AU,Australia,59012.1
2010,2,AU,Australia,6850.11
2010,2,BM,Bermuda,4464.0
2010,2,BM,Bermuda,360.0
2010,2,BR,Brasil,40204.8
2010,2,BR,Brasil,1943.64
2010,2,CA,Canadá,27970.5
2010,2,CA,Canadá,21756.94
2010,2,CZ,Chequia,4194.0
2010,2,CL,Chile,41280.0
2010,2,CN,China,8550.0
2010,2,CO,Colombia,16472.14
2010,2,CO,Colombia,5967.14
2010,2,KR,Corea del Sur,11382.3
2010,2,KR,Corea del Sur,786.6
2010,2,CR,Costa Rica,11370.0
2010,2,CR,Costa Rica,1586.25
2010,2,EC,Ecuador,11115.0
2010,2,EC,Ecuador,421.88
2010,2,SV,El Salvador,9475.2
2010,2,AE,Emiratos Árabes Unidos,16182.0
2010,2,AE,Emiratos Árabes Unidos,7344.0
2010,2,SK,Eslovaquia,336.0
2010,2,ES,España,32282.83
2010,2,ES,España,9810.11
2010,2,US,Estados Unidos,5298692.78
2010,2,US,Estados Unidos,2865402.84
2010,2,EE,Estonia,19525.2
2010,2,PH,Filipinas,7356.52
2010,2,FR,Francia,287468.52
2010,2,FR,Francia,68.4
2010,2,GR,Grecia,53529.84
2010,2,GR,Grecia,10952.85
2010,2,GT,Guatemala,2436.0
2010,2,GT,Guatemala,2292.3
2010,2,HN,Honduras,955.5
2010,2,HN,Honduras,345.37
2010,2,HK,Hong Kong,31585.5
2010,2,HK,Hong Kong,13892.37
2010,2,IL,Israel,8393.25
2010,2,IL,Israel,900.0
2010,2,IT,Italia,9576.0
2010,2,JP,Japón,94842.61
2010,2,JP,Japón,800.05
2010,2,LB,Líbano,11080.8
2010,2,LB,Líbano,378.0
2010,2,NI,Nicaragua,2610.0
2010,2,NI,Nicaragua,246.38
2010,2,NO,Noruega,10054.8
2010,2,NO,Noruega,83.79
2010,2,NZ,Nueva Zelandia,7952.64
2010,2,PA,Panamá,47574.0
2010,2,PA,Panamá,26729.76
2010,2,PY,Paraguay,29087.47
2010,2,PY,Paraguay,180.0
2010,2,PE,Perú,8618.4
2010,2,PE,Perú,900.0
2010,2,PR,Puerto Rico,27036.0
2010,2,PR,Puerto Rico,3307.5
2010,2,GB,Reino Unido,45486.0
2010,2,DO,República Dominicana,9418.5
2010,2,RU,Rusia,30636.0
2010,2,RU,Rusia,2376.0
2010,2,SG,Singapur,16092.0
2010,2,SG,Singapur,6630.75
2010,2,ZA,Sudáfrica,58050.0
2010,2,ZA,Sudáfrica,569.25
2010,2,SE,Suecia,10773.0
2010,2,SE,Suecia,149.62
2010,2,TH,Tailandia,3.0
2010,2,TW,Taiwán (Región),8208.0
2010,2,TW,Taiwán (Región),756.0
2010,2,TT,Trinidad y Tobago,7797.6
2010,2,TT,Trinidad y Tobago,720.0
2010,2,TR,Turquía,34784.25
2010,2,UA,Ucrania,39528.6
2010,2,UA,Ucrania,1168.5
2010,2,VE,Venezuela,5.28
2010,3,DE,Alemania,353255.91
2010,3,DE,Alemania,31662.66
2010,3,AR,Argentina,20617.2
2010,3,AU,Australia,122186.55
2010,3,AU,Australia,1449.0
2010,3,BO,Bolivia,7387.2
2010,3,BO,Bolivia,167.58
2010,3,BA,Bosnia y Herzegovina,11132.1
2010,3,BR,Brasil,51710.4
2010,3,BR,Brasil,1417.2
2010,3,BE,Bélgica,30678.6
2010,3,CA,Canadá,206944.3
2010,3,CA,Canadá,11685.86
2010,3,CZ,Chequia,5.85
2010,3,CL,Chile,104506.2
2010,3,CL,Chile,504.0
2010,3,CN,China,9900.0
2010,3,CN,China,432.0
2010,3,CO,Colombia,12730.95
2010,3,CO,Colombia,4365.45
2010,3,KR,Corea del Sur,26094.31
2010,3,KR,Corea del Sur,12707.4
2010,3,CR,Costa Rica,13994.85
2010,3,CR,Costa Rica,737.31
2010,3,DK,Dinamarca,1795.5
2010,3,SV,El Salvador,5166.0
2010,3,SV,El Salvador,4436.89
2010,3,AE,Emiratos Árabes Unidos,61004.88
2010,3,AE,Emiratos Árabes Unidos,5382.0
2010,3,SI,Eslovenia,19577.1
2010,3,ES,España,141578.79
2010,3,ES,España,10256.27
2010,3,US,Estados Unidos,6791480.02
2010,3,US,Estados Unidos,3536580.89
2010,3,EE,Estonia,6088.8
2010,3,FR,Francia,223576.91
2010,3,FR,Francia,454.86
2010,3,GR,Grecia,152210.52
2010,3,GR,Grecia,7908.18
2010,3,GT,Guatemala,8160.6
2010,3,GT,Guatemala,1421.98
2010,3,HK,Hong Kong,19872.0
2010,3,HK,Hong Kong,4844.25
2010,3,VI,Islas Vírgenes,9034.12
2010,3,VI,Islas Vírgenes,1233.0
2010,3,IL,Israel,9319.5
2010,3,IT,Italia,31122.0
2010,3,IT,Italia,5424.72
2010,3,JP,Japón,82802.1
2010,3,JP,Japón,12605.55
2010,3,QA,Katar,5616.0
2010,3,QA,Katar,378.0
2010,3,KZ,Kazajstán,19935.75
2010,3,BS,Las Bahamas,8139.6
2010,3,BS,Las Bahamas,540.0
2010,3,LB,Líbano,2872.8
2010,3,NZ,Nueva Zelandia,12927.6
2010,3,NZ,Nueva Zelandia,1197.0
2010,3,PA,Panamá,72250.65
2010,3,PA,Panamá,9497.45
2010,3,PE,Perú,180.0
2010,3,PR,Puerto Rico,2812.5
2010,3,GB,Reino Unido,40299.0
2010,3,GB,Reino Unido,25187.14
2010,3,DO,República Dominicana,418.95
2010,3,RU,Rusia,161769.6
2010,3,RU,Rusia,11892.24
2010,3,SG,Singapur,8242.74
2010,3,ZA,Sudáfrica,82353.6
2010,3,ZA,Sudáfrica,405.0
2010,3,SE,Suecia,4341.64
2010,3,SR,Suriname,8960.4
2010,3,TR,Turquía,32202.0
2010,3,TR,Turquía,102.84
2010,3,UY,Uruguay,7797.6
2010,3,VE,Venezuela,23949.0
2010,4,DE,Alemania,425267.32
2010,4,DE,Alemania,3073.32
2010,4,AR,Argentina,18940.05
2010,4,AR,Argentina,198.64
2010,4,AW,Aruba,24418.8
2010,4,AW,Aruba,8550.0
2010,4,AU,Australia,86723.53
2010,4,AU,Australia,18400.44
2010,4,BJ,Benin,1.43
2010,4,BY,Bielorrusia,5226.9
2010,4,BY,Bielorrusia,466.83
2010,4,BO,Bolivia,9439.2
2010,4,BR,Brasil,110607.3
2010,4,BR,Brasil,1745.7
2010,4,BE,Bélgica,2561.4
2010,4,BE,Bélgica,1902.51
2010,4,CA,Canadá,125570.46
2010,4,CA,Canadá,26700.0
2010,4,CZ,Chequia,21.0
2010,4,CL,Chile,31483.5
2010,4,CL,Chile,2.14
2010,4,CN,China,17704.98
2010,4,CN,China,3331.51
2010,4,CO,Colombia,18878.4
2010,4,KR,Corea del Sur,47876.37
2010,4,KR,Corea del Sur,342.22
2010,4,CR,Costa Rica,12780.0
2010,4,CR,Costa Rica,2070.0
2010,4,DK,Dinamarca,7182.0
2010,4,EC,Ecuador,8901.0
2010,4,EC,Ecuador,332.77
2010,4,EG,Egipto,9120.0
2010,4,SV,El Salvador,11964.83
2010,4,SV,El Salvador,678.3
2010,4,AE,Emiratos Árabes Unidos,28782.96
2010,4,AE,Emiratos Árabes Unidos,636.75
2010,4,SI,Eslovenia,8618.4
2010,4,ES,España,499721.96
2010,4,ES,España,9871.26
2010,4,US,Estados Unidos,8071393.59
2010,4,US,Estados Unidos,3717869.45
2010,4,EE,Estonia,11508.0
2010,4,FR,Francia,136372.46
2010,4,FR,Francia,6466.44
2010,4,GR,Grecia,383.04
2010,4,GT,Guatemala,13586.33
2010,4,GT,Guatemala,1028.67
2010,4,HN,Honduras,2577.96
2010,4,HN,Honduras,12819.94
2010,4,HK,Hong Kong,38016.0
2010,4,HK,Hong Kong,3445.05
2010,4,IE,Irlanda,17955.0
2010,4,KY,Islas Caimán,7074.0
2010,4,KY,Islas Caimán,1239.6
2010,4,VG,Islas Vírgenes Británicas,2120.4
2010,4,IL,Israel,9262.5
2010,4,IT,Italia,38304.0
2010,4,IT,Italia,58.8
2010,4,JP,Japón,84811.5
2010,4,JP,Japón,2406.75
2010,4,LV,Letonia,45097.5
2010,4,LV,Letonia,1955.1
2010,4,NZ,Nueva Zelandia,12806.89
2010,4,NZ,Nueva Zelandia,3389.82
2010,4,PA,Panamá,81301.2
2010,4,PA,Panamá,43617.21
2010,4,PY,Paraguay,48016.8
2010,4,PE,Perú,18057.6
2010,4,PE,Perú,720.0
2010,4,PR,Puerto Rico,28080.0
2010,4,PR,Puerto Rico,1579.5
2010,4,GB,Reino Unido,88897.57
2010,4,GB,Reino Unido,10916.2
2010,4,DO,República Dominicana,3591.0
2010,4,DO,República Dominicana,2370.0
2010,4,RU,Rusia,192248.46
2010,4,RU,Rusia,5795.4
2010,4,SG,Singapur,17373.6
2010,4,SG,Singapur,12378.0
2010,4,ZA,Sudáfrica,104372.1
2010,4,ZA,Sudáfrica,10016.25
2010,4,CH,Suiza,22431.78
2010,4,CH,Suiza,184.85
2010,4,SR,Suriname,9774.0
2010,4,TH,Tailandia,574.02
2010,4,TW,Taiwán (Región),9936.0
2010,4,TT,Trinidad y Tobago,7797.6
2010,4,TT,Trinidad y Tobago,450.0
2010,4,TR,Turquía,27374.25
2010,4,TR,Turquía,99.75
2010,4,UA,Ucrania,49359.06
2010,4,UA,Ucrania,1359.45
2010,4,UY,Uruguay,15447.6
2010,4,UY,Uruguay,405.27
2010,5,DE,Alemania,470340.8
2010,5,DE,Alemania,21326.7
2010,5,AN,Antillas Holandesas,6976.8
2010,5,AN,Antillas Holandesas,509.4
2010,5,AR,Argentina,2.0
2010,5,AR,Argentina,824.92
2010,5,AU,Australia,23521.05
2010,5,AU,Australia,22792.56
2010,5,BY,Bielorrusia,4588.5
2010,5,BR,Brasil,20262.6
2010,5,BR,Brasil,1365.48
2010,5,BE,Bélgica,63643.45
2010,5,CA,Canadá,218964.81
2010,5,CA,Canadá,4514.32
2010,5,CL,Chile,37620.0
2010,5,CL,Chile,8649.0
2010,5,CN,China,8550.0
2010,5,CO,Colombia,1575.0
2010,5,CO,Colombia,1945.12
2010,5,KR,Corea del Sur,63979.67
2010,5,KR,Corea del Sur,3175.05
2010,5,CR,Costa Rica,21392.25
2010,5,CR,Costa Rica,3681.75
2010,5,CU,Cuba,20235.0
2010,5,EC,Ecuador,11.25
2010,5,EG,Egipto,9120.0
2010,5,SV,El Salvador,7660.8
2010,5,SV,El Salvador,562.5
2010,5,AE,Emiratos Árabes Unidos,20088.0
2010,5,AE,Emiratos Árabes Unidos,2574.0
2010,5,SK,Eslovaquia,210.0
2010,5,ES,España,317295.22
2010,5,ES,España,16289.7
2010,5,US,Estados Unidos,5548728.3
2010,5,US,Estados Unidos,3760628.6
2010,5,EE,Estonia,27633.6
2010,5,PH,Filipinas,70216.72
2010,5,PH,Filipinas,1496.25
2010,5,FR,Francia,183123.4
2010,5,FR,Francia,21.0
2010,5,GR,Grecia,8064.75
2010,5,GU,Guam,6912.0
2010,5,GU,Guam,1800.0
2010,5,GT,Guatemala,10266.3
2010,5,HN,Honduras,477.75
2010,5,HN,Honduras,338.62
2010,5,HK,Hong Kong,46224.0
2010,5,HK,Hong Kong,386.25
2010,5,HU,Hungría,5729.64
2010,5,IN,India,8172.0
2010,5,IN,India,315.0
2010,5,IL,Israel,18810.0
2010,5,IL,Israel,684.0
2010,5,IT,Italia,31226.7
2010,5,IT,Italia,9839.76
2010,5,JP,Japón,100466.25
2010,5,JP,Japón,724.5
2010,5,QA,Katar,6048.0
2010,5,LV,Letonia,19085.03
2010,5,LT,Lituania,11350.12
2010,5,LB,Líbano,9028.8
2010,5,LB,Líbano,472.5
2010,5,MY,Malasia,1710.0
2010,5,NI,Nicaragua,1228.5
2010,5,NO,Noruega,1596.0
2010,5,NZ,Nueva Zelandia,10539.12
2010,5,NZ,Nueva Zelandia,378.0
2010,5,PA,Panamá,72893.55
2010,5,PA,Panamá,13484.34
2010,5,NL,Países Bajos,4389.0
2010,5,NL,Países Bajos,3507.0
2010,5,PE,Perú,9439.2
2010,5,PR,Puerto Rico,4752.0
2010,5,GB,Reino Unido,140527.8
2010,5,GB,Reino Unido,24176.25
2010,5,RU,Rusia,16131.4
2010,5,RU,Rusia,19303.56
2010,5,SG,Singapur,85039.2
2010,5,SG,Singapur,2315.92
2010,5,ZA,Sudáfrica,95124.6
2010,5,ZA,Sudáfrica,447.75
2010,5,SE,Suecia,8618.4
2010,5,CH,Suiza,2154.6
2010,5,SR,Suriname,8208.0
2010,5,TW,Taiwán (Región),17694.0
2010,5,TW,Taiwán (Región),756.0
2010,5,TT,Trinidad y Tobago,8618.4
2010,5,TR,Turquía,45286.5
2010,5,TR,Turquía,5556.0
2010,5,UY,Uruguay,9439.2
2010,6,DE,Alemania,889315.27
2010,6,DE,Alemania,31494.42
2010,6,AU,Australia,93215.94
2010,6,AU,Australia,8905.2
2010,6,BO,Bolivia,9439.2
2010,6,BA,Bosnia y Herzegovina,11124.12
2010,6,BR,Brasil,53611.2
2010,6,BR,Brasil,3350.73
2010,6,BE,Bélgica,75554.05
2010,6,CA,Canadá,216006.47
2010,6,CA,Canadá,26805.15
2010,6,CZ,Chequia,4053.0
2010,6,CL,Chile,104936.4
2010,6,CL,Chile,22.5
2010,6,CN,China,8553.0
2010,6,CN,China,10.4
2010,6,CO,Colombia,28844.1
2010,6,CO,Colombia,1225.95
2010,6,KR,Corea del Sur,5417.22
2010,6,KR,Corea del Sur,27.0
2010,6,CR,Costa Rica,1200.0
2010,6,CR,Costa Rica,3241.58
2010,6,EC,Ecuador,11076.75
2010,6,EC,Ecuador,367.78
2010,6,SV,El Salvador,810.0
2010,6,AE,Emiratos Árabes Unidos,39888.0
2010,6,ES,España,231875.04
2010,6,ES,España,12975.12
2010,6,US,Estados Unidos,7897814.14
2010,6,US,Estados Unidos,3988114.06
2010,6,EE,Estonia,32935.2
2010,6,FR,Francia,243559.54
2010,6,FR,Francia,99.75
2010,6,GR,Grecia,57456.0
2010,6,GR,Grecia,454.89
2010,6,GT,Guatemala,8385.75
2010,6,GT,Guatemala,981.37
2010,6,HK,Hong Kong,18158.7
2010,6,HK,Hong Kong,99.0
2010,6,HU,Hungría,11203.92
2010,6,IL,Israel,25935.0
2010,6,IL,Israel,900.0
2010,6,IT,Italia,34986.03
2010,6,IT,Italia,9811.2
2010,6,JP,Japón,163599.0
2010,6,JP,Japón,1465.05
2010,6,KZ,Kazajstán,8740.95
2010,6,KZ,Kazajstán,90.0
2010,6,BS,Las Bahamas,8276.4
2010,6,BS,Las Bahamas,360.0
2010,6,LV,Letonia,23187.6
2010,6,LV,Letonia,3760.27
2010,6,MC,Mónaco,2106.0
2010,6,NZ,Nueva Zelandia,12831.84
2010,6,NZ,Nueva Zelandia,3340.59
2010,6,PA,Panamá,72043.25
2010,6,PA,Panamá,7074.36
2010,6,PE,Perú,15106.95
2010,6,PE,Perú,900.0
2010,6,PR,Puerto Rico,50045.65
2010,6,PR,Puerto Rico,756.0
2010,6,GB,Reino Unido,126301.65
2010,6,GB,Reino Unido,26465.08
2010,6,RU,Rusia,76105.2
2010,6,RU,Rusia,10937.4
2010,6,SG,Singapur,42517.44
2010,6,SG,Singapur,12332.22
2010,6,ZA,Sudáfrica,42087.9
2010,6,ZA,Sudáfrica,18.0
2010,6,SE,Suecia,167.58
2010,6,SE,Suecia,425.79
2010,6,SR,Suriname,1231.2
2010,6,TR,Turquía,32675.25
2010,6,TR,Turquía,139.65
2010,6,UA,Ucrania,33135.75
2010,6,UY,Uruguay,20641.39
2010,6,VE,Venezuela,21438.49
2010,7,DE,Alemania,788537.41
2010,7,DE,Alemania,11720.5
2010,7,AR,Argentina,278.44
2010,7,AU,Australia,47707.62
2010,7,AU,Australia,10533.6
2010,7,AT,Austria,9216.9
2010,7,BJ,Benin,6.41
2010,7,BO,Bolivia,29798.4
2010,7,BR,Brasil,50500.8
2010,7,BR,Brasil,12374.55
2010,7,BE,Bélgica,66745.31
2010,7,CA,Canadá,75451.71
2010,7,CA,Canadá,25715.03
2010,7,CZ,Chequia,11149.2
2010,7,CL,Chile,81600.0
2010,7,CL,Chile,588.0
2010,7,CN,China,5557.5
2010,7,CN,China,4.5
2010,7,CO,Colombia,16953.7
2010,7,KR,Corea del Sur,77448.18
2010,7,CR,Costa Rica,7295.17
2010,7,DK,Dinamarca,7178.01
2010,7,EC,Ecuador,15750.0
2010,7,EC,Ecuador,7350.0
2010,7,SV,El Salvador,3589.69
2010,7,SV,El Salvador,157.5
2010,7,AE,Emiratos Árabes Unidos,32214.96
2010,7,ES,España,188967.31
2010,7,ES,España,9368.73
2010,7,US,Estados Unidos,5045404.55
2010,7,US,Estados Unidos,4144910.69
2010,7,EE,Estonia,36708.0
2010,7,FR,Francia,216170.95
2010,7,FR,Francia,10110.0
2010,7,GR,Grecia,37936.92
2010,7,GR,Grecia,6574.38
2010,7,GT,Guatemala,10486.88
2010,7,GT,Guatemala,405.0
2010,7,HN,Honduras,955.5
2010,7,HK,Hong Kong,5557.5
2010,7,HK,Hong Kong,79.65
2010,7,VG,Islas Vírgenes Británicas,3009.6
2010,7,VG,Islas Vírgenes Británicas,90.0
2010,7,IL,Israel,1368.0
2010,7,IT,Italia,47783.99
2010,7,IT,Italia,9324.0
2010,7,JP,Japón,44007.0
2010,7,JP,Japón,5168.27
2010,7,LV,Letonia,29095.2
2010,7,MY,Malasia,2009.25
2010,7,NO,Noruega,7182.0
2010,7,NZ,Nueva Zelandia,1436.4
2010,7,NZ,Nueva Zelandia,2669.4
2010,7,PA,Panamá,106801.2
2010,7,PA,Panamá,5343.07
2010,7,PY,Paraguay,42681.6
2010,7,PY,Paraguay,514.99
2010,7,NL,Países Bajos,798.0
2010,7,NL,Países Bajos,5187.0
2010,7,PE,Perú,17740.8
2010,7,PE,Perú,356.53
2010,7,PL,Polonia,9192.96
2010,7,PR,Puerto Rico,15120.0
2010,7,GB,Reino Unido,151108.62
2010,7,GB,Reino Unido,36360.21
2010,7,RU,Rusia,85485.12
2010,7,RU,Rusia,10412.25
2010,7,SG,Singapur,23100.0
2010,7,SG,Singapur,9687.6
2010,7,ZA,Sudáfrica,80587.5
2010,7,ZA,Sudáfrica,3990.0
2010,7,SE,Suecia,1915.2
2010,7,SE,Suecia,2677.29
2010,7,CH,Suiza,1162.8
2010,7,CH,Suiza,6.3
2010,7,TH,Tailandia,6.75
2010,7,TR,Turquía,47780.25
2010,7,TR,Turquía,159.6
2010,7,UA,Ucrania,11624.1
2010,7,UA,Ucrania,6821.0
2010,7,UY,Uruguay,8208.0
2010,7,VE,Venezuela,6096.0
2010,7,VE,Venezuela,225.0
2010,8,DE,Alemania,507761.13
2010,8,DE,Alemania,24258.6
2010,8,AR,Argentina,7899.3
2010,8,AR,Argentina,22.8
2010,8,AU,Australia,40211.22
2010,8,AU,Australia,18809.19
2010,8,AT,Austria,21639.24
2010,8,AT,Austria,2140.95
2010,8,BA,Bosnia y Herzegovina,11491.2
2010,8,BR,Brasil,63421.2
2010,8,BR,Brasil,1367.43
2010,8,BE,Bélgica,59989.62
2010,8,CA,Canadá,122648.71
2010,8,CA,Canadá,8644.11
2010,8,CZ,Chequia,393.75
2010,8,CL,Chile,53145.0
2010,8,CN,China,8552.0
2010,8,CO,Colombia,37186.2
2010,8,CO,Colombia,6681.38
2010,8,KR,Corea del Sur,23209.92
2010,8,CR,Costa Rica,5670.0
2010,8,CR,Costa Rica,3375.0
2010,8,EC,Ecuador,5335.2
2010,8,EC,Ecuador,337.5
2010,8,SV,El Salvador,28415.96
2010,8,SV,El Salvador,2075.16
2010,8,AE,Emiratos Árabes Unidos,12060.0
2010,8,AE,Emiratos Árabes Unidos,1350.0
2010,8,SK,Eslovaquia,210.0
2010,8,ES,España,378790.93
2010,8,ES,España,3990.0
2010,8,US,Estados Unidos,5924915.8
2010,8,US,Estados Unidos,4031383.31
2010,8,EE,Estonia,76596.0
2010,8,FR,Francia,213988.15
2010,8,FR,Francia,3232.2
2010,8,GR,Grecia,9959.04
2010,8,GR,Grecia,7980.0
2010,8,GT,Guatemala,24999.9
2010,8,GT,Guatemala,3590.61
2010,8,GY,Guayana,36.0
2010,8,HN,Honduras,9298.35
2010,8,HN,Honduras,9431.04
2010,8,HK,Hong Kong,38364.0
2010,8,HK,Hong Kong,180.0
2010,8,IN,India,9000.0
2010,8,IQ,Irak,10203.0
2010,8,IT,Italia,35910.0
2010,8,JP,Japón,80674.0
2010,8,JP,Japón,9718.5
2010,8,BS,Las Bahamas,8139.6
2010,8,LV,Letonia,11250.0
2010,8,LV,Letonia,5775.0
2010,8,NZ,Nueva Zelandia,23781.24
2010,8,NZ,Nueva Zelandia,399.38
2010,8,PA,Panamá,4352.32
2010,8,PA,Panamá,10514.1
2010,8,PY,Paraguay,68842.8
2010,8,PY,Paraguay,67.5
2010,8,NL,Países Bajos,32207.18
2010,8,NL,Países Bajos,1698.93
2010,8,PE,Perú,10024.2
2010,8,PE,Perú,22.5
2010,8,GB,Reino Unido,59823.0
2010,8,GB,Reino Unido,27257.88
2010,8,RU,Rusia,28552.08
2010,8,RU,Rusia,8454.0
2010,8,SG,Singapur,37433.22
2010,8,SG,Singapur,14481.0
2010,8,ZA,Sudáfrica,114319.8
2010,8,ZA,Sudáfrica,5010.0
2010,8,SE,Suecia,2.14
2010,8,CH,Suiza,11132.1
2010,8,CH,Suiza,147.0
2010,8,TT,Trinidad y Tobago,14774.4
2010,8,TT,Trinidad y Tobago,720.0
2010,8,TR,Turquía,7182.0
2010,8,UA,Ucrania,29064.96
2010,8,UA,Ucrania,384.75
2010,8,UY,Uruguay,9439.2
2010,8,UY,Uruguay,2755.95
2010,8,VE,Venezuela,14436.0
2010,8,VE,Venezuela,1296.0
2010,9,DE,Alemania,732176.87
2010,9,DE,Alemania,23281.5
2010,9,AN,Antillas Holandesas,504.0
2010,9,AN,Antillas Holandesas,56.25
2010,9,AR,Argentina,1867.28
2010,9,AU,Australia,89439.84
2010,9,AU,Australia,1126.98
2010,9,AT,Austria,1995.0
2010,9,AT,Austria,19.95
2010,9,BR,Brasil,148590.0
2010,9,BR,Brasil,3788.14
2010,9,BE,Bélgica,29700.0
2010,9,CA,Canadá,234027.34
2010,9,CA,Canadá,25848.48
2010,9,CZ,Chequia,5709.12
2010,9,CZ,Chequia,383.04
2010,9,CL,Chile,61682.4
2010,9,CL,Chile,1332.0
2010,9,CN,China,11250.0
2010,9,CN,China,8460.0
2010,9,CO,Colombia,19939.2
2010,9,CO,Colombia,1478.25
2010,9,KR,Corea del Sur,26429.76
2010,9,CR,Costa Rica,11175.0
2010,9,CR,Costa Rica,1237.5
2010,9,EC,Ecuador,23906.25
2010,9,SV,El Salvador,360.0
2010,9,SV,El Salvador,6628.5
2010,9,AE,Emiratos Árabes Unidos,20880.0
2010,9,SK,Eslovaquia,1386.7
2010,9,ES,España,477757.59
2010,9,ES,España,8300.41
2010,9,US,Estados Unidos,8008383.5
2010,9,US,Estados Unidos,4036369.24
2010,9,EE,Estonia,13698.0
2010,9,PH,Filipinas,9675.0
2010,9,PH,Filipinas,427.5
2010,9,FR,Francia,199270.9
2010,9,FR,Francia,2350.43
2010,9,GR,Grecia,49795.2
2010,9,GU,Guam,7344.0
2010,9,GT,Guatemala,23897.25
2010,9,GT,Guatemala,3139.49
2010,9,HK,Hong Kong,5557.5
2010,9,HK,Hong Kong,805.5
2010,9,IN,India,2925.0
2010,9,KY,Islas Caimán,504.0
2010,9,KY,Islas Caimán,180.0
2010,9,VI,Islas Vírgenes,9576.0
2010,9,VI,Islas Vírgenes,189.0
2010,9,IL,Israel,5850.0
2010,9,IT,Italia,62339.76
2010,9,IT,Italia,8848.74
2010,9,JM,Jamaica,4924.8
2010,9,JP,Japón,126978.0
2010,9,JP,Japón,963.0
2010,9,QA,Katar,8208.0
2010,9,QA,Katar,378.0
2010,9,LV,Letonia,28392.75
2010,9,LV,Letonia,2475.84
2010,9,MC,Mónaco,4563.0
2010,9,NI,Nicaragua,3237.6
2010,9,NZ,Nueva Zelandia,13980.96
2010,9,NZ,Nueva Zelandia,756.0
2010,9,PA,Panamá,141027.6
2010,9,PA,Panamá,40988.62
2010,9,PY,Paraguay,3543.75
2010,9,PY,Paraguay,837.0
2010,9,NL,Países Bajos,3670.8
2010,9,PE,Perú,9439.2
2010,9,PL,Polonia,13789.44
2010,9,PR,Puerto Rico,28080.0
2010,9,PR,Puerto Rico,2160.0
2010,9,GB,Reino Unido,138712.94
2010,9,GB,Reino Unido,12410.22
2010,9,RU,Rusia,136348.86
2010,9,RU,Rusia,14915.7
2010,9,SG,Singapur,67321.26
2010,9,SG,Singapur,612.0
2010,9,ZA,Sudáfrica,93963.6
2010,9,ZA,Sudáfrica,4.5
2010,9,CH,Suiza,11132.1
2010,9,SR,Suriname,18878.4
2010,9,TH,Tailandia,564.9
2010,9,TW,Taiwán (Región),9936.0
2010,9,TR,Turquía,13930.8
2010,9,TR,Turquía,518.7
2010,9,UA,Ucrania,17744.38
2010,9,UY,Uruguay,24096.82
2010,9,UY,Uruguay,378.0
2010,9,VE,Venezuela,9000.0
2010,10,DE,Alemania,871850.68
2010,10,DE,Alemania,32164.02
2010,10,AN,Antillas Holandesas,5198.4
2010,10,AN,Antillas Holandesas,419.4
2010,10,AR,Argentina,20898.0
2010,10,AR,Argentina,1105.93
2010,10,AW,Aruba,20520.0
2010,10,AU,Australia,20096.33
2010,10,AU,Australia,14877.23
2010,10,BD,Bangladesh,10200.0
2010,10,BM,Bermuda,4651.2
2010,10,BY,Bielorrusia,3775.11
2010,10,BY,Bielorrusia,27.93
2010,10,BO,Bolivia,6653.21
2010,10,BO,Bolivia,944.73
2010,10,BR,Brasil,45737.1
2010,10,BR,Brasil,32571.0
2010,10,BE,Bélgica,3990.0
2010,10,BE,Bélgica,1995.0
2010,10,CA,Canadá,377963.83
2010,10,CA,Canadá,15640.05
2010,10,CL,Chile,92166.3
2010,10,CL,Chile,8752.5
2010,10,CN,China,17559.31
2010,10,CN,China,5632.5
2010,10,CO,Colombia,14286.0
2010,10,CO,Colombia,225.15
2010,10,KR,Corea del Sur,46796.76
2010,10,KR,Corea del Sur,1231.2
2010,10,CR,Costa Rica,22881.3
2010,10,CR,Costa Rica,5669.55
2010,10,EC,Ecuador,16537.5
2010,10,SV,El Salvador,11259.94
2010,10,SV,El Salvador,708.75
2010,10,AE,Emiratos Árabes Unidos,25741.92
2010,10,AE,Emiratos Árabes Unidos,1458.0
2010,10,ES,España,497055.2
2010,10,ES,España,6084.75
2010,10,US,Estados Unidos,5659257.86
2010,10,US,Estados Unidos,4038137.46
2010,10,EE,Estonia,28254.0
2010,10,PH,Filipinas,6128.64
2010,10,PH,Filipinas,876.0
2010,10,FR,Francia,336023.64
2010,10,FR,Francia,2958.3
2010,10,GR,Grecia,9959.04
2010,10,GT,Guatemala,4932.38
2010,10,GT,Guatemala,320.62
2010,10,HN,Honduras,12389.58
2010,10,HN,Honduras,2282.44
2010,10,HK,Hong Kong,49680.0
2010,10,HU,Hungría,5981.58
2010,10,IN,India,13202.55
2010,10,IN,India,79.8
2010,10,IQ,Irak,11035.2
2010,10,KY,Islas Caimán,6703.2
2010,10,KY,Islas Caimán,540.0
2010,10,IL,Israel,18935.4
2010,10,IT,Italia,13381.2
2010,10,IT,Italia,9609.18
2010,10,JP,Japón,88975.35
2010,10,JP,Japón,7087.5
2010,10,BS,Las Bahamas,27.0
2010,10,LV,Letonia,21750.0
2010,10,LB,Líbano,11901.6
2010,10,LB,Líbano,758.25
2010,10,MO,Macau,1242.6
2010,10,MO,Macau,624.15
2010,10,NI,Nicaragua,2700.0
2010,10,NI,Nicaragua,180.0
2010,10,NG,Nigeria,16501.5
2010,10,NZ,Nueva Zelandia,8869.12
2010,10,NZ,Nueva Zelandia,6134.52
2010,10,PA,Panamá,76528.05
2010,10,PA,Panamá,13479.02
2010,10,PY,Paraguay,9439.2
2010,10,NL,Países Bajos,120.84
2010,10,NL,Países Bajos,4695.94
2010,10,PE,Perú,18468.0
2010,10,PE,Perú,3150.0
2010,10,PL,Polonia,4596.48
2010,10,PR,Puerto Rico,11232.0
2010,10,PR,Puerto Rico,10575.0
2010,10,GB,Reino Unido,78679.95
2010,10,GB,Reino Unido,19088.49
2010,10,RU,Rusia,108300.9
2010,10,RU,Rusia,12586.8
2010,10,SC,Seychelles,9975.0
2010,10,SG,Singapur,14960.4
2010,10,SG,Singapur,12744.75
2010,10,ZA,Sudáfrica,64212.98
2010,10,ZA,Sudáfrica,1350.0
2010,10,SE,Suecia,7900.2
2010,10,SE,Suecia,335.16
2010,10,CH,Suiza,2.25
2010,10,TH,Tailandia,7182.0
2010,10,TW,Taiwán (Región),9936.0
2010,10,TR,Turquía,39330.0
2010,10,TR,Turquía,119.7
2010,10,UY,Uruguay,15278.4
2010,10,VE,Venezuela,7650.0
2010,10,VE,Venezuela,225.0
2010,11,DE,Alemania,687873.69
2010,11,DE,Alemania,2912.7
2010,11,AR,Argentina,14223.38
2010,11,AM,Armenia,6158.85
2010,11,AM,Armenia,45.0
2010,11,AW,Aruba,10260.0
2010,11,AU,Australia,39446.82
2010,11,AU,Australia,10737.27
2010,11,AZ,Azerbaiyán,12032.7
2010,11,AZ,Azerbaiyán,675.0
2010,11,BA,Bosnia y Herzegovina,11491.2
2010,11,BR,Brasil,80812.8
2010,11,BR,Brasil,5205.03
2010,11,BE,Bélgica,35260.34
2010,11,BE,Bélgica,1995.0
2010,11,CA,Canadá,314217.74
2010,11,CA,Canadá,11966.31
2010,11,CZ,Chequia,17875.66
2010,11,CL,Chile,166903.2
2010,11,CN,China,5342.0
2010,11,CO,Colombia,1732.5
2010,11,CO,Colombia,663.0
2010,11,KR,Corea del Sur,14437.53
2010,11,KR,Corea del Sur,7800.0
2010,11,CR,Costa Rica,18823.65
2010,11,DK,Dinamarca,7182.0
2010,11,EC,Ecuador,25711.87
2010,11,SV,El Salvador,14785.5
2010,11,SV,El Salvador,1170.0
2010,11,AE,Emiratos Árabes Unidos,5751.0
2010,11,SI,Eslovenia,8618.4
2010,11,ES,España,224078.89
2010,11,ES,España,4010.23
2010,11,US,Estados Unidos,6680659.57
2010,11,US,Estados Unidos,4485452.3
2010,11,EE,Estonia,12465.6
2010,11,PH,Filipinas,55149.6
2010,11,PH,Filipinas,7312.27
2010,11,FR,Francia,260282.86
2010,11,FR,Francia,1678.05
2010,11,GR,Grecia,192322.56
2010,11,GR,Grecia,1815.45
2010,11,GT,Guatemala,20273.74
2010,11,GT,Guatemala,2825.49
2010,11,HN,Honduras,6391.95
2010,11,HK,Hong Kong,1073.62
2010,11,HK,Hong Kong,1517.25
2010,11,IN,India,5928.0
2010,11,IN,India,270.0
2010,11,IQ,Irak,9120.0
2010,11,IL,Israel,19005.0
2010,11,IT,Italia,5311.98
2010,11,JP,Japón,56184.0
2010,11,JP,Japón,463.5
2010,11,BS,Las Bahamas,8995.5
2010,11,LV,Letonia,37004.88
2010,11,LV,Letonia,167.47
2010,11,LT,Lituania,5600.25
2010,11,LB,Líbano,1200.0
2010,11,LB,Líbano,1893.0
2010,11,MA,Marruecos,5745.6
2010,11,MA,Marruecos,359.1
2010,11,NG,Nigeria,8037.0
2010,11,NG,Nigeria,225.0
2010,11,NO,Noruega,193.77
2010,11,NZ,Nueva Zelandia,34181.07
2010,11,NZ,Nueva Zelandia,3766.86
2010,11,PA,Panamá,133903.2
2010,11,PA,Panamá,28232.17
2010,11,PY,Paraguay,9439.2
2010,11,NL,Países Bajos,100.8
2010,11,NL,Países Bajos,4163.97
2010,11,PE,Perú,12801.6
2010,11,PE,Perú,1226.25
2010,11,GB,Reino Unido,97570.32
2010,11,GB,Reino Unido,30806.88
2010,11,DO,República Dominicana,4275.0
2010,11,DO,República Dominicana,1795.5
2010,11,RU,Rusia,109608.9
2010,11,RU,Rusia,10686.45
2010,11,SL,Sierra Leona,2.25
2010,11,SG,Singapur,8582.1
2010,11,SG,Singapur,11450.88
2010,11,ZA,Sudáfrica,10681.2
2010,11,ZA,Sudáfrica,9941.85
2010,11,SE,Suecia,24.3
2010,11,SE,Suecia,1143.45
2010,11,TR,Turquía,22743.0
2010,11,UY,Uruguay,11901.6
2010,11,VE,Venezuela,28804.47
2010,12,DE,Alemania,422510.7
2010,12,DE,Alemania,2772.0
2010,12,AU,Australia,29453.34
2010,12,AU,Australia,34851.42
2010,12,BD,Bangladesh,9600.0
2010,12,BO,Bolivia,18952.5
2010,12,BO,Bolivia,135.0
2010,12,BR,Brasil,38155.5
2010,12,BR,Brasil,3580.65
2010,12,BE,Bélgica,27027.91
2010,12,CA,Canadá,176449.34
2010,12,CA,Canadá,11146.5
2010,12,CZ,Chequia,10864.2
2010,12,CL,Chile,103649.7
2010,12,CN,China,12240.0
2010,12,CN,China,2058.97
2010,12,CY,Chipre,23046.24
2010,12,CY,Chipre,696.15
2010,12,CO,Colombia,6156.0
2010,12,KR,Corea del Sur,18493.92
2010,12,KR,Corea del Sur,940.5
2010,12,CR,Costa Rica,14209.2
2010,12,CR,Costa Rica,3356.52
2010,12,EC,Ecuador,11178.75
2010,12,EC,Ecuador,702.0
2010,12,EG,Egipto,18240.0
2010,12,SV,El Salvador,3351.6
2010,12,AE,Emiratos Árabes Unidos,79724.88
2010,12,AE,Emiratos Árabes Unidos,5517.0
2010,12,SK,Eslovaquia,51.45
2010,12,SK,Eslovaquia,340.2
2010,12,SI,Eslovenia,11413.5
2010,12,ES,España,66213.42
2010,12,ES,España,18701.06
2010,12,US,Estados Unidos,3191405.72
2010,12,US,Estados Unidos,2939181.55
2010,12,EE,Estonia,8928.0
2010,12,FR,Francia,222407.19
2010,12,FR,Francia,10555.8
2010,12,GR,Grecia,78523.2
2010,12,GR,Grecia,7980.0
2010,12,GT,Guatemala,3256.95
2010,12,HN,Honduras,5335.2
2010,12,HK,Hong Kong,34560.0
2010,12,HK,Hong Kong,1695.3
2010,12,HU,Hungría,11491.2
2010,12,IN,India,3262.5
2010,12,IQ,Irak,11035.2
2010,12,KY,Islas Caimán,45.0
2010,12,VI,Islas Vírgenes,8568.0
2010,12,VI,Islas Vírgenes,436.5
2010,12,IL,Israel,9405.0
2010,12,JP,Japón,86825.2
2010,12,JP,Japón,6239.52
2010,12,BS,Las Bahamas,31.5
2010,12,LV,Letonia,23936.4
2010,12,MY,Malasia,1710.0
2010,12,NZ,Nueva Zelandia,6415.92
2010,12,NZ,Nueva Zelandia,378.0
2010,12,PA,Panamá,16992.0
2010,12,PA,Panamá,23366.55
2010,12,NL,Países Bajos,2394.0
2010,12,NL,Países Bajos,4229.4
2010,12,PE,Perú,1350.0
2010,12,PR,Puerto Rico,11232.0
2010,12,GB,Reino Unido,49443.15
2010,12,GB,Reino Unido,585.9
2010,12,RU,Rusia,116440.75
2010,12,RU,Rusia,25669.1
2010,12,SG,Singapur,130180.8
2010,12,SG,Singapur,6389.88
2010,12,ZA,Sudáfrica,115291.8
2010,12,ZA,Sudáfrica,1065.0
2010,12,SE,Suecia,8.4
2010,12,SE,Suecia,3783.54
2010,12,CH,Suiza,11012.4
2010,12,CH,Suiza,197.5
2010,12,SR,Suriname,18878.4
2010,12,TH,Tailandia,8809.92
2010,12,TW,Taiwán (Región),21.48
2010,12,TW,Taiwán (Región),1316.7
2010,12,TR,Turquía,21628.5
2010,12,TR,Turquía,718.8
2010,12,UA,Ucrania,36421.35
2010,12,UA,Ucrania,2259.19
2010,12,UY,Uruguay,11410.88
2010,12,VE,Venezuela,9936.0
2011,1,DE,Alemania,296132.58
2011,1,DE,Alemania,9166.88
2011,1,AU,Australia,52955.28
2011,1,AU,Australia,49474.38
2011,1,BO,Bolivia,9464.85
2011,1,BA,Bosnia y Herzegovina,4788.0
2011,1,BR,Brasil,108735.3
2011,1,BR,Brasil,10954.12
2011,1,BE,Bélgica,38736.79
2011,1,BE,Bélgica,1995.0
2011,1,CA,Canadá,50499.7
2011,1,CA,Canadá,32543.36
2011,1,CL,Chile,78439.2
2011,1,CN,China,15570.0
2011,1,CO,Colombia,28681.2
2011,1,CO,Colombia,823.28
2011,1,KR,Corea del Sur,8809.92
2011,1,KR,Corea del Sur,672.0
2011,1,CR,Costa Rica,5355.0
2011,1,CR,Costa Rica,432.9
2011,1,CU,Cuba,20947.5
2011,1,SV,El Salvador,6418.12
2011,1,SV,El Salvador,3945.0
2011,1,AE,Emiratos Árabes Unidos,10260.0
2011,1,AE,Emiratos Árabes Unidos,2700.0
2011,1,ES,España,198513.25
2011,1,ES,España,3990.0
2011,1,US,Estados Unidos,5808629.42
2011,1,US,Estados Unidos,3691342.77
2011,1,EE,Estonia,42850.5
2011,1,FR,Francia,310317.34
2011,1,FR,Francia,12714.5
2011,1,GT,Guatemala,13857.75
2011,1,GT,Guatemala,2985.48
2011,1,HN,Honduras,7938.9
2011,1,HN,Honduras,1454.53
2011,1,HK,Hong Kong,3847.5
2011,1,IL,Israel,9405.0
2011,1,IT,Italia,77834.53
2011,1,IT,Italia,17560.2
2011,1,JP,Japón,122619.0
2011,1,JP,Japón,1777.5
2011,1,BS,Las Bahamas,7660.8
2011,1,BS,Las Bahamas,960.0
2011,1,LV,Letonia,17990.4
2011,1,LV,Letonia,1402.5
2011,1,MY,Malasia,3285.6
2011,1,NI,Nicaragua,9747.0
2011,1,NI,Nicaragua,495.0
2011,1,NO,Noruega,7182.0
2011,1,NZ,Nueva Zelandia,7756.56
2011,1,NZ,Nueva Zelandia,378.0
2011,1,PA,Panamá,142227.68
2011,1,PA,Panamá,65359.65
2011,1,PY,Paraguay,42515.1
2011,1,PE,Perú,22107.6
2011,1,PE,Perú,1710.0
2011,1,PR,Puerto Rico,22896.0
2011,1,GB,Reino Unido,112938.66
2011,1,GB,Reino Unido,12382.14
2011,1,RU,Rusia,123132.29
2011,1,RU,Rusia,4725.68
2011,1,SG,Singapur,9576.0
2011,1,SG,Singapur,468.0
2011,1,ZA,Sudáfrica,50328.06
2011,1,ZA,Sudáfrica,861.9
2011,1,SR,Suriname,26134.5
2011,1,TW,Taiwán (Región),1251.0
2011,1,TT,Trinidad y Tobago,9028.8
2011,1,TT,Trinidad y Tobago,814.5
2011,1,TR,Turquía,45087.0
2011,1,UA,Ucrania,19219.92
2011,1,UA,Ucrania,3068.03
2011,1,UY,Uruguay,17330.4
2011,1,UY,Uruguay,237.69
2011,2,DE,Alemania,474348.62
2011,2,DE,Alemania,41046.36
2011,2,AN,Antillas Holandesas,6523.2
2011,2,AN,Antillas Holandesas,450.0
2011,2,AR,Argentina,39814.2
2011,2,AR,Argentina,6689.81
2011,2,AU,Australia,23453.22
2011,2,AU,Australia,9372.92
2011,2,BZ,Belice,8846.4
2011,2,BZ,Belice,545.53
2011,2,BY,Bielorrusia,2.85
2011,2,BO,Bolivia,9439.2
2011,2,BR,Brasil,34432.65
2011,2,BR,Brasil,2873.11
2011,2,BE,Bélgica,4.5
2011,2,CA,Canadá,77079.28
2011,2,CA,Canadá,17995.8
2011,2,CZ,Chequia,425.25
2011,2,CL,Chile,50582.7
2011,2,CL,Chile,13617.0
2011,2,CN,China,4275.75
2011,2,CN,China,1.5
2011,2,CO,Colombia,5557.5
2011,2,CO,Colombia,7336.27
2011,2,KR,Corea del Sur,12651.48
2011,2,KR,Corea del Sur,1260.0
2011,2,CR,Costa Rica,25088.49
2011,2,CR,Costa Rica,4306.5
2011,2,CU,Cuba,12.82
2011,2,SV,El Salvador,14874.3
2011,2,SV,El Salvador,1440.0
2011,2,AE,Emiratos Árabes Unidos,30870.96
2011,2,AE,Emiratos Árabes Unidos,2036.25
2011,2,ES,España,380912.32
2011,2,ES,España,6103.41
2011,2,US,Estados Unidos,6013321.05
2011,2,US,Estados Unidos,3548325.42
2011,2,EE,Estonia,5191.2
2011,2,PH,Filipinas,9937.2
2011,2,PH,Filipinas,1242.6
2011,2,FR,Francia,294291.2
2011,2,FR,Francia,2198.06
2011,2,GR,Grecia,7299.6
2011,2,GT,Guatemala,703.67
2011,2,HN,Honduras,1433.25
2011,2,HK,Hong Kong,6.75
2011,2,IQ,Irak,11035.2
2011,2,VI,Islas Vírgenes,8980.12
2011,2,VI,Islas Vírgenes,1080.0
2011,2,IL,Israel,1.5
2011,2,IT,Italia,60723.81
2011,2,IT,Italia,5003.6
2011,2,JP,Japón,62784.0
2011,2,JP,Japón,11616.63
2011,2,KZ,Kazajstán,13509.0
2011,2,BS,Las Bahamas,90.0
2011,2,LV,Letonia,4.2
2011,2,LV,Letonia,376.22
2011,2,NI,Nicaragua,270.0
2011,2,NZ,Nueva Zelandia,5862.73
2011,2,NZ,Nueva Zelandia,1861.95
2011,2,PA,Panamá,32024.62
2011,2,PA,Panamá,14072.71
2011,2,PY,Paraguay,33652.8
2011,2,NL,Países Bajos,1239.0
2011,2,NL,Países Bajos,2667.6
2011,2,PE,Perú,9160.05
2011,2,PE,Perú,540.0
2011,2,PL,Polonia,1200.99
2011,2,PL,Polonia,678.3
2011,2,PR,Puerto Rico,10368.0
2011,2,PR,Puerto Rico,11830.5
2011,2,GB,Reino Unido,55442.82
2011,2,GB,Reino Unido,19239.17
2011,2,RU,Rusia,117226.41
2011,2,RU,Rusia,5688.66
2011,2,SC,Seychelles,10006.92
2011,2,SG,Singapur,15166.75
2011,2,ZA,Sudáfrica,53333.6
2011,2,SE,Suecia,1691.76
2011,2,SE,Suecia,319.2
2011,2,TH,Tailandia,1282.5
2011,2,TW,Taiwán (Región),8208.0
2011,2,TW,Taiwán (Región),891.0
2011,2,TR,Turquía,8778.0
2011,2,TR,Turquía,478.8
2011,2,UA,Ucrania,7676.76
2011,2,UA,Ucrania,3093.58
2011,2,UY,Uruguay,8712.0
2011,2,UY,Uruguay,2935.95
2011,2,VE,Venezuela,29772.0
2011,3,DE,Alemania,512118.92
2011,3,DE,Alemania,9887.86
2011,3,AU,Australia,14558.04
2011,3,AU,Australia,46925.97
2011,3,AT,Austria,9975.0
2011,3,BJ,Benin,72.9
2011,3,BA,Bosnia y Herzegovina,6703.2
2011,3,BR,Brasil,119166.15
2011,3,BR,Brasil,10854.38
2011,3,CA,Canadá,109822.49
2011,3,CA,Canadá,28671.72
2011,3,CZ,Chequia,10579.2
2011,3,CZ,Chequia,4011.0
2011,3,CL,Chile,85824.0
2011,3,CL,Chile,420.0
2011,3,CO,Colombia,29614.46
2011,3,CO,Colombia,3073.82
2011,3,KR,Corea del Sur,25136.71
2011,3,KR,Corea del Sur,1543.5
2011,3,CR,Costa Rica,3069.0
2011,3,CR,Costa Rica,4047.75
2011,3,CU,Cuba,13537.5
2011,3,EC,Ecuador,46745.44
2011,3,EC,Ecuador,762.75
2011,3,SV,El Salvador,7481.25
2011,3,SV,El Salvador,2986.88
2011,3,AE,Emiratos Árabes Unidos,21504.48
2011,3,AE,Emiratos Árabes Unidos,9630.0
2011,3,ES,España,410148.88
2011,3,ES,España,8769.93
2011,3,US,Estados Unidos,7275062.97
2011,3,US,Estados Unidos,4905756.69
2011,3,EE,Estonia,16893.6
2011,3,PH,Filipinas,25650.04
2011,3,FR,Francia,236340.92
2011,3,FR,Francia,7859.74
2011,3,GR,Grecia,84755.58
2011,3,GR,Grecia,5661.81
2011,3,GT,Guatemala,17883.0
2011,3,GT,Guatemala,2538.0
2011,3,HN,Honduras,7118.1
2011,3,HN,Honduras,1811.07
2011,3,HK,Hong Kong,35365.5
2011,3,IN,India,1728.0
2011,3,IQ,Irak,11880.0
2011,3,KY,Islas Caimán,8413.2
2011,3,KY,Islas Caimán,1260.0
2011,3,VG,Islas Vírgenes Británicas,1710.0
2011,3,VG,Islas Vírgenes Británicas,90.0
2011,3,IL,Israel,26362.5
2011,3,IL,Israel,5868.0
2011,3,IT,Italia,42724.5
2011,3,IT,Italia,10298.4
2011,3,JP,Japón,101722.5
2011,3,JP,Japón,2568.6
2011,3,KE,Kenia,205.2
2011,3,BS,Las Bahamas,8618.4
2011,3,BS,Las Bahamas,387.0
2011,3,LV,Letonia,20723.4
2011,3,LV,Letonia,6.75
2011,3,LT,Lituania,4866.38
2011,3,NI,Nicaragua,1710.0
2011,3,NZ,Nueva Zelandia,7706.14
2011,3,NZ,Nueva Zelandia,42.75
2011,3,PA,Panamá,120601.2
2011,3,PA,Panamá,16238.09
2011,3,PY,Paraguay,34884.0
2011,3,PE,Perú,17845.8
2011,3,PE,Perú,1484.07
2011,3,PL,Polonia,472.5
2011,3,PL,Polonia,1080.0
2011,3,PR,Puerto Rico,12096.0
2011,3,GB,Reino Unido,156496.15
2011,3,GB,Reino Unido,772.05
2011,3,RU,Rusia,133946.52
2011,3,RU,Rusia,14014.2
2011,3,SC,Seychelles,10006.92
2011,3,SG,Singapur,193011.56
2011,3,SG,Singapur,14814.0
2011,3,ZA,Sudáfrica,105941.25
2011,3,ZA,Sudáfrica,954.0
2011,3,SE,Suecia,7182.0
2011,3,CH,Suiza,9204.93
2011,3,CH,Suiza,58.28
2011,3,TH,Tailandia,1282.5
2011,3,TH,Tailandia,558.6
2011,3,TW,Taiwán (Región),756.0
2011,3,TT,Trinidad y Tobago,10260.0
2011,3,TT,Trinidad y Tobago,1440.0
2011,3,TR,Turquía,88492.5
2011,3,TR,Turquía,1596.0
2011,3,UA,Ucrania,16094.52
2011,3,UY,Uruguay,16790.4
2011,3,VE,Venezuela,11052.0
2011,3,VE,Venezuela,3240.0
2011,4,DE,Alemania,458656.68
2011,4,DE,Alemania,15967.26
2011,4,AR,Argentina,9017.1
2011,4,AU,Australia,31895.22
2011,4,AU,Australia,17782.49
2011,4,AT,Austria,5700.0
2011,4,AT,Austria,399.0
2011,4,BO,Bolivia,15600.0
2011,4,BO,Bolivia,6435.0
2011,4,BR,Brasil,80287.2
2011,4,BR,Brasil,2174.53
2011,4,BE,Bélgica,27627.06
2011,4,CA,Canadá,65707.38
2011,4,CA,Canadá,22694.81
2011,4,CZ,Chequia,18308.4
2011,4,CZ,Chequia,606.48
2011,4,CL,Chile,70407.75
2011,4,CL,Chile,43846.44
2011,4,CN,China,8553.75
2011,4,CN,China,8386.74
2011,4,CO,Colombia,14970.36
2011,4,CO,Colombia,16517.4
2011,4,KR,Corea del Sur,6057.0
2011,4,KR,Corea del Sur,57.97
2011,4,CR,Costa Rica,9097.5
2011,4,CR,Costa Rica,2281.5
2011,4,EC,Ecuador,9936.0
2011,4,AE,Emiratos Árabes Unidos,39108.0
2011,4,AE,Emiratos Árabes Unidos,5166.0
2011,4,SI,Eslovenia,5836.8
2011,4,ES,España,308676.13
2011,4,ES,España,5976.35
2011,4,US,Estados Unidos,6248693.09
2011,4,US,Estados Unidos,4379208.49
2011,4,PH,Filipinas,1.5
2011,4,PH,Filipinas,2.25
2011,4,FR,Francia,91679.62
2011,4,GR,Grecia,670.32
2011,4,GU,Guam,7344.0
2011,4,GU,Guam,2520.0
2011,4,GT,Guatemala,10447.5
2011,4,GT,Guatemala,4864.95
2011,4,HN,Honduras,7021.88
2011,4,HN,Honduras,1968.75
2011,4,HK,Hong Kong,22.17
2011,4,HU,Hungría,8.0
2011,4,HU,Hungría,1.45
2011,4,IN,India,1.43
2011,4,IL,Israel,19038.0
2011,4,IL,Israel,6750.0
2011,4,IT,Italia,19511.1
2011,4,IT,Italia,10067.4
2011,4,JP,Japón,79341.3
2011,4,JP,Japón,2674.35
2011,4,QA,Katar,7776.0
2011,4,QA,Katar,378.0
2011,4,LV,Letonia,35066.7
2011,4,NZ,Nueva Zelandia,4596.48
2011,4,NZ,Nueva Zelandia,2733.78
2011,4,PA,Panamá,33520.17
2011,4,PA,Panamá,40800.97
2011,4,PY,Paraguay,8208.0
2011,4,NL,Países Bajos,1139.43
2011,4,PE,Perú,11491.2
2011,4,PE,Perú,2336.53
2011,4,PR,Puerto Rico,12096.0
2011,4,GB,Reino Unido,136138.8
2011,4,GB,Reino Unido,43406.46
2011,4,DO,República Dominicana,1559.7
2011,4,RU,Rusia,227232.2
2011,4,RU,Rusia,20309.6
2011,4,SG,Singapur,59696.4
2011,4,SG,Singapur,31279.76
2011,4,ZA,Sudáfrica,42647.4
2011,4,ZA,Sudáfrica,4063.5
2011,4,CH,Suiza,4.2
2011,4,TW,Taiwán (Región),9936.0
2011,4,TR,Turquía,43437.99
2011,4,TR,Turquía,4878.48
2011,4,VE,Venezuela,7272.0
2011,5,DE,Alemania,748115.61
2011,5,DE,Alemania,44390.43
2011,5,AR,Argentina,21362.4
2011,5,AW,Aruba,20520.0
2011,5,AU,Australia,113171.26
2011,5,AU,Australia,14856.17
2011,5,BR,Brasil,106882.65
2011,5,BR,Brasil,11107.03
2011,5,BE,Bélgica,76750.53
2011,5,CA,Canadá,639985.94
2011,5,CA,Canadá,38310.19
2011,5,CL,Chile,86580.0
2011,5,CL,Chile,23028.75
2011,5,CN,China,17100.0
2011,5,CO,Colombia,20865.83
2011,5,CO,Colombia,2396.25
2011,5,KR,Corea del Sur,33178.32
2011,5,KR,Corea del Sur,36535.65
2011,5,CR,Costa Rica,8700.0
2011,5,CR,Costa Rica,985.5
2011,5,CU,Cuba,30970.95
2011,5,DK,Dinamarca,7182.0
2011,5,EC,Ecuador,535.1
2011,5,AE,Emiratos Árabes Unidos,37721.76
2011,5,AE,Emiratos Árabes Unidos,9558.0
2011,5,SK,Eslovaquia,1119.0
2011,5,ES,España,496451.46
2011,5,ES,España,8749.88
2011,5,US,Estados Unidos,6996458.49
2011,5,US,Estados Unidos,4923948.65
2011,5,EE,Estonia,5836.8
2011,5,PH,Filipinas,31625.41
2011,5,FI,Finlandia,3.99
2011,5,FR,Francia,276143.17
2011,5,FR,Francia,17006.61
2011,5,GE,Georgia,8019.72
2011,5,GR,Grecia,3100.8
2011,5,GR,Grecia,7497.21
2011,5,GT,Guatemala,3556.88
2011,5,GT,Guatemala,258.75
2011,5,GY,Guayana,18.0
2011,5,HK,Hong Kong,5557.5
2011,5,HU,Hungría,10579.2
2011,5,HU,Hungría,5861.88
2011,5,IN,India,7074.0
2011,5,IN,India,630.0
2011,5,IL,Israel,9946.5
2011,5,IL,Israel,112.5
2011,5,IT,Italia,7706.4
2011,5,IT,Italia,5065.2
2011,5,JP,Japón,66497.7
2011,5,JP,Japón,4050.0
2011,5,KZ,Kazajstán,27211.8
2011,5,LV,Letonia,45000.0
2011,5,LV,Letonia,5779.8
2011,5,LB,Líbano,661.5
2011,5,NO,Noruega,8977.5
2011,5,NZ,Nueva Zelandia,4979.52
2011,5,NZ,Nueva Zelandia,2383.92
2011,5,PA,Panamá,44988.86
2011,5,PA,Panamá,2880.0
2011,5,PY,Paraguay,10260.0
2011,5,NL,Países Bajos,14625.0
2011,5,NL,Países Bajos,6306.3
2011,5,PL,Polonia,472.5
2011,5,PT,Portugal,12705.0
2011,5,PT,Portugal,59.85
2011,5,GB,Reino Unido,200891.39
2011,5,GB,Reino Unido,12507.15
2011,5,DO,República Dominicana,3465.0
2011,5,DO,República Dominicana,4104.0
2011,5,RU,Rusia,9.8
2011,5,SG,Singapur,24895.5
2011,5,SG,Singapur,39150.0
2011,5,ZA,Sudáfrica,96053.4
2011,5,ZA,Sudáfrica,9.0
2011,5,SE,Suecia,8937.6
2011,5,SE,Suecia,335.16
2011,5,CH,Suiza,20468.7
2011,5,CH,Suiza,1237.45
2011,5,TH,Tailandia,3847.5
2011,5,TR,Turquía,21808.2
2011,5,TR,Turquía,1396.5
2011,5,UA,Ucrania,38179.98
2011,5,UA,Ucrania,638.4
2011,6,DE,Alemania,618154.58
2011,6,DE,Alemania,48820.14
2011,6,AN,Antillas Holandesas,6566.4
2011,6,AN,Antillas Holandesas,776.25
2011,6,AR,Argentina,3660.0
2011,6,AR,Argentina,1136.25
2011,6,AU,Australia,5819.51
2011,6,AZ,Azerbaiyán,8578.5
2011,6,AZ,Azerbaiyán,180.0
2011,6,BM,Bermuda,5130.0
2011,6,BO,Bolivia,7850.1
2011,6,BO,Bolivia,118.84
2011,6,BA,Bosnia y Herzegovina,11108.16
2011,6,BR,Brasil,60822.0
2011,6,BR,Brasil,10885.5
2011,6,CA,Canadá,689614.75
2011,6,CA,Canadá,40673.89
2011,6,CZ,Chequia,8755.2
2011,6,CZ,Chequia,5287.8
2011,6,CL,Chile,73514.1
2011,6,CL,Chile,354.3
2011,6,CN,China,1.5
2011,6,CN,China,6.0
2011,6,CY,Chipre,10916.64
2011,6,CY,Chipre,239.4
2011,6,CO,Colombia,15808.95
2011,6,CO,Colombia,4143.48
2011,6,KR,Corea del Sur,15437.07
2011,6,KR,Corea del Sur,8121.0
2011,6,CR,Costa Rica,4830.0
2011,6,CR,Costa Rica,4486.5
2011,6,SV,El Salvador,16178.4
2011,6,AE,Emiratos Árabes Unidos,83456.16
2011,6,AE,Emiratos Árabes Unidos,8478.0
2011,6,ES,España,439885.1
2011,6,ES,España,2179.29
2011,6,US,Estados Unidos,5467346.86
2011,6,US,Estados Unidos,3914965.32
2011,6,PH,Filipinas,8857.8
2011,6,FR,Francia,353957.06
2011,6,FR,Francia,147.0
2011,6,GR,Grecia,229057.92
2011,6,GT,Guatemala,9603.23
2011,6,GT,Guatemala,2511.0
2011,6,HN,Honduras,15210.38
2011,6,HK,Hong Kong,450.0
2011,6,HU,Hungría,5266.8
2011,6,IN,India,23988.7
2011,6,IE,Irlanda,17955.0
2011,6,VI,Islas Vírgenes,9034.12
2011,6,VI,Islas Vírgenes,900.0
2011,6,IL,Israel,16975.5
2011,6,IT,Italia,4263.6
2011,6,IT,Italia,9536.94
2011,6,JM,Jamaica,6000.0
2011,6,JP,Japón,255384.0
2011,6,JP,Japón,8817.0
2011,6,LV,Letonia,33799.68
2011,6,LV,Letonia,159.07
2011,6,LB,Líbano,16416.0
2011,6,MY,Malasia,1710.0
2011,6,NI,Nicaragua,1260.0
2011,6,NO,Noruega,335.16
2011,6,NZ,Nueva Zelandia,11887.35
2011,6,NZ,Nueva Zelandia,1818.13
2011,6,PA,Panamá,128314.8
2011,6,PA,Panamá,18211.72
2011,6,PY,Paraguay,9028.8
2011,6,NL,Países Bajos,12500.0
2011,6,NL,Países Bajos,570.0
2011,6,PE,Perú,22665.6
2011,6,PE,Perú,1076.53
2011,6,PL,Polonia,4596.48
2011,6,PR,Puerto Rico,67682.2
2011,6,GB,Reino Unido,56327.46
2011,6,GB,Reino Unido,44042.46
2011,6,RU,Rusia,20750.05
2011,6,RU,Rusia,17635.94
2011,6,SG,Singapur,64310.4
2011,6,SG,Singapur,15191.1
2011,6,ZA,Sudáfrica,29025.0
2011,6,SE,Suecia,2633.4
2011,6,SE,Suecia,798.0
2011,6,SR,Suriname,14432.4
2011,6,TH,Tailandia,8809.92
2011,6,TW,Taiwán (Región),29376.0
2011,6,TW,Taiwán (Región),1935.0
2011,6,TT,Trinidad y Tobago,15184.8
2011,6,TT,Trinidad y Tobago,360.0
2011,6,TR,Turquía,28742.25
2011,6,TR,Turquía,798.0
2011,6,UA,Ucrania,41402.52
2011,6,UA,Ucrania,438.9
2011,6,VE,Venezuela,9900.0
2011,6,VE,Venezuela,1.5
2011,7,DE,Alemania,221034.12
2011,7,DE,Alemania,44634.62
2011,7,AR,Argentina,24922.8
2011,7,AR,Argentina,94.5
2011,7,AW,Aruba,7938.0
2011,7,AU,Australia,98454.74
2011,7,AU,Australia,14825.17
2011,7,AT,Austria,5508.0
2011,7,AT,Austria,1364.4
2011,7,BO,Bolivia,21426.9
2011,7,BO,Bolivia,2122.78
2011,7,BR,Brasil,235153.35
2011,7,BR,Brasil,27442.93
2011,7,BG,Bulgaria,63250.16
2011,7,BE,Bélgica,8568.0
2011,7,BE,Bélgica,636.75
2011,7,CA,Canadá,588163.41
2011,7,CA,Canadá,27670.61
2011,7,CZ,Chequia,22426.08
2011,7,CZ,Chequia,945.0
2011,7,CL,Chile,69141.8
2011,7,CL,Chile,42409.5
2011,7,CN,China,8550.0
2011,7,CO,Colombia,48673.8
2011,7,CO,Colombia,3544.38
2011,7,KR,Corea del Sur,22377.12
2011,7,KR,Corea del Sur,1880.96
2011,7,CR,Costa Rica,6330.0
2011,7,CR,Costa Rica,18.0
2011,7,AE,Emiratos Árabes Unidos,55224.0
2011,7,AE,Emiratos Árabes Unidos,12600.0
2011,7,ES,España,413751.23
2011,7,ES,España,14020.37
2011,7,US,Estados Unidos,8343156.86
2011,7,US,Estados Unidos,4276560.81
2011,7,FR,Francia,277067.85
2011,7,GR,Grecia,4357.08
2011,7,GT,Guatemala,15862.5
2011,7,GT,Guatemala,1112.54
2011,7,HN,Honduras,8958.3
2011,7,HN,Honduras,698.62
2011,7,HK,Hong Kong,2.0
2011,7,HK,Hong Kong,11.05
2011,7,IN,India,6030.0
2011,7,IQ,Irak,22.5
2011,7,KY,Islas Caimán,1.9
2011,7,KY,Islas Caimán,1.43
2011,7,IT,Italia,67311.3
2011,7,IT,Italia,12892.53
2011,7,JP,Japón,51839.2
2011,7,JP,Japón,5363.55
2011,7,QA,Katar,6480.0
2011,7,BS,Las Bahamas,8618.4
2011,7,LB,Líbano,11080.8
2011,7,MC,Mónaco,18.0
2011,7,NZ,Nueva Zelandia,40145.02
2011,7,NZ,Nueva Zelandia,3406.74
2011,7,PA,Panamá,143781.15
2011,7,PA,Panamá,25963.12
2011,7,PY,Paraguay,55711.57
2011,7,PY,Paraguay,713.07
2011,7,NL,Países Bajos,2100.0
2011,7,NL,Países Bajos,5238.3
2011,7,PE,Perú,9028.8
2011,7,PE,Perú,360.0
2011,7,PR,Puerto Rico,11232.0
2011,7,PR,Puerto Rico,7996.5
2011,7,GB,Reino Unido,72107.28
2011,7,GB,Reino Unido,41259.15
2011,7,DO,República Dominicana,5985.0
2011,7,RU,Rusia,39911.7
2011,7,RU,Rusia,8095.5
2011,7,SG,Singapur,19518.6
2011,7,SG,Singapur,4594.42
2011,7,ZA,Sudáfrica,102671.1
2011,7,ZA,Sudáfrica,4.5
2011,7,SR,Suriname,3693.6
2011,7,TW,Taiwán (Región),1503.0
2011,7,TR,Turquía,60306.0
2011,7,TR,Turquía,1197.0
2011,7,UA,Ucrania,2954.02
2011,7,UY,Uruguay,14114.25
2011,7,UY,Uruguay,597.69
2011,7,VE,Venezuela,62256.5
2011,7,VE,Venezuela,452.25
2011,8,DE,Alemania,473898.37
2011,8,DE,Alemania,21933.82
2011,8,AR,Argentina,18.0
2011,8,AR,Argentina,3968.4
2011,8,AU,Australia,59083.92
2011,8,AU,Australia,11575.14
2011,8,BY,Bielorrusia,4588.5
2011,8,BO,Bolivia,9247.5
2011,8,BR,Brasil,35972.1
2011,8,BR,Brasil,4400.1
2011,8,BG,Bulgaria,31625.01
2011,8,BE,Bélgica,2.25
2011,8,CA,Canadá,733168.09
2011,8,CA,Canadá,36270.9
2011,8,CL,Chile,20160.0
2011,8,CL,Chile,13425.0
2011,8,CN,China,17100.0
2011,8,CY,Chipre,18513.6
2011,8,CO,Colombia,31964.62
2011,8,CO,Colombia,5698.57
2011,8,KR,Corea del Sur,8680.31
2011,8,KR,Corea del Sur,15640.2
2011,8,CR,Costa Rica,10841.25
2011,8,CR,Costa Rica,4761.0
2011,8,EC,Ecuador,9936.0
2011,8,SV,El Salvador,1693.12
2011,8,SV,El Salvador,56.7
2011,8,AE,Emiratos Árabes Unidos,39312.0
2011,8,SI,Eslovenia,4988.64
2011,8,ES,España,133998.2
2011,8,ES,España,16272.51
2011,8,US,Estados Unidos,6357834.01
2011,8,US,Estados Unidos,4820420.14
2011,8,FI,Finlandia,119.7
2011,8,FR,Francia,453174.72
2011,8,FR,Francia,14743.7
2011,8,GR,Grecia,1611.96
2011,8,GR,Grecia,25971.96
2011,8,GT,Guatemala,16008.75
2011,8,GT,Guatemala,1515.28
2011,8,HN,Honduras,478.8
2011,8,HK,Hong Kong,2965.5
2011,8,IN,India,1710.0
2011,8,IN,India,3258.96
2011,8,IQ,Irak,10579.2
2011,8,IQ,Irak,360.0
2011,8,VG,Islas Vírgenes Británicas,10800.0
2011,8,IL,Israel,3360.0
2011,8,IT,Italia,79861.8
2011,8,IT,Italia,11665.44
2011,8,JP,Japón,136862.4
2011,8,JP,Japón,1105.16
2011,8,KZ,Kazajstán,48806.25
2011,8,LV,Letonia,13676.25
2011,8,LT,Lituania,4389.0
2011,8,NI,Nicaragua,2850.0
2011,8,NO,Noruega,8977.5
2011,8,NZ,Nueva Zelandia,9914.56
2011,8,NZ,Nueva Zelandia,2623.14
2011,8,PA,Panamá,164718.0
2011,8,PA,Panamá,47687.02
2011,8,PY,Paraguay,5512.5
2011,8,PY,Paraguay,90.0
2011,8,NL,Países Bajos,0.75
2011,8,PE,Perú,1773.9
2011,8,PE,Perú,615.6
2011,8,PL,Polonia,9192.96
2011,8,GB,Reino Unido,242808.03
2011,8,GB,Reino Unido,21498.1
2011,8,RU,Rusia,373286.52
2011,8,RU,Rusia,68581.3
2011,8,SG,Singapur,68142.0
2011,8,SG,Singapur,10947.67
2011,8,ZA,Sudáfrica,62927.7
2011,8,ZA,Sudáfrica,24.0
2011,8,SE,Suecia,8618.4
2011,8,CH,Suiza,54.0
2011,8,TW,Taiwán (Región),389.02
2011,8,TR,Turquía,19414.2
2011,8,UA,Ucrania,9386.4
2011,8,UA,Ucrania,384.75
2011,8,UY,Uruguay,18468.0
2011,8,UY,Uruguay,5917.5
2011,8,VE,Venezuela,14481.0
2011,8,VE,Venezuela,225.0
2011,9,DE,Alemania,565329.48
2011,9,DE,Alemania,38176.28
2011,9,AR,Argentina,19216.8
2011,9,AR,Argentina,356.53
2011,9,AU,Australia,56997.72
2011,9,AU,Australia,4240.8
2011,9,AT,Austria,8347.65
2011,9,BO,Bolivia,36722.4
2011,9,BO,Bolivia,777.69
2011,9,BR,Brasil,173998.35
2011,9,BR,Brasil,35031.15
2011,9,CA,Canadá,30514.0
2011,9,CA,Canadá,30595.88
2011,9,CZ,Chequia,5016.0
2011,9,CL,Chile,81443.4
2011,9,CL,Chile,36765.0
2011,9,CN,China,339.75
2011,9,CO,Colombia,18970.88
2011,9,CO,Colombia,9789.75
2011,9,KR,Corea del Sur,25774.8
2011,9,KR,Corea del Sur,720.0
2011,9,CR,Costa Rica,27536.7
2011,9,CR,Costa Rica,5371.88
2011,9,CU,Cuba,15.75
2011,9,CU,Cuba,31.5
2011,9,EC,Ecuador,23445.0
2011,9,SV,El Salvador,15824.7
2011,9,SV,El Salvador,208.84
2011,9,AE,Emiratos Árabes Unidos,4717.92
2011,9,AE,Emiratos Árabes Unidos,5698.5
2011,9,SK,Eslovaquia,504.0
2011,9,SI,Eslovenia,8618.4
2011,9,ES,España,477523.88
2011,9,ES,España,4273.36
2011,9,US,Estados Unidos,5974571.95
2011,9,US,Estados Unidos,4969839.62
2011,9,FR,Francia,245997.0
2011,9,FR,Francia,4909.8
2011,9,GR,Grecia,9177.0
2011,9,GT,Guatemala,1678.76
2011,9,HN,Honduras,27137.55
2011,9,HN,Honduras,1679.88
2011,9,HK,Hong Kong,4702.5
2011,9,IN,India,6390.0
2011,9,KY,Islas Caimán,7524.0
2011,9,KY,Islas Caimán,540.0
2011,9,VG,Islas Vírgenes Británicas,2599.2
2011,9,VG,Islas Vírgenes Británicas,360.0
2011,9,IT,Italia,23940.0
2011,9,IT,Italia,1957.68
2011,9,JM,Jamaica,5403.6
2011,9,JP,Japón,45708.15
2011,9,JP,Japón,6643.91
2011,9,QA,Katar,5979.84
2011,9,QA,Katar,378.0
2011,9,LV,Letonia,10579.2
2011,9,LV,Letonia,149.62
2011,9,LB,Líbano,8478.75
2011,9,LB,Líbano,44.25
2011,9,NZ,Nueva Zelandia,42.75
2011,9,NZ,Nueva Zelandia,2085.3
2011,9,PA,Panamá,80415.82
2011,9,PA,Panamá,4024.13
2011,9,PY,Paraguay,96033.6
2011,9,NL,Países Bajos,5754.6
2011,9,NL,Países Bajos,7456.36
2011,9,PE,Perú,34639.2
2011,9,PE,Perú,1440.0
2011,9,PL,Polonia,3670.8
2011,9,PL,Polonia,159.6
2011,9,PR,Puerto Rico,12096.0
2011,9,PR,Puerto Rico,11695.5
2011,9,GB,Reino Unido,95258.4
2011,9,GB,Reino Unido,18194.7
2011,9,RU,Rusia,174827.85
2011,9,RU,Rusia,6178.95
2011,9,SC,Seychelles,4564.56
2011,9,SG,Singapur,90369.6
2011,9,SG,Singapur,42926.4
2011,9,ZA,Sudáfrica,62964.9
2011,9,ZA,Sudáfrica,4817.29
2011,9,SE,Suecia,23.37
2011,9,TW,Taiwán (Región),11.81
2011,9,TT,Trinidad y Tobago,6976.8
2011,9,TR,Turquía,29551.65
2011,9,UA,Ucrania,11086.5
2011,9,UA,Ucrania,2.25
2011,9,UY,Uruguay,15462.0
2011,9,UY,Uruguay,208.84
2011,9,VE,Venezuela,7110.0
2011,9,VE,Venezuela,678.19
2011,10,DE,Alemania,364379.32
2011,10,DE,Alemania,11391.38
2011,10,AN,Antillas Holandesas,6224.4
2011,10,AN,Antillas Holandesas,956.25
2011,10,AR,Argentina,10681.2
2011,10,AR,Argentina,2712.69
2011,10,AW,Aruba,29959.2
2011,10,AU,Australia,75265.34
2011,10,AU,Australia,13737.96
2011,10,AT,Austria,6651.33
2011,10,BB,Barbados,3351.6
2011,10,BY,Bielorrusia,5056.81
2011,10,BY,Bielorrusia,470.82
2011,10,BO,Bolivia,28800.0
2011,10,BA,Bosnia y Herzegovina,21067.2
2011,10,BR,Brasil,95567.4
2011,10,BR,Brasil,9460.6
2011,10,BE,Bélgica,27416.8
2011,10,CA,Canadá,13383.0
2011,10,CA,Canadá,22418.78
2011,10,CZ,Chequia,10944.0
2011,10,CL,Chile,58302.9
2011,10,CL,Chile,746.55
2011,10,CN,China,106586.94
2011,10,CN,China,287.33
2011,10,CO,Colombia,25880.4
2011,10,CO,Colombia,9711.71
2011,10,KR,Corea del Sur,47169.3
2011,10,KR,Corea del Sur,6147.45
2011,10,CR,Costa Rica,25897.5
2011,10,CR,Costa Rica,4662.68
2011,10,CU,Cuba,8550.0
2011,10,EC,Ecuador,7875.0
2011,10,EG,Egipto,9120.0
2011,10,SV,El Salvador,5079.38
2011,10,SV,El Salvador,967.5
2011,10,AE,Emiratos Árabes Unidos,22392.0
2011,10,AE,Emiratos Árabes Unidos,720.0
2011,10,SK,Eslovaquia,723.0
2011,10,ES,España,310026.04
2011,10,ES,España,10049.42
2011,10,US,Estados Unidos,4986572.19
2011,10,US,Estados Unidos,4780398.15
2011,10,PH,Filipinas,17619.84
2011,10,FI,Finlandia,119.7
2011,10,FR,Francia,617935.89
2011,10,GR,Grecia,13629.0
2011,10,GT,Guatemala,14550.9
2011,10,GT,Guatemala,2973.96
2011,10,HN,Honduras,9551.4
2011,10,HN,Honduras,609.75
2011,10,HK,Hong Kong,4797.75
2011,10,HK,Hong Kong,559.67
2011,10,HU,Hungría,9863.28
2011,10,IN,India,5472.0
2011,10,IN,India,4275.61
2011,10,IQ,Irak,10579.2
2011,10,IQ,Irak,360.0
2011,10,KY,Islas Caimán,957.6
2011,10,KY,Islas Caimán,180.0
2011,10,VI,Islas Vírgenes,8962.12
2011,10,VI,Islas Vírgenes,1152.0
2011,10,IL,Israel,2.14
2011,10,IT,Italia,9672.9
2011,10,IT,Italia,42.6
2011,10,JP,Japón,141779.92
2011,10,JP,Japón,5390.77
2011,10,BS,Las Bahamas,130.5
2011,10,LV,Letonia,76806.6
2011,10,LV,Letonia,109.2
2011,10,LT,Lituania,30574.8
2011,10,LT,Lituania,9134.25
2011,10,LB,Líbano,18468.0
2011,10,LB,Líbano,868.5
2011,10,NZ,Nueva Zelandia,914.76
2011,10,PA,Panamá,143794.8
2011,10,PA,Panamá,50538.89
2011,10,PY,Paraguay,28317.6
2011,10,PE,Perú,15039.0
2011,10,PE,Perú,1170.0
2011,10,PL,Polonia,4596.48
2011,10,PR,Puerto Rico,22473.0
2011,10,PR,Puerto Rico,27.71
2011,10,GB,Reino Unido,124942.77
2011,10,GB,Reino Unido,27314.02
2011,10,DO,República Dominicana,0.71
2011,10,RU,Rusia,286456.17
2011,10,RU,Rusia,59053.54
2011,10,SG,Singapur,124931.68
2011,10,SG,Singapur,756.0
2011,10,ZA,Sudáfrica,71497.95
2011,10,ZA,Sudáfrica,189.0
2011,10,CH,Suiza,21603.05
2011,10,CH,Suiza,128.7
2011,10,SR,Suriname,8892.0
2011,10,TW,Taiwán (Región),8589.94
2011,10,TW,Taiwán (Región),495.0
2011,10,TT,Trinidad y Tobago,0.71
2011,10,TR,Turquía,36841.95
2011,10,TR,Turquía,798.0
2011,10,UA,Ucrania,43562.25
2011,10,UA,Ucrania,951.9
2011,10,UY,Uruguay,1.43
2011,10,VE,Venezuela,9000.0
2011,10,VE,Venezuela,1350.0
2011,11,DE,Alemania,818220.41
2011,11,DE,Alemania,12317.42
2011,11,AW,Aruba,82490.4
2011,11,AU,Australia,5745.6
2011,11,AU,Australia,29031.24
2011,11,BR,Brasil,29605.5
2011,11,BR,Brasil,2.14
2011,11,BE,Bélgica,14850.0
2011,11,CA,Canadá,31838.0
2011,11,CA,Canadá,31136.45
2011,11,CZ,Chequia,15960.0
2011,11,CZ,Chequia,28.5
2011,11,CL,Chile,27.0
2011,11,CL,Chile,24211.8
2011,11,CN,China,1560.0
2011,11,CN,China,745.81
2011,11,CO,Colombia,43872.2
2011,11,CO,Colombia,5758.5
2011,11,KR,Corea del Sur,16344.24
2011,11,KR,Corea del Sur,1643.4
2011,11,CR,Costa Rica,11948.7
2011,11,CR,Costa Rica,2058.57
2011,11,EC,Ecuador,60012.0
2011,11,EC,Ecuador,2376.0
2011,11,SV,El Salvador,6326.25
2011,11,SV,El Salvador,1796.62
2011,11,AE,Emiratos Árabes Unidos,67320.0
2011,11,AE,Emiratos Árabes Unidos,1119.6
2011,11,ES,España,321576.33
2011,11,ES,España,14003.06
2011,11,US,Estados Unidos,5487893.92
2011,11,US,Estados Unidos,4319604.45
2011,11,FR,Francia,193353.74
2011,11,FR,Francia,21579.6
2011,11,GR,Grecia,22743.0
2011,11,GT,Guatemala,12075.0
2011,11,GT,Guatemala,3818.18
2011,11,HN,Honduras,3822.0
2011,11,HN,Honduras,630.0
2011,11,HK,Hong Kong,5557.5
2011,11,HK,Hong Kong,6971.55
2011,11,IN,India,1556.1
2011,11,IL,Israel,1.43
2011,11,IT,Italia,31625.05
2011,11,IT,Italia,10017.24
2011,11,JP,Japón,58272.0
2011,11,JP,Japón,5536.46
2011,11,BS,Las Bahamas,8139.6
2011,11,BS,Las Bahamas,360.0
2011,11,LV,Letonia,63031.2
2011,11,LV,Letonia,8736.0
2011,11,LT,Lituania,19642.2
2011,11,MU,Mauricio,684.0
2011,11,NO,Noruega,7182.0
2011,11,NZ,Nueva Zelandia,9979.2
2011,11,NZ,Nueva Zelandia,3124.17
2011,11,PA,Panamá,124860.3
2011,11,PA,Panamá,1677.6
2011,11,NL,Países Bajos,99.75
2011,11,PE,Perú,20520.0
2011,11,PE,Perú,3960.0
2011,11,PL,Polonia,4596.48
2011,11,PR,Puerto Rico,10953.0
2011,11,GB,Reino Unido,186162.0
2011,11,GB,Reino Unido,23575.26
2011,11,DO,República Dominicana,10395.0
2011,11,RU,Rusia,29670.95
2011,11,RU,Rusia,21103.59
2011,11,SG,Singapur,6976.8
2011,11,SG,Singapur,7801.64
2011,11,ZA,Sudáfrica,71498.25
2011,11,SE,Suecia,7207.65
2011,11,SE,Suecia,1652.64
2011,11,CH,Suiza,79.8
2011,11,TH,Tailandia,3847.5
2011,11,TR,Turquía,49895.25
2011,11,TR,Turquía,877.8
2011,11,UY,Uruguay,12678.75
2011,11,UY,Uruguay,457.5
2011,11,VE,Venezuela,15021.0
2011,11,VE,Venezuela,2925.0
2011,12,AL,Albania,1881.0
2011,12,DE,Alemania,588748.86
2011,12,DE,Alemania,18852.95
2011,12,AR,Argentina,19969.2
2011,12,AR,Argentina,615.69
2011,12,AW,Aruba,15184.8
2011,12,AU,Australia,49791.67
2011,12,AU,Australia,25570.44
2011,12,BR,Brasil,87166.8
2011,12,BR,Brasil,9265.5
2011,12,BE,Bélgica,31350.37
2011,12,BE,Bélgica,783.0
2011,12,CA,Canadá,17795.4
2011,12,CA,Canadá,8256.78
2011,12,CZ,Chequia,3622.5
2011,12,CL,Chile,41402.85
2011,12,CL,Chile,12341.92
2011,12,CN,China,17541.0
2011,12,CN,China,2.25
2011,12,CY,Chipre,19243.2
2011,12,CY,Chipre,448.35
2011,12,CO,Colombia,23625.0
2011,12,CO,Colombia,9291.38
2011,12,KR,Corea del Sur,41942.16
2011,12,KR,Corea del Sur,8025.0
2011,12,CR,Costa Rica,26602.5
2011,12,CR,Costa Rica,1757.25
2011,12,DK,Dinamarca,2394.0
2011,12,SV,El Salvador,5820.0
2011,12,SV,El Salvador,3042.0
2011,12,AE,Emiratos Árabes Unidos,44376.6
2011,12,AE,Emiratos Árabes Unidos,94.5
2011,12,SK,Eslovaquia,1166.4
2011,12,SK,Eslovaquia,1405.5
2011,12,ES,España,327420.59
2011,12,ES,España,7344.66
2011,12,US,Estados Unidos,4537156.51
2011,12,US,Estados Unidos,2810901.87
2011,12,FR,Francia,296219.04
2011,12,GR,Grecia,129467.52
2011,12,GR,Grecia,4389.0
2011,12,GU,Guam,7344.0
2011,12,GU,Guam,1440.0
2011,12,GT,Guatemala,7118.1
2011,12,GT,Guatemala,1490.53
2011,12,HN,Honduras,3356.1
2011,12,HN,Honduras,3071.07
2011,12,HK,Hong Kong,720.0
2011,12,IQ,Irak,702.0
2011,12,IL,Israel,16259.25
2011,12,IL,Israel,1958.62
2011,12,IT,Italia,9177.0
2011,12,JP,Japón,105225.75
2011,12,JP,Japón,2478.0
2011,12,QA,Katar,6480.0
2011,12,QA,Katar,612.0
2011,12,LV,Letonia,87270.0
2011,12,MU,Mauricio,295.26
2011,12,NI,Nicaragua,2160.0
2011,12,NZ,Nueva Zelandia,21106.32
2011,12,NZ,Nueva Zelandia,6230.7
2011,12,PA,Panamá,96952.02
2011,12,PY,Paraguay,18878.4
2011,12,NL,Países Bajos,2778.3
2011,12,PE,Perú,10213.2
2011,12,PE,Perú,2322.0
2011,12,GB,Reino Unido,91625.0
2011,12,GB,Reino Unido,42413.7
2011,12,RU,Rusia,274125.61
2011,12,RU,Rusia,16179.66
2011,12,SG,Singapur,91101.96
2011,12,SG,Singapur,4779.0
2011,12,ZA,Sudáfrica,50387.4
2011,12,SE,Suecia,2034.9
2011,12,SR,Suriname,18194.4
2011,12,TW,Taiwán (Región),9936.0
2011,12,TT,Trinidad y Tobago,8379.0
2011,12,TT,Trinidad y Tobago,720.0
2011,12,UA,Ucrania,11160.6
2011,12,UA,Ucrania,4477.92
2011,12,UY,Uruguay,17740.8
2011,12,UY,Uruguay,270.0
2011,12,VE,Venezuela,28728.0
2011,12,VE,Venezuela,878.44
2012,1,DE,Alemania,503249.65
2012,1,DE,Alemania,10837.53
2012,1,AR,Argentina,31579.2
2012,1,AR,Argentina,356.53
2012,1,AM,Armenia,8661.15
2012,1,AM,Armenia,818.4
2012,1,AU,Australia,62452.58
2012,1,AU,Australia,15355.65
2012,1,BY,Bielorrusia,4588.5
2012,1,BO,Bolivia,10800.0
2012,1,BR,Brasil,77801.85
2012,1,BR,Brasil,3756.57
2012,1,BE,Bélgica,4212.0
2012,1,BE,Bélgica,3294.0
2012,1,CA,Canadá,134432.56
2012,1,CA,Canadá,9772.2
2012,1,CZ,Chequia,10032.0
2012,1,CL,Chile,6842.85
2012,1,CL,Chile,1757.92
2012,1,CN,China,17170.5
2012,1,CN,China,40.59
2012,1,CO,Colombia,41958.0
2012,1,CO,Colombia,8076.83
2012,1,KR,Corea del Sur,1800.0
2012,1,KR,Corea del Sur,2390.55
2012,1,CR,Costa Rica,4681.12
2012,1,EC,Ecuador,21842.4
2012,1,SV,El Salvador,32951.47
2012,1,SV,El Salvador,3105.0
2012,1,AE,Emiratos Árabes Unidos,107406.96
2012,1,AE,Emiratos Árabes Unidos,4149.0
2012,1,SI,Eslovenia,8190.0
2012,1,ES,España,226710.77
2012,1,ES,España,11717.26
2012,1,US,Estados Unidos,6319363.62
2012,1,US,Estados Unidos,3593462.19
2012,1,FR,Francia,133356.06
2012,1,FR,Francia,24875.4
2012,1,GR,Grecia,7660.8
2012,1,GR,Grecia,8788.08
2012,1,GT,Guatemala,17561.64
2012,1,GT,Guatemala,1029.29
2012,1,HK,Hong Kong,4702.5
2012,1,IN,India,36.0
2012,1,IQ,Irak,11035.2
2012,1,IE,Irlanda,495.0
2012,1,VI,Islas Vírgenes,6408.0
2012,1,VI,Islas Vírgenes,1116.0
2012,1,VG,Islas Vírgenes Británicas,3009.6
2012,1,IT,Italia,48174.0
2012,1,JP,Japón,130613.1
2012,1,JP,Japón,3634.5
2012,1,KZ,Kazajstán,14421.0
2012,1,BS,Las Bahamas,6224.4
2012,1,BS,Las Bahamas,360.0
2012,1,LV,Letonia,22500.0
2012,1,LV,Letonia,1422.0
2012,1,MU,Mauricio,23973.05
2012,1,NG,Nigeria,551.25
2012,1,NO,Noruega,7182.0
2012,1,NZ,Nueva Zelandia,8043.84
2012,1,NZ,Nueva Zelandia,5722.98
2012,1,PA,Panamá,106293.6
2012,1,PA,Panamá,24452.4
2012,1,PY,Paraguay,28317.6
2012,1,NL,Países Bajos,83.49
2012,1,PE,Perú,44386.2
2012,1,PE,Perú,2025.0
2012,1,PR,Puerto Rico,11232.0
2012,1,PR,Puerto Rico,5400.0
2012,1,GB,Reino Unido,83117.4
2012,1,GB,Reino Unido,32232.12
2012,1,DO,República Dominicana,1919.7
2012,1,RU,Rusia,104117.25
2012,1,RU,Rusia,25984.72
2012,1,SC,Seychelles,12105.66
2012,1,SG,Singapur,8640.0
2012,1,SG,Singapur,17809.5
2012,1,LK,Sri Lanka,1800.0
2012,1,ZA,Sudáfrica,121576.05
2012,1,SE,Suecia,7178.01
2012,1,SE,Suecia,1128.68
2012,1,CH,Suiza,4668.3
2012,1,SR,Suriname,7318.8
2012,1,TH,Tailandia,8809.92
2012,1,TW,Taiwán (Región),10038.6
2012,1,TW,Taiwán (Región),163.5
2012,1,TT,Trinidad y Tobago,16826.4
2012,1,TT,Trinidad y Tobago,720.0
2012,1,TR,Turquía,36437.25
2012,1,TR,Turquía,997.5
2012,1,UA,Ucrania,12507.6
2012,1,UA,Ucrania,256.5
2012,1,UY,Uruguay,27462.15
2012,1,VE,Venezuela,7371.0
2012,2,DE,Alemania,1137862.38
2012,2,DE,Alemania,8661.12
2012,2,AU,Australia,37466.1
2012,2,AU,Australia,21853.44
2012,2,AZ,Azerbaiyán,10428.15
2012,2,BY,Bielorrusia,8094.0
2012,2,BY,Bielorrusia,454.86
2012,2,BO,Bolivia,8582.4
2012,2,BA,Bosnia y Herzegovina,22216.32
2012,2,BR,Brasil,135716.4
2012,2,BR,Brasil,5260.14
2012,2,BE,Bélgica,17874.0
2012,2,BE,Bélgica,11520.0
2012,2,CA,Canadá,84731.18
2012,2,CA,Canadá,25647.55
2012,2,CZ,Chequia,15960.0
2012,2,CZ,Chequia,8411.55
2012,2,CL,Chile,57304.8
2012,2,CL,Chile,720.0
2012,2,CN,China,20988.0
2012,2,CN,China,2018.64
2012,2,CY,Chipre,5.23
2012,2,CY,Chipre,4.28
2012,2,CO,Colombia,16286.92
2012,2,CO,Colombia,7910.57
2012,2,KR,Corea del Sur,20748.0
2012,2,KR,Corea del Sur,5688.0
2012,2,CR,Costa Rica,23329.5
2012,2,CR,Costa Rica,2922.75
2012,2,CU,Cuba,16245.0
2012,2,EC,Ecuador,17955.0
2012,2,EG,Egipto,9120.0
2012,2,SV,El Salvador,315.0
2012,2,SV,El Salvador,378.0
2012,2,AE,Emiratos Árabes Unidos,18987.2
2012,2,AE,Emiratos Árabes Unidos,7500.6
2012,2,SK,Eslovaquia,315.0
2012,2,SK,Eslovaquia,1717.8
2012,2,ES,España,250154.25
2012,2,ES,España,7539.04
2012,2,US,Estados Unidos,6040644.58
2012,2,US,Estados Unidos,4248220.7
2012,2,PH,Filipinas,31624.47
2012,2,FR,Francia,240228.21
2012,2,FR,Francia,11595.6
2012,2,GR,Grecia,19918.08
2012,2,GR,Grecia,3192.0
2012,2,GT,Guatemala,20590.91
2012,2,GT,Guatemala,2112.57
2012,2,HN,Honduras,7528.5
2012,2,HN,Honduras,7510.12
2012,2,HK,Hong Kong,13957.5
2012,2,IN,India,0.71
2012,2,IN,India,7446.92
2012,2,KY,Islas Caimán,8903.4
2012,2,KY,Islas Caimán,1080.0
2012,2,VI,Islas Vírgenes,2004.0
2012,2,VI,Islas Vírgenes,888.75
2012,2,IT,Italia,29925.0
2012,2,IT,Italia,4680.0
2012,2,JP,Japón,135256.78
2012,2,JP,Japón,7997.29
2012,2,QA,Katar,10663.68
2012,2,QA,Katar,378.0
2012,2,BS,Las Bahamas,72.0
2012,2,LV,Letonia,119017.56
2012,2,LV,Letonia,1436.4
2012,2,MY,Malasia,9054.0
2012,2,MY,Malasia,1284.75
2012,2,NI,Nicaragua,3420.0
2012,2,NI,Nicaragua,128.25
2012,2,NZ,Nueva Zelandia,3906.06
2012,2,PA,Panamá,14965.2
2012,2,PA,Panamá,11818.35
2012,2,PY,Paraguay,27086.4
2012,2,NL,Países Bajos,6984.0
2012,2,PE,Perú,8618.4
2012,2,PE,Perú,1260.0
2012,2,PR,Puerto Rico,20655.0
2012,2,PR,Puerto Rico,1680.75
2012,2,GB,Reino Unido,95565.06
2012,2,GB,Reino Unido,38454.78
2012,2,DO,República Dominicana,855.0
2012,2,DO,República Dominicana,855.0
2012,2,RU,Rusia,41319.3
2012,2,RU,Rusia,22709.4
2012,2,SG,Singapur,68514.84
2012,2,SG,Singapur,9719.64
2012,2,ZA,Sudáfrica,53367.3
2012,2,ZA,Sudáfrica,315.0
2012,2,SE,Suecia,730.95
2012,2,CH,Suiza,15441.3
2012,2,CH,Suiza,770.07
2012,2,SR,Suriname,20109.6
2012,2,TH,Tailandia,8809.92
2012,2,TW,Taiwán (Región),16686.0
2012,2,TW,Taiwán (Región),1436.4
2012,2,TR,Turquía,48121.5
2012,2,TR,Turquía,16298.52
2012,2,UA,Ucrania,22604.4
2012,2,UA,Ucrania,7420.26
2012,2,UY,Uruguay,7574.4
2012,2,UY,Uruguay,716.53
2012,2,VE,Venezuela,44928.0
2012,2,VE,Venezuela,2782.35
2012,3,DE,Alemania,814033.94
2012,3,DE,Alemania,27731.77
2012,3,AN,Antillas Holandesas,6087.6
2012,3,AN,Antillas Holandesas,315.0
2012,3,AR,Argentina,8.4
2012,3,AU,Australia,22641.02
2012,3,AU,Australia,16907.37
2012,3,BM,Bermuda,5130.0
2012,3,BM,Bermuda,360.0
2012,3,BR,Brasil,93899.11
2012,3,BR,Brasil,14221.81
2012,3,BG,Bulgaria,63249.26
2012,3,BE,Bélgica,27657.98
2012,3,BE,Bélgica,4.9
2012,3,CA,Canadá,16054.2
2012,3,CA,Canadá,16795.35
2012,3,CZ,Chequia,15934.35
2012,3,CZ,Chequia,95.76
2012,3,CL,Chile,24264.9
2012,3,CL,Chile,22736.25
2012,3,CN,China,135990.0
2012,3,CN,China,10369.44
2012,3,CO,Colombia,13362.75
2012,3,CO,Colombia,877.8
2012,3,KR,Corea del Sur,20047.2
2012,3,KR,Corea del Sur,5575.95
2012,3,CR,Costa Rica,15859.8
2012,3,CR,Costa Rica,5798.16
2012,3,CU,Cuba,8550.0
2012,3,EC,Ecuador,15750.0
2012,3,EC,Ecuador,8820.0
2012,3,AE,Emiratos Árabes Unidos,76617.9
2012,3,AE,Emiratos Árabes Unidos,146.25
2012,3,SI,Eslovenia,8618.4
2012,3,ES,España,352020.74
2012,3,ES,España,9242.44
2012,3,US,Estados Unidos,7119321.57
2012,3,US,Estados Unidos,4577688.63
2012,3,FI,Finlandia,22764.0
2012,3,FR,Francia,441706.51
2012,3,FR,Francia,414.9
2012,3,GR,Grecia,9959.04
2012,3,GR,Grecia,4389.0
2012,3,GT,Guatemala,136.5
2012,3,GT,Guatemala,1026.0
2012,3,HN,Honduras,12206.25
2012,3,HN,Honduras,157.5
2012,3,HU,Hungría,5827.68
2012,3,IN,India,10850.0
2012,3,IN,India,6720.0
2012,3,IL,Israel,18810.0
2012,3,IL,Israel,4923.75
2012,3,IT,Italia,43445.4
2012,3,IT,Italia,69.0
2012,3,JP,Japón,136560.85
2012,3,JP,Japón,7751.76
2012,3,BS,Las Bahamas,7660.8
2012,3,BS,Las Bahamas,720.0
2012,3,LV,Letonia,66240.0
2012,3,LV,Letonia,4856.4
2012,3,LB,Líbano,6000.0
2012,3,NI,Nicaragua,540.0
2012,3,NZ,Nueva Zelandia,8043.84
2012,3,NZ,Nueva Zelandia,756.0
2012,3,PA,Panamá,45897.9
2012,3,PA,Panamá,31788.07
2012,3,PY,Paraguay,26676.0
2012,3,NL,Países Bajos,499.8
2012,3,PE,Perú,18878.4
2012,3,PR,Puerto Rico,23328.0
2012,3,GB,Reino Unido,50157.72
2012,3,GB,Reino Unido,40802.78
2012,3,RU,Rusia,191975.26
2012,3,RU,Rusia,55546.57
2012,3,SG,Singapur,24325.91
2012,3,SG,Singapur,35892.35
2012,3,ZA,Sudáfrica,74768.4
2012,3,ZA,Sudáfrica,315.0
2012,3,SE,Suecia,9935.1
2012,3,SE,Suecia,941.12
2012,3,SR,Suriname,20239.2
2012,3,TW,Taiwán (Región),1800.0
2012,3,TR,Turquía,98872.77
2012,3,TR,Turquía,399.0
2012,3,UA,Ucrania,39996.9
2012,3,UA,Ucrania,1404.48
2012,3,UY,Uruguay,12469.95
2012,3,VE,Venezuela,7560.0
2012,3,VE,Venezuela,11430.0
2012,4,DE,Alemania,195618.32
2012,4,DE,Alemania,12039.72
2012,4,AR,Argentina,9752.4
2012,4,AU,Australia,74821.32
2012,4,AU,Australia,9855.9
2012,4,AT,Austria,1824.0
2012,4,AT,Austria,28.89
2012,4,AZ,Azerbaiyán,8881.74
2012,4,AZ,Azerbaiyán,1215.0
2012,4,BO,Bolivia,24451.5
2012,4,BR,Brasil,89669.7
2012,4,BR,Brasil,17169.75
2012,4,BE,Bélgica,39098.1
2012,4,BE,Bélgica,775.31
2012,4,CA,Canadá,107700.81
2012,4,CA,Canadá,20448.97
2012,4,CZ,Chequia,7524.0
2012,4,CZ,Chequia,266.0
2012,4,CL,Chile,8190.0
2012,4,CN,China,375.03
2012,4,CY,Chipre,8618.4
2012,4,CY,Chipre,436.8
2012,4,CO,Colombia,5670.0
2012,4,CO,Colombia,12015.68
2012,4,KR,Corea del Sur,34538.74
2012,4,KR,Corea del Sur,12832.75
2012,4,CR,Costa Rica,18680.7
2012,4,CR,Costa Rica,2462.72
2012,4,DK,Dinamarca,7182.0
2012,4,EC,Ecuador,31334.4
2012,4,EC,Ecuador,1091.07
2012,4,SV,El Salvador,17493.6
2012,4,SV,El Salvador,1891.03
2012,4,AE,Emiratos Árabes Unidos,15693.36
2012,4,AE,Emiratos Árabes Unidos,1080.0
2012,4,ES,España,341642.4
2012,4,ES,España,11227.86
2012,4,US,Estados Unidos,8449203.6
2012,4,US,Estados Unidos,4549766.2
2012,4,FI,Finlandia,11856.0
2012,4,FR,Francia,270361.8
2012,4,FR,Francia,15308.7
2012,4,GR,Grecia,114912.0
2012,4,GR,Grecia,1089.27
2012,4,GU,Guam,6912.0
2012,4,GU,Guam,1800.0
2012,4,GT,Guatemala,955.5
2012,4,GT,Guatemala,4490.14
2012,4,HK,Hong Kong,2403.0
2012,4,HU,Hungría,10437.84
2012,4,IN,India,3240.0
2012,4,IN,India,180.0
2012,4,IL,Israel,15834.6
2012,4,IL,Israel,900.0
2012,4,IT,Italia,53146.8
2012,4,JM,Jamaica,12000.0
2012,4,JP,Japón,118178.55
2012,4,JP,Japón,3978.0
2012,4,KE,Kenia,2160.0
2012,4,LV,Letonia,51960.0
2012,4,LT,Lituania,4.5
2012,4,MY,Malasia,2736.0
2012,4,MY,Malasia,1116.0
2012,4,NZ,Nueva Zelandia,21750.4
2012,4,NZ,Nueva Zelandia,6669.69
2012,4,PY,Paraguay,31597.88
2012,4,PY,Paraguay,360.0
2012,4,PE,Perú,18878.4
2012,4,PR,Puerto Rico,11232.0
2012,4,PR,Puerto Rico,69.11
2012,4,GB,Reino Unido,42804.72
2012,4,GB,Reino Unido,37280.1
2012,4,DO,República Dominicana,2137.5
2012,4,DO,República Dominicana,2308.5
2012,4,RU,Rusia,139833.2
2012,4,RU,Rusia,34295.4
2012,4,SG,Singapur,160920.37
2012,4,SG,Singapur,13272.54
2012,4,ZA,Sudáfrica,56378.1
2012,4,ZA,Sudáfrica,4950.0
2012,4,SE,Suecia,7190.21
2012,4,SE,Suecia,9.52
2012,4,CH,Suiza,19392.73
2012,4,CH,Suiza,241.65
2012,4,TH,Tailandia,1282.5
2012,4,TW,Taiwán (Región),9936.0
2012,4,TR,Turquía,70808.25
2012,4,TR,Turquía,798.0
2012,4,UA,Ucrania,7595.25
2012,4,UY,Uruguay,26697.38
2012,4,UY,Uruguay,716.53
2012,4,VE,Venezuela,87999.94
2012,4,VE,Venezuela,1377.0
2012,5,DE,Alemania,345419.2
2012,5,DE,Alemania,14258.61
2012,5,AU,Australia,44424.66
2012,5,AU,Australia,31734.36
2012,5,BO,Bolivia,9028.8
2012,5,BO,Bolivia,360.0
2012,5,BA,Bosnia y Herzegovina,10725.12
2012,5,BR,Brasil,87674.4
2012,5,BR,Brasil,5871.15
2012,5,BE,Bélgica,91.2
2012,5,CA,Canadá,60553.85
2012,5,CA,Canadá,44330.99
2012,5,CZ,Chequia,10944.0
2012,5,CL,Chile,9028.8
2012,5,CL,Chile,12000.0
2012,5,CN,China,17101.31
2012,5,CN,China,15.75
2012,5,CO,Colombia,20583.68
2012,5,CO,Colombia,7152.0
2012,5,KR,Corea del Sur,13764.72
2012,5,KR,Corea del Sur,9657.9
2012,5,CR,Costa Rica,7920.0
2012,5,CR,Costa Rica,990.0
2012,5,DK,Dinamarca,7182.0
2012,5,EC,Ecuador,20160.0
2012,5,SV,El Salvador,17333.4
2012,5,SV,El Salvador,6367.5
2012,5,AE,Emiratos Árabes Unidos,4615.68
2012,5,AE,Emiratos Árabes Unidos,1260.0
2012,5,SI,Eslovenia,8715.3
2012,5,ES,España,383888.24
2012,5,ES,España,8962.5
2012,5,US,Estados Unidos,6949426.87
2012,5,US,Estados Unidos,5523697.86
2012,5,FR,Francia,372275.88
2012,5,FR,Francia,882.52
2012,5,GR,Grecia,54569.52
2012,5,GR,Grecia,22368.0
2012,5,GT,Guatemala,9541.8
2012,5,GT,Guatemala,1500.75
2012,5,HN,Honduras,14760.9
2012,5,HN,Honduras,1052.77
2012,5,HK,Hong Kong,4275.0
2012,5,HU,Hungría,5940.39
2012,5,IE,Irlanda,20109.6
2012,5,KY,Islas Caimán,84.0
2012,5,VG,Islas Vírgenes Británicas,3009.6
2012,5,VG,Islas Vírgenes Británicas,360.0
2012,5,IL,Israel,30266.25
2012,5,IL,Israel,5922.0
2012,5,IT,Italia,3351.6
2012,5,JP,Japón,241952.0
2012,5,JP,Japón,8954.5
2012,5,KZ,Kazajstán,20890.5
2012,5,LV,Letonia,30488.16
2012,5,LV,Letonia,9154.8
2012,5,NZ,Nueva Zelandia,24765.58
2012,5,NZ,Nueva Zelandia,2650.2
2012,5,PA,Panamá,13805.4
2012,5,PA,Panamá,15535.5
2012,5,PY,Paraguay,9028.8
2012,5,NL,Países Bajos,2.75
2012,5,PE,Perú,20239.2
2012,5,PL,Polonia,1464.75
2012,5,PR,Puerto Rico,11232.0
2012,5,GB,Reino Unido,102663.84
2012,5,GB,Reino Unido,75004.78
2012,5,RU,Rusia,131754.36
2012,5,RU,Rusia,48372.0
2012,5,SG,Singapur,58957.2
2012,5,SG,Singapur,47509.95
2012,5,ZA,Sudáfrica,31671.0
2012,5,CH,Suiza,1.5
2012,5,SR,Suriname,6309.9
2012,5,TW,Taiwán (Región),16416.0
2012,5,TW,Taiwán (Región),756.0
2012,5,TR,Turquía,24567.0
2012,5,TR,Turquía,5013.12
2012,5,UA,Ucrania,9442.62
2012,5,VE,Venezuela,19872.0
2012,6,DE,Alemania,520374.32
2012,6,DE,Alemania,48289.32
2012,6,AR,Argentina,2565.0
2012,6,AU,Australia,78537.42
2012,6,AU,Australia,33170.6
2012,6,AT,Austria,223.5
2012,6,BR,Brasil,21600.0
2012,6,BR,Brasil,10800.0
2012,6,BG,Bulgaria,63222.76
2012,6,BE,Bélgica,42440.69
2012,6,CA,Canadá,140817.09
2012,6,CA,Canadá,38042.44
2012,6,CZ,Chequia,10944.0
2012,6,CZ,Chequia,3990.0
2012,6,CL,Chile,4050.0
2012,6,CL,Chile,22680.0
2012,6,CN,China,17100.0
2012,6,CY,Chipre,1511.64
2012,6,CO,Colombia,10602.23
2012,6,CO,Colombia,8961.08
2012,6,KR,Corea del Sur,104315.28
2012,6,KR,Corea del Sur,5261.7
2012,6,CR,Costa Rica,10652.85
2012,6,CR,Costa Rica,5010.75
2012,6,EC,Ecuador,15750.0
2012,6,SV,El Salvador,9578.85
2012,6,AE,Emiratos Árabes Unidos,32711.52
2012,6,AE,Emiratos Árabes Unidos,21100.5
2012,6,ES,España,448680.14
2012,6,ES,España,7517.16
2012,6,US,Estados Unidos,6870614.06
2012,6,US,Estados Unidos,4587051.14
2012,6,FI,Finlandia,4.2
2012,6,FR,Francia,425897.7
2012,6,FR,Francia,1000.5
2012,6,GR,Grecia,209139.84
2012,6,GR,Grecia,26379.99
2012,6,GT,Guatemala,9271.5
2012,6,GT,Guatemala,1968.75
2012,6,HN,Honduras,7.12
2012,6,HN,Honduras,9060.0
2012,6,IN,India,8253.0
2012,6,IT,Italia,31624.74
2012,6,IT,Italia,3519.6
2012,6,JP,Japón,113130.0
2012,6,JP,Japón,4113.0
2012,6,LV,Letonia,11244.0
2012,6,MY,Malasia,5544.0
2012,6,MA,Marruecos,2298.24
2012,6,MA,Marruecos,359.1
2012,6,NI,Nicaragua,2850.0
2012,6,NO,Noruega,7182.0
2012,6,NZ,Nueva Zelandia,55753.75
2012,6,NZ,Nueva Zelandia,101.25
2012,6,PA,Panamá,41094.6
2012,6,PA,Panamá,12242.25
2012,6,PE,Perú,5580.0
2012,6,PE,Perú,2430.0
2012,6,PT,Portugal,15.75
2012,6,PR,Puerto Rico,2025.0
2012,6,GB,Reino Unido,259373.9
2012,6,GB,Reino Unido,53872.8
2012,6,RO,Rumania,5426.4
2012,6,RU,Rusia,299762.53
2012,6,RU,Rusia,3711.6
2012,6,SC,Seychelles,10687.5
2012,6,SG,Singapur,65116.8
2012,6,SG,Singapur,20380.2
2012,6,ZA,Sudáfrica,19801.2
2012,6,ZA,Sudáfrica,5805.0
2012,6,SE,Suecia,2.1
2012,6,CH,Suiza,21003.36
2012,6,CH,Suiza,396.0
2012,6,SR,Suriname,10459.5
2012,6,TW,Taiwán (Región),6142.5
2012,6,TR,Turquía,59850.0
2012,6,TR,Turquía,6640.2
2012,6,UA,Ucrania,13200.0
2012,6,UA,Ucrania,11001.0
2012,6,UY,Uruguay,5400.0
2012,6,VE,Venezuela,7371.0
2012,6,VE,Venezuela,9000.0
2012,7,DE,Alemania,139179.05
2012,7,DE,Alemania,28768.32
2012,7,AN,Antillas Holandesas,7045.2
2012,7,AN,Antillas Holandesas,832.5
2012,7,AR,Argentina,1197.0
2012,7,AU,Australia,47201.7
2012,7,AU,Australia,16056.0
2012,7,AT,Austria,5312.4
2012,7,BO,Bolivia,8070.6
2012,7,BO,Bolivia,900.0
2012,7,BA,Bosnia y Herzegovina,10725.12
2012,7,BR,Brasil,177710.4
2012,7,BR,Brasil,8902.37
2012,7,BE,Bélgica,54998.4
2012,7,CA,Canadá,11379.6
2012,7,CA,Canadá,21756.6
2012,7,CZ,Chequia,10305.6
2012,7,CL,Chile,40590.86
2012,7,CL,Chile,59347.8
2012,7,CN,China,58230.0
2012,7,CO,Colombia,125761.27
2012,7,CO,Colombia,28155.04
2012,7,KR,Corea del Sur,5040.0
2012,7,KR,Corea del Sur,4935.6
2012,7,CR,Costa Rica,7700.1
2012,7,CR,Costa Rica,1163.25
2012,7,CU,Cuba,22862.7
2012,7,CW,Curaçao,5985.0
2012,7,EC,Ecuador,7875.0
2012,7,SV,El Salvador,15159.38
2012,7,AE,Emiratos Árabes Unidos,62748.24
2012,7,AE,Emiratos Árabes Unidos,6840.0
2012,7,SI,Eslovenia,6954.0
2012,7,ES,España,488483.77
2012,7,ES,España,13563.12
2012,7,US,Estados Unidos,7389656.13
2012,7,US,Estados Unidos,4566469.48
2012,7,FR,Francia,297036.43
2012,7,FR,Francia,8106.0
2012,7,GR,Grecia,3990.0
2012,7,GT,Guatemala,26320.35
2012,7,GT,Guatemala,3604.32
2012,7,HN,Honduras,405.0
2012,7,HK,Hong Kong,5130.0
2012,7,HK,Hong Kong,193.5
2012,7,IN,India,13667.75
2012,7,ID,Indonesia,1800.0
2012,7,IT,Italia,48586.8
2012,7,IT,Italia,16562.51
2012,7,JP,Japón,116526.7
2012,7,JP,Japón,2243.25
2012,7,QA,Katar,7344.0
2012,7,QA,Katar,378.0
2012,7,BS,Las Bahamas,8139.6
2012,7,BS,Las Bahamas,480.0
2012,7,LV,Letonia,1755.6
2012,7,LV,Letonia,9828.0
2012,7,NZ,Nueva Zelandia,8862.75
2012,7,NZ,Nueva Zelandia,4753.99
2012,7,PA,Panamá,132845.7
2012,7,PA,Panamá,31683.69
2012,7,PY,Paraguay,18468.0
2012,7,PY,Paraguay,665.53
2012,7,NL,Países Bajos,1711.71
2012,7,NL,Países Bajos,11883.99
2012,7,PE,Perú,63612.0
2012,7,PE,Perú,3420.0
2012,7,PR,Puerto Rico,22464.0
2012,7,PR,Puerto Rico,5985.0
2012,7,GB,Reino Unido,82564.33
2012,7,GB,Reino Unido,35827.68
2012,7,DO,República Dominicana,12217.95
2012,7,DO,República Dominicana,3142.12
2012,7,RU,Rusia,120600.3
2012,7,RU,Rusia,47697.6
2012,7,SG,Singapur,41742.0
2012,7,SG,Singapur,38259.3
2012,7,ZA,Sudáfrica,115776.0
2012,7,ZA,Sudáfrica,4950.0
2012,7,SE,Suecia,4346.41
2012,7,CH,Suiza,2177.4
2012,7,CH,Suiza,908.7
2012,7,TW,Taiwán (Región),2.25
2012,7,TT,Trinidad y Tobago,17236.8
2012,7,TT,Trinidad y Tobago,1098.0
2012,7,UA,Ucrania,38299.44
2012,7,UA,Ucrania,7945.8
2012,7,UY,Uruguay,8712.0
2012,7,UY,Uruguay,1707.08
2012,7,VE,Venezuela,49149.0
2012,7,VE,Venezuela,7416.0
2012,8,DE,Alemania,477585.43
2012,8,DE,Alemania,84959.73
2012,8,AR,Argentina,9000.0
2012,8,AW,Aruba,47196.0
2012,8,AU,Australia,21067.2
2012,8,AU,Australia,31181.64
2012,8,AT,Austria,6362.1
2012,8,AT,Austria,714.0
2012,8,BO,Bolivia,35339.7
2012,8,BO,Bolivia,332.77
2012,8,BR,Brasil,152569.95
2012,8,BE,Bélgica,14850.0
2012,8,CA,Canadá,106304.73
2012,8,CA,Canadá,41380.42
2012,8,CZ,Chequia,18468.0
2012,8,CZ,Chequia,239.4
2012,8,CL,Chile,70908.0
2012,8,CL,Chile,32374.2
2012,8,CN,China,30433.5
2012,8,CN,China,15702.18
2012,8,CY,Chipre,17236.8
2012,8,CO,Colombia,5954.4
2012,8,CO,Colombia,5465.47
2012,8,KR,Corea del Sur,35244.24
2012,8,KR,Corea del Sur,7989.15
2012,8,CR,Costa Rica,7875.0
2012,8,CR,Costa Rica,6967.12
2012,8,EC,Ecuador,15750.0
2012,8,SV,El Salvador,7457.62
2012,8,SV,El Salvador,3118.65
2012,8,AE,Emiratos Árabes Unidos,65436.0
2012,8,AE,Emiratos Árabes Unidos,11376.0
2012,8,SI,Eslovenia,8048.4
2012,8,ES,España,487230.48
2012,8,ES,España,11708.76
2012,8,US,Estados Unidos,4486324.1
2012,8,US,Estados Unidos,3861714.45
2012,8,PH,Filipinas,7940.0
2012,8,PH,Filipinas,2280.0
2012,8,FR,Francia,177987.11
2012,8,FR,Francia,11356.11
2012,8,GR,Grecia,13592.04
2012,8,GT,Guatemala,25785.83
2012,8,GT,Guatemala,3479.02
2012,8,HK,Hong Kong,4275.0
2012,8,HU,Hungría,9192.96
2012,8,IQ,Irak,11035.2
2012,8,KY,Islas Caimán,478.8
2012,8,IT,Italia,36390.13
2012,8,IT,Italia,14891.74
2012,8,JP,Japón,178800.45
2012,8,JP,Japón,8832.15
2012,8,BS,Las Bahamas,9097.2
2012,8,LV,Letonia,21822.0
2012,8,LV,Letonia,32044.8
2012,8,NI,Nicaragua,2462.4
2012,8,NI,Nicaragua,765.0
2012,8,NZ,Nueva Zelandia,11130.84
2012,8,NZ,Nueva Zelandia,1248.21
2012,8,PA,Panamá,72139.95
2012,8,PA,Panamá,45179.77
2012,8,PY,Paraguay,56313.6
2012,8,NL,Países Bajos,4474.65
2012,8,PE,Perú,27915.45
2012,8,PE,Perú,28.63
2012,8,PL,Polonia,4261.32
2012,8,PL,Polonia,123.69
2012,8,PR,Puerto Rico,34560.0
2012,8,PR,Puerto Rico,8293.5
2012,8,GB,Reino Unido,97737.9
2012,8,GB,Reino Unido,52214.23
2012,8,DO,República Dominicana,9628.42
2012,8,DO,República Dominicana,1377.0
2012,8,RU,Rusia,197399.83
2012,8,RU,Rusia,54036.0
2012,8,SC,Seychelles,9268.2
2012,8,SC,Seychelles,1427.85
2012,8,SG,Singapur,43539.84
2012,8,SG,Singapur,23904.0
2012,8,ZA,Sudáfrica,106070.94
2012,8,ZA,Sudáfrica,8.78
2012,8,SE,Suecia,6822.9
2012,8,SE,Suecia,550.62
2012,8,CH,Suiza,436.8
2012,8,TH,Tailandia,9077.25
2012,8,TH,Tailandia,798.0
2012,8,TR,Turquía,62475.42
2012,8,UY,Uruguay,26026.2
2012,8,VE,Venezuela,49680.0
2012,9,DE,Alemania,411583.7
2012,9,DE,Alemania,39387.49
2012,9,AR,Argentina,315.0
2012,9,AW,Aruba,6384.0
2012,9,AU,Australia,41481.47
2012,9,AU,Australia,43470.63
2012,9,AT,Austria,3830.4
2012,9,AT,Austria,1149.12
2012,9,BO,Bolivia,18638.55
2012,9,BA,Bosnia y Herzegovina,10725.12
2012,9,BR,Brasil,82881.9
2012,9,BR,Brasil,4704.57
2012,9,BE,Bélgica,64746.52
2012,9,CA,Canadá,45680.65
2012,9,CA,Canadá,39839.87
2012,9,CZ,Chequia,10944.0
2012,9,CZ,Chequia,5928.0
2012,9,CL,Chile,58946.4
2012,9,CL,Chile,20515.5
2012,9,CN,China,11118.0
2012,9,CN,China,392.21
2012,9,CO,Colombia,40645.63
2012,9,CO,Colombia,10989.0
2012,9,KR,Corea del Sur,42225.36
2012,9,KR,Corea del Sur,6904.5
2012,9,CR,Costa Rica,4920.0
2012,9,CR,Costa Rica,90.0
2012,9,EC,Ecuador,5886.0
2012,9,SV,El Salvador,17816.4
2012,9,SV,El Salvador,2652.75
2012,9,AE,Emiratos Árabes Unidos,24805.92
2012,9,AE,Emiratos Árabes Unidos,4057.88
2012,9,ES,España,262766.06
2012,9,ES,España,17694.12
2012,9,US,Estados Unidos,4466614.74
2012,9,US,Estados Unidos,4478086.11
2012,9,PH,Filipinas,11.25
2012,9,FR,Francia,230104.32
2012,9,FR,Francia,96.38
2012,9,GR,Grecia,30196.32
2012,9,GU,Guam,7344.0
2012,9,GU,Guam,2178.0
2012,9,GT,Guatemala,9570.0
2012,9,GT,Guatemala,360.0
2012,9,HN,Honduras,5615.25
2012,9,HN,Honduras,1370.62
2012,9,HK,Hong Kong,16.0
2012,9,IN,India,20742.87
2012,9,KY,Islas Caimán,9986.4
2012,9,KY,Islas Caimán,513.0
2012,9,IL,Israel,9667.5
2012,9,IT,Italia,64643.7
2012,9,IT,Italia,15729.52
2012,9,JP,Japón,127992.0
2012,9,JP,Japón,2187.0
2012,9,QA,Katar,7344.0
2012,9,QA,Katar,756.0
2012,9,KZ,Kazajstán,17313.75
2012,9,BS,Las Bahamas,240.0
2012,9,LV,Letonia,24438.0
2012,9,LV,Letonia,14266.95
2012,9,LT,Lituania,10579.2
2012,9,LB,Líbano,28317.6
2012,9,MY,Malasia,1710.0
2012,9,NI,Nicaragua,6156.0
2012,9,NZ,Nueva Zelandia,7399.22
2012,9,NZ,Nueva Zelandia,864.87
2012,9,PA,Panamá,172614.0
2012,9,PA,Panamá,55458.22
2012,9,NL,Países Bajos,6065.1
2012,9,PE,Perú,25588.8
2012,9,PE,Perú,1350.0
2012,9,PR,Puerto Rico,6048.0
2012,9,PR,Puerto Rico,20790.0
2012,9,GB,Reino Unido,283229.74
2012,9,GB,Reino Unido,30340.66
2012,9,DO,República Dominicana,4018.5
2012,9,DO,República Dominicana,5400.38
2012,9,RU,Rusia,176157.3
2012,9,RU,Rusia,16525.2
2012,9,SG,Singapur,103497.54
2012,9,SG,Singapur,12158.17
2012,9,ZA,Sudáfrica,64048.5
2012,9,ZA,Sudáfrica,10856.25
2012,9,CH,Suiza,360.0
2012,9,TH,Tailandia,2693.25
2012,9,TW,Taiwán (Región),19629.0
2012,9,TW,Taiwán (Región),1722.0
2012,9,TT,Trinidad y Tobago,17236.8
2012,9,TT,Trinidad y Tobago,405.0
2012,9,TR,Turquía,8809.92
2012,9,UY,Uruguay,17517.6
2012,9,UY,Uruguay,1049.3
2012,9,VE,Venezuela,96583.23
2012,9,VE,Venezuela,1638.0
2012,10,DE,Alemania,483833.45
2012,10,DE,Alemania,35342.01
2012,10,AN,Antillas Holandesas,7113.6
2012,10,AR,Argentina,2565.0
2012,10,AU,Australia,8908.45
2012,10,AU,Australia,24155.82
2012,10,BM,Bermuda,4309.2
2012,10,BM,Bermuda,360.0
2012,10,BR,Brasil,157251.6
2012,10,BR,Brasil,15642.0
2012,10,BE,Bélgica,33301.75
2012,10,CA,Canadá,12745.2
2012,10,CA,Canadá,36690.19
2012,10,CL,Chile,109569.0
2012,10,CL,Chile,12910.5
2012,10,CN,China,39486.0
2012,10,CN,China,724.85
2012,10,CY,Chipre,17811.36
2012,10,CO,Colombia,16787.78
2012,10,CO,Colombia,11247.66
2012,10,KR,Corea del Sur,16110.24
2012,10,KR,Corea del Sur,3684.15
2012,10,CR,Costa Rica,22455.68
2012,10,CR,Costa Rica,6493.5
2012,10,CU,Cuba,5700.0
2012,10,EC,Ecuador,9028.8
2012,10,EG,Egipto,18240.0
2012,10,SV,El Salvador,8298.9
2012,10,AE,Emiratos Árabes Unidos,41535.0
2012,10,SI,Eslovenia,8162.4
2012,10,SI,Eslovenia,2.1
2012,10,ES,España,516342.95
2012,10,ES,España,12216.92
2012,10,US,Estados Unidos,6148770.05
2012,10,US,Estados Unidos,5584430.53
2012,10,FR,Francia,390942.24
2012,10,FR,Francia,27.93
2012,10,GR,Grecia,22344.0
2012,10,GT,Guatemala,13471.43
2012,10,GT,Guatemala,2132.77
2012,10,HN,Honduras,16029.3
2012,10,HN,Honduras,1766.25
2012,10,HK,Hong Kong,4866.75
2012,10,HU,Hungría,10579.2
2012,10,IN,India,4980.0
2012,10,IQ,Irak,26174.4
2012,10,IQ,Irak,1080.0
2012,10,VG,Islas Vírgenes Británicas,7965.0
2012,10,IL,Israel,32853.75
2012,10,IL,Israel,4695.75
2012,10,IT,Italia,31626.12
2012,10,IT,Italia,11676.0
2012,10,JM,Jamaica,4993.2
2012,10,JP,Japón,67548.07
2012,10,JP,Japón,6693.12
2012,10,LV,Letonia,54690.0
2012,10,LV,Letonia,19620.0
2012,10,MT,Malta,21027.3
2012,10,NI,Nicaragua,6076.2
2012,10,NI,Nicaragua,944.55
2012,10,NG,Nigeria,4261.5
2012,10,NZ,Nueva Zelandia,3727.14
2012,10,PA,Panamá,89513.1
2012,10,PA,Panamá,13545.0
2012,10,PY,Paraguay,46372.28
2012,10,PE,Perú,17236.8
2012,10,PE,Perú,2222.77
2012,10,PL,Polonia,9192.96
2012,10,PR,Puerto Rico,25104.0
2012,10,PR,Puerto Rico,1152.0
2012,10,GB,Reino Unido,130803.3
2012,10,GB,Reino Unido,94505.69
2012,10,RU,Rusia,158344.94
2012,10,RU,Rusia,70217.7
2012,10,SC,Seychelles,9618.75
2012,10,SC,Seychelles,1068.75
2012,10,SG,Singapur,129748.68
2012,10,SG,Singapur,11466.0
2012,10,ZA,Sudáfrica,32043.6
2012,10,ZA,Sudáfrica,6.75
2012,10,SE,Suecia,3335.64
2012,10,SE,Suecia,511.43
2012,10,CH,Suiza,2100.0
2012,10,SR,Suriname,6270.0
2012,10,TT,Trinidad y Tobago,14364.0
2012,10,TR,Turquía,19471.2
2012,10,TR,Turquía,5975.76
2012,10,UA,Ucrania,4158.0
2012,10,UA,Ucrania,10782.0
2012,10,UY,Uruguay,18151.2
2012,10,VE,Venezuela,6912.0
2012,10,VE,Venezuela,1228.5
2012,11,DE,Alemania,451240.47
2012,11,DE,Alemania,38386.95
2012,11,AW,Aruba,28317.6
2012,11,AU,Australia,17037.3
2012,11,AU,Australia,21367.14
2012,11,BM,Bermuda,820.8
2012,11,BY,Bielorrusia,9188.97
2012,11,BY,Bielorrusia,311.22
2012,11,BO,Bolivia,20047.12
2012,11,BO,Bolivia,720.0
2012,11,BA,Bosnia y Herzegovina,10190.46
2012,11,BR,Brasil,108750.15
2012,11,BR,Brasil,34615.6
2012,11,BE,Bélgica,25434.0
2012,11,CA,Canadá,20026.8
2012,11,CA,Canadá,21595.54
2012,11,CZ,Chequia,785.1
2012,11,CL,Chile,89055.0
2012,11,CL,Chile,19086.1
2012,11,CN,China,5557.5
2012,11,CN,China,10320.0
2012,11,CO,Colombia,40436.55
2012,11,CO,Colombia,7705.95
2012,11,KR,Corea del Sur,2655.0
2012,11,CR,Costa Rica,10079.4
2012,11,CR,Costa Rica,1687.5
2012,11,DK,Dinamarca,7182.0
2012,11,SV,El Salvador,8023.5
2012,11,SV,El Salvador,9710.25
2012,11,AE,Emiratos Árabes Unidos,81288.0
2012,11,AE,Emiratos Árabes Unidos,1440.0
2012,11,ES,España,373549.56
2012,11,ES,España,5224.8
2012,11,US,Estados Unidos,4180067.17
2012,11,US,Estados Unidos,5912002.8
2012,11,PH,Filipinas,18877.5
2012,11,FR,Francia,307959.01
2012,11,FR,Francia,9638.1
2012,11,GR,Grecia,9192.96
2012,11,GR,Grecia,4431.0
2012,11,GT,Guatemala,4797.0
2012,11,GT,Guatemala,792.75
2012,11,HN,Honduras,29341.35
2012,11,HU,Hungría,7113.6
2012,11,IN,India,4800.0
2012,11,IN,India,2610.0
2012,11,IL,Israel,9495.0
2012,11,IL,Israel,112.5
2012,11,IT,Italia,50633.1
2012,11,JP,Japón,195583.5
2012,11,JP,Japón,2347.5
2012,11,QA,Katar,5616.0
2012,11,QA,Katar,234.0
2012,11,KE,Kenia,3.46
2012,11,LV,Letonia,56250.0
2012,11,LV,Letonia,3891.3
2012,11,MY,Malasia,7344.0
2012,11,MY,Malasia,1750.27
2012,11,NI,Nicaragua,8208.0
2012,11,NI,Nicaragua,4612.5
2012,11,NZ,Nueva Zelandia,23802.63
2012,11,NZ,Nueva Zelandia,6925.8
2012,11,PA,Panamá,152029.8
2012,11,PA,Panamá,24390.0
2012,11,PY,Paraguay,55404.0
2012,11,NL,Países Bajos,12500.0
2012,11,NL,Países Bajos,1777.5
2012,11,PE,Perú,14774.4
2012,11,GB,Reino Unido,116844.4
2012,11,GB,Reino Unido,19979.32
2012,11,DO,República Dominicana,9439.2
2012,11,RU,Rusia,90064.94
2012,11,RU,Rusia,22092.22
2012,11,SG,Singapur,119959.92
2012,11,SG,Singapur,12157.95
2012,11,ZA,Sudáfrica,100282.5
2012,11,SE,Suecia,7233.87
2012,11,SE,Suecia,4155.11
2012,11,CH,Suiza,10561.32
2012,11,CH,Suiza,1404.6
2012,11,TH,Tailandia,2693.25
2012,11,TW,Taiwán (Región),7776.0
2012,11,TW,Taiwán (Región),1476.0
2012,11,TR,Turquía,70519.2
2012,11,TR,Turquía,1117.2
2012,11,UA,Ucrania,29004.17
2012,11,UA,Ucrania,718.2
2012,11,UY,Uruguay,9849.6
2012,11,VE,Venezuela,50859.0
2012,11,VE,Venezuela,1856.52
2012,12,DE,Alemania,336111.26
2012,12,DE,Alemania,15053.82
2012,12,AR,Argentina,25077.6
2012,12,AU,Australia,15867.36
2012,12,AU,Australia,21554.73
2012,12,BY,Bielorrusia,34026.75
2012,12,BO,Bolivia,10920.0
2012,12,BR,Brasil,3880.8
2012,12,BR,Brasil,3543.23
2012,12,BE,Bélgica,39136.81
2012,12,BE,Bélgica,1860.75
2012,12,CA,Canadá,24840.67
2012,12,CA,Canadá,24322.1
2012,12,CZ,Chequia,7524.0
2012,12,CL,Chile,62077.5
2012,12,CN,China,17100.0
2012,12,CN,China,16.76
2012,12,CO,Colombia,5544.0
2012,12,CO,Colombia,2430.0
2012,12,KR,Corea del Sur,16061.52
2012,12,KR,Corea del Sur,9324.0
2012,12,CR,Costa Rica,8097.0
2012,12,CR,Costa Rica,3420.0
2012,12,EC,Ecuador,404.25
2012,12,SV,El Salvador,6989.06
2012,12,AE,Emiratos Árabes Unidos,86700.6
2012,12,AE,Emiratos Árabes Unidos,1818.0
2012,12,ES,España,356001.12
2012,12,ES,España,34.2
2012,12,US,Estados Unidos,3665953.1
2012,12,US,Estados Unidos,3550519.05
2012,12,FR,Francia,273509.93
2012,12,FR,Francia,7821.9
2012,12,GR,Grecia,109549.44
2012,12,GT,Guatemala,18392.36
2012,12,GT,Guatemala,2226.28
2012,12,IN,India,6750.0
2012,12,KY,Islas Caimán,210.0
2012,12,VG,Islas Vírgenes Británicas,2599.2
2012,12,IL,Israel,19023.75
2012,12,IL,Israel,450.0
2012,12,IT,Italia,5677.2
2012,12,IT,Italia,8144.88
2012,12,JP,Japón,131562.0
2012,12,JP,Japón,25372.8
2012,12,KZ,Kazajstán,36323.25
2012,12,LV,Letonia,63866.64
2012,12,LT,Lituania,4851.84
2012,12,NI,Nicaragua,378.0
2012,12,NZ,Nueva Zelandia,13415.52
2012,12,NZ,Nueva Zelandia,1287.0
2012,12,PA,Panamá,105429.6
2012,12,PA,Panamá,9219.14
2012,12,PY,Paraguay,43912.8
2012,12,NL,Países Bajos,12500.0
2012,12,NL,Países Bajos,7455.9
2012,12,PE,Perú,23803.2
2012,12,PE,Perú,900.0
2012,12,PL,Polonia,4596.48
2012,12,PR,Puerto Rico,11232.0
2012,12,PR,Puerto Rico,4545.0
2012,12,GB,Reino Unido,136446.6
2012,12,GB,Reino Unido,115961.04
2012,12,RU,Rusia,62140.2
2012,12,RU,Rusia,7215.06
2012,12,SG,Singapur,75382.2
2012,12,SG,Singapur,25188.75
2012,12,ZA,Sudáfrica,30362.4
2012,12,CH,Suiza,632.34
2012,12,SR,Suriname,18878.4
2012,12,TW,Taiwán (Región),1349.88
2012,12,TW,Taiwán (Región),274.5
2012,12,TR,Turquía,13965.0
2012,12,UY,Uruguay,7875.0
2012,12,VE,Venezuela,10800.0
2012,12,VE,Venezuela,9409.5
2013,1,DE,Alemania,737142.62
2013,1,DE,Alemania,20027.76
2013,1,AR,Argentina,5445.0
2013,1,AW,Aruba,18878.4
2013,1,AW,Aruba,6384.0
2013,1,AU,Australia,60584.1
2013,1,AU,Australia,20879.7
2013,1,BB,Barbados,4582.8
2013,1,BO,Bolivia,8741.7
2013,1,BO,Bolivia,112.5
2013,1,BA,Bosnia y Herzegovina,9903.18
2013,1,BR,Brasil,198675.45
2013,1,BR,Brasil,18717.0
2013,1,BE,Bélgica,26282.63
2013,1,CA,Canadá,48618.13
2013,1,CA,Canadá,36214.61
2013,1,CZ,Chequia,5152.8
2013,1,CL,Chile,29463.3
2013,1,CN,China,103306.5
2013,1,CN,China,2935.5
2013,1,CO,Colombia,71361.0
2013,1,CO,Colombia,8673.53
2013,1,KR,Corea del Sur,12129.6
2013,1,KR,Corea del Sur,5775.0
2013,1,CR,Costa Rica,25933.95
2013,1,CR,Costa Rica,614.25
2013,1,DK,Dinamarca,7182.0
2013,1,EC,Ecuador,6566.4
2013,1,SV,El Salvador,3018.6
2013,1,SV,El Salvador,823.27
2013,1,AE,Emiratos Árabes Unidos,17880.96
2013,1,AE,Emiratos Árabes Unidos,1224.0
2013,1,ES,España,373403.2
2013,1,ES,España,3990.0
2013,1,US,Estados Unidos,5498149.64
2013,1,US,Estados Unidos,3965115.44
2013,1,FR,Francia,171066.35
2013,1,FR,Francia,3326.25
2013,1,GR,Grecia,22875.72
2013,1,GT,Guatemala,8541.0
2013,1,GT,Guatemala,2241.0
2013,1,HK,Hong Kong,3676.5
2013,1,IN,India,5599.5
2013,1,IL,Israel,21378.75
2013,1,IT,Italia,42157.2
2013,1,IT,Italia,252.97
2013,1,JP,Japón,115152.75
2013,1,JP,Japón,3593.4
2013,1,QA,Katar,829.92
2013,1,QA,Katar,612.0
2013,1,BS,Las Bahamas,9097.2
2013,1,BS,Las Bahamas,433.5
2013,1,LV,Letonia,5038.8
2013,1,LV,Letonia,11496.0
2013,1,LT,Lituania,9655.8
2013,1,LT,Lituania,1727.1
2013,1,NI,Nicaragua,3591.0
2013,1,NO,Noruega,7182.0
2013,1,NZ,Nueva Zelandia,6634.01
2013,1,NZ,Nueva Zelandia,5837.28
2013,1,PA,Panamá,55857.0
2013,1,PA,Panamá,49169.05
2013,1,PY,Paraguay,6156.0
2013,1,PY,Paraguay,332.77
2013,1,PL,Polonia,3465.0
2013,1,PR,Puerto Rico,11448.0
2013,1,PR,Puerto Rico,6840.0
2013,1,GB,Reino Unido,86262.66
2013,1,GB,Reino Unido,37109.53
2013,1,RO,Rumania,1453.5
2013,1,RO,Rumania,611.1
2013,1,RU,Rusia,55933.94
2013,1,RU,Rusia,21428.23
2013,1,SC,Seychelles,7900.2
2013,1,SC,Seychelles,855.0
2013,1,SG,Singapur,20154.6
2013,1,ZA,Sudáfrica,108703.13
2013,1,SE,Suecia,7182.0
2013,1,CH,Suiza,3942.12
2013,1,CH,Suiza,659.4
2013,1,TH,Tailandia,6893.25
2013,1,TW,Taiwán (Región),9936.0
2013,1,TW,Taiwán (Región),11856.0
2013,1,TR,Turquía,82778.06
2013,1,TR,Turquía,1383.2
2013,1,UY,Uruguay,1008.0
2013,1,VE,Venezuela,87305.17
2013,2,DE,Alemania,560592.98
2013,2,DE,Alemania,16350.57
2013,2,AU,Australia,42269.34
2013,2,AU,Australia,27176.08
2013,2,BY,Bielorrusia,9453.45
2013,2,BY,Bielorrusia,3090.6
2013,2,BO,Bolivia,14983.2
2013,2,BO,Bolivia,360.0
2013,2,BR,Brasil,178966.8
2013,2,BR,Brasil,10170.49
2013,2,BE,Bélgica,27487.05
2013,2,CA,Canadá,51790.45
2013,2,CA,Canadá,18464.85
2013,2,CL,Chile,20428.8
2013,2,CL,Chile,8559.0
2013,2,CN,China,6480.0
2013,2,CN,China,12197.2
2013,2,CY,Chipre,24995.58
2013,2,CY,Chipre,7712.1
2013,2,CO,Colombia,5551.88
2013,2,CO,Colombia,5528.53
2013,2,KR,Corea del Sur,28436.88
2013,2,KR,Corea del Sur,12106.5
2013,2,CR,Costa Rica,5191.5
2013,2,CR,Costa Rica,517.5
2013,2,CU,Cuba,17424.9
2013,2,SV,El Salvador,6919.5
2013,2,SV,El Salvador,7710.75
2013,2,AE,Emiratos Árabes Unidos,72603.6
2013,2,AE,Emiratos Árabes Unidos,9734.25
2013,2,SI,Eslovenia,8162.4
2013,2,ES,España,205891.56
2013,2,ES,España,3498.27
2013,2,US,Estados Unidos,6466210.95
2013,2,US,Estados Unidos,4631512.48
2013,2,FR,Francia,331687.65
2013,2,FR,Francia,482.7
2013,2,GR,Grecia,18338.04
2013,2,GR,Grecia,28982.61
2013,2,GT,Guatemala,1282.5
2013,2,GT,Guatemala,410.4
2013,2,HN,Honduras,8228.25
2013,2,HN,Honduras,1403.91
2013,2,HU,Hungría,5877.84
2013,2,IN,India,10009.5
2013,2,ID,Indonesia,8100.0
2013,2,IQ,Irak,10266.84
2013,2,IL,Israel,13537.5
2013,2,IT,Italia,106173.9
2013,2,IT,Italia,3484.95
2013,2,JP,Japón,102866.94
2013,2,JP,Japón,2130.73
2013,2,QA,Katar,12061.92
2013,2,QA,Katar,378.0
2013,2,BS,Las Bahamas,7660.8
2013,2,BS,Las Bahamas,2.85
2013,2,LV,Letonia,37071.6
2013,2,LT,Lituania,138772.2
2013,2,MY,Malasia,7344.0
2013,2,MY,Malasia,924.75
2013,2,NI,Nicaragua,15.75
2013,2,NO,Noruega,1575.0
2013,2,NZ,Nueva Zelandia,1915.2
2013,2,NZ,Nueva Zelandia,9160.74
2013,2,PA,Panamá,110603.55
2013,2,PA,Panamá,31848.82
2013,2,PY,Paraguay,46785.6
2013,2,PY,Paraguay,332.77
2013,2,NL,Países Bajos,6543.6
2013,2,PE,Perú,15320.4
2013,2,PE,Perú,3173.53
2013,2,PR,Puerto Rico,26640.0
2013,2,PR,Puerto Rico,1260.0
2013,2,GB,Reino Unido,109260.88
2013,2,GB,Reino Unido,75044.22
2013,2,RU,Rusia,10351.2
2013,2,RU,Rusia,36650.7
2013,2,SG,Singapur,25923.6
2013,2,SG,Singapur,48420.0
2013,2,ZA,Sudáfrica,41313.6
2013,2,ZA,Sudáfrica,10723.5
2013,2,SE,Suecia,199.5
2013,2,CH,Suiza,1732.5
2013,2,TH,Tailandia,2693.25
2013,2,TW,Taiwán (Región),8208.0
2013,2,TW,Taiwán (Región),378.0
2013,2,TT,Trinidad y Tobago,225.0
2013,2,TR,Turquía,47187.45
2013,2,TR,Turquía,1436.4
2013,2,UA,Ucrania,4320.0
2013,2,UY,Uruguay,21091.05
2013,3,DE,Alemania,536689.98
2013,3,DE,Alemania,16761.12
2013,3,AN,Antillas Holandesas,6224.4
2013,3,AN,Antillas Holandesas,738.0
2013,3,AR,Argentina,1982.4
2013,3,AU,Australia,24362.94
2013,3,AU,Australia,24594.66
2013,3,AT,Austria,718.2
2013,3,BO,Bolivia,9900.0
2013,3,BA,Bosnia y Herzegovina,21450.24
2013,3,BR,Brasil,34498.8
2013,3,BR,Brasil,1458.0
2013,3,BE,Bélgica,6.75
2013,3,CA,Canadá,5247.0
2013,3,CA,Canadá,16705.15
2013,3,CZ,Chequia,9484.8
2013,3,CZ,Chequia,1021.44
2013,3,CL,Chile,14810.4
2013,3,CL,Chile,8979.0
2013,3,CN,China,31468.6
2013,3,CN,China,2.85
2013,3,CY,Chipre,2520.0
2013,3,CY,Chipre,68.4
2013,3,CO,Colombia,9125.7
2013,3,KR,Corea del Sur,8809.92
2013,3,CR,Costa Rica,3937.5
2013,3,CR,Costa Rica,4610.77
2013,3,DK,Dinamarca,7182.0
2013,3,SV,El Salvador,6087.6
2013,3,SV,El Salvador,1098.0
2013,3,AE,Emiratos Árabes Unidos,76591.2
2013,3,AE,Emiratos Árabes Unidos,3042.0
2013,3,ES,España,231897.12
2013,3,ES,España,4083.3
2013,3,US,Estados Unidos,5546991.19
2013,3,US,Estados Unidos,4121005.01
2013,3,PH,Filipinas,108379.64
2013,3,FR,Francia,330128.62
2013,3,FR,Francia,12479.43
2013,3,GR,Grecia,5266.8
2013,3,GR,Grecia,4899.72
2013,3,GU,Guam,6912.0
2013,3,GU,Guam,1440.0
2013,3,GT,Guatemala,8796.38
2013,3,GT,Guatemala,1192.5
2013,3,HN,Honduras,8003.4
2013,3,HK,Hong Kong,5130.0
2013,3,HU,Hungría,383.04
2013,3,IN,India,6390.0
2013,3,IN,India,351.0
2013,3,IL,Israel,5130.0
2013,3,IT,Italia,11012.4
2013,3,IT,Italia,83.79
2013,3,JP,Japón,138539.2
2013,3,JP,Japón,8475.9
2013,3,BS,Las Bahamas,1080.0
2013,3,LV,Letonia,26680.56
2013,3,LV,Letonia,586.42
2013,3,LT,Lituania,145703.4
2013,3,LT,Lituania,2633.4
2013,3,MY,Malasia,1710.0
2013,3,NI,Nicaragua,8671.5
2013,3,NO,Noruega,7182.0
2013,3,NZ,Nueva Zelandia,1736.28
2013,3,NZ,Nueva Zelandia,263.34
2013,3,PA,Panamá,97211.1
2013,3,PA,Panamá,62613.9
2013,3,PY,Paraguay,32832.0
2013,3,PE,Perú,8618.4
2013,3,PE,Perú,720.0
2013,3,PR,Puerto Rico,7560.0
2013,3,PR,Puerto Rico,3960.0
2013,3,GB,Reino Unido,5925.15
2013,3,GB,Reino Unido,5350.59
2013,3,RU,Rusia,46805.36
2013,3,RU,Rusia,51617.7
2013,3,SC,Seychelles,6797.25
2013,3,SC,Seychelles,4206.6
2013,3,SG,Singapur,11491.2
2013,3,SG,Singapur,13992.0
2013,3,ZA,Sudáfrica,102026.25
2013,3,SE,Suecia,6122.92
2013,3,SE,Suecia,3090.87
2013,3,CH,Suiza,10413.9
2013,3,CH,Suiza,468.0
2013,3,TW,Taiwán (Región),9504.0
2013,3,TR,Turquía,470.25
2013,3,UA,Ucrania,14755.88
2013,3,UA,Ucrania,2485.2
2013,3,UY,Uruguay,8618.4
2013,4,DE,Alemania,232872.11
2013,4,DE,Alemania,13649.02
2013,4,AN,Antillas Holandesas,410.4
2013,4,AM,Armenia,9558.9
2013,4,AM,Armenia,908.4
2013,4,AW,Aruba,9644.4
2013,4,AW,Aruba,6384.0
2013,4,AU,Australia,26429.76
2013,4,AU,Australia,53178.03
2013,4,AZ,Azerbaiyán,10173.36
2013,4,AZ,Azerbaiyán,405.0
2013,4,BO,Bolivia,17236.8
2013,4,BO,Bolivia,1332.3
2013,4,BR,Brasil,222136.8
2013,4,BR,Brasil,2345.85
2013,4,CA,Canadá,49659.1
2013,4,CA,Canadá,26610.94
2013,4,CZ,Chequia,11593.8
2013,4,CZ,Chequia,179.55
2013,4,CL,Chile,127537.8
2013,4,CN,China,6690.66
2013,4,CO,Colombia,8459.0
2013,4,CO,Colombia,7174.5
2013,4,KR,Corea del Sur,6098.31
2013,4,KR,Corea del Sur,5390.36
2013,4,CR,Costa Rica,23560.95
2013,4,CR,Costa Rica,6.41
2013,4,EC,Ecuador,5839.2
2013,4,EC,Ecuador,56.25
2013,4,SV,El Salvador,9114.0
2013,4,AE,Emiratos Árabes Unidos,27396.6
2013,4,AE,Emiratos Árabes Unidos,909.0
2013,4,ES,España,374402.76
2013,4,ES,España,11268.81
2013,4,US,Estados Unidos,9393628.43
2013,4,US,Estados Unidos,5412730.29
2013,4,EE,Estonia,4012.8
2013,4,PH,Filipinas,31505.04
2013,4,PH,Filipinas,4320.0
2013,4,FR,Francia,334516.58
2013,4,FR,Francia,6975.76
2013,4,GR,Grecia,29877.12
2013,4,GR,Grecia,26042.73
2013,4,GT,Guatemala,7904.7
2013,4,GT,Guatemala,8694.9
2013,4,HN,Honduras,9081.9
2013,4,HN,Honduras,1727.68
2013,4,HU,Hungría,8139.6
2013,4,IN,India,6804.0
2013,4,VI,Islas Vírgenes,9072.0
2013,4,VI,Islas Vírgenes,1098.0
2013,4,VG,Islas Vírgenes Británicas,3898.8
2013,4,IL,Israel,5602.5
2013,4,IL,Israel,4050.0
2013,4,IT,Italia,22242.48
2013,4,JP,Japón,122509.5
2013,4,JP,Japón,7506.5
2013,4,LV,Letonia,43020.0
2013,4,LT,Lituania,119665.8
2013,4,LT,Lituania,8251.32
2013,4,NI,Nicaragua,6183.0
2013,4,NZ,Nueva Zelandia,2106.72
2013,4,NZ,Nueva Zelandia,1372.8
2013,4,PA,Panamá,103137.9
2013,4,PA,Panamá,29990.92
2013,4,PY,Paraguay,31352.4
2013,4,NL,Países Bajos,5149.51
2013,4,PE,Perú,19699.2
2013,4,PE,Perú,900.0
2013,4,PR,Puerto Rico,4320.0
2013,4,GB,Reino Unido,151984.43
2013,4,GB,Reino Unido,23425.68
2013,4,RU,Rusia,59943.9
2013,4,RU,Rusia,43148.02
2013,4,SG,Singapur,8208.0
2013,4,SG,Singapur,39131.33
2013,4,LK,Sri Lanka,2700.0
2013,4,ZA,Sudáfrica,48363.75
2013,4,SE,Suecia,823.65
2013,4,SR,Suriname,9439.2
2013,4,TW,Taiwán (Región),9936.0
2013,4,TW,Taiwán (Región),11358.0
2013,4,TT,Trinidad y Tobago,8208.0
2013,4,TR,Turquía,57652.2
2013,4,TR,Turquía,798.0
2013,4,UA,Ucrania,20230.72
2013,4,UA,Ucrania,7982.16
2013,4,UY,Uruguay,2872.8
2013,4,VE,Venezuela,7110.0
2013,4,VE,Venezuela,1665.0
2013,5,DE,Alemania,742545.55
2013,5,DE,Alemania,29899.8
2013,5,AU,Australia,80045.1
2013,5,AU,Australia,47850.09
2013,5,AT,Austria,4987.5
2013,5,BY,Bielorrusia,6503.7
2013,5,BY,Bielorrusia,143.64
2013,5,BO,Bolivia,273.0
2013,5,BR,Brasil,110005.2
2013,5,BR,Brasil,7408.71
2013,5,BG,Bulgaria,63250.44
2013,5,BE,Bélgica,59278.36
2013,5,CA,Canadá,84277.09
2013,5,CA,Canadá,60660.45
2013,5,CZ,Chequia,8873.76
2013,5,CL,Chile,83684.25
2013,5,CN,China,864.0
2013,5,CN,China,90.0
2013,5,CO,Colombia,17217.36
2013,5,CO,Colombia,11656.65
2013,5,KR,Corea del Sur,46487.52
2013,5,KR,Corea del Sur,9049.95
2013,5,CR,Costa Rica,15981.75
2013,5,CR,Costa Rica,7332.75
2013,5,CU,Cuba,27146.25
2013,5,SV,El Salvador,14396.92
2013,5,SV,El Salvador,716.53
2013,5,AE,Emiratos Árabes Unidos,31824.0
2013,5,AE,Emiratos Árabes Unidos,8352.0
2013,5,SI,Eslovenia,8504.4
2013,5,ES,España,457048.88
2013,5,ES,España,8096.77
2013,5,US,Estados Unidos,10635962.89
2013,5,US,Estados Unidos,6261545.0
2013,5,PH,Filipinas,22503.6
2013,5,FR,Francia,177592.06
2013,5,FR,Francia,4331.49
2013,5,GR,Grecia,11872.38
2013,5,GT,Guatemala,16586.1
2013,5,GT,Guatemala,420.75
2013,5,HN,Honduras,11354.4
2013,5,HN,Honduras,545.53
2013,5,HK,Hong Kong,10368.0
2013,5,HK,Hong Kong,882.0
2013,5,HU,Hungría,8249.04
2013,5,IN,India,6390.0
2013,5,KY,Islas Caimán,7455.6
2013,5,KY,Islas Caimán,1200.0
2013,5,IL,Israel,13537.5
2013,5,IL,Israel,450.0
2013,5,IT,Italia,38408.33
2013,5,IT,Italia,20879.76
2013,5,JP,Japón,167620.5
2013,5,JP,Japón,24273.86
2013,5,KZ,Kazajstán,90.0
2013,5,BS,Las Bahamas,7182.0
2013,5,BS,Las Bahamas,360.0
2013,5,LV,Letonia,69850.08
2013,5,LV,Letonia,18367.8
2013,5,LT,Lituania,171478.8
2013,5,LT,Lituania,3072.3
2013,5,MY,Malasia,2193.36
2013,5,MT,Malta,19870.2
2013,5,NI,Nicaragua,3534.0
2013,5,NZ,Nueva Zelandia,26442.36
2013,5,NZ,Nueva Zelandia,14716.32
2013,5,PA,Panamá,88181.7
2013,5,PA,Panamá,14496.97
2013,5,PY,Paraguay,27496.8
2013,5,NL,Países Bajos,33267.39
2013,5,NL,Países Bajos,4473.0
2013,5,PE,Perú,25999.2
2013,5,PE,Perú,1980.0
2013,5,PL,Polonia,4596.48
2013,5,PR,Puerto Rico,12096.0
2013,5,PR,Puerto Rico,10800.0
2013,5,GB,Reino Unido,53299.05
2013,5,GB,Reino Unido,24002.26
2013,5,RU,Rusia,26507.88
2013,5,RU,Rusia,46733.61
2013,5,SC,Seychelles,11003.85
2013,5,SG,Singapur,21221.1
2013,5,SG,Singapur,39798.0
2013,5,ZA,Sudáfrica,53009.32
2013,5,ZA,Sudáfrica,10271.25
2013,5,CH,Suiza,252.0
2013,5,SR,Suriname,19152.0
2013,5,TH,Tailandia,6583.5
2013,5,TH,Tailandia,1470.6
2013,5,TW,Taiwán (Región),10303.08
2013,5,TW,Taiwán (Región),1283.85
2013,5,TT,Trinidad y Tobago,540.0
2013,5,TR,Turquía,53975.7
2013,5,TR,Turquía,8059.8
2013,5,UA,Ucrania,4800.0
2013,5,UA,Ucrania,16293.03
2013,5,UY,Uruguay,21306.6
2013,6,DE,Alemania,147420.45
2013,6,DE,Alemania,28774.32
2013,6,AN,Antillas Holandesas,5266.8
2013,6,AN,Antillas Holandesas,360.0
2013,6,AR,Argentina,136.8
2013,6,AW,Aruba,288.0
2013,6,AU,Australia,6544.44
2013,6,AU,Australia,43492.31
2013,6,AT,Austria,12209.4
2013,6,AT,Austria,1005.48
2013,6,BM,Bermuda,4240.8
2013,6,BM,Bermuda,360.0
2013,6,BR,Brasil,14400.0
2013,6,BR,Brasil,51375.0
2013,6,BG,Bulgaria,31621.63
2013,6,BE,Bélgica,39141.9
2013,6,CA,Canadá,61090.94
2013,6,CA,Canadá,45827.93
2013,6,CZ,Chequia,435.01
2013,6,CL,Chile,96132.3
2013,6,CN,China,70578.0
2013,6,CN,China,10260.0
2013,6,CY,Chipre,24341.28
2013,6,CO,Colombia,13501.02
2013,6,KR,Corea del Sur,6411.75
2013,6,CR,Costa Rica,478.8
2013,6,CU,Cuba,5557.5
2013,6,DK,Dinamarca,24777.9
2013,6,SV,El Salvador,11474.4
2013,6,SV,El Salvador,642.38
2013,6,AE,Emiratos Árabes Unidos,17136.0
2013,6,AE,Emiratos Árabes Unidos,506.25
2013,6,ES,España,305803.36
2013,6,ES,España,22232.65
2013,6,US,Estados Unidos,5839002.26
2013,6,US,Estados Unidos,4472722.66
2013,6,EE,Estonia,15836.88
2013,6,FI,Finlandia,7182.0
2013,6,FR,Francia,586188.85
2013,6,FR,Francia,382.2
2013,6,GR,Grecia,66146.22
2013,6,GR,Grecia,12721.8
2013,6,GT,Guatemala,9560.11
2013,6,GT,Guatemala,5052.56
2013,6,HN,Honduras,1194.38
2013,6,IN,India,1800.0
2013,6,VI,Islas Vírgenes,7056.0
2013,6,VI,Islas Vírgenes,1062.0
2013,6,IL,Israel,9450.0
2013,6,IT,Italia,43690.5
2013,6,IT,Italia,16205.26
2013,6,JM,Jamaica,5266.8
2013,6,JP,Japón,79778.93
2013,6,JP,Japón,5589.75
2013,6,QA,Katar,4734.96
2013,6,QA,Katar,378.0
2013,6,KZ,Kazajstán,2535.0
2013,6,KE,Kenia,221.74
2013,6,LV,Letonia,10470.0
2013,6,LT,Lituania,3921.6
2013,6,LT,Lituania,3916.2
2013,6,MY,Malasia,2565.0
2013,6,MY,Malasia,2.25
2013,6,NI,Nicaragua,4113.0
2013,6,NI,Nicaragua,319.2
2013,6,NZ,Nueva Zelandia,6156.0
2013,6,NZ,Nueva Zelandia,39.38
2013,6,PA,Panamá,105262.85
2013,6,PA,Panamá,56289.9
2013,6,NL,Países Bajos,21785.4
2013,6,PE,Perú,21211.2
2013,6,PE,Perú,396.15
2013,6,PR,Puerto Rico,16848.0
2013,6,PR,Puerto Rico,5595.0
2013,6,GB,Reino Unido,103721.76
2013,6,GB,Reino Unido,43424.67
2013,6,RU,Rusia,24227.19
2013,6,RU,Rusia,24962.25
2013,6,SG,Singapur,31477.5
2013,6,SG,Singapur,29884.83
2013,6,ZA,Sudáfrica,10414.8
2013,6,ZA,Sudáfrica,90.0
2013,6,SE,Suecia,8625.0
2013,6,SE,Suecia,2771.07
2013,6,TH,Tailandia,7660.8
2013,6,TW,Taiwán (Región),1188.0
2013,6,TR,Turquía,15988.5
2013,6,TR,Turquía,9685.2
2013,6,UA,Ucrania,7560.0
2013,6,UY,Uruguay,18655.2
2013,6,UY,Uruguay,360.0
2013,7,DE,Alemania,471770.78
2013,7,DE,Alemania,22481.12
2013,7,AW,Aruba,7182.0
2013,7,AW,Aruba,12768.0
2013,7,AU,Australia,37244.37
2013,7,AU,Australia,50452.67
2013,7,BO,Bolivia,18878.4
2013,7,BO,Bolivia,360.0
2013,7,BR,Brasil,71841.6
2013,7,BR,Brasil,16074.0
2013,7,BG,Bulgaria,39046.88
2013,7,BE,Bélgica,8618.4
2013,7,BE,Bélgica,670.32
2013,7,CA,Canadá,12456.27
2013,7,CA,Canadá,33891.14
2013,7,CZ,Chequia,10944.0
2013,7,CZ,Chequia,6541.8
2013,7,CL,Chile,65242.8
2013,7,CL,Chile,8541.0
2013,7,CN,China,54342.0
2013,7,CN,China,6588.0
2013,7,CY,Chipre,22020.0
2013,7,CO,Colombia,2593.5
2013,7,CO,Colombia,1316.7
2013,7,KR,Corea del Sur,74868.6
2013,7,KR,Corea del Sur,2423.4
2013,7,CR,Costa Rica,27150.0
2013,7,CR,Costa Rica,5077.88
2013,7,CU,Cuba,32643.9
2013,7,SV,El Salvador,15688.87
2013,7,SV,El Salvador,2.66
2013,7,AE,Emiratos Árabes Unidos,120569.8
2013,7,AE,Emiratos Árabes Unidos,1532.25
2013,7,ES,España,562708.24
2013,7,ES,España,4610.02
2013,7,US,Estados Unidos,8136754.37
2013,7,US,Estados Unidos,4822800.88
2013,7,PH,Filipinas,342.0
2013,7,FR,Francia,416231.04
2013,7,FR,Francia,4976.16
2013,7,GR,Grecia,21984.9
2013,7,GT,Guatemala,19196.49
2013,7,GT,Guatemala,1869.46
2013,7,HN,Honduras,9641.25
2013,7,HK,Hong Kong,16609.16
2013,7,HK,Hong Kong,21.56
2013,7,IN,India,14401.42
2013,7,IN,India,6300.0
2013,7,VI,Islas Vírgenes,940.5
2013,7,VG,Islas Vírgenes Británicas,3420.0
2013,7,VG,Islas Vírgenes Británicas,360.0
2013,7,IL,Israel,9690.0
2013,7,IL,Israel,6465.0
2013,7,IT,Italia,3888.0
2013,7,JP,Japón,134575.5
2013,7,JP,Japón,10389.38
2013,7,BS,Las Bahamas,945.0
2013,7,LV,Letonia,77131.0
2013,7,LV,Letonia,5399.58
2013,7,LT,Lituania,84029.4
2013,7,LB,Líbano,17236.8
2013,7,LB,Líbano,378.0
2013,7,MY,Malasia,8208.0
2013,7,MY,Malasia,378.0
2013,7,MT,Malta,11092.2
2013,7,NI,Nicaragua,1231.2
2013,7,NI,Nicaragua,360.0
2013,7,NO,Noruega,7182.0
2013,7,NZ,Nueva Zelandia,15488.4
2013,7,NZ,Nueva Zelandia,2970.0
2013,7,PA,Panamá,62445.0
2013,7,PA,Panamá,22996.35
2013,7,PY,Paraguay,33652.8
2013,7,PY,Paraguay,2336.53
2013,7,NL,Países Bajos,5959.8
2013,7,PE,Perú,30780.0
2013,7,PE,Perú,2272.5
2013,7,PL,Polonia,4788.0
2013,7,PR,Puerto Rico,9504.0
2013,7,GB,Reino Unido,167933.08
2013,7,GB,Reino Unido,32552.93
2013,7,RU,Rusia,204570.72
2013,7,RU,Rusia,32516.62
2013,7,SC,Seychelles,11003.85
2013,7,SG,Singapur,18185.85
2013,7,SG,Singapur,18138.0
2013,7,ZA,Sudáfrica,222842.7
2013,7,ZA,Sudáfrica,4950.0
2013,7,SE,Suecia,4342.49
2013,7,CH,Suiza,10413.9
2013,7,CH,Suiza,51.3
2013,7,TW,Taiwán (Región),5880.0
2013,7,TT,Trinidad y Tobago,5745.6
2013,7,TR,Turquía,66501.9
2013,7,TR,Turquía,25456.2
2013,7,UA,Ucrania,15127.8
2013,7,UA,Ucrania,87.78
2013,7,UY,Uruguay,15095.59
2013,8,DE,Alemania,627765.91
2013,8,DE,Alemania,34885.95
2013,8,AR,Argentina,9.0
2013,8,AW,Aruba,20930.4
2013,8,AW,Aruba,12768.0
2013,8,AU,Australia,20987.86
2013,8,AU,Australia,18328.83
2013,8,AT,Austria,7760.55
2013,8,BO,Bolivia,26641.2
2013,8,BO,Bolivia,720.0
2013,8,BA,Bosnia y Herzegovina,10725.12
2013,8,BR,Brasil,85493.7
2013,8,BR,Brasil,23098.5
2013,8,BE,Bélgica,1436.4
2013,8,BE,Bélgica,6032.88
2013,8,CA,Canadá,42576.84
2013,8,CA,Canadá,16273.5
2013,8,CL,Chile,108048.75
2013,8,CL,Chile,6818.25
2013,8,CN,China,49502.18
2013,8,CN,China,4493.39
2013,8,CY,Chipre,34674.24
2013,8,CO,Colombia,10453.8
2013,8,CO,Colombia,7939.13
2013,8,KR,Corea del Sur,45171.36
2013,8,KR,Corea del Sur,8748.0
2013,8,CR,Costa Rica,1980.0
2013,8,CU,Cuba,22321.2
2013,8,DK,Dinamarca,3231.9
2013,8,EC,Ecuador,35716.16
2013,8,AE,Emiratos Árabes Unidos,81493.86
2013,8,AE,Emiratos Árabes Unidos,2268.0
2013,8,ES,España,386795.46
2013,8,ES,España,20004.81
2013,8,US,Estados Unidos,5861524.12
2013,8,US,Estados Unidos,4509329.4
2013,8,FR,Francia,347701.61
2013,8,FR,Francia,3479.72
2013,8,GR,Grecia,101266.2
2013,8,GR,Grecia,11421.0
2013,8,GU,Guam,7776.0
2013,8,GU,Guam,2880.0
2013,8,GT,Guatemala,22956.62
2013,8,GT,Guatemala,2145.0
2013,8,GY,Guayana,36.0
2013,8,HN,Honduras,3486.0
2013,8,HK,Hong Kong,15984.0
2013,8,HK,Hong Kong,1413.7
2013,8,HU,Hungría,7469.28
2013,8,KY,Islas Caimán,318.0
2013,8,IL,Israel,16461.0
2013,8,IL,Israel,1597.5
2013,8,IT,Italia,4522.56
2013,8,JP,Japón,136314.0
2013,8,JP,Japón,12700.42
2013,8,QA,Katar,5616.0
2013,8,QA,Katar,756.0
2013,8,KE,Kenia,6048.0
2013,8,KE,Kenia,1215.0
2013,8,BS,Las Bahamas,7660.8
2013,8,BS,Las Bahamas,360.0
2013,8,LV,Letonia,94554.0
2013,8,LT,Lituania,10579.2
2013,8,NZ,Nueva Zelandia,21435.01
2013,8,NZ,Nueva Zelandia,9970.18
2013,8,PA,Panamá,81163.43
2013,8,PA,Panamá,15066.82
2013,8,PY,Paraguay,80028.0
2013,8,NL,Países Bajos,6942.6
2013,8,PE,Perú,39801.6
2013,8,PE,Perú,1980.0
2013,8,PL,Polonia,9576.0
2013,8,PR,Puerto Rico,10800.0
2013,8,GB,Reino Unido,89670.12
2013,8,GB,Reino Unido,48523.92
2013,8,RO,Rumania,8043.84
2013,8,RU,Rusia,117779.47
2013,8,RU,Rusia,54927.3
2013,8,SG,Singapur,56181.6
2013,8,SG,Singapur,29315.16
2013,8,ZA,Sudáfrica,160279.11
2013,8,ZA,Sudáfrica,6838.38
2013,8,SE,Suecia,438.9
2013,8,SE,Suecia,2620.82
2013,8,CH,Suiza,2104.12
2013,8,SR,Suriname,18696.0
2013,8,TH,Tailandia,2693.25
2013,8,TW,Taiwán (Región),9936.0
2013,8,TT,Trinidad y Tobago,17236.8
2013,8,TT,Trinidad y Tobago,765.0
2013,8,TR,Turquía,22344.0
2013,8,TR,Turquía,2872.8
2013,8,UA,Ucrania,4410.0
2013,8,VE,Venezuela,9000.0
2013,9,DE,Alemania,324946.74
2013,9,DE,Alemania,16011.95
2013,9,AR,Argentina,3964.8
2013,9,AW,Aruba,8413.2
2013,9,AU,Australia,22879.12
2013,9,AU,Australia,38882.64
2013,9,BB,Barbados,60.0
2013,9,BO,Bolivia,1216.8
2013,9,BR,Brasil,66484.8
2013,9,BR,Brasil,14343.61
2013,9,BE,Bélgica,55121.61
2013,9,CA,Canadá,33174.0
2013,9,CA,Canadá,28096.24
2013,9,CZ,Chequia,7524.0
2013,9,CL,Chile,84627.0
2013,9,CL,Chile,8577.0
2013,9,CN,China,28827.0
2013,9,CN,China,1535.68
2013,9,CO,Colombia,25568.7
2013,9,KR,Corea del Sur,4320.0
2013,9,KR,Corea del Sur,3277.35
2013,9,CR,Costa Rica,6795.0
2013,9,CR,Costa Rica,6415.31
2013,9,EC,Ecuador,58912.4
2013,9,SV,El Salvador,7503.75
2013,9,SV,El Salvador,5718.28
2013,9,AE,Emiratos Árabes Unidos,37062.21
2013,9,AE,Emiratos Árabes Unidos,2000.25
2013,9,SI,Eslovenia,8390.4
2013,9,ES,España,703101.01
2013,9,ES,España,20764.8
2013,9,US,Estados Unidos,4550845.55
2013,9,US,Estados Unidos,4536615.26
2013,9,PH,Filipinas,102091.21
2013,9,PH,Filipinas,684.0
2013,9,FR,Francia,63249.8
2013,9,FR,Francia,4573.21
2013,9,GR,Grecia,19981.92
2013,9,GR,Grecia,30286.2
2013,9,GT,Guatemala,7.88
2013,9,HK,Hong Kong,4275.0
2013,9,HK,Hong Kong,513.0
2013,9,HU,Hungría,10579.2
2013,9,IQ,Irak,27998.4
2013,9,IL,Israel,8452.5
2013,9,IL,Israel,2924.4
2013,9,IT,Italia,95545.03
2013,9,IT,Italia,11014.89
2013,9,JP,Japón,139799.2
2013,9,JP,Japón,6454.5
2013,9,KZ,Kazajstán,10231.5
2013,9,KZ,Kazajstán,540.0
2013,9,LV,Letonia,29376.0
2013,9,LT,Lituania,63840.0
2013,9,LT,Lituania,5187.0
2013,9,NI,Nicaragua,2308.5
2013,9,NZ,Nueva Zelandia,10054.8
2013,9,NZ,Nueva Zelandia,7535.22
2013,9,PA,Panamá,57062.7
2013,9,PA,Panamá,14411.25
2013,9,NL,Países Bajos,1464.6
2013,9,PE,Perú,6519.0
2013,9,PE,Perú,2250.0
2013,9,PR,Puerto Rico,5184.0
2013,9,PR,Puerto Rico,450.0
2013,9,GB,Reino Unido,72121.53
2013,9,GB,Reino Unido,30867.54
2013,9,RU,Rusia,137405.82
2013,9,RU,Rusia,90947.4
2013,9,SC,Seychelles,9464.85
2013,9,SC,Seychelles,1539.0
2013,9,SG,Singapur,51840.0
2013,9,SG,Singapur,8235.0
2013,9,LK,Sri Lanka,7200.0
2013,9,ZA,Sudáfrica,90421.32
2013,9,ZA,Sudáfrica,6536.25
2013,9,CH,Suiza,488.02
2013,9,TR,Turquía,46312.5
2013,9,UA,Ucrania,1395.0
2013,9,UY,Uruguay,12237.19
2013,9,UY,Uruguay,6390.0
2013,10,DE,Alemania,389435.08
2013,10,DE,Alemania,17299.5
2013,10,AU,Australia,154269.36
2013,10,AU,Australia,32955.14
2013,10,AT,Austria,6822.9
2013,10,AT,Austria,335.16
2013,10,BD,Bangladesh,16800.0
2013,10,BY,Bielorrusia,23698.89
2013,10,BY,Bielorrusia,215.46
2013,10,BR,Brasil,86490.0
2013,10,BR,Brasil,4648.14
2013,10,BG,Bulgaria,7780.5
2013,10,BE,Bélgica,20109.6
2013,10,BE,Bélgica,1.23
2013,10,CA,Canadá,32107.0
2013,10,CA,Canadá,39999.55
2013,10,CZ,Chequia,11.4
2013,10,CL,Chile,79668.75
2013,10,CL,Chile,171.0
2013,10,CN,China,17229.86
2013,10,CN,China,25503.16
2013,10,CY,Chipre,57456.0
2013,10,CO,Colombia,30862.1
2013,10,CO,Colombia,975.25
2013,10,KR,Corea del Sur,29883.84
2013,10,KR,Corea del Sur,6957.6
2013,10,CR,Costa Rica,13996.65
2013,10,CR,Costa Rica,7962.38
2013,10,CU,Cuba,3762.0
2013,10,DK,Dinamarca,2872.8
2013,10,DK,Dinamarca,368.02
2013,10,EG,Egipto,18240.0
2013,10,SV,El Salvador,5040.0
2013,10,SV,El Salvador,275.62
2013,10,AE,Emiratos Árabes Unidos,52664.88
2013,10,AE,Emiratos Árabes Unidos,4175.25
2013,10,SI,Eslovenia,8390.4
2013,10,ES,España,333645.51
2013,10,ES,España,12112.93
2013,10,US,Estados Unidos,4756042.57
2013,10,US,Estados Unidos,5360073.29
2013,10,EE,Estonia,4404.96
2013,10,EE,Estonia,149.62
2013,10,PH,Filipinas,72994.32
2013,10,FR,Francia,321097.2
2013,10,FR,Francia,3021.0
2013,10,GE,Georgia,11289.6
2013,10,GR,Grecia,197074.08
2013,10,GR,Grecia,21984.9
2013,10,GU,Guam,1296.0
2013,10,GU,Guam,378.0
2013,10,GT,Guatemala,31625.63
2013,10,GT,Guatemala,1595.25
2013,10,HN,Honduras,6634.8
2013,10,HN,Honduras,1710.0
2013,10,HK,Hong Kong,31.5
2013,10,HK,Hong Kong,214.38
2013,10,IN,India,12.0
2013,10,KY,Islas Caimán,504.0
2013,10,IL,Israel,16575.0
2013,10,IL,Israel,1350.0
2013,10,IT,Italia,5426.4
2013,10,JP,Japón,87469.5
2013,10,JP,Japón,5445.0
2013,10,KZ,Kazajstán,30960.0
2013,10,LV,Letonia,33720.0
2013,10,LV,Letonia,5085.0
2013,10,MY,Malasia,7776.0
2013,10,MY,Malasia,783.0
2013,10,NO,Noruega,6822.9
2013,10,NO,Noruega,385.03
2013,10,NZ,Nueva Zelandia,22091.28
2013,10,NZ,Nueva Zelandia,2646.0
2013,10,PA,Panamá,65133.15
2013,10,PA,Panamá,35374.58
2013,10,PY,Paraguay,53300.7
2013,10,NL,Países Bajos,14506.5
2013,10,NL,Países Bajos,3552.6
2013,10,PE,Perú,28728.0
2013,10,PE,Perú,474.0
2013,10,PL,Polonia,9576.0
2013,10,PR,Puerto Rico,24336.0
2013,10,PR,Puerto Rico,2442.0
2013,10,GB,Reino Unido,133495.51
2013,10,GB,Reino Unido,56728.12
2013,10,DO,República Dominicana,8208.0
2013,10,DO,República Dominicana,1098.0
2013,10,RU,Rusia,100434.59
2013,10,RU,Rusia,90988.35
2013,10,SG,Singapur,38843.1
2013,10,SG,Singapur,9146.25
2013,10,ZA,Sudáfrica,21364.65
2013,10,ZA,Sudáfrica,10298.25
2013,10,CH,Suiza,9695.7
2013,10,CH,Suiza,801.6
2013,10,TH,Tailandia,2693.25
2013,10,TH,Tailandia,2088.0
2013,10,TW,Taiwán (Región),19260.0
2013,10,TW,Taiwán (Región),216.0
2013,10,TR,Turquía,13024.5
2013,10,TR,Turquía,5825.4
2013,10,UA,Ucrania,9308.1
2013,10,UA,Ucrania,438.9
2013,10,VE,Venezuela,21600.0
2013,10,VE,Venezuela,22129.65
2013,11,DE,Alemania,420275.78
2013,11,DE,Alemania,10876.74
2013,11,AN,Antillas Holandesas,6976.8
2013,11,AN,Antillas Holandesas,360.0
2013,11,AR,Argentina,9000.0
2013,11,AR,Argentina,405.0
2013,11,AU,Australia,3571.3
2013,11,AU,Australia,38238.87
2013,11,AT,Austria,663.9
2013,11,BY,Bielorrusia,33054.31
2013,11,BO,Bolivia,16674.6
2013,11,BO,Bolivia,360.0
2013,11,BA,Bosnia y Herzegovina,10725.12
2013,11,BR,Brasil,99262.8
2013,11,BR,Brasil,27958.5
2013,11,BE,Bélgica,64583.58
2013,11,BE,Bélgica,722.7
2013,11,CA,Canadá,3129.75
2013,11,CA,Canadá,41139.25
2013,11,CZ,Chequia,10944.0
2013,11,CZ,Chequia,588.0
2013,11,CL,Chile,72878.4
2013,11,CN,China,23946.56
2013,11,CN,China,25656.56
2013,11,CO,Colombia,87594.23
2013,11,CO,Colombia,14792.25
2013,11,KR,Corea del Sur,25014.0
2013,11,KR,Corea del Sur,6618.15
2013,11,CR,Costa Rica,20450.4
2013,11,CR,Costa Rica,10134.38
2013,11,CU,Cuba,132.18
2013,11,EC,Ecuador,39.38
2013,11,EC,Ecuador,445.05
2013,11,SV,El Salvador,16297.88
2013,11,SV,El Salvador,9258.19
2013,11,AE,Emiratos Árabes Unidos,23004.0
2013,11,ES,España,667505.18
2013,11,ES,España,16243.26
2013,11,US,Estados Unidos,4480943.46
2013,11,US,Estados Unidos,5179699.85
2013,11,PH,Filipinas,61128.27
2013,11,FR,Francia,184208.99
2013,11,FR,Francia,11971.8
2013,11,GR,Grecia,7464.0
2013,11,GU,Guam,1035.0
2013,11,GU,Guam,468.0
2013,11,GT,Guatemala,11001.38
2013,11,GT,Guatemala,10662.75
2013,11,HN,Honduras,5335.2
2013,11,HN,Honduras,1814.53
2013,11,HK,Hong Kong,4275.0
2013,11,IQ,Irak,22070.4
2013,11,IL,Israel,9.0
2013,11,IT,Italia,121016.7
2013,11,IT,Italia,24118.5
2013,11,JM,Jamaica,9.0
2013,11,JP,Japón,120817.5
2013,11,JP,Japón,6162.0
2013,11,LV,Letonia,85572.0
2013,11,LV,Letonia,6012.0
2013,11,LB,Líbano,6511.68
2013,11,LB,Líbano,1756.54
2013,11,MA,Marruecos,2298.24
2013,11,NI,Nicaragua,638.4
2013,11,NZ,Nueva Zelandia,6083.66
2013,11,NZ,Nueva Zelandia,4671.3
2013,11,PA,Panamá,122698.8
2013,11,PA,Panamá,17119.05
2013,11,PY,Paraguay,56635.2
2013,11,NL,Países Bajos,6942.6
2013,11,NL,Países Bajos,4094.51
2013,11,PE,Perú,19699.2
2013,11,PR,Puerto Rico,11232.0
2013,11,GB,Reino Unido,275635.61
2013,11,GB,Reino Unido,25233.09
2013,11,DO,República Dominicana,3314.52
2013,11,RO,Rumania,26042.16
2013,11,RU,Rusia,102255.15
2013,11,RU,Rusia,32079.6
2013,11,SC,Seychelles,10490.85
2013,11,SC,Seychelles,513.0
2013,11,SG,Singapur,42777.0
2013,11,SG,Singapur,13528.3
2013,11,ZA,Sudáfrica,174153.83
2013,11,ZA,Sudáfrica,4950.0
2013,11,SE,Suecia,760.1
2013,11,SE,Suecia,1843.6
2013,11,SR,Suriname,20017.2
2013,11,TW,Taiwán (Región),9936.0
2013,11,TW,Taiwán (Región),5880.0
2013,11,TT,Trinidad y Tobago,13543.2
2013,11,TT,Trinidad y Tobago,720.0
2013,11,TR,Turquía,27471.72
2013,11,TR,Turquía,598.5
2013,11,UY,Uruguay,38144.47
2013,11,UY,Uruguay,1951.5
2013,11,VE,Venezuela,7371.0
2013,12,DE,Alemania,438247.72
2013,12,DE,Alemania,11489.85
2013,12,AR,Argentina,31828.8
2013,12,AU,Australia,33140.06
2013,12,AT,Austria,18212.4
2013,12,AT,Austria,3678.78
2013,12,BO,Bolivia,9439.2
2013,12,BO,Bolivia,630.0
2013,12,BA,Bosnia y Herzegovina,10725.12
2013,12,BR,Brasil,43527.6
2013,12,BR,Brasil,26424.0
2013,12,BE,Bélgica,3351.6
2013,12,CA,Canadá,5504.4
2013,12,CA,Canadá,13017.0
2013,12,CZ,Chequia,10944.0
2013,12,CZ,Chequia,5440.2
2013,12,CL,Chile,27195.0
2013,12,CN,China,41710.2
2013,12,CN,China,752.4
2013,12,CY,Chipre,13023.36
2013,12,CO,Colombia,14485.8
2013,12,CO,Colombia,4066.2
2013,12,KR,Corea del Sur,5171.04
2013,12,CR,Costa Rica,1764.0
2013,12,CR,Costa Rica,6496.88
2013,12,CU,Cuba,2505.72
2013,12,SV,El Salvador,225.0
2013,12,AE,Emiratos Árabes Unidos,57087.96
2013,12,AE,Emiratos Árabes Unidos,978.75
2013,12,SI,Eslovenia,6930.0
2013,12,ES,España,742885.46
2013,12,ES,España,8786.92
2013,12,US,Estados Unidos,4117657.03
2013,12,US,Estados Unidos,3790573.53
2013,12,FR,Francia,196847.68
2013,12,FR,Francia,429.45
2013,12,GR,Grecia,25332.3
2013,12,GU,Guam,3024.0
2013,12,GU,Guam,900.0
2013,12,GT,Guatemala,6631.2
2013,12,GT,Guatemala,3440.25
2013,12,HK,Hong Kong,9936.0
2013,12,HK,Hong Kong,1482.0
2013,12,HU,Hungría,5928.0
2013,12,KY,Islas Caimán,7455.6
2013,12,KY,Islas Caimán,1440.0
2013,12,IL,Israel,16822.5
2013,12,IL,Israel,45.0
2013,12,IT,Italia,98090.28
2013,12,IT,Italia,4599.84
2013,12,JP,Japón,131252.2
2013,12,LV,Letonia,22474.0
2013,12,LV,Letonia,11595.0
2013,12,MY,Malasia,18.0
2013,12,NI,Nicaragua,3307.5
2013,12,NG,Nigeria,29293.65
2013,12,NZ,Nueva Zelandia,1170.49
2013,12,NZ,Nueva Zelandia,4758.72
2013,12,PA,Panamá,129753.87
2013,12,PA,Panamá,27287.4
2013,12,PY,Paraguay,8208.0
2013,12,NL,Países Bajos,8131.25
2013,12,PE,Perú,19699.2
2013,12,PE,Perú,1440.0
2013,12,PR,Puerto Rico,11232.0
2013,12,PR,Puerto Rico,6552.0
2013,12,GB,Reino Unido,103466.4
2013,12,GB,Reino Unido,20489.07
2013,12,DO,República Dominicana,4924.8
2013,12,DO,República Dominicana,360.0
2013,12,RU,Rusia,55388.99
2013,12,RU,Rusia,15135.0
2013,12,SC,Seychelles,8438.85
2013,12,SC,Seychelles,2565.0
2013,12,SG,Singapur,2698.88
2013,12,SG,Singapur,15343.8
2013,12,ZA,Sudáfrica,74714.4
2013,12,ZA,Sudáfrica,4950.0
2013,12,SE,Suecia,5187.0
2013,12,SE,Suecia,577.87
2013,12,CH,Suiza,184.11
2013,12,TH,Tailandia,9971.01
2013,12,TH,Tailandia,734.16
2013,12,TW,Taiwán (Región),627.0
2013,12,TW,Taiwán (Región),59.85
2013,12,TR,Turquía,32658.15
2013,12,TR,Turquía,7022.4
2013,12,UA,Ucrania,14627.91
2013,12,UA,Ucrania,297.51
2014,1,DE,Alemania,347328.25
2014,1,DE,Alemania,34237.88
2014,1,AR,Argentina,3964.8
2014,1,AU,Australia,20688.9
2014,1,AU,Australia,59383.37
2014,1,AT,Austria,5942.25
2014,1,AZ,Azerbaiyán,10587.18
2014,1,BO,Bolivia,4362.6
2014,1,BR,Brasil,78490.8
2014,1,BR,Brasil,7188.21
2014,1,BG,Bulgaria,9216.9
2014,1,CA,Canadá,20435.4
2014,1,CA,Canadá,33517.33
2014,1,CZ,Chequia,2314.2
2014,1,CL,Chile,59405.4
2014,1,CL,Chile,1818.0
2014,1,CN,China,1320.0
2014,1,CN,China,7222.8
2014,1,CO,Colombia,10710.0
2014,1,CO,Colombia,7238.48
2014,1,KR,Corea del Sur,36234.21
2014,1,KR,Corea del Sur,8317.8
2014,1,HR,Croacia,9192.96
2014,1,CU,Cuba,2505.72
2014,1,DK,Dinamarca,3591.0
2014,1,SV,El Salvador,2257.2
2014,1,AE,Emiratos Árabes Unidos,34443.96
2014,1,AE,Emiratos Árabes Unidos,1572.1
2014,1,SI,Eslovenia,8162.4
2014,1,ES,España,458098.39
2014,1,ES,España,6063.96
2014,1,US,Estados Unidos,3537193.34
2014,1,US,Estados Unidos,5005244.16
2014,1,FR,Francia,255957.05
2014,1,FR,Francia,21349.42
2014,1,GE,Georgia,22458.24
2014,1,GR,Grecia,9417.58
2014,1,GU,Guam,6912.0
2014,1,GU,Guam,1800.0
2014,1,GT,Guatemala,849.0
2014,1,HN,Honduras,14418.0
2014,1,HN,Honduras,13072.27
2014,1,HK,Hong Kong,14113.2
2014,1,HK,Hong Kong,1246.5
2014,1,IN,India,5272.5
2014,1,VI,Islas Vírgenes,10080.0
2014,1,VI,Islas Vírgenes,1458.0
2014,1,IT,Italia,11035.2
2014,1,JP,Japón,121734.0
2014,1,JP,Japón,9443.06
2014,1,QA,Katar,8605.92
2014,1,KZ,Kazajstán,10488.0
2014,1,BS,Las Bahamas,250.5
2014,1,LV,Letonia,10246.32
2014,1,LT,Lituania,7467.0
2014,1,LT,Lituania,5729.64
2014,1,LB,Líbano,8813.91
2014,1,LB,Líbano,4.2
2014,1,NZ,Nueva Zelandia,16094.52
2014,1,NZ,Nueva Zelandia,5634.93
2014,1,PA,Panamá,77229.6
2014,1,PA,Panamá,43231.35
2014,1,PY,Paraguay,11379.67
2014,1,NL,Países Bajos,7421.4
2014,1,NL,Países Bajos,366.38
2014,1,PE,Perú,7380.0
2014,1,PE,Perú,900.0
2014,1,PR,Puerto Rico,24336.0
2014,1,GB,Reino Unido,47998.26
2014,1,GB,Reino Unido,49062.28
2014,1,DO,República Dominicana,3693.6
2014,1,RU,Rusia,70189.35
2014,1,RU,Rusia,50083.47
2014,1,SC,Seychelles,10302.75
2014,1,SC,Seychelles,701.1
2014,1,SG,Singapur,57519.0
2014,1,SG,Singapur,12132.48
2014,1,ZA,Sudáfrica,65988.0
2014,1,CH,Suiza,19666.71
2014,1,CH,Suiza,3339.42
2014,1,SR,Suriname,8481.6
2014,1,TH,Tailandia,510.9
2014,1,TW,Taiwán (Región),8208.0
2014,1,TW,Taiwán (Región),432.0
2014,1,TR,Turquía,19243.2
2014,1,TR,Turquía,5426.4
2014,1,UA,Ucrania,15125.7
2014,1,UA,Ucrania,2.25
2014,1,UY,Uruguay,7875.0
2014,1,VE,Venezuela,4123.1
2014,2,DE,Alemania,409312.34
2014,2,DE,Alemania,14100.6
2014,2,AR,Argentina,540.0
2014,2,AU,Australia,45.6
2014,2,AU,Australia,46962.48
2014,2,AT,Austria,6822.9
2014,2,AT,Austria,335.16
2014,2,BO,Bolivia,24463.2
2014,2,BO,Bolivia,945.0
2014,2,BA,Bosnia y Herzegovina,7660.8
2014,2,BR,Brasil,105304.95
2014,2,BR,Brasil,23017.5
2014,2,BE,Bélgica,41011.76
2014,2,CA,Canadá,46922.18
2014,2,CA,Canadá,9596.62
2014,2,CZ,Chequia,2793.0
2014,2,CZ,Chequia,239.4
2014,2,CL,Chile,15709.2
2014,2,CL,Chile,9322.8
2014,2,CN,China,90162.0
2014,2,CN,China,24413.4
2014,2,CO,Colombia,61863.9
2014,2,CO,Colombia,15228.71
2014,2,KR,Corea del Sur,11667.0
2014,2,KR,Corea del Sur,300.0
2014,2,CR,Costa Rica,11084.25
2014,2,CR,Costa Rica,10448.25
2014,2,EC,Ecuador,21964.8
2014,2,SV,El Salvador,5897.85
2014,2,SV,El Salvador,6350.62
2014,2,AE,Emiratos Árabes Unidos,79491.72
2014,2,AE,Emiratos Árabes Unidos,1190.25
2014,2,SI,Eslovenia,7820.4
2014,2,ES,España,449846.28
2014,2,ES,España,4222.18
2014,2,US,Estados Unidos,4966150.17
2014,2,US,Estados Unidos,4188375.59
2014,2,EE,Estonia,12198.0
2014,2,FI,Finlandia,7182.0
2014,2,FR,Francia,156370.46
2014,2,FR,Francia,4725.0
2014,2,GR,Grecia,18091.5
2014,2,GT,Guatemala,4651.2
2014,2,GT,Guatemala,6027.33
2014,2,HN,Honduras,9212.7
2014,2,HN,Honduras,9149.02
2014,2,HK,Hong Kong,8677.2
2014,2,HK,Hong Kong,6752.16
2014,2,HU,Hungría,7660.8
2014,2,HU,Hungría,8.19
2014,2,IN,India,1.43
2014,2,IN,India,2.25
2014,2,IL,Israel,28968.0
2014,2,IL,Israel,1194.12
2014,2,IT,Italia,76259.52
2014,2,JP,Japón,145616.71
2014,2,JP,Japón,2171.36
2014,2,QA,Katar,7309.92
2014,2,QA,Katar,756.0
2014,2,LV,Letonia,26366.16
2014,2,LV,Letonia,8534.34
2014,2,LT,Lituania,4389.0
2014,2,LB,Líbano,5586.0
2014,2,LB,Líbano,335.16
2014,2,NZ,Nueva Zelandia,13978.19
2014,2,NZ,Nueva Zelandia,4461.15
2014,2,PA,Panamá,131105.89
2014,2,PA,Panamá,21179.87
2014,2,PY,Paraguay,16062.6
2014,2,PY,Paraguay,774.9
2014,2,NL,Países Bajos,20998.7
2014,2,PE,Perú,57456.0
2014,2,PE,Perú,1080.0
2014,2,PR,Puerto Rico,11232.0
2014,2,PR,Puerto Rico,112.5
2014,2,GB,Reino Unido,69271.64
2014,2,GB,Reino Unido,20388.0
2014,2,RU,Rusia,125356.64
2014,2,RU,Rusia,10327.5
2014,2,SG,Singapur,57475.26
2014,2,SG,Singapur,17409.45
2014,2,ZA,Sudáfrica,40082.4
2014,2,ZA,Sudáfrica,5220.0
2014,2,SE,Suecia,3591.0
2014,2,TW,Taiwán (Región),10800.0
2014,2,TT,Trinidad y Tobago,16416.0
2014,2,TT,Trinidad y Tobago,720.0
2014,2,TR,Turquía,72956.58
2014,2,TR,Turquía,798.0
2014,2,UA,Ucrania,4770.0
2014,2,UY,Uruguay,7797.6
2014,2,UY,Uruguay,405.0
2014,2,VE,Venezuela,9000.0
2014,3,DE,Alemania,569754.88
2014,3,DE,Alemania,15348.21
2014,3,AM,Armenia,10830.0
2014,3,AM,Armenia,45.0
2014,3,AU,Australia,50992.2
2014,3,AU,Australia,35404.09
2014,3,BM,Bermuda,4788.0
2014,3,BO,Bolivia,7797.6
2014,3,BO,Bolivia,2520.0
2014,3,BA,Bosnia y Herzegovina,3064.32
2014,3,BR,Brasil,64692.0
2014,3,BR,Brasil,17378.64
2014,3,BE,Bélgica,9306.0
2014,3,BE,Bélgica,806.4
2014,3,CA,Canadá,26438.4
2014,3,CA,Canadá,45272.03
2014,3,CZ,Chequia,10944.0
2014,3,CL,Chile,93672.0
2014,3,CL,Chile,6828.0
2014,3,CN,China,30444.0
2014,3,CN,China,6210.73
2014,3,CY,Chipre,3504.45
2014,3,CO,Colombia,47404.87
2014,3,CO,Colombia,8350.54
2014,3,KR,Corea del Sur,52337.16
2014,3,KR,Corea del Sur,15516.0
2014,3,CR,Costa Rica,7131.15
2014,3,CR,Costa Rica,9442.5
2014,3,CU,Cuba,9048.75
2014,3,EC,Ecuador,22006.67
2014,3,EC,Ecuador,8.29
2014,3,SV,El Salvador,12224.17
2014,3,SV,El Salvador,9851.25
2014,3,AE,Emiratos Árabes Unidos,6043.5
2014,3,SI,Eslovenia,8504.4
2014,3,ES,España,405951.72
2014,3,ES,España,5399.03
2014,3,US,Estados Unidos,5376347.33
2014,3,US,Estados Unidos,5377374.79
2014,3,EE,Estonia,31.92
2014,3,EE,Estonia,74.1
2014,3,PH,Filipinas,93928.2
2014,3,FR,Francia,629658.73
2014,3,FR,Francia,9094.74
2014,3,GR,Grecia,44049.6
2014,3,GR,Grecia,9552.6
2014,3,GT,Guatemala,1584.0
2014,3,GT,Guatemala,45.0
2014,3,HN,Honduras,8253.9
2014,3,HN,Honduras,1410.97
2014,3,HK,Hong Kong,452.0
2014,3,HU,Hungría,5827.68
2014,3,IN,India,4.28
2014,3,IN,India,1.43
2014,3,ID,Indonesia,9360.0
2014,3,IL,Israel,34635.0
2014,3,IL,Israel,7762.5
2014,3,IT,Italia,57604.2
2014,3,IT,Italia,16266.28
2014,3,JP,Japón,86614.3
2014,3,JP,Japón,2880.0
2014,3,BS,Las Bahamas,957.6
2014,3,BS,Las Bahamas,600.0
2014,3,LV,Letonia,57832.2
2014,3,LV,Letonia,109.2
2014,3,NI,Nicaragua,1140.0
2014,3,NO,Noruega,5745.6
2014,3,NO,Noruega,335.16
2014,3,NZ,Nueva Zelandia,14321.14
2014,3,NZ,Nueva Zelandia,969.0
2014,3,PA,Panamá,123923.55
2014,3,PA,Panamá,14917.99
2014,3,PY,Paraguay,36525.6
2014,3,PY,Paraguay,8100.0
2014,3,NL,Países Bajos,41675.27
2014,3,NL,Países Bajos,5586.0
2014,3,PE,Perú,1890.0
2014,3,PL,Polonia,4830.0
2014,3,GB,Reino Unido,78486.03
2014,3,GB,Reino Unido,90618.81
2014,3,DO,República Dominicana,9439.2
2014,3,RO,Rumania,17619.84
2014,3,RU,Rusia,15717.27
2014,3,RU,Rusia,51047.1
2014,3,SG,Singapur,3242.25
2014,3,ZA,Sudáfrica,95457.6
2014,3,ZA,Sudáfrica,10950.0
2014,3,SE,Suecia,3591.0
2014,3,SE,Suecia,957.6
2014,3,CH,Suiza,10769.01
2014,3,TH,Tailandia,3830.4
2014,3,TW,Taiwán (Región),5952.0
2014,3,TR,Turquía,56655.18
2014,3,UA,Ucrania,10325.83
2014,3,UA,Ucrania,3927.3
2014,3,UY,Uruguay,16826.4
2014,3,UY,Uruguay,360.0
2014,4,DE,Alemania,368123.14
2014,4,DE,Alemania,57856.71
2014,4,AN,Antillas Holandesas,4309.2
2014,4,AR,Argentina,540.0
2014,4,AW,Aruba,14774.4
2014,4,AU,Australia,15633.6
2014,4,AT,Austria,10795.8
2014,4,BO,Bolivia,28180.8
2014,4,BR,Brasil,167306.4
2014,4,BR,Brasil,171.0
2014,4,BG,Bulgaria,31810.15
2014,4,BE,Bélgica,9097.2
2014,4,BE,Bélgica,149.62
2014,4,CA,Canadá,93680.13
2014,4,CA,Canadá,49245.03
2014,4,CZ,Chequia,15184.8
2014,4,CZ,Chequia,1675.8
2014,4,CL,Chile,102367.2
2014,4,CN,China,22480.4
2014,4,CN,China,85.61
2014,4,CO,Colombia,41229.45
2014,4,CO,Colombia,20964.15
2014,4,KR,Corea del Sur,16989.42
2014,4,KR,Corea del Sur,4159.8
2014,4,EC,Ecuador,945.0
2014,4,SV,El Salvador,820.8
2014,4,SV,El Salvador,1476.0
2014,4,AE,Emiratos Árabes Unidos,35262.88
2014,4,AE,Emiratos Árabes Unidos,924.75
2014,4,ES,España,279142.67
2014,4,ES,España,14785.2
2014,4,US,Estados Unidos,7327529.79
2014,4,US,Estados Unidos,6309846.32
2014,4,FR,Francia,220446.25
2014,4,FR,Francia,1547.7
2014,4,GR,Grecia,28448.7
2014,4,GR,Grecia,27179.46
2014,4,GT,Guatemala,2239.95
2014,4,HN,Honduras,14945.21
2014,4,HN,Honduras,1975.27
2014,4,HK,Hong Kong,3003.4
2014,4,HK,Hong Kong,143.38
2014,4,HU,Hungría,5777.52
2014,4,IL,Israel,9633.0
2014,4,IT,Italia,21335.1
2014,4,IT,Italia,24328.35
2014,4,JP,Japón,147028.5
2014,4,JP,Japón,8577.0
2014,4,BS,Las Bahamas,5369.4
2014,4,NI,Nicaragua,6156.0
2014,4,NI,Nicaragua,378.0
2014,4,NG,Nigeria,36000.0
2014,4,NZ,Nueva Zelandia,17629.32
2014,4,NZ,Nueva Zelandia,7331.16
2014,4,PA,Panamá,42548.4
2014,4,PA,Panamá,16979.21
2014,4,PY,Paraguay,60328.8
2014,4,PY,Paraguay,356.53
2014,4,NL,Países Bajos,8726.13
2014,4,NL,Países Bajos,2633.4
2014,4,PE,Perú,66095.85
2014,4,PE,Perú,990.0
2014,4,PR,Puerto Rico,24552.0
2014,4,PR,Puerto Rico,5220.0
2014,4,GB,Reino Unido,66258.51
2014,4,GB,Reino Unido,38223.6
2014,4,DO,República Dominicana,2746.87
2014,4,DO,República Dominicana,1919.7
2014,4,RO,Rumania,18422.4
2014,4,RU,Rusia,42438.21
2014,4,RU,Rusia,39821.25
2014,4,SC,Seychelles,8703.9
2014,4,SC,Seychelles,2299.95
2014,4,SG,Singapur,31797.0
2014,4,SG,Singapur,22699.73
2014,4,ZA,Sudáfrica,66840.75
2014,4,ZA,Sudáfrica,10271.25
2014,4,SE,Suecia,6318.9
2014,4,CH,Suiza,297.0
2014,4,TH,Tailandia,7672.77
2014,4,TW,Taiwán (Región),19440.0
2014,4,TW,Taiwán (Región),6000.0
2014,4,TR,Turquía,50661.6
2014,4,UA,Ucrania,9804.0
2014,4,UY,Uruguay,9439.2
2014,5,DE,Alemania,113093.52
2014,5,DE,Alemania,45503.72
2014,5,AN,Antillas Holandesas,2872.8
2014,5,AR,Argentina,10681.2
2014,5,AW,Aruba,39535.2
2014,5,AU,Australia,4596.48
2014,5,AU,Australia,19167.84
2014,5,BY,Bielorrusia,4759.5
2014,5,BO,Bolivia,18468.0
2014,5,BO,Bolivia,2376.0
2014,5,BA,Bosnia y Herzegovina,10725.12
2014,5,BR,Brasil,110289.6
2014,5,BR,Brasil,29140.8
2014,5,BE,Bélgica,88324.62
2014,5,BE,Bélgica,6351.03
2014,5,CA,Canadá,16568.55
2014,5,CA,Canadá,39877.88
2014,5,CL,Chile,74089.8
2014,5,CL,Chile,8586.0
2014,5,CN,China,11250.0
2014,5,CN,China,1146.75
2014,5,CY,Chipre,16785.36
2014,5,CY,Chipre,32400.75
2014,5,CO,Colombia,32019.4
2014,5,CO,Colombia,43458.5
2014,5,KR,Corea del Sur,3693.6
2014,5,KR,Corea del Sur,2364.0
2014,5,CR,Costa Rica,9407.4
2014,5,CR,Costa Rica,6775.5
2014,5,CU,Cuba,6056.25
2014,5,EC,Ecuador,7387.2
2014,5,SV,El Salvador,5404.35
2014,5,SV,El Salvador,7002.19
2014,5,AE,Emiratos Árabes Unidos,68905.92
2014,5,AE,Emiratos Árabes Unidos,4371.75
2014,5,SK,Eslovaquia,2681.28
2014,5,SI,Eslovenia,1102.5
2014,5,SI,Eslovenia,36.86
2014,5,ES,España,421874.91
2014,5,ES,España,12030.47
2014,5,US,Estados Unidos,8540363.39
2014,5,US,Estados Unidos,5848648.61
2014,5,PH,Filipinas,48778.32
2014,5,PH,Filipinas,4020.75
2014,5,FR,Francia,311865.86
2014,5,FR,Francia,149.62
2014,5,GE,Georgia,7692.3
2014,5,GR,Grecia,160110.72
2014,5,GR,Grecia,47838.84
2014,5,GT,Guatemala,39524.18
2014,5,GT,Guatemala,442.13
2014,5,HN,Honduras,2311.2
2014,5,HU,Hungría,10579.2
2014,5,VG,Islas Vírgenes Británicas,3898.8
2014,5,IL,Israel,9234.0
2014,5,IT,Italia,47880.0
2014,5,IT,Italia,38619.84
2014,5,JP,Japón,90604.5
2014,5,JP,Japón,9815.04
2014,5,KZ,Kazajstán,2970.0
2014,5,LV,Letonia,10653.3
2014,5,LV,Letonia,359.1
2014,5,LB,Líbano,15814.08
2014,5,LB,Líbano,1732.6
2014,5,MA,Marruecos,1915.2
2014,5,NI,Nicaragua,1710.0
2014,5,NI,Nicaragua,5394.0
2014,5,NG,Nigeria,12825.0
2014,5,NZ,Nueva Zelandia,25864.68
2014,5,NZ,Nueva Zelandia,6145.02
2014,5,PA,Panamá,237882.3
2014,5,PA,Panamá,58970.1
2014,5,PY,Paraguay,18468.0
2014,5,NL,Países Bajos,4189.5
2014,5,NL,Países Bajos,6064.8
2014,5,PE,Perú,3283.2
2014,5,PR,Puerto Rico,7776.0
2014,5,PR,Puerto Rico,13194.0
2014,5,GB,Reino Unido,33061.42
2014,5,GB,Reino Unido,52034.26
2014,5,DO,República Dominicana,9028.8
2014,5,RU,Rusia,26470.8
2014,5,RU,Rusia,69155.4
2014,5,SG,Singapur,55964.88
2014,5,SG,Singapur,5377.5
2014,5,ZA,Sudáfrica,26935.2
2014,5,ZA,Sudáfrica,4500.0
2014,5,SE,Suecia,3271.8
2014,5,CH,Suiza,641.25
2014,5,CH,Suiza,629.21
2014,5,SR,Suriname,19999.2
2014,5,TH,Tailandia,2693.25
2014,5,TW,Taiwán (Región),8901.0
2014,5,TW,Taiwán (Región),5880.0
2014,5,TT,Trinidad y Tobago,8208.0
2014,5,TT,Trinidad y Tobago,378.0
2014,5,TR,Turquía,46344.42
2014,5,TR,Turquía,16279.2
2014,5,UA,Ucrania,8996.25
2014,5,UY,Uruguay,7387.2
2014,6,AL,Albania,7660.8
2014,6,DE,Alemania,358249.27
2014,6,DE,Alemania,23548.2
2014,6,AR,Argentina,8100.0
2014,6,AU,Australia,5362.56
2014,6,AU,Australia,23003.47
2014,6,AT,Austria,7182.0
2014,6,AT,Austria,3511.2
2014,6,AZ,Azerbaiyán,2394.0
2014,6,AZ,Azerbaiyán,2218.5
2014,6,BO,Bolivia,12708.0
2014,6,BO,Bolivia,652.5
2014,6,BR,Brasil,136083.6
2014,6,BR,Brasil,11904.0
2014,6,BG,Bulgaria,33862.29
2014,6,BE,Bélgica,15732.0
2014,6,BE,Bélgica,683.82
2014,6,CA,Canadá,60474.24
2014,6,CA,Canadá,62896.9
2014,6,CZ,Chequia,5043.36
2014,6,CZ,Chequia,3637.05
2014,6,CL,Chile,55805.7
2014,6,CL,Chile,8559.0
2014,6,CN,China,30444.0
2014,6,CY,Chipre,13980.96
2014,6,CO,Colombia,37133.4
2014,6,CO,Colombia,1696.5
2014,6,KR,Corea del Sur,5760.0
2014,6,KR,Corea del Sur,4587.6
2014,6,CR,Costa Rica,9003.15
2014,6,CR,Costa Rica,6742.5
2014,6,DK,Dinamarca,1717.5
2014,6,EC,Ecuador,17031.91
2014,6,SV,El Salvador,1435.88
2014,6,SV,El Salvador,337.5
2014,6,AE,Emiratos Árabes Unidos,48960.0
2014,6,AE,Emiratos Árabes Unidos,13838.82
2014,6,ES,España,123220.75
2014,6,ES,España,23048.06
2014,6,US,Estados Unidos,8439358.5
2014,6,US,Estados Unidos,5249771.05
2014,6,EE,Estonia,4883.76
2014,6,PH,Filipinas,31612.56
2014,6,PH,Filipinas,446.53
2014,6,FR,Francia,288650.46
2014,6,FR,Francia,11715.46
2014,6,GR,Grecia,159.6
2014,6,GR,Grecia,24631.17
2014,6,GT,Guatemala,1730.1
2014,6,GT,Guatemala,2751.0
2014,6,HN,Honduras,12312.0
2014,6,HN,Honduras,721.03
2014,6,IN,India,5833.5
2014,6,KY,Islas Caimán,736.5
2014,6,IL,Israel,8565.0
2014,6,IL,Israel,45.0
2014,6,IT,Italia,31624.76
2014,6,IT,Italia,19666.92
2014,6,JP,Japón,105081.7
2014,6,JP,Japón,4648.31
2014,6,QA,Katar,8605.92
2014,6,QA,Katar,756.0
2014,6,KZ,Kazajstán,10693.2
2014,6,KE,Kenia,6336.0
2014,6,KE,Kenia,1215.0
2014,6,BS,Las Bahamas,9302.4
2014,6,BS,Las Bahamas,360.0
2014,6,LV,Letonia,6600.0
2014,6,LT,Lituania,5394.48
2014,6,NZ,Nueva Zelandia,14850.0
2014,6,NZ,Nueva Zelandia,4263.1
2014,6,PA,Panamá,59029.2
2014,6,PA,Panamá,16595.1
2014,6,PY,Paraguay,4104.0
2014,6,NL,Países Bajos,3591.0
2014,6,NL,Países Bajos,12298.05
2014,6,PE,Perú,54256.2
2014,6,PE,Perú,2700.0
2014,6,PR,Puerto Rico,2016.0
2014,6,PR,Puerto Rico,7942.5
2014,6,GB,Reino Unido,76216.98
2014,6,GB,Reino Unido,41988.0
2014,6,DO,República Dominicana,9439.2
2014,6,RU,Rusia,277911.11
2014,6,RU,Rusia,50155.2
2014,6,SG,Singapur,63396.54
2014,6,SG,Singapur,24129.07
2014,6,ZA,Sudáfrica,21362.4
2014,6,ZA,Sudáfrica,4950.0
2014,6,SE,Suecia,4468.8
2014,6,CH,Suiza,10516.46
2014,6,CH,Suiza,1641.38
2014,6,SR,Suriname,9439.2
2014,6,TW,Taiwán (Región),568.86
2014,6,TW,Taiwán (Región),140.7
2014,6,TR,Turquía,31935.96
2014,6,TR,Turquía,1373.5
2014,6,UY,Uruguay,10800.0
2014,7,DE,Alemania,384967.71
2014,7,DE,Alemania,32673.54
2014,7,AN,Antillas Holandesas,7729.2
2014,7,AN,Antillas Holandesas,850.5
2014,7,AR,Argentina,10681.2
2014,7,AR,Argentina,7605.0
2014,7,AU,Australia,359.1
2014,7,AU,Australia,44379.32
2014,7,AT,Austria,18314.1
2014,7,BO,Bolivia,24184.8
2014,7,BA,Bosnia y Herzegovina,9831.36
2014,7,BR,Brasil,111656.25
2014,7,BR,Brasil,23310.0
2014,7,BG,Bulgaria,7182.0
2014,7,BE,Bélgica,30164.4
2014,7,BE,Bélgica,22.5
2014,7,CA,Canadá,53379.23
2014,7,CA,Canadá,36030.79
2014,7,CZ,Chequia,20428.8
2014,7,CZ,Chequia,1021.44
2014,7,CL,Chile,95473.2
2014,7,CN,China,68869.5
2014,7,CN,China,2047.53
2014,7,CY,Chipre,42.0
2014,7,CO,Colombia,59537.8
2014,7,CO,Colombia,50902.05
2014,7,KR,Corea del Sur,22973.4
2014,7,KR,Corea del Sur,6660.24
2014,7,CR,Costa Rica,9439.2
2014,7,CU,Cuba,6056.25
2014,7,DK,Dinamarca,3231.9
2014,7,DK,Dinamarca,474.81
2014,7,EC,Ecuador,143823.81
2014,7,SV,El Salvador,29009.93
2014,7,SV,El Salvador,1617.06
2014,7,AE,Emiratos Árabes Unidos,68712.72
2014,7,AE,Emiratos Árabes Unidos,3653.55
2014,7,ES,España,414545.98
2014,7,ES,España,16300.2
2014,7,US,Estados Unidos,8422355.57
2014,7,US,Estados Unidos,5201766.79
2014,7,PH,Filipinas,26429.76
2014,7,PH,Filipinas,935.55
2014,7,FI,Finlandia,7182.0
2014,7,FR,Francia,368368.25
2014,7,FR,Francia,3.99
2014,7,GR,Grecia,66648.96
2014,7,GR,Grecia,2513.7
2014,7,GT,Guatemala,1464.75
2014,7,GT,Guatemala,2509.03
2014,7,HN,Honduras,7798.8
2014,7,HN,Honduras,6867.78
2014,7,HK,Hong Kong,22512.6
2014,7,HK,Hong Kong,307.5
2014,7,HU,Hungría,6990.48
2014,7,HU,Hungría,5777.52
2014,7,IN,India,7200.0
2014,7,KY,Islas Caimán,957.6
2014,7,KY,Islas Caimán,1098.0
2014,7,IL,Israel,9405.0
2014,7,IT,Italia,70670.12
2014,7,JP,Japón,121737.9
2014,7,JP,Japón,18750.38
2014,7,KZ,Kazajstán,11191.95
2014,7,KZ,Kazajstán,162.0
2014,7,KE,Kenia,5044.5
2014,7,BS,Las Bahamas,1436.4
2014,7,BS,Las Bahamas,838.5
2014,7,LV,Letonia,41388.84
2014,7,LV,Letonia,5261.4
2014,7,MY,Malasia,9936.0
2014,7,NI,Nicaragua,3633.75
2014,7,NZ,Nueva Zelandia,40091.36
2014,7,NZ,Nueva Zelandia,6263.34
2014,7,PA,Panamá,99108.72
2014,7,PA,Panamá,66557.76
2014,7,PY,Paraguay,12474.0
2014,7,PY,Paraguay,4833.0
2014,7,NL,Países Bajos,24928.94
2014,7,PE,Perú,26676.0
2014,7,PE,Perú,2520.0
2014,7,PR,Puerto Rico,32040.0
2014,7,PR,Puerto Rico,3600.0
2014,7,GB,Reino Unido,62203.68
2014,7,GB,Reino Unido,21914.25
2014,7,RU,Rusia,153259.89
2014,7,RU,Rusia,16207.8
2014,7,SC,Seychelles,11003.85
2014,7,SG,Singapur,123821.1
2014,7,SG,Singapur,33148.5
2014,7,ZA,Sudáfrica,310777.65
2014,7,ZA,Sudáfrica,22787.33
2014,7,SE,Suecia,3.0
2014,7,TH,Tailandia,5386.5
2014,7,TW,Taiwán (Región),10800.0
2014,7,TW,Taiwán (Región),3735.0
2014,7,TR,Turquía,40435.92
2014,7,TR,Turquía,6830.88
2014,7,UY,Uruguay,33952.98
2014,7,VE,Venezuela,7371.0
2014,7,VE,Venezuela,18000.0
2014,8,DE,Alemania,436067.77
2014,8,DE,Alemania,23636.78
2014,8,AU,Australia,9536.1
2014,8,AU,Australia,24319.8
2014,8,AT,Austria,13493.7
2014,8,AT,Austria,2261.7
2014,8,BY,Bielorrusia,35687.36
2014,8,BY,Bielorrusia,861.84
2014,8,BO,Bolivia,900.0
2014,8,BR,Brasil,181510.65
2014,8,BR,Brasil,6254.64
2014,8,BE,Bélgica,17830.8
2014,8,BE,Bélgica,299.25
2014,8,CA,Canadá,25038.0
2014,8,CA,Canadá,46209.23
2014,8,CZ,Chequia,11039.76
2014,8,CZ,Chequia,5187.04
2014,8,CL,Chile,71717.4
2014,8,CN,China,43426.05
2014,8,CN,China,1350.23
2014,8,CO,Colombia,84813.75
2014,8,CO,Colombia,11331.0
2014,8,KR,Corea del Sur,9460.08
2014,8,KR,Corea del Sur,4091.4
2014,8,CR,Costa Rica,2883.75
2014,8,CR,Costa Rica,2854.03
2014,8,SV,El Salvador,2772.0
2014,8,AE,Emiratos Árabes Unidos,57190.8
2014,8,AE,Emiratos Árabes Unidos,3128.48
2014,8,SI,Eslovenia,8276.4
2014,8,ES,España,555928.7
2014,8,ES,España,9291.33
2014,8,US,Estados Unidos,6827716.58
2014,8,US,Estados Unidos,5453198.64
2014,8,PH,Filipinas,97.36
2014,8,FR,Francia,188583.69
2014,8,FR,Francia,4875.87
2014,8,GR,Grecia,15321.6
2014,8,GR,Grecia,3546.6
2014,8,GU,Guam,8208.0
2014,8,GT,Guatemala,12859.2
2014,8,GT,Guatemala,2080.03
2014,8,GY,Guayana,27.0
2014,8,HN,Honduras,27.0
2014,8,HK,Hong Kong,11578.5
2014,8,HK,Hong Kong,468.0
2014,8,IN,India,51218.59
2014,8,IN,India,9.0
2014,8,IE,Irlanda,5139.75
2014,8,KY,Islas Caimán,6087.6
2014,8,IL,Israel,8871.0
2014,8,IL,Israel,225.0
2014,8,IT,Italia,26693.1
2014,8,IT,Italia,26106.87
2014,8,JP,Japón,151878.0
2014,8,JP,Japón,16458.6
2014,8,BS,Las Bahamas,7660.8
2014,8,LV,Letonia,52489.02
2014,8,LV,Letonia,8356.5
2014,8,LT,Lituania,10773.0
2014,8,MY,Malasia,1710.0
2014,8,MT,Malta,7101.0
2014,8,NI,Nicaragua,405.0
2014,8,NG,Nigeria,1800.0
2014,8,NO,Noruega,3231.9
2014,8,NO,Noruega,718.93
2014,8,NZ,Nueva Zelandia,378.0
2014,8,PA,Panamá,238029.2
2014,8,PA,Panamá,31728.6
2014,8,PY,Paraguay,8508.86
2014,8,PY,Paraguay,3597.33
2014,8,NL,Países Bajos,9935.1
2014,8,NL,Países Bajos,17172.75
2014,8,PE,Perú,65692.8
2014,8,PE,Perú,2614.2
2014,8,PL,Polonia,1417.5
2014,8,PL,Polonia,5691.0
2014,8,PR,Puerto Rico,1512.0
2014,8,GB,Reino Unido,125330.66
2014,8,GB,Reino Unido,62200.92
2014,8,RU,Rusia,32057.13
2014,8,RU,Rusia,65443.2
2014,8,RS,Serbia,9789.18
2014,8,SG,Singapur,55846.8
2014,8,SG,Singapur,8021.25
2014,8,ZA,Sudáfrica,78745.5
2014,8,ZA,Sudáfrica,630.0
2014,8,SE,Suecia,13206.9
2014,8,SE,Suecia,1933.51
2014,8,SR,Suriname,18878.4
2014,8,TH,Tailandia,2693.25
2014,8,TW,Taiwán (Región),9636.3
2014,8,TR,Turquía,79597.08
2014,8,TR,Turquía,13350.54
2014,8,UA,Ucrania,8190.0
2014,8,UY,Uruguay,7630.88
2014,9,DE,Alemania,443142.74
2014,9,DE,Alemania,18458.1
2014,9,AU,Australia,22104.6
2014,9,AU,Australia,46460.55
2014,9,AT,Austria,10795.8
2014,9,AT,Austria,8.55
2014,9,BO,Bolivia,15580.8
2014,9,BO,Bolivia,1571.53
2014,9,BR,Brasil,18057.6
2014,9,BR,Brasil,11157.57
2014,9,BE,Bélgica,18194.4
2014,9,BE,Bélgica,4767.84
2014,9,CA,Canadá,38605.3
2014,9,CA,Canadá,44104.69
2014,9,CL,Chile,73570.05
2014,9,CL,Chile,8941.5
2014,9,CN,China,22778.85
2014,9,CN,China,10185.91
2014,9,CO,Colombia,25872.3
2014,9,CO,Colombia,10954.35
2014,9,KR,Corea del Sur,27738.0
2014,9,KR,Corea del Sur,2785.5
2014,9,CR,Costa Rica,1934.1
2014,9,CR,Costa Rica,7020.0
2014,9,CU,Cuba,9818.25
2014,9,CU,Cuba,1037.4
2014,9,EC,Ecuador,26572.08
2014,9,SV,El Salvador,551.25
2014,9,SV,El Salvador,4365.37
2014,9,AE,Emiratos Árabes Unidos,7920.0
2014,9,AE,Emiratos Árabes Unidos,18630.6
2014,9,ES,España,491496.34
2014,9,ES,España,7213.35
2014,9,US,Estados Unidos,4973242.85
2014,9,US,Estados Unidos,5896214.96
2014,9,EE,Estonia,4582.8
2014,9,FR,Francia,42816.0
2014,9,FR,Francia,1949.77
2014,9,GR,Grecia,19265.13
2014,9,GU,Guam,1458.0
2014,9,GT,Guatemala,10717.0
2014,9,GT,Guatemala,5724.69
2014,9,HK,Hong Kong,6828.0
2014,9,HK,Hong Kong,1709.4
2014,9,HU,Hungría,7086.24
2014,9,HU,Hungría,5777.52
2014,9,IN,India,1782.0
2014,9,IE,Irlanda,10452.75
2014,9,VI,Islas Vírgenes,405.0
2014,9,IL,Israel,18276.0
2014,9,IL,Israel,526.98
2014,9,IT,Italia,57695.4
2014,9,IT,Italia,28096.98
2014,9,JM,Jamaica,5489.1
2014,9,JP,Japón,127015.58
2014,9,JP,Japón,8967.04
2014,9,QA,Katar,4302.96
2014,9,QA,Katar,378.0
2014,9,LV,Letonia,124897.2
2014,9,LV,Letonia,3813.3
2014,9,LT,Lituania,4389.0
2014,9,LB,Líbano,17619.84
2014,9,LB,Líbano,895.32
2014,9,NI,Nicaragua,2872.8
2014,9,NI,Nicaragua,724.2
2014,9,NO,Noruega,3950.1
2014,9,NO,Noruega,167.58
2014,9,NZ,Nueva Zelandia,14500.8
2014,9,NZ,Nueva Zelandia,7679.12
2014,9,PA,Panamá,76062.38
2014,9,PA,Panamá,6983.4
2014,9,PY,Paraguay,42271.2
2014,9,PY,Paraguay,2187.67
2014,9,NL,Países Bajos,14367.82
2014,9,PE,Perú,25855.2
2014,9,PE,Perú,2025.0
2014,9,PL,Polonia,4788.0
2014,9,PT,Portugal,11.34
2014,9,PR,Puerto Rico,4752.0
2014,9,PR,Puerto Rico,10620.0
2014,9,GB,Reino Unido,109080.9
2014,9,GB,Reino Unido,69273.63
2014,9,DO,República Dominicana,4104.0
2014,9,DO,República Dominicana,810.0
2014,9,RU,Rusia,37292.67
2014,9,RU,Rusia,90637.35
2014,9,SC,Seychelles,11003.85
2014,9,SG,Singapur,45675.0
2014,9,SG,Singapur,20151.75
2014,9,ZA,Sudáfrica,63360.0
2014,9,ZA,Sudáfrica,630.0
2014,9,SE,Suecia,2992.5
2014,9,SE,Suecia,1840.44
2014,9,CH,Suiza,120.6
2014,9,TH,Tailandia,2693.25
2014,9,TH,Tailandia,4500.0
2014,9,TW,Taiwán (Región),7676.47
2014,9,TT,Trinidad y Tobago,14765.85
2014,9,TT,Trinidad y Tobago,405.0
2014,9,TR,Turquía,65976.36
2014,9,TR,Turquía,10757.04
2014,9,UA,Ucrania,10534.74
2014,9,UA,Ucrania,5400.0
2014,9,UY,Uruguay,18835.2
2014,9,UY,Uruguay,356.53
2014,9,VE,Venezuela,14427.0
2014,9,VE,Venezuela,900.0
2014,10,DE,Alemania,233352.38
2014,10,DE,Alemania,54260.94
2014,10,AR,Argentina,360.0
2014,10,AU,Australia,22024.8
2014,10,AU,Australia,67896.96
2014,10,AT,Austria,7182.0
2014,10,AT,Austria,4995.48
2014,10,BY,Bielorrusia,40680.8
2014,10,BR,Brasil,137896.65
2014,10,BR,Brasil,23259.0
2014,10,BE,Bélgica,71648.82
2014,10,BE,Bélgica,1.5
2014,10,CA,Canadá,31543.2
2014,10,CA,Canadá,42882.39
2014,10,CL,Chile,92058.3
2014,10,CN,China,6472.95
2014,10,CN,China,2627.61
2014,10,CY,Chipre,7277.76
2014,10,CO,Colombia,52444.35
2014,10,CO,Colombia,3255.3
2014,10,KR,Corea del Sur,25675.65
2014,10,KR,Corea del Sur,4754.85
2014,10,CR,Costa Rica,630.0
2014,10,CR,Costa Rica,5995.5
2014,10,CU,Cuba,8564.25
2014,10,CU,Cuba,2074.8
2014,10,DK,Dinamarca,4309.2
2014,10,DK,Dinamarca,1528.35
2014,10,SV,El Salvador,14355.3
2014,10,SV,El Salvador,11497.67
2014,10,AE,Emiratos Árabes Unidos,60356.88
2014,10,AE,Emiratos Árabes Unidos,8834.13
2014,10,ES,España,487617.32
2014,10,ES,España,2702.47
2014,10,US,Estados Unidos,4223621.17
2014,10,US,Estados Unidos,5603790.0
2014,10,EE,Estonia,7879.68
2014,10,PH,Filipinas,9205.5
2014,10,PH,Filipinas,923.02
2014,10,FR,Francia,72166.04
2014,10,FR,Francia,4449.84
2014,10,GE,Georgia,11711.7
2014,10,GR,Grecia,38304.0
2014,10,GR,Grecia,7950.66
2014,10,GT,Guatemala,21445.41
2014,10,GT,Guatemala,4915.92
2014,10,HN,Honduras,23929.98
2014,10,HN,Honduras,1889.82
2014,10,HK,Hong Kong,10431.0
2014,10,HK,Hong Kong,182.1
2014,10,HU,Hungría,7182.0
2014,10,IN,India,7200.0
2014,10,IN,India,602.78
2014,10,IL,Israel,8037.0
2014,10,IL,Israel,450.0
2014,10,IT,Italia,91831.54
2014,10,IT,Italia,335.16
2014,10,JP,Japón,89907.7
2014,10,JP,Japón,4016.68
2014,10,BS,Las Bahamas,472.5
2014,10,LV,Letonia,117887.4
2014,10,LV,Letonia,8469.6
2014,10,LT,Lituania,24024.36
2014,10,LT,Lituania,335.16
2014,10,NZ,Nueva Zelandia,25786.8
2014,10,NZ,Nueva Zelandia,7872.84
2014,10,PA,Panamá,87520.8
2014,10,PA,Panamá,405.0
2014,10,PY,Paraguay,41040.0
2014,10,PY,Paraguay,356.53
2014,10,NL,Países Bajos,51957.64
2014,10,NL,Países Bajos,938.59
2014,10,PR,Puerto Rico,5643.0
2014,10,PR,Puerto Rico,7200.0
2014,10,GB,Reino Unido,55161.6
2014,10,GB,Reino Unido,50567.25
2014,10,DO,República Dominicana,4514.4
2014,10,RO,Rumania,19439.28
2014,10,RU,Rusia,76922.14
2014,10,RU,Rusia,135956.25
2014,10,RS,Serbia,10717.14
2014,10,SG,Singapur,5557.5
2014,10,SG,Singapur,29136.6
2014,10,ZA,Sudáfrica,45006.3
2014,10,ZA,Sudáfrica,10530.0
2014,10,SE,Suecia,405.3
2014,10,CH,Suiza,10645.59
2014,10,CH,Suiza,415.88
2014,10,TW,Taiwán (Región),9072.0
2014,10,TW,Taiwán (Región),8245.8
2014,10,TR,Turquía,23541.0
2014,10,TR,Turquía,3630.9
2014,10,UA,Ucrania,3910.2
2014,10,UA,Ucrania,718.2
2014,10,UY,Uruguay,6566.4
2014,10,UY,Uruguay,405.0
2014,10,VE,Venezuela,1758.12
2014,11,DE,Alemania,281334.36
2014,11,DE,Alemania,26117.58
2014,11,AR,Argentina,5557.5
2014,11,AR,Argentina,161.5
2014,11,AW,Aruba,82832.4
2014,11,AU,Australia,15321.6
2014,11,AU,Australia,22792.33
2014,11,AT,Austria,438.9
2014,11,BB,Barbados,3214.8
2014,11,BO,Bolivia,540.0
2014,11,BR,Brasil,104603.85
2014,11,BR,Brasil,32372.68
2014,11,BG,Bulgaria,8139.6
2014,11,BE,Bélgica,30693.6
2014,11,CA,Canadá,36362.62
2014,11,CA,Canadá,32774.21
2014,11,CZ,Chequia,10579.2
2014,11,CZ,Chequia,3953.76
2014,11,CL,Chile,104095.95
2014,11,CL,Chile,8862.75
2014,11,CN,China,50294.4
2014,11,CN,China,145.8
2014,11,CY,Chipre,6511.68
2014,11,CY,Chipre,3465.0
2014,11,CO,Colombia,60053.1
2014,11,CO,Colombia,15424.7
2014,11,KR,Corea del Sur,17031.3
2014,11,KR,Corea del Sur,846.0
2014,11,CR,Costa Rica,9474.0
2014,11,CR,Costa Rica,8678.46
2014,11,DK,Dinamarca,24.57
2014,11,EC,Ecuador,66080.41
2014,11,SV,El Salvador,2544.38
2014,11,SV,El Salvador,8265.38
2014,11,AE,Emiratos Árabes Unidos,38584.56
2014,11,AE,Emiratos Árabes Unidos,965.16
2014,11,SK,Eslovaquia,3830.4
2014,11,ES,España,261581.49
2014,11,ES,España,18148.8
2014,11,US,Estados Unidos,2689114.69
2014,11,US,Estados Unidos,6060877.88
2014,11,PH,Filipinas,56594.16
2014,11,FR,Francia,462857.99
2014,11,FR,Francia,670.32
2014,11,GR,Grecia,6668.88
2014,11,GT,Guatemala,21.0
2014,11,GT,Guatemala,739.8
2014,11,HN,Honduras,1932.0
2014,11,HK,Hong Kong,585.0
2014,11,HU,Hungría,11856.0
2014,11,IN,India,6000.0
2014,11,IN,India,1912.5
2014,11,ID,Indonesia,9360.0
2014,11,VI,Islas Vírgenes,2520.0
2014,11,VI,Islas Vírgenes,1215.0
2014,11,IT,Italia,35910.0
2014,11,IT,Italia,26090.04
2014,11,JP,Japón,38113.6
2014,11,JP,Japón,14019.38
2014,11,QA,Katar,5616.0
2014,11,QA,Katar,756.0
2014,11,KE,Kenia,4275.0
2014,11,KE,Kenia,135.0
2014,11,BS,Las Bahamas,396.0
2014,11,LV,Letonia,65926.2
2014,11,LV,Letonia,2066.88
2014,11,LT,Lituania,3320.82
2014,11,MY,Malasia,8280.0
2014,11,MY,Malasia,1098.0
2014,11,NI,Nicaragua,21.0
2014,11,NZ,Nueva Zelandia,10374.84
2014,11,NZ,Nueva Zelandia,4517.22
2014,11,PA,Panamá,148107.6
2014,11,PA,Panamá,46746.0
2014,11,PY,Paraguay,1687.5
2014,11,PE,Perú,10280.4
2014,11,PE,Perú,450.0
2014,11,PR,Puerto Rico,8208.0
2014,11,PR,Puerto Rico,945.0
2014,11,GB,Reino Unido,10693.2
2014,11,GB,Reino Unido,44919.9
2014,11,RU,Rusia,10916.07
2014,11,RU,Rusia,26629.31
2014,11,SG,Singapur,60300.81
2014,11,SG,Singapur,46752.63
2014,11,ZA,Sudáfrica,58462.2
2014,11,ZA,Sudáfrica,25005.15
2014,11,SE,Suecia,661.5
2014,11,SR,Suriname,9234.0
2014,11,TH,Tailandia,7660.8
2014,11,TW,Taiwán (Región),9936.0
2014,11,TW,Taiwán (Región),2700.0
2014,11,TR,Turquía,53237.1
2014,11,TR,Turquía,600.0
2014,11,UY,Uruguay,32616.0
2014,11,UY,Uruguay,405.0
2014,12,DE,Alemania,95802.65
2014,12,DE,Alemania,51262.3
2014,12,AN,Antillas Holandesas,6976.8
2014,12,AR,Argentina,18878.4
2014,12,AU,Australia,28608.3
2014,12,AU,Australia,7980.7
2014,12,BM,Bermuda,410.4
2014,12,BM,Bermuda,405.0
2014,12,BO,Bolivia,2100.0
2014,12,BR,Brasil,119667.6
2014,12,BR,Brasil,22932.9
2014,12,BE,Bélgica,58592.28
2014,12,BE,Bélgica,4136.76
2014,12,CA,Canadá,15595.2
2014,12,CA,Canadá,13333.5
2014,12,CZ,Chequia,4389.0
2014,12,CL,Chile,66796.5
2014,12,CL,Chile,16436.4
2014,12,CN,China,43191.0
2014,12,CN,China,10992.24
2014,12,CY,Chipre,20210.4
2014,12,CO,Colombia,36104.4
2014,12,CO,Colombia,5985.0
2014,12,KR,Corea del Sur,17100.0
2014,12,KR,Corea del Sur,6555.0
2014,12,CR,Costa Rica,10681.35
2014,12,CR,Costa Rica,1285.88
2014,12,DK,Dinamarca,3591.0
2014,12,DK,Dinamarca,1508.22
2014,12,EC,Ecuador,27516.08
2014,12,SV,El Salvador,6241.5
2014,12,SV,El Salvador,1224.0
2014,12,AE,Emiratos Árabes Unidos,40878.0
2014,12,AE,Emiratos Árabes Unidos,25492.37
2014,12,SI,Eslovenia,8276.4
2014,12,ES,España,215934.38
2014,12,ES,España,12604.3
2014,12,US,Estados Unidos,4046379.37
2014,12,US,Estados Unidos,5049984.58
2014,12,PH,Filipinas,35239.68
2014,12,PH,Filipinas,4901.76
2014,12,FR,Francia,321965.95
2014,12,FR,Francia,13737.0
2014,12,GR,Grecia,81340.14
2014,12,GR,Grecia,7494.9
2014,12,GT,Guatemala,25076.06
2014,12,GT,Guatemala,6017.13
2014,12,HN,Honduras,3693.6
2014,12,HN,Honduras,6597.0
2014,12,HK,Hong Kong,10613.4
2014,12,HK,Hong Kong,112.5
2014,12,IN,India,257.99
2014,12,IE,Irlanda,5181.75
2014,12,IL,Israel,9597.75
2014,12,IT,Italia,8935.2
2014,12,JP,Japón,148653.3
2014,12,JP,Japón,7740.0
2014,12,LV,Letonia,40698.0
2014,12,LV,Letonia,5632.68
2014,12,LU,Luxemburgo,29979.0
2014,12,MY,Malasia,10008.0
2014,12,MU,Mauricio,11607.9
2014,12,NI,Nicaragua,1188.0
2014,12,NI,Nicaragua,1008.0
2014,12,NO,Noruega,7900.2
2014,12,NO,Noruega,1261.57
2014,12,NZ,Nueva Zelandia,1692.04
2014,12,NZ,Nueva Zelandia,7693.62
2014,12,PA,Panamá,106749.22
2014,12,PA,Panamá,52114.95
2014,12,PY,Paraguay,14774.4
2014,12,NL,Países Bajos,10413.9
2014,12,NL,Países Bajos,9935.1
2014,12,PE,Perú,37260.0
2014,12,PE,Perú,390.73
2014,12,PR,Puerto Rico,26424.0
2014,12,PR,Puerto Rico,972.0
2014,12,GB,Reino Unido,32604.0
2014,12,GB,Reino Unido,60443.58
2014,12,DO,República Dominicana,8618.4
2014,12,DO,República Dominicana,517.5
2014,12,RU,Rusia,3633.75
2014,12,RU,Rusia,10071.07
2014,12,SC,Seychelles,9721.35
2014,12,SC,Seychelles,1282.5
2014,12,SG,Singapur,42681.6
2014,12,SG,Singapur,55891.17
2014,12,ZA,Sudáfrica,132794.1
2014,12,ZA,Sudáfrica,6177.75
2014,12,SE,Suecia,5718.81
2014,12,SE,Suecia,6024.16
2014,12,CH,Suiza,10174.5
2014,12,CH,Suiza,494.47
2014,12,TW,Taiwán (Región),11603.25
2014,12,TT,Trinidad y Tobago,17647.2
2014,12,TT,Trinidad y Tobago,405.0
2014,12,TR,Turquía,41831.16
2014,12,TR,Turquía,8490.72
2014,12,UA,Ucrania,10375.14
2014,12,UY,Uruguay,10764.0
2014,12,UY,Uruguay,8.47
2014,12,VE,Venezuela,89856.0
2014,12,VE,Venezuela,2032.09
2015,1,DE,Alemania,155935.39
2015,1,DE,Alemania,41853.84
2015,1,AN,Antillas Holandesas,6141.6
2015,1,AN,Antillas Holandesas,1188.0
2015,1,AU,Australia,3528.3
2015,1,AU,Australia,52197.03
2015,1,AT,Austria,7182.0
2015,1,BM,Bermuda,3830.4
2015,1,BY,Bielorrusia,33662.58
2015,1,BR,Brasil,196141.5
2015,1,BR,Brasil,27045.0
2015,1,BE,Bélgica,50885.32
2015,1,BE,Bélgica,212.58
2015,1,CA,Canadá,31194.28
2015,1,CA,Canadá,40288.39
2015,1,CL,Chile,31806.0
2015,1,CL,Chile,85.5
2015,1,CN,China,42984.0
2015,1,CO,Colombia,63893.55
2015,1,CO,Colombia,12511.74
2015,1,KR,Corea del Sur,23716.8
2015,1,KR,Corea del Sur,1935.0
2015,1,CR,Costa Rica,2400.0
2015,1,CR,Costa Rica,13377.0
2015,1,HR,Croacia,9192.96
2015,1,DK,Dinamarca,1005.48
2015,1,SV,El Salvador,787.5
2015,1,SV,El Salvador,6343.87
2015,1,AE,Emiratos Árabes Unidos,38562.48
2015,1,AE,Emiratos Árabes Unidos,4900.5
2015,1,ES,España,217915.82
2015,1,ES,España,3990.0
2015,1,US,Estados Unidos,5670143.9
2015,1,US,Estados Unidos,5177612.49
2015,1,EE,Estonia,9288.72
2015,1,PH,Filipinas,68517.84
2015,1,FR,Francia,464829.37
2015,1,FR,Francia,12278.82
2015,1,GR,Grecia,30643.2
2015,1,GT,Guatemala,11887.2
2015,1,GT,Guatemala,6767.52
2015,1,HN,Honduras,21.0
2015,1,HK,Hong Kong,9420.0
2015,1,HK,Hong Kong,1469.07
2015,1,HU,Hungría,542.64
2015,1,IN,India,6390.0
2015,1,IN,India,45.0
2015,1,KY,Islas Caimán,7455.6
2015,1,KY,Islas Caimán,720.0
2015,1,VG,Islas Vírgenes Británicas,3488.4
2015,1,VG,Islas Vírgenes Británicas,405.0
2015,1,IL,Israel,8550.0
2015,1,IL,Israel,495.0
2015,1,IT,Italia,32199.3
2015,1,IT,Italia,49326.48
2015,1,JP,Japón,96104.68
2015,1,JP,Japón,7614.52
2015,1,QA,Katar,6445.92
2015,1,QA,Katar,378.0
2015,1,BS,Las Bahamas,7660.8
2015,1,BS,Las Bahamas,17.1
2015,1,LV,Letonia,51471.0
2015,1,MA,Marruecos,1915.2
2015,1,NI,Nicaragua,6566.4
2015,1,NI,Nicaragua,405.0
2015,1,NZ,Nueva Zelandia,14076.72
2015,1,NZ,Nueva Zelandia,4751.19
2015,1,PA,Panamá,59467.05
2015,1,PA,Panamá,38101.12
2015,1,PY,Paraguay,19288.8
2015,1,PY,Paraguay,405.0
2015,1,NL,Países Bajos,8.4
2015,1,PL,Polonia,4788.0
2015,1,PR,Puerto Rico,22464.0
2015,1,PR,Puerto Rico,14013.0
2015,1,GB,Reino Unido,19984.2
2015,1,GB,Reino Unido,42519.18
2015,1,DO,República Dominicana,3977.42
2015,1,RU,Rusia,11347.56
2015,1,RS,Serbia,10725.12
2015,1,SG,Singapur,22405.5
2015,1,SG,Singapur,19728.66
2015,1,ZA,Sudáfrica,83969.32
2015,1,ZA,Sudáfrica,16200.0
2015,1,SE,Suecia,63.84
2015,1,SE,Suecia,1716.33
2015,1,CH,Suiza,518.7
2015,1,CH,Suiza,83.25
2015,1,TW,Taiwán (Región),8280.0
2015,1,TR,Turquía,40474.98
2015,1,TR,Turquía,5035.38
2015,1,UA,Ucrania,10168.8
2015,1,UA,Ucrania,11699.1
2015,1,UY,Uruguay,10814.4
2015,1,UY,Uruguay,2183.53
2015,2,DE,Alemania,28608.3
2015,2,DE,Alemania,42133.54
2015,2,AR,Argentina,9000.0
2015,2,AU,Australia,45212.1
2015,2,AU,Australia,13450.02
2015,2,AT,Austria,1102.5
2015,2,AT,Austria,3591.0
2015,2,BR,Brasil,115092.0
2015,2,BR,Brasil,28350.0
2015,2,BE,Bélgica,63460.67
2015,2,BE,Bélgica,9.0
2015,2,CA,Canadá,54079.14
2015,2,CA,Canadá,23316.09
2015,2,CZ,Chequia,13748.4
2015,2,CZ,Chequia,2966.77
2015,2,CL,Chile,10773.0
2015,2,CL,Chile,213.75
2015,2,CN,China,27394.2
2015,2,CN,China,9010.71
2015,2,CY,Chipre,15321.6
2015,2,CO,Colombia,33416.55
2015,2,CO,Colombia,10291.5
2015,2,KR,Corea del Sur,39486.84
2015,2,KR,Corea del Sur,4212.3
2015,2,CR,Costa Rica,4961.7
2015,2,CR,Costa Rica,3650.25
2015,2,CU,Cuba,1890.0
2015,2,CU,Cuba,12588.75
2015,2,EC,Ecuador,34228.58
2015,2,SV,El Salvador,14440.2
2015,2,SV,El Salvador,1180.72
2015,2,AE,Emiratos Árabes Unidos,32763.84
2015,2,AE,Emiratos Árabes Unidos,7665.75
2015,2,SI,Eslovenia,8162.4
2015,2,ES,España,231501.18
2015,2,ES,España,18513.49
2015,2,US,Estados Unidos,6926090.06
2015,2,US,Estados Unidos,4842679.91
2015,2,EE,Estonia,8905.68
2015,2,PH,Filipinas,43131.6
2015,2,PH,Filipinas,4580.64
2015,2,FI,Finlandia,1.5
2015,2,FR,Francia,369795.81
2015,2,FR,Francia,57.0
2015,2,GE,Georgia,11711.7
2015,2,GR,Grecia,81204.48
2015,2,GR,Grecia,7932.12
2015,2,GT,Guatemala,18586.35
2015,2,GT,Guatemala,10264.01
2015,2,HN,Honduras,17290.8
2015,2,HN,Honduras,1215.0
2015,2,HU,Hungría,10579.2
2015,2,HU,Hungría,5285.04
2015,2,IN,India,540.0
2015,2,VI,Islas Vírgenes,3024.0
2015,2,VI,Islas Vírgenes,1620.0
2015,2,IL,Israel,12363.0
2015,2,IL,Israel,6523.2
2015,2,IT,Italia,118374.99
2015,2,IT,Italia,23015.16
2015,2,JP,Japón,158930.11
2015,2,JP,Japón,1427.54
2015,2,KZ,Kazajstán,2205.6
2015,2,KE,Kenia,7488.0
2015,2,KE,Kenia,225.0
2015,2,BS,Las Bahamas,8618.4
2015,2,BS,Las Bahamas,645.0
2015,2,LV,Letonia,15553.02
2015,2,LV,Letonia,16947.6
2015,2,NI,Nicaragua,5400.0
2015,2,NZ,Nueva Zelandia,19702.18
2015,2,NZ,Nueva Zelandia,6032.88
2015,2,PA,Panamá,19090.26
2015,2,PA,Panamá,18875.52
2015,2,PY,Paraguay,27907.2
2015,2,NL,Países Bajos,10413.9
2015,2,NL,Países Bajos,4620.0
2015,2,PE,Perú,19699.2
2015,2,PE,Perú,8910.0
2015,2,PR,Puerto Rico,7211.25
2015,2,GB,Reino Unido,28756.5
2015,2,GB,Reino Unido,54370.62
2015,2,DO,República Dominicana,15570.0
2015,2,RU,Rusia,8242.2
2015,2,SG,Singapur,5292.0
2015,2,SG,Singapur,6545.25
2015,2,ZA,Sudáfrica,104919.3
2015,2,ZA,Sudáfrica,900.0
2015,2,CH,Suiza,5158.5
2015,2,TH,Tailandia,399.0
2015,2,TW,Taiwán (Región),693.0
2015,2,TW,Taiwán (Región),2700.0
2015,2,TR,Turquía,93037.68
2015,2,TR,Turquía,7964.04
2015,2,UA,Ucrania,18436.93
2015,2,UA,Ucrania,1556.1
2015,2,VE,Venezuela,720.0
2015,3,DE,Alemania,36988.3
2015,3,DE,Alemania,61942.3
2015,3,AU,Australia,6982.5
2015,3,AU,Australia,15591.0
2015,3,BO,Bolivia,29608.65
2015,3,BO,Bolivia,405.0
2015,3,BR,Brasil,140602.05
2015,3,BR,Brasil,41000.62
2015,3,BG,Bulgaria,65643.32
2015,3,BE,Bélgica,3830.4
2015,3,BE,Bélgica,1053.36
2015,3,CA,Canadá,13575.6
2015,3,CA,Canadá,55784.74
2015,3,CZ,Chequia,4026.6
2015,3,CL,Chile,10773.0
2015,3,CL,Chile,4229.4
2015,3,CN,China,19879.2
2015,3,CN,China,8680.5
2015,3,CY,Chipre,15321.6
2015,3,CO,Colombia,23876.78
2015,3,CO,Colombia,10167.94
2015,3,KR,Corea del Sur,22175.28
2015,3,KR,Corea del Sur,7734.0
2015,3,CR,Costa Rica,2063.25
2015,3,CR,Costa Rica,6886.5
2015,3,CU,Cuba,20782.2
2015,3,EC,Ecuador,1361.25
2015,3,SV,El Salvador,2086.88
2015,3,SV,El Salvador,5089.5
2015,3,AE,Emiratos Árabes Unidos,50262.36
2015,3,AE,Emiratos Árabes Unidos,6502.5
2015,3,ES,España,456733.77
2015,3,ES,España,25977.0
2015,3,US,Estados Unidos,7480294.03
2015,3,US,Estados Unidos,6484840.26
2015,3,PH,Filipinas,97675.2
2015,3,PH,Filipinas,5442.03
2015,3,FR,Francia,257165.42
2015,3,FR,Francia,2027.78
2015,3,GR,Grecia,7917.0
2015,3,GT,Guatemala,1998.0
2015,3,HN,Honduras,28850.4
2015,3,HN,Honduras,3758.35
2015,3,HK,Hong Kong,3933.0
2015,3,HK,Hong Kong,3458.81
2015,3,IN,India,13747.5
2015,3,KY,Islas Caimán,504.0
2015,3,IL,Israel,8871.0
2015,3,IL,Israel,517.5
2015,3,IT,Italia,37825.2
2015,3,IT,Italia,6082.51
2015,3,JP,Japón,108882.0
2015,3,JP,Japón,10572.75
2015,3,QA,Katar,12027.84
2015,3,QA,Katar,756.0
2015,3,BS,Las Bahamas,603.0
2015,3,LV,Letonia,68126.4
2015,3,LV,Letonia,11088.0
2015,3,LB,Líbano,25426.32
2015,3,LB,Líbano,1678.05
2015,3,NZ,Nueva Zelandia,6156.0
2015,3,NZ,Nueva Zelandia,6215.7
2015,3,PA,Panamá,15777.6
2015,3,PA,Panamá,18168.0
2015,3,PY,Paraguay,18331.2
2015,3,PY,Paraguay,405.0
2015,3,NL,Países Bajos,8378.25
2015,3,PE,Perú,21693.6
2015,3,PE,Perú,6113.07
2015,3,PL,Polonia,4788.0
2015,3,PR,Puerto Rico,12096.0
2015,3,PR,Puerto Rico,3123.0
2015,3,GB,Reino Unido,10063.5
2015,3,GB,Reino Unido,62081.26
2015,3,DO,República Dominicana,2750.0
2015,3,RO,Rumania,2593.5
2015,3,RU,Rusia,41279.4
2015,3,RU,Rusia,1463.47
2015,3,RS,Serbia,10725.12
2015,3,SG,Singapur,5745.6
2015,3,SG,Singapur,28855.95
2015,3,ZA,Sudáfrica,70906.5
2015,3,ZA,Sudáfrica,11477.25
2015,3,SE,Suecia,8122.5
2015,3,SE,Suecia,1197.0
2015,3,CH,Suiza,10413.9
2015,3,TH,Tailandia,6942.6
2015,3,TH,Tailandia,8424.0
2015,3,TW,Taiwán (Región),1309.5
2015,3,TR,Turquía,64068.57
2015,3,TR,Turquía,40562.34
2015,3,VE,Venezuela,4395.3
2015,4,DE,Alemania,139192.17
2015,4,DE,Alemania,47207.7
2015,4,AR,Argentina,26978.4
2015,4,AR,Argentina,540.0
2015,4,AU,Australia,13526.94
2015,4,AU,Australia,2693.96
2015,4,AT,Austria,574.56
2015,4,BY,Bielorrusia,4257.9
2015,4,BY,Bielorrusia,1109.22
2015,4,BO,Bolivia,18878.4
2015,4,BO,Bolivia,720.0
2015,4,BR,Brasil,56635.2
2015,4,BG,Bulgaria,8379.0
2015,4,BE,Bélgica,1915.2
2015,4,BE,Bélgica,1688.35
2015,4,CA,Canadá,60250.7
2015,4,CA,Canadá,46955.32
2015,4,CZ,Chequia,10944.0
2015,4,CL,Chile,20696.4
2015,4,CL,Chile,8415.0
2015,4,CN,China,16606.4
2015,4,CN,China,138.9
2015,4,CO,Colombia,28780.8
2015,4,CO,Colombia,12118.5
2015,4,KR,Corea del Sur,32097.84
2015,4,KR,Corea del Sur,12114.0
2015,4,CR,Costa Rica,18007.2
2015,4,CR,Costa Rica,4338.75
2015,4,DK,Dinamarca,6344.1
2015,4,DK,Dinamarca,1005.48
2015,4,SV,El Salvador,21194.55
2015,4,SV,El Salvador,5453.25
2015,4,AE,Emiratos Árabes Unidos,12888.0
2015,4,AE,Emiratos Árabes Unidos,4021.98
2015,4,SI,Eslovenia,8618.4
2015,4,ES,España,492365.86
2015,4,ES,España,9226.14
2015,4,US,Estados Unidos,8136088.86
2015,4,US,Estados Unidos,6216719.92
2015,4,EE,Estonia,4404.96
2015,4,PH,Filipinas,169016.4
2015,4,FR,Francia,174873.84
2015,4,FR,Francia,738.72
2015,4,GR,Grecia,11063.01
2015,4,GU,Guam,8208.0
2015,4,GU,Guam,1800.0
2015,4,GT,Guatemala,13041.6
2015,4,GT,Guatemala,625.5
2015,4,HN,Honduras,1188.0
2015,4,HK,Hong Kong,18975.0
2015,4,HK,Hong Kong,1014.57
2015,4,HU,Hungría,4309.2
2015,4,HU,Hungría,24.78
2015,4,IN,India,44000.97
2015,4,IN,India,5814.0
2015,4,ID,Indonesia,11520.0
2015,4,KY,Islas Caimán,8892.0
2015,4,IL,Israel,32403.45
2015,4,IL,Israel,1151.49
2015,4,IT,Italia,61406.19
2015,4,IT,Italia,5219.76
2015,4,JP,Japón,115818.75
2015,4,JP,Japón,11478.56
2015,4,BS,Las Bahamas,10177.2
2015,4,BS,Las Bahamas,382.5
2015,4,LV,Letonia,58083.0
2015,4,LV,Letonia,10434.99
2015,4,MY,Malasia,7185.0
2015,4,MY,Malasia,1098.0
2015,4,NZ,Nueva Zelandia,4213.44
2015,4,NZ,Nueva Zelandia,3059.28
2015,4,PA,Panamá,25704.0
2015,4,PA,Panamá,13990.5
2015,4,PY,Paraguay,27907.2
2015,4,NL,Países Bajos,11132.1
2015,4,NL,Países Bajos,5955.99
2015,4,PE,Perú,9439.2
2015,4,PR,Puerto Rico,11232.0
2015,4,PR,Puerto Rico,6624.0
2015,4,GB,Reino Unido,28596.9
2015,4,GB,Reino Unido,57909.07
2015,4,DO,República Dominicana,9028.8
2015,4,DO,República Dominicana,3668.25
2015,4,RU,Rusia,20250.0
2015,4,RU,Rusia,2160.0
2015,4,RS,Serbia,10661.28
2015,4,SG,Singapur,11303.1
2015,4,SG,Singapur,8423.12
2015,4,ZA,Sudáfrica,57312.0
2015,4,ZA,Sudáfrica,5805.0
2015,4,SE,Suecia,6999.6
2015,4,TW,Taiwán (Región),37656.0
2015,4,TW,Taiwán (Región),12834.0
2015,4,TR,Turquía,76323.96
2015,4,TR,Turquía,149.62
2015,4,UA,Ucrania,11340.0
2015,5,DE,Alemania,32644.31
2015,5,DE,Alemania,50025.46
2015,5,AR,Argentina,4.1
2015,5,AU,Australia,94812.86
2015,5,AU,Australia,18381.6
2015,5,AT,Austria,10413.9
2015,5,AT,Austria,2564.64
2015,5,BY,Bielorrusia,33224.71
2015,5,BO,Bolivia,27468.0
2015,5,BO,Bolivia,405.0
2015,5,BR,Brasil,73872.0
2015,5,BR,Brasil,15120.0
2015,5,BE,Bélgica,5266.8
2015,5,BE,Bélgica,15.0
2015,5,CA,Canadá,11115.0
2015,5,CA,Canadá,90326.44
2015,5,CZ,Chequia,3064.32
2015,5,CZ,Chequia,458.85
2015,5,CL,Chile,97604.55
2015,5,CL,Chile,9025.2
2015,5,CN,China,104191.2
2015,5,CN,China,383.04
2015,5,CO,Colombia,55283.81
2015,5,CO,Colombia,13490.01
2015,5,KR,Corea del Sur,22982.4
2015,5,CR,Costa Rica,1838.25
2015,5,CR,Costa Rica,11121.3
2015,5,CU,Cuba,5722.8
2015,5,SV,El Salvador,9628.5
2015,5,SV,El Salvador,3286.32
2015,5,AE,Emiratos Árabes Unidos,29916.0
2015,5,AE,Emiratos Árabes Unidos,3465.0
2015,5,SK,Eslovaquia,4213.44
2015,5,ES,España,424668.72
2015,5,ES,España,13563.01
2015,5,US,Estados Unidos,8902706.3
2015,5,US,Estados Unidos,5349193.6
2015,5,EE,Estonia,7948.08
2015,5,EE,Estonia,49.87
2015,5,PH,Filipinas,26539.95
2015,5,FI,Finlandia,3591.0
2015,5,FR,Francia,82710.12
2015,5,FR,Francia,769.96
2015,5,GE,Georgia,24192.0
2015,5,GR,Grecia,142490.88
2015,5,GR,Grecia,6928.92
2015,5,GT,Guatemala,18378.71
2015,5,GT,Guatemala,783.0
2015,5,HK,Hong Kong,5643.0
2015,5,HK,Hong Kong,90.0
2015,5,HU,Hungría,4474.5
2015,5,IN,India,23548.5
2015,5,IE,Irlanda,10389.75
2015,5,VI,Islas Vírgenes,3528.0
2015,5,VI,Islas Vírgenes,1215.0
2015,5,IL,Israel,31387.5
2015,5,IL,Israel,517.5
2015,5,IT,Italia,47880.0
2015,5,IT,Italia,32624.94
2015,5,JP,Japón,247516.8
2015,5,JP,Japón,12970.27
2015,5,KE,Kenia,6840.0
2015,5,BS,Las Bahamas,311.26
2015,5,LV,Letonia,72035.4
2015,5,LV,Letonia,7316.1
2015,5,LT,Lituania,5394.48
2015,5,LB,Líbano,12640.32
2015,5,LB,Líbano,1005.48
2015,5,MY,Malasia,2187.6
2015,5,NO,Noruega,3231.9
2015,5,NO,Noruega,133.66
2015,5,NZ,Nueva Zelandia,14850.0
2015,5,NZ,Nueva Zelandia,5085.36
2015,5,PA,Panamá,61873.95
2015,5,PA,Panamá,47708.62
2015,5,PY,Paraguay,12312.0
2015,5,NL,Países Bajos,54361.16
2015,5,PE,Perú,53762.4
2015,5,PE,Perú,2835.0
2015,5,PR,Puerto Rico,12096.0
2015,5,PR,Puerto Rico,21600.0
2015,5,GB,Reino Unido,66533.01
2015,5,GB,Reino Unido,63710.19
2015,5,DO,República Dominicana,10800.0
2015,5,RU,Rusia,31772.56
2015,5,RU,Rusia,19455.3
2015,5,SG,Singapur,6090.0
2015,5,ZA,Sudáfrica,80690.4
2015,5,ZA,Sudáfrica,9686.1
2015,5,SE,Suecia,1596.0
2015,5,SE,Suecia,544.0
2015,5,CH,Suiza,10413.9
2015,5,SR,Suriname,9439.2
2015,5,TW,Taiwán (Región),693.0
2015,5,TW,Taiwán (Región),4738.5
2015,5,TT,Trinidad y Tobago,16826.4
2015,5,TT,Trinidad y Tobago,783.0
2015,5,TR,Turquía,50688.96
2015,5,TR,Turquía,14057.52
2015,5,UY,Uruguay,14164.2
2015,6,DE,Alemania,290647.26
2015,6,DE,Alemania,40849.09
2015,6,AN,Antillas Holandesas,6429.6
2015,6,AN,Antillas Holandesas,922.5
2015,6,AR,Argentina,8100.0
2015,6,AW,Aruba,9063.0
2015,6,AU,Australia,16199.4
2015,6,AU,Australia,28868.46
2015,6,AT,Austria,287.28
2015,6,BO,Bolivia,37346.4
2015,6,BO,Bolivia,405.0
2015,6,BR,Brasil,66074.4
2015,6,BR,Brasil,7200.0
2015,6,BE,Bélgica,9990.96
2015,6,CA,Canadá,48794.7
2015,6,CA,Canadá,53773.84
2015,6,CZ,Chequia,5266.8
2015,6,CZ,Chequia,4433.67
2015,6,CL,Chile,64233.0
2015,6,CN,China,34589.76
2015,6,CY,Chipre,19726.56
2015,6,CO,Colombia,31578.75
2015,6,CO,Colombia,32671.69
2015,6,KR,Corea del Sur,31600.8
2015,6,KR,Corea del Sur,2025.0
2015,6,CR,Costa Rica,1800.0
2015,6,EC,Ecuador,49969.28
2015,6,SV,El Salvador,9358.12
2015,6,SV,El Salvador,10020.19
2015,6,AE,Emiratos Árabes Unidos,47041.08
2015,6,AE,Emiratos Árabes Unidos,12838.88
2015,6,ES,España,185131.93
2015,6,ES,España,10017.0
2015,6,US,Estados Unidos,9040799.55
2015,6,US,Estados Unidos,5693650.14
2015,6,FR,Francia,102917.93
2015,6,FR,Francia,1032.69
2015,6,GR,Grecia,75841.92
2015,6,GR,Grecia,670.32
2015,6,GT,Guatemala,547.2
2015,6,GT,Guatemala,1439.55
2015,6,HN,Honduras,11130.6
2015,6,HN,Honduras,13103.25
2015,6,HU,Hungría,5928.0
2015,6,IN,India,5833.5
2015,6,IT,Italia,43407.06
2015,6,IT,Italia,676.32
2015,6,JP,Japón,188464.5
2015,6,JP,Japón,15724.35
2015,6,QA,Katar,12078.96
2015,6,QA,Katar,1134.0
2015,6,BS,Las Bahamas,471.0
2015,6,LV,Letonia,27052.2
2015,6,LT,Lituania,6338.4
2015,6,LT,Lituania,335.16
2015,6,MY,Malasia,11646.0
2015,6,NZ,Nueva Zelandia,9624.73
2015,6,NZ,Nueva Zelandia,2051.43
2015,6,PA,Panamá,48300.0
2015,6,PA,Panamá,38488.76
2015,6,PY,Paraguay,16005.6
2015,6,PE,Perú,1404.0
2015,6,PE,Perú,422.94
2015,6,PL,Polonia,2633.4
2015,6,PL,Polonia,343.14
2015,6,PR,Puerto Rico,11232.0
2015,6,GB,Reino Unido,31717.28
2015,6,GB,Reino Unido,37979.94
2015,6,RO,Rumania,26334.0
2015,6,RU,Rusia,23491.01
2015,6,RU,Rusia,7979.62
2015,6,SG,Singapur,11782.8
2015,6,SG,Singapur,20647.8
2015,6,ZA,Sudáfrica,113654.7
2015,6,ZA,Sudáfrica,7650.0
2015,6,CH,Suiza,10413.9
2015,6,TH,Tailandia,7660.8
2015,6,TT,Trinidad y Tobago,2.38
2015,6,TR,Turquía,27081.96
2015,6,TR,Turquía,10892.7
2015,6,UA,Ucrania,4131.0
2015,6,UA,Ucrania,1431.0
2015,6,UY,Uruguay,17178.75
2015,7,DE,Alemania,142739.85
2015,7,DE,Alemania,32021.76
2015,7,AU,Australia,22623.3
2015,7,AU,Australia,49918.2
2015,7,AT,Austria,9135.0
2015,7,AT,Austria,6455.82
2015,7,BM,Bermuda,4719.6
2015,7,BY,Bielorrusia,4047.0
2015,7,BR,Brasil,24651.0
2015,7,BR,Brasil,31995.0
2015,7,BE,Bélgica,19630.8
2015,7,BE,Bélgica,1680.48
2015,7,CA,Canadá,44685.98
2015,7,CA,Canadá,75878.55
2015,7,CZ,Chequia,9484.8
2015,7,CZ,Chequia,767.58
2015,7,CL,Chile,79773.0
2015,7,CL,Chile,179.55
2015,7,CN,China,66420.0
2015,7,CN,China,562.5
2015,7,CO,Colombia,88962.3
2015,7,CO,Colombia,29566.12
2015,7,KR,Corea del Sur,16389.0
2015,7,KR,Corea del Sur,7563.0
2015,7,CR,Costa Rica,855.0
2015,7,DK,Dinamarca,54.0
2015,7,DK,Dinamarca,1029.3
2015,7,EC,Ecuador,24642.62
2015,7,EC,Ecuador,2081.25
2015,7,SV,El Salvador,8835.98
2015,7,SV,El Salvador,6369.75
2015,7,AE,Emiratos Árabes Unidos,55194.0
2015,7,AE,Emiratos Árabes Unidos,1629.0
2015,7,ES,España,331886.09
2015,7,ES,España,20318.91
2015,7,US,Estados Unidos,7297121.09
2015,7,US,Estados Unidos,6742527.48
2015,7,EE,Estonia,4404.96
2015,7,FR,Francia,360179.68
2015,7,FR,Francia,5798.82
2015,7,GR,Grecia,3601.4
2015,7,GT,Guatemala,6674.4
2015,7,GT,Guatemala,2698.03
2015,7,HK,Hong Kong,2821.5
2015,7,HK,Hong Kong,4185.0
2015,7,IN,India,6000.0
2015,7,KY,Islas Caimán,501.0
2015,7,VG,Islas Vírgenes Británicas,3898.8
2015,7,VG,Islas Vírgenes Británicas,405.0
2015,7,IT,Italia,40649.83
2015,7,IT,Italia,13326.12
2015,7,JP,Japón,131964.7
2015,7,JP,Japón,20797.64
2015,7,BS,Las Bahamas,9097.2
2015,7,BS,Las Bahamas,360.0
2015,7,LV,Letonia,98074.2
2015,7,LV,Letonia,11366.22
2015,7,LT,Lituania,9256.8
2015,7,MT,Malta,253.12
2015,7,NI,Nicaragua,36.0
2015,7,NZ,Nueva Zelandia,25600.87
2015,7,NZ,Nueva Zelandia,1026.85
2015,7,PA,Panamá,75636.3
2015,7,PA,Panamá,30738.0
2015,7,NL,Países Bajos,10533.6
2015,7,NL,Países Bajos,8219.4
2015,7,PE,Perú,25855.2
2015,7,PE,Perú,3247.88
2015,7,PL,Polonia,4594.8
2015,7,PR,Puerto Rico,28872.0
2015,7,PR,Puerto Rico,7078.5
2015,7,GB,Reino Unido,81704.25
2015,7,GB,Reino Unido,64796.38
2015,7,DO,República Dominicana,3283.2
2015,7,DO,República Dominicana,13438.5
2015,7,RU,Rusia,4555.44
2015,7,RU,Rusia,8277.0
2015,7,RS,Serbia,8043.84
2015,7,RS,Serbia,670.32
2015,7,SG,Singapur,162209.82
2015,7,SG,Singapur,25310.03
2015,7,ZA,Sudáfrica,204624.0
2015,7,ZA,Sudáfrica,10800.0
2015,7,SE,Suecia,8256.45
2015,7,TH,Tailandia,5386.5
2015,7,TW,Taiwán (Región),2188.8
2015,7,TR,Turquía,50182.8
2015,7,TR,Turquía,4599.84
2015,7,UA,Ucrania,9240.0
2015,7,UY,Uruguay,37346.4
2015,7,UY,Uruguay,405.0
2015,8,DE,Alemania,211041.32
2015,8,DE,Alemania,36341.42
2015,8,AR,Argentina,1323.0
2015,8,AU,Australia,48957.3
2015,8,AU,Australia,56612.95
2015,8,AT,Austria,1316.7
2015,8,BO,Bolivia,3990.0
2015,8,BR,Brasil,144277.2
2015,8,BR,Brasil,59292.0
2015,8,BG,Bulgaria,33447.97
2015,8,BE,Bélgica,50912.67
2015,8,BE,Bélgica,5055.33
2015,8,CA,Canadá,24816.6
2015,8,CA,Canadá,51314.48
2015,8,CZ,Chequia,7524.0
2015,8,CZ,Chequia,3724.8
2015,8,CL,Chile,47220.0
2015,8,CL,Chile,8010.0
2015,8,CN,China,957.6
2015,8,CO,Colombia,49140.15
2015,8,CO,Colombia,21024.0
2015,8,KR,Corea del Sur,30707.28
2015,8,KR,Corea del Sur,4545.9
2015,8,CR,Costa Rica,1433.25
2015,8,CR,Costa Rica,8208.38
2015,8,DK,Dinamarca,4788.0
2015,8,EC,Ecuador,4040.1
2015,8,EC,Ecuador,734.53
2015,8,SV,El Salvador,20292.97
2015,8,SV,El Salvador,1541.4
2015,8,AE,Emiratos Árabes Unidos,78483.6
2015,8,AE,Emiratos Árabes Unidos,3303.0
2015,8,SI,Eslovenia,15320.4
2015,8,ES,España,410695.38
2015,8,ES,España,12254.64
2015,8,US,Estados Unidos,5547806.46
2015,8,US,Estados Unidos,5935548.86
2015,8,FR,Francia,75399.45
2015,8,FR,Francia,26032.66
2015,8,GE,Georgia,8618.4
2015,8,GR,Grecia,12980.52
2015,8,GU,Guam,6912.0
2015,8,GU,Guam,2430.0
2015,8,GT,Guatemala,36216.49
2015,8,GT,Guatemala,5785.78
2015,8,HN,Honduras,5899.5
2015,8,HK,Hong Kong,627.0
2015,8,HU,Hungría,10773.0
2015,8,HU,Hungría,5928.0
2015,8,IN,India,2571.0
2015,8,VI,Islas Vírgenes,6552.0
2015,8,IL,Israel,27012.0
2015,8,IL,Israel,722.25
2015,8,IT,Italia,49436.1
2015,8,IT,Italia,18368.28
2015,8,JP,Japón,123912.5
2015,8,JP,Japón,10677.24
2015,8,QA,Katar,6445.92
2015,8,QA,Katar,378.0
2015,8,LV,Letonia,206298.39
2015,8,LV,Letonia,1091.94
2015,8,LB,Líbano,22982.4
2015,8,NI,Nicaragua,17120.35
2015,8,NZ,Nueva Zelandia,16462.74
2015,8,NZ,Nueva Zelandia,5810.4
2015,8,PA,Panamá,25696.8
2015,8,PA,Panamá,48900.6
2015,8,NL,Países Bajos,1134.0
2015,8,PE,Perú,8975.25
2015,8,PE,Perú,450.0
2015,8,PL,Polonia,14080.5
2015,8,PL,Polonia,218.4
2015,8,PR,Puerto Rico,10800.0
2015,8,GB,Reino Unido,113865.0
2015,8,GB,Reino Unido,45968.12
2015,8,DO,República Dominicana,5335.2
2015,8,DO,República Dominicana,9156.0
2015,8,RO,Rumania,8522.64
2015,8,RU,Rusia,59284.97
2015,8,RU,Rusia,6596.55
2015,8,SC,Seychelles,11003.85
2015,8,SC,Seychelles,0.71
2015,8,SG,Singapur,8139.6
2015,8,SG,Singapur,7832.25
2015,8,ZA,Sudáfrica,58885.2
2015,8,ZA,Sudáfrica,130.81
2015,8,SE,Suecia,8139.6
2015,8,SE,Suecia,2000.7
2015,8,TW,Taiwán (Región),9936.0
2015,8,TR,Turquía,25376.4
2015,8,TR,Turquía,2154.6
2015,8,UA,Ucrania,11044.2
2015,9,DE,Alemania,94520.67
2015,9,DE,Alemania,36560.91
2015,9,AN,Antillas Holandesas,957.6
2015,9,AR,Argentina,675.0
2015,9,AU,Australia,70173.54
2015,9,AU,Australia,50937.18
2015,9,AT,Austria,10054.8
2015,9,BD,Bangladesh,7200.0
2015,9,BO,Bolivia,18869.85
2015,9,BR,Brasil,75538.8
2015,9,BR,Brasil,27504.0
2015,9,BE,Bélgica,103677.61
2015,9,CA,Canadá,12279.0
2015,9,CA,Canadá,54016.74
2015,9,CL,Chile,38378.88
2015,9,CL,Chile,1782.0
2015,9,CN,China,85288.6
2015,9,CN,China,5810.7
2015,9,CO,Colombia,110483.76
2015,9,CO,Colombia,22701.0
2015,9,KR,Corea del Sur,5472.0
2015,9,CR,Costa Rica,17844.9
2015,9,CR,Costa Rica,10556.38
2015,9,CU,Cuba,17741.25
2015,9,EC,Ecuador,24750.6
2015,9,SV,El Salvador,9244.35
2015,9,SV,El Salvador,9660.0
2015,9,AE,Emiratos Árabes Unidos,7560.0
2015,9,AE,Emiratos Árabes Unidos,5067.3
2015,9,ES,España,339568.03
2015,9,ES,España,25434.31
2015,9,US,Estados Unidos,5512772.87
2015,9,US,Estados Unidos,6784075.21
2015,9,EE,Estonia,8980.92
2015,9,EE,Estonia,359.1
2015,9,FI,Finlandia,2872.8
2015,9,FI,Finlandia,613.2
2015,9,FR,Francia,204841.33
2015,9,FR,Francia,5960.08
2015,9,GR,Grecia,4213.44
2015,9,GR,Grecia,9376.71
2015,9,GU,Guam,1980.0
2015,9,GT,Guatemala,8960.4
2015,9,GT,Guatemala,4175.23
2015,9,HN,Honduras,2445.0
2015,9,HN,Honduras,6024.75
2015,9,HK,Hong Kong,18650.25
2015,9,HK,Hong Kong,1800.0
2015,9,IN,India,13620.0
2015,9,IL,Israel,17400.0
2015,9,IL,Israel,731.25
2015,9,IT,Italia,48837.6
2015,9,IT,Italia,21791.16
2015,9,JM,Jamaica,6840.0
2015,9,JP,Japón,98492.85
2015,9,JP,Japón,18322.0
2015,9,QA,Katar,5149.92
2015,9,LV,Letonia,66760.68
2015,9,LV,Letonia,5800.32
2015,9,LT,Lituania,9256.8
2015,9,NO,Noruega,3591.0
2015,9,NO,Noruega,216.19
2015,9,NZ,Nueva Zelandia,2425.32
2015,9,PA,Panamá,21521.14
2015,9,PA,Panamá,9998.81
2015,9,PE,Perú,8208.0
2015,9,PE,Perú,2367.0
2015,9,PL,Polonia,4788.0
2015,9,PR,Puerto Rico,10800.0
2015,9,PR,Puerto Rico,13653.0
2015,9,GB,Reino Unido,129335.72
2015,9,GB,Reino Unido,91921.66
2015,9,DO,República Dominicana,720.0
2015,9,RU,Rusia,28389.42
2015,9,RU,Rusia,24145.5
2015,9,SG,Singapur,45792.0
2015,9,SG,Singapur,29057.25
2015,9,ZA,Sudáfrica,135288.92
2015,9,ZA,Sudáfrica,14092.88
2015,9,SE,Suecia,1995.0
2015,9,SE,Suecia,46.2
2015,9,TW,Taiwán (Región),14190.0
2015,9,TR,Turquía,107202.75
2015,9,TR,Turquía,2154.6
2015,9,UY,Uruguay,4205.25
2015,10,DE,Alemania,146172.52
2015,10,DE,Alemania,35569.32
2015,10,AN,Antillas Holandesas,5608.8
2015,10,AU,Australia,74775.01
2015,10,AU,Australia,48745.04
2015,10,BR,Brasil,84952.8
2015,10,BE,Bélgica,52546.53
2015,10,BE,Bélgica,1367.64
2015,10,CA,Canadá,46706.01
2015,10,CA,Canadá,47678.93
2015,10,CZ,Chequia,17716.05
2015,10,CL,Chile,130030.8
2015,10,CN,China,81252.63
2015,10,CN,China,2371.88
2015,10,CY,Chipre,13023.36
2015,10,CY,Chipre,718.2
2015,10,CO,Colombia,30337.22
2015,10,CO,Colombia,5076.24
2015,10,KR,Corea del Sur,31395.6
2015,10,KR,Corea del Sur,5310.0
2015,10,CR,Costa Rica,9439.2
2015,10,CR,Costa Rica,9042.75
2015,10,CU,Cuba,12540.0
2015,10,DK,Dinamarca,359.1
2015,10,EC,Ecuador,102770.41
2015,10,SV,El Salvador,984.38
2015,10,SV,El Salvador,5732.25
2015,10,AE,Emiratos Árabes Unidos,32999.4
2015,10,AE,Emiratos Árabes Unidos,173.25
2015,10,SI,Eslovenia,8390.4
2015,10,ES,España,429183.19
2015,10,ES,España,10687.32
2015,10,US,Estados Unidos,4351082.77
2015,10,US,Estados Unidos,6320983.11
2015,10,EE,Estonia,20978.28
2015,10,EE,Estonia,718.2
2015,10,FR,Francia,191076.12
2015,10,FR,Francia,6018.28
2015,10,GR,Grecia,15865.5
2015,10,GT,Guatemala,7977.85
2015,10,HN,Honduras,21463.2
2015,10,HN,Honduras,3019.14
2015,10,HK,Hong Kong,2203.25
2015,10,HK,Hong Kong,302.3
2015,10,HU,Hungría,5877.84
2015,10,IN,India,13750.3
2015,10,KY,Islas Caimán,7113.6
2015,10,KY,Islas Caimán,810.0
2015,10,IL,Israel,36451.5
2015,10,IL,Israel,1170.0
2015,10,IT,Italia,29349.3
2015,10,IT,Italia,15514.8
2015,10,JM,Jamaica,1641.6
2015,10,JP,Japón,76707.0
2015,10,JP,Japón,12833.1
2015,10,BS,Las Bahamas,2880.0
2015,10,BS,Las Bahamas,4197.0
2015,10,LV,Letonia,35609.04
2015,10,LV,Letonia,8389.86
2015,10,LB,Líbano,22974.42
2015,10,NI,Nicaragua,5096.25
2015,10,NZ,Nueva Zelandia,8622.96
2015,10,NZ,Nueva Zelandia,5632.32
2015,10,PA,Panamá,48699.25
2015,10,PA,Panamá,28943.25
2015,10,NL,Países Bajos,12500.0
2015,10,NL,Países Bajos,16014.67
2015,10,PL,Polonia,39.38
2015,10,PR,Puerto Rico,10800.0
2015,10,PR,Puerto Rico,6670.0
2015,10,GB,Reino Unido,21432.0
2015,10,GB,Reino Unido,38507.62
2015,10,DO,República Dominicana,8618.4
2015,10,DO,República Dominicana,10800.0
2015,10,RO,Rumania,8809.92
2015,10,RU,Rusia,19676.12
2015,10,RU,Rusia,22252.95
2015,10,RS,Serbia,10725.12
2015,10,SG,Singapur,123714.0
2015,10,SG,Singapur,15589.75
2015,10,ZA,Sudáfrica,138587.11
2015,10,ZA,Sudáfrica,6364.5
2015,10,SE,Suecia,549.0
2015,10,SE,Suecia,5495.7
2015,10,CH,Suiza,3306.0
2015,10,CH,Suiza,2554.5
2015,10,TW,Taiwán (Región),8640.0
2015,10,TW,Taiwán (Región),1620.0
2015,10,TT,Trinidad y Tobago,18507.6
2015,10,TT,Trinidad y Tobago,1620.0
2015,10,TR,Turquía,65341.5
2015,10,TR,Turquía,8101.69
2015,10,UY,Uruguay,12510.45
2015,10,VE,Venezuela,6633.81
2015,11,DE,Alemania,318388.04
2015,11,DE,Alemania,13824.5
2015,11,AU,Australia,66598.8
2015,11,AU,Australia,33669.6
2015,11,AT,Austria,7182.0
2015,11,AT,Austria,1005.48
2015,11,BB,Barbados,889.2
2015,11,BO,Bolivia,1575.0
2015,11,BR,Brasil,47476.8
2015,11,BR,Brasil,29700.0
2015,11,BE,Bélgica,31564.01
2015,11,BE,Bélgica,492.0
2015,11,CA,Canadá,17735.4
2015,11,CA,Canadá,34331.55
2015,11,CL,Chile,42283.8
2015,11,CL,Chile,9135.0
2015,11,CN,China,20628.0
2015,11,CN,China,2010.96
2015,11,CO,Colombia,54633.15
2015,11,CO,Colombia,5845.74
2015,11,KR,Corea del Sur,7502.4
2015,11,KR,Corea del Sur,2245.12
2015,11,CR,Costa Rica,1500.0
2015,11,CR,Costa Rica,7423.5
2015,11,HR,Croacia,9192.96
2015,11,CU,Cuba,18069.0
2015,11,CU,Cuba,518.7
2015,11,EC,Ecuador,17095.25
2015,11,AE,Emiratos Árabes Unidos,35479.2
2015,11,AE,Emiratos Árabes Unidos,6993.0
2015,11,ES,España,103365.63
2015,11,ES,España,7948.08
2015,11,US,Estados Unidos,5923396.26
2015,11,US,Estados Unidos,6504823.86
2015,11,EE,Estonia,15704.64
2015,11,PH,Filipinas,1698.0
2015,11,PH,Filipinas,180.0
2015,11,FR,Francia,126411.84
2015,11,FR,Francia,15982.27
2015,11,GE,Georgia,8618.4
2015,11,GR,Grecia,3895.5
2015,11,GT,Guatemala,19870.09
2015,11,GT,Guatemala,3399.82
2015,11,HN,Honduras,6156.0
2015,11,HK,Hong Kong,3120.75
2015,11,HK,Hong Kong,472.5
2015,11,IN,India,23935.5
2015,11,IQ,Irak,296.55
2015,11,IL,Israel,7995.0
2015,11,IL,Israel,787.5
2015,11,IT,Italia,33164.34
2015,11,JP,Japón,29907.0
2015,11,JP,Japón,17679.6
2015,11,LV,Letonia,53209.5
2015,11,LV,Letonia,11792.7
2015,11,LT,Lituania,6441.0
2015,11,LT,Lituania,2872.8
2015,11,MA,Marruecos,1915.2
2015,11,NI,Nicaragua,1063.12
2015,11,NG,Nigeria,49.2
2015,11,NZ,Nueva Zelandia,3360.72
2015,11,PA,Panamá,68740.65
2015,11,PA,Panamá,14982.6
2015,11,NL,Países Bajos,44210.36
2015,11,PE,Perú,18878.4
2015,11,PR,Puerto Rico,21470.7
2015,11,PR,Puerto Rico,10912.5
2015,11,GB,Reino Unido,43702.85
2015,11,GB,Reino Unido,19993.2
2015,11,RU,Rusia,11172.0
2015,11,RU,Rusia,3.0
2015,11,RS,Serbia,10725.12
2015,11,RS,Serbia,4.5
2015,11,SG,Singapur,39084.3
2015,11,SG,Singapur,20544.3
2015,11,LK,Sri Lanka,4500.0
2015,11,ZA,Sudáfrica,126648.9
2015,11,ZA,Sudáfrica,12873.38
2015,11,CH,Suiza,10413.9
2015,11,CH,Suiza,1371.99
2015,11,TW,Taiwán (Región),9792.0
2015,11,TW,Taiwán (Región),1415.16
2015,11,TR,Turquía,88926.84
2015,12,DE,Alemania,171500.74
2015,12,DE,Alemania,56360.34
2015,12,AN,Antillas Holandesas,6566.4
2015,12,AN,Antillas Holandesas,1300.5
2015,12,AR,Argentina,45.0
2015,12,AU,Australia,3192.0
2015,12,AU,Australia,32682.24
2015,12,BD,Bangladesh,6033.6
2015,12,BR,Brasil,28317.6
2015,12,BR,Brasil,1620.0
2015,12,BG,Bulgaria,7900.2
2015,12,BG,Bulgaria,335.16
2015,12,BE,Bélgica,8857.8
2015,12,CA,Canadá,10038.6
2015,12,CA,Canadá,28141.9
2015,12,CZ,Chequia,10214.4
2015,12,CZ,Chequia,1021.44
2015,12,CL,Chile,45840.0
2015,12,CL,Chile,5917.5
2015,12,CN,China,12618.0
2015,12,CN,China,8346.0
2015,12,CO,Colombia,17411.17
2015,12,CO,Colombia,28691.12
2015,12,KR,Corea del Sur,4391.28
2015,12,KR,Corea del Sur,2202.53
2015,12,CR,Costa Rica,8273.25
2015,12,CR,Costa Rica,5570.25
2015,12,CU,Cuba,24296.25
2015,12,CU,Cuba,518.7
2015,12,DK,Dinamarca,517.5
2015,12,EC,Ecuador,52224.07
2015,12,SV,El Salvador,1283.62
2015,12,SV,El Salvador,5912.25
2015,12,AE,Emiratos Árabes Unidos,21250.8
2015,12,AE,Emiratos Árabes Unidos,5361.75
2015,12,SI,Eslovenia,551.25
2015,12,ES,España,111667.31
2015,12,ES,España,11870.94
2015,12,US,Estados Unidos,5184480.84
2015,12,US,Estados Unidos,4843995.19
2015,12,EE,Estonia,12266.4
2015,12,EE,Estonia,3231.9
2015,12,PH,Filipinas,812.25
2015,12,FR,Francia,313076.67
2015,12,FR,Francia,3739.98
2015,12,GH,Ghana,11970.0
2015,12,GR,Grecia,18715.8
2015,12,GT,Guatemala,18357.64
2015,12,GT,Guatemala,8205.75
2015,12,HN,Honduras,1417.5
2015,12,HK,Hong Kong,1881.0
2015,12,HK,Hong Kong,2328.0
2015,12,IL,Israel,6.84
2015,12,IT,Italia,25017.3
2015,12,IT,Italia,9843.0
2015,12,JP,Japón,54065.35
2015,12,JP,Japón,6291.75
2015,12,QA,Katar,6860.88
2015,12,QA,Katar,756.0
2015,12,KE,Kenia,6840.0
2015,12,LV,Letonia,193272.18
2015,12,LV,Letonia,6144.6
2015,12,LB,Líbano,6498.0
2015,12,MY,Malasia,8700.0
2015,12,MY,Malasia,1055.16
2015,12,NO,Noruega,3591.0
2015,12,NO,Noruega,251.37
2015,12,NZ,Nueva Zelandia,22532.17
2015,12,NZ,Nueva Zelandia,3768.72
2015,12,PA,Panamá,60871.5
2015,12,PA,Panamá,26793.75
2015,12,NL,Países Bajos,10294.2
2015,12,NL,Países Bajos,6963.57
2015,12,PE,Perú,4.59
2015,12,PE,Perú,1125.0
2015,12,PR,Puerto Rico,10800.0
2015,12,GB,Reino Unido,15682.12
2015,12,GB,Reino Unido,27095.34
2015,12,RU,Rusia,4702.5
2015,12,RU,Rusia,15924.6
2015,12,SG,Singapur,8409.6
2015,12,SG,Singapur,9154.2
2015,12,ZA,Sudáfrica,40433.4
2015,12,ZA,Sudáfrica,2364.29
2015,12,SE,Suecia,9405.3
2015,12,TH,Tailandia,6942.6
2015,12,TH,Tailandia,399.0
2015,12,TW,Taiwán (Región),693.0
2015,12,TW,Taiwán (Región),4854.0
2015,12,TR,Turquía,13023.36
2015,12,UY,Uruguay,20649.6
2016,1,DE,Alemania,539169.89
2016,1,DE,Alemania,56824.92
2016,1,AR,Argentina,18468.0
2016,1,AU,Australia,9.0
2016,1,AU,Australia,24268.35
2016,1,AT,Austria,10054.8
2016,1,AT,Austria,167.58
2016,1,BD,Bangladesh,9622.5
2016,1,BD,Bangladesh,1157.25
2016,1,BR,Brasil,39193.2
2016,1,BR,Brasil,31455.0
2016,1,BE,Bélgica,31515.09
2016,1,CA,Canadá,42010.43
2016,1,CA,Canadá,38583.0
2016,1,CZ,Chequia,8755.2
2016,1,CZ,Chequia,6279.84
2016,1,CL,Chile,15577.2
2016,1,CN,China,8299.2
2016,1,CN,China,810.0
2016,1,CO,Colombia,27987.83
2016,1,CO,Colombia,24885.48
2016,1,KR,Corea del Sur,4615.5
2016,1,CR,Costa Rica,6688.8
2016,1,CR,Costa Rica,2781.0
2016,1,DK,Dinamarca,8002.8
2016,1,SV,El Salvador,4690.8
2016,1,SV,El Salvador,2650.5
2016,1,AE,Emiratos Árabes Unidos,20016.0
2016,1,AE,Emiratos Árabes Unidos,26462.25
2016,1,SI,Eslovenia,7204.8
2016,1,ES,España,224884.25
2016,1,ES,España,19532.03
2016,1,US,Estados Unidos,6098531.44
2016,1,US,Estados Unidos,5131407.81
2016,1,EE,Estonia,7948.08
2016,1,PH,Filipinas,71986.36
2016,1,PH,Filipinas,693.0
2016,1,FR,Francia,160818.63
2016,1,FR,Francia,1518.3
2016,1,GE,Georgia,8618.4
2016,1,GR,Grecia,3830.4
2016,1,GR,Grecia,10737.93
2016,1,GT,Guatemala,5839.2
2016,1,GT,Guatemala,2510.25
2016,1,HN,Honduras,17715.6
2016,1,HN,Honduras,405.0
2016,1,HK,Hong Kong,2565.0
2016,1,HU,Hungría,4309.2
2016,1,HU,Hungría,49.87
2016,1,ID,Indonesia,9360.0
2016,1,IE,Irlanda,7182.0
2016,1,IE,Irlanda,3234.84
2016,1,KY,Islas Caimán,499.5
2016,1,VI,Islas Vírgenes,4032.0
2016,1,VI,Islas Vírgenes,783.0
2016,1,VG,Islas Vírgenes Británicas,2599.2
2016,1,IL,Israel,3847.5
2016,1,IL,Israel,8829.0
2016,1,IT,Italia,51524.3
2016,1,IT,Italia,25513.68
2016,1,JP,Japón,93915.0
2016,1,JP,Japón,7668.0
2016,1,LV,Letonia,102447.24
2016,1,LV,Letonia,7019.7
2016,1,LT,Lituania,7204.8
2016,1,LT,Lituania,2872.8
2016,1,MU,Mauricio,11146.57
2016,1,NG,Nigeria,4702.5
2016,1,NZ,Nueva Zelandia,168.75
2016,1,PA,Panamá,53766.9
2016,1,PA,Panamá,31185.9
2016,1,NL,Países Bajos,9274.56
2016,1,PE,Perú,25855.2
2016,1,PE,Perú,1620.0
2016,1,PR,Puerto Rico,10800.0
2016,1,GB,Reino Unido,32328.45
2016,1,GB,Reino Unido,43066.14
2016,1,DO,República Dominicana,7387.2
2016,1,DO,República Dominicana,10307.25
2016,1,RU,Rusia,41353.2
2016,1,SG,Singapur,90942.3
2016,1,SG,Singapur,41184.0
2016,1,ZA,Sudáfrica,97539.3
2016,1,ZA,Sudáfrica,22249.2
2016,1,SE,Suecia,4428.9
2016,1,SE,Suecia,2818.47
2016,1,CH,Suiza,18.0
2016,1,TW,Taiwán (Región),9936.0
2016,1,TW,Taiwán (Región),1440.0
2016,1,TT,Trinidad y Tobago,8618.4
2016,1,UY,Uruguay,949.2
2016,2,DE,Alemania,222662.25
2016,2,DE,Alemania,63816.18
2016,2,AU,Australia,16494.66
2016,2,AU,Australia,40279.28
2016,2,BO,Bolivia,540.0
2016,2,BR,Brasil,110523.6
2016,2,BR,Brasil,30096.0
2016,2,BG,Bulgaria,66383.93
2016,2,BE,Bélgica,37687.91
2016,2,BE,Bélgica,4505.4
2016,2,CA,Canadá,80809.42
2016,2,CA,Canadá,77171.4
2016,2,CL,Chile,26269.2
2016,2,CL,Chile,8685.0
2016,2,CN,China,44064.0
2016,2,CN,China,1721.25
2016,2,CY,Chipre,13406.4
2016,2,CY,Chipre,225.75
2016,2,CO,Colombia,126842.86
2016,2,CO,Colombia,17979.23
2016,2,KR,Corea del Sur,31104.0
2016,2,KR,Corea del Sur,5127.9
2016,2,CR,Costa Rica,1500.0
2016,2,CR,Costa Rica,2340.0
2016,2,CU,Cuba,10801.5
2016,2,CU,Cuba,1037.4
2016,2,SV,El Salvador,13539.6
2016,2,SV,El Salvador,11376.38
2016,2,AE,Emiratos Árabes Unidos,58136.4
2016,2,AE,Emiratos Árabes Unidos,3984.75
2016,2,ES,España,138099.28
2016,2,ES,España,7564.88
2016,2,US,Estados Unidos,7160898.73
2016,2,US,Estados Unidos,6179879.44
2016,2,EE,Estonia,7086.24
2016,2,PH,Filipinas,1470.0
2016,2,FI,Finlandia,3591.0
2016,2,FI,Finlandia,7.86
2016,2,FR,Francia,427606.28
2016,2,FR,Francia,950.0
2016,2,GR,Grecia,22982.4
2016,2,GR,Grecia,8705.58
2016,2,GT,Guatemala,9585.6
2016,2,HN,Honduras,9747.15
2016,2,HN,Honduras,3534.13
2016,2,HK,Hong Kong,5952.9
2016,2,IN,India,12450.0
2016,2,IL,Israel,8383.2
2016,2,IT,Italia,17789.31
2016,2,JP,Japón,126327.65
2016,2,JP,Japón,6413.66
2016,2,QA,Katar,5996.88
2016,2,BS,Las Bahamas,7182.0
2016,2,BS,Las Bahamas,387.0
2016,2,LV,Letonia,72509.7
2016,2,LV,Letonia,10600.56
2016,2,LB,Líbano,7004.16
2016,2,LB,Líbano,1514.2
2016,2,MY,Malasia,11646.0
2016,2,MT,Malta,3972.0
2016,2,NI,Nicaragua,10323.0
2016,2,NI,Nicaragua,6210.0
2016,2,NZ,Nueva Zelandia,3064.32
2016,2,NZ,Nueva Zelandia,2579.34
2016,2,PA,Panamá,56309.4
2016,2,PA,Panamá,20256.6
2016,2,PY,Paraguay,35704.8
2016,2,NL,Países Bajos,11112.0
2016,2,PE,Perú,378.0
2016,2,PL,Polonia,4772.04
2016,2,PL,Polonia,91.77
2016,2,PR,Puerto Rico,12096.0
2016,2,PR,Puerto Rico,5728.5
2016,2,GB,Reino Unido,16257.75
2016,2,GB,Reino Unido,45221.79
2016,2,RU,Rusia,5373.0
2016,2,RU,Rusia,15610.5
2016,2,RS,Serbia,10725.12
2016,2,SG,Singapur,20493.9
2016,2,SG,Singapur,24448.27
2016,2,ZA,Sudáfrica,50353.2
2016,2,ZA,Sudáfrica,933.75
2016,2,SE,Suecia,8977.5
2016,2,SE,Suecia,836.4
2016,2,TW,Taiwán (Región),16677.0
2016,2,TW,Taiwán (Región),6762.6
2016,2,TR,Turquía,50515.68
2016,2,TR,Turquía,6024.9
2016,2,UY,Uruguay,5433.75
2016,3,DE,Alemania,352192.92
2016,3,DE,Alemania,21524.79
2016,3,AR,Argentina,8100.0
2016,3,AU,Australia,83234.82
2016,3,AU,Australia,59187.0
2016,3,AT,Austria,10476.6
2016,3,AT,Austria,670.32
2016,3,BM,Bermuda,4788.0
2016,3,BM,Bermuda,405.0
2016,3,BR,Brasil,75513.6
2016,3,BE,Bélgica,40787.36
2016,3,CA,Canadá,14423.4
2016,3,CA,Canadá,34189.91
2016,3,CZ,Chequia,9484.8
2016,3,CZ,Chequia,1021.44
2016,3,CL,Chile,15048.0
2016,3,CL,Chile,1241.1
2016,3,CN,China,18328.35
2016,3,CN,China,7166.4
2016,3,CO,Colombia,60624.61
2016,3,CO,Colombia,30887.78
2016,3,KR,Corea del Sur,27086.4
2016,3,KR,Corea del Sur,7245.0
2016,3,CR,Costa Rica,10840.95
2016,3,CR,Costa Rica,9787.34
2016,3,DK,Dinamarca,221.25
2016,3,EC,Ecuador,36356.9
2016,3,EC,Ecuador,1890.0
2016,3,SV,El Salvador,9023.44
2016,3,SV,El Salvador,7375.88
2016,3,AE,Emiratos Árabes Unidos,18652.86
2016,3,AE,Emiratos Árabes Unidos,8343.0
2016,3,ES,España,194050.11
2016,3,ES,España,27114.16
2016,3,US,Estados Unidos,7298746.19
2016,3,US,Estados Unidos,7513473.58
2016,3,EE,Estonia,13406.4
2016,3,EE,Estonia,49.87
2016,3,PH,Filipinas,3.0
2016,3,FR,Francia,365343.9
2016,3,GE,Georgia,8700.3
2016,3,GR,Grecia,137176.2
2016,3,GR,Grecia,13613.88
2016,3,GU,Guam,7650.0
2016,3,GU,Guam,2025.0
2016,3,GT,Guatemala,21673.48
2016,3,GT,Guatemala,10753.29
2016,3,HN,Honduras,2850.75
2016,3,HK,Hong Kong,18432.0
2016,3,HK,Hong Kong,5270.27
2016,3,IE,Irlanda,0.66
2016,3,IE,Irlanda,1.45
2016,3,IL,Israel,8407.5
2016,3,IL,Israel,450.0
2016,3,IT,Italia,21689.76
2016,3,JP,Japón,96354.0
2016,3,JP,Japón,8884.2
2016,3,LV,Letonia,41334.0
2016,3,LB,Líbano,8458.8
2016,3,LB,Líbano,468.51
2016,3,MY,Malasia,9936.0
2016,3,NG,Nigeria,1667.25
2016,3,NO,Noruega,3591.0
2016,3,NO,Noruega,217.45
2016,3,NZ,Nueva Zelandia,36866.82
2016,3,NZ,Nueva Zelandia,7377.0
2016,3,PA,Panamá,95614.5
2016,3,PA,Panamá,24580.64
2016,3,PY,Paraguay,12768.52
2016,3,NL,Países Bajos,14659.24
2016,3,NL,Países Bajos,7673.7
2016,3,PE,Perú,3439.58
2016,3,PR,Puerto Rico,32832.0
2016,3,PR,Puerto Rico,10800.0
2016,3,GB,Reino Unido,62965.3
2016,3,GB,Reino Unido,54312.02
2016,3,DO,República Dominicana,9439.2
2016,3,DO,República Dominicana,7312.5
2016,3,RU,Rusia,9616.09
2016,3,RU,Rusia,22377.6
2016,3,SC,Seychelles,16.65
2016,3,SG,Singapur,106913.76
2016,3,SG,Singapur,7801.5
2016,3,ZA,Sudáfrica,80586.0
2016,3,ZA,Sudáfrica,19172.25
2016,3,SE,Suecia,9097.2
2016,3,SE,Suecia,2.8
2016,3,TH,Tailandia,9036.0
2016,3,TW,Taiwán (Región),20372.53
2016,3,TR,Turquía,66479.67
2016,3,TR,Turquía,6985.21
2016,3,UA,Ucrania,4179.52
2016,3,UA,Ucrania,598.5
2016,3,VE,Venezuela,8855.97
2016,4,DE,Alemania,238954.59
2016,4,DE,Alemania,55390.51
2016,4,AR,Argentina,1176.75
2016,4,AU,Australia,55691.88
2016,4,AT,Austria,2920.68
2016,4,BY,Bielorrusia,33607.96
2016,4,BR,Brasil,120211.2
2016,4,BR,Brasil,8382.0
2016,4,BG,Bulgaria,7557.06
2016,4,BG,Bulgaria,335.16
2016,4,BE,Bélgica,34066.57
2016,4,BE,Bélgica,2558.01
2016,4,CA,Canadá,20118.6
2016,4,CA,Canadá,77107.54
2016,4,CZ,Chequia,5311.08
2016,4,CL,Chile,54930.6
2016,4,CL,Chile,9594.0
2016,4,CN,China,73531.2
2016,4,CN,China,2274.75
2016,4,CO,Colombia,56419.91
2016,4,CO,Colombia,18219.17
2016,4,KR,Corea del Sur,10857.6
2016,4,KR,Corea del Sur,4505.7
2016,4,CR,Costa Rica,11305.8
2016,4,CR,Costa Rica,11793.98
2016,4,DK,Dinamarca,5625.9
2016,4,DK,Dinamarca,912.66
2016,4,EC,Ecuador,17113.25
2016,4,EC,Ecuador,135.0
2016,4,SV,El Salvador,2167.5
2016,4,AE,Emiratos Árabes Unidos,58096.2
2016,4,AE,Emiratos Árabes Unidos,4245.75
2016,4,SI,Eslovenia,8162.4
2016,4,ES,España,281629.94
2016,4,ES,España,18476.59
2016,4,US,Estados Unidos,7785710.81
2016,4,US,Estados Unidos,6942429.12
2016,4,EE,Estonia,4788.0
2016,4,PH,Filipinas,46229.28
2016,4,PH,Filipinas,4850.64
2016,4,FI,Finlandia,3591.0
2016,4,FR,Francia,163889.72
2016,4,FR,Francia,8341.8
2016,4,GR,Grecia,152832.96
2016,4,GR,Grecia,9198.72
2016,4,GT,Guatemala,16646.4
2016,4,GT,Guatemala,2603.02
2016,4,HN,Honduras,1627.2
2016,4,HN,Honduras,378.0
2016,4,HK,Hong Kong,470.25
2016,4,HU,Hungría,4788.0
2016,4,HU,Hungría,5928.0
2016,4,IN,India,9000.0
2016,4,IE,Irlanda,22024.8
2016,4,KY,Islas Caimán,2530.8
2016,4,KY,Islas Caimán,360.0
2016,4,IL,Israel,13252.5
2016,4,IL,Israel,2669.7
2016,4,IT,Italia,26807.76
2016,4,JP,Japón,204133.5
2016,4,JP,Japón,17071.65
2016,4,QA,Katar,4734.96
2016,4,QA,Katar,1116.0
2016,4,BS,Las Bahamas,9219.6
2016,4,BS,Las Bahamas,360.0
2016,4,LV,Letonia,31217.76
2016,4,MY,Malasia,2177.12
2016,4,MU,Mauricio,11706.66
2016,4,NZ,Nueva Zelandia,4706.66
2016,4,NZ,Nueva Zelandia,518.7
2016,4,PA,Panamá,177856.99
2016,4,PA,Panamá,62832.97
2016,4,NL,Países Bajos,38292.57
2016,4,NL,Países Bajos,11147.7
2016,4,PE,Perú,40849.2
2016,4,PE,Perú,2025.0
2016,4,PR,Puerto Rico,20949.6
2016,4,PR,Puerto Rico,7936.5
2016,4,GB,Reino Unido,65492.78
2016,4,GB,Reino Unido,58008.72
2016,4,DO,República Dominicana,10798.5
2016,4,RU,Rusia,20940.0
2016,4,RU,Rusia,14760.0
2016,4,RS,Serbia,21450.24
2016,4,SG,Singapur,59819.04
2016,4,SG,Singapur,34740.23
2016,4,ZA,Sudáfrica,104692.41
2016,4,ZA,Sudáfrica,5880.15
2016,4,SE,Suecia,3291.75
2016,4,TH,Tailandia,9847.32
2016,4,TH,Tailandia,1858.32
2016,4,TW,Taiwán (Región),9594.0
2016,4,TT,Trinidad y Tobago,9028.8
2016,4,TT,Trinidad y Tobago,405.0
2016,4,TR,Turquía,73335.63
2016,4,TR,Turquía,3630.9
2016,5,DE,Alemania,435837.96
2016,5,DE,Alemania,61897.61
2016,5,AN,Antillas Holandesas,1231.2
2016,5,AR,Argentina,31492.8
2016,5,AR,Argentina,713.07
2016,5,AW,Aruba,50.44
2016,5,AU,Australia,1994.5
2016,5,AU,Australia,60705.48
2016,5,AT,Austria,30643.2
2016,5,BB,Barbados,3645.0
2016,5,BY,Bielorrusia,32902.46
2016,5,BR,Brasil,104459.1
2016,5,BR,Brasil,1932.3
2016,5,BE,Bélgica,10054.8
2016,5,BE,Bélgica,675.0
2016,5,CA,Canadá,58772.35
2016,5,CA,Canadá,67015.39
2016,5,CL,Chile,27648.0
2016,5,CL,Chile,1215.0
2016,5,CN,China,23328.0
2016,5,CN,China,254.25
2016,5,CY,Chipre,23173.92
2016,5,CO,Colombia,60340.5
2016,5,CO,Colombia,26776.02
2016,5,KR,Corea del Sur,45964.8
2016,5,KR,Corea del Sur,239.4
2016,5,CR,Costa Rica,9469.8
2016,5,CR,Costa Rica,8183.93
2016,5,CU,Cuba,5286.75
2016,5,EC,Ecuador,23282.99
2016,5,SV,El Salvador,12454.2
2016,5,SV,El Salvador,6730.57
2016,5,AE,Emiratos Árabes Unidos,6580.8
2016,5,AE,Emiratos Árabes Unidos,4602.0
2016,5,SK,Eslovaquia,3064.32
2016,5,ES,España,373416.48
2016,5,ES,España,23836.14
2016,5,US,Estados Unidos,8873321.71
2016,5,US,Estados Unidos,7665389.1
2016,5,EE,Estonia,5171.04
2016,5,EE,Estonia,19.81
2016,5,PH,Filipinas,45043.68
2016,5,PH,Filipinas,5185.8
2016,5,FR,Francia,257719.47
2016,5,GE,Georgia,8051.4
2016,5,GR,Grecia,97292.16
2016,5,GR,Grecia,18173.46
2016,5,GT,Guatemala,16384.97
2016,5,GT,Guatemala,2088.0
2016,5,HN,Honduras,7372.8
2016,5,HN,Honduras,4452.75
2016,5,HK,Hong Kong,7200.0
2016,5,HK,Hong Kong,2.98
2016,5,HU,Hungría,4692.24
2016,5,HU,Hungría,16.8
2016,5,IN,India,13680.0
2016,5,IN,India,2388.0
2016,5,IQ,Irak,43092.0
2016,5,KY,Islas Caimán,820.8
2016,5,IT,Italia,87917.69
2016,5,IT,Italia,29621.97
2016,5,JP,Japón,209190.15
2016,5,JP,Japón,19454.22
2016,5,BS,Las Bahamas,396.0
2016,5,BS,Las Bahamas,472.5
2016,5,LV,Letonia,4514.4
2016,5,LV,Letonia,5673.78
2016,5,MY,Malasia,378.5
2016,5,NI,Nicaragua,11926.95
2016,5,NZ,Nueva Zelandia,13623.85
2016,5,NZ,Nueva Zelandia,5948.4
2016,5,PA,Panamá,75886.8
2016,5,PA,Panamá,47338.72
2016,5,PY,Paraguay,45554.4
2016,5,NL,Países Bajos,2500.0
2016,5,NL,Países Bajos,9325.8
2016,5,PE,Perú,43502.4
2016,5,PE,Perú,2025.0
2016,5,PL,Polonia,4788.0
2016,5,PR,Puerto Rico,8208.0
2016,5,PR,Puerto Rico,1512.0
2016,5,GB,Reino Unido,65380.8
2016,5,GB,Reino Unido,37243.93
2016,5,DO,República Dominicana,7335.0
2016,5,RU,Rusia,20180.28
2016,5,RU,Rusia,19051.2
2016,5,SG,Singapur,107610.18
2016,5,SG,Singapur,20430.13
2016,5,ZA,Sudáfrica,188998.25
2016,5,ZA,Sudáfrica,17846.1
2016,5,SE,Suecia,5121.75
2016,5,CH,Suiza,9336.6
2016,5,CH,Suiza,2405.05
2016,5,TH,Tailandia,3628.05
2016,5,TW,Taiwán (Región),15165.0
2016,5,TW,Taiwán (Región),9480.0
2016,5,TT,Trinidad y Tobago,10670.4
2016,5,TR,Turquía,44429.22
2016,5,TR,Turquía,720.0
2016,5,UY,Uruguay,15736.5
2016,6,DE,Alemania,475500.69
2016,6,DE,Alemania,16984.68
2016,6,AN,Antillas Holandesas,7182.0
2016,6,AR,Argentina,11793.6
2016,6,AR,Argentina,8420.53
2016,6,AW,Aruba,518.44
2016,6,AU,Australia,96389.71
2016,6,AU,Australia,82500.36
2016,6,AT,Austria,1811.61
2016,6,BO,Bolivia,6934.95
2016,6,BO,Bolivia,1545.61
2016,6,BR,Brasil,148392.0
2016,6,BR,Brasil,270.0
2016,6,CA,Canadá,41292.2
2016,6,CA,Canadá,104846.4
2016,6,CZ,Chequia,5058.0
2016,6,CL,Chile,48635.25
2016,6,CN,China,53460.0
2016,6,CN,China,2415.96
2016,6,CY,Chipre,15321.6
2016,6,CO,Colombia,94108.95
2016,6,CO,Colombia,47206.12
2016,6,KR,Corea del Sur,9281.88
2016,6,KR,Corea del Sur,4968.0
2016,6,CR,Costa Rica,2684.7
2016,6,CR,Costa Rica,4733.32
2016,6,CU,Cuba,3762.0
2016,6,DK,Dinamarca,4564.56
2016,6,EC,Ecuador,33025.29
2016,6,SV,El Salvador,3355.5
2016,6,SV,El Salvador,14382.0
2016,6,AE,Emiratos Árabes Unidos,55617.42
2016,6,AE,Emiratos Árabes Unidos,5387.64
2016,6,ES,España,681482.92
2016,6,ES,España,19943.7
2016,6,US,Estados Unidos,6190606.59
2016,6,US,Estados Unidos,6274101.64
2016,6,FR,Francia,366208.98
2016,6,FR,Francia,17996.53
2016,6,GE,Georgia,9279.9
2016,6,GR,Grecia,100500.12
2016,6,GR,Grecia,29524.78
2016,6,GT,Guatemala,7748.4
2016,6,GT,Guatemala,6982.63
2016,6,HN,Honduras,6840.0
2016,6,HN,Honduras,6241.5
2016,6,HK,Hong Kong,1206.0
2016,6,HK,Hong Kong,1105.95
2016,6,HU,Hungría,5928.0
2016,6,IN,India,14940.0
2016,6,IQ,Irak,2376.0
2016,6,KY,Islas Caimán,2872.8
2016,6,VI,Islas Vírgenes,1992.0
2016,6,VI,Islas Vírgenes,405.0
2016,6,IL,Israel,21903.9
2016,6,IL,Israel,5488.5
2016,6,IT,Italia,74932.2
2016,6,IT,Italia,23925.02
2016,6,JP,Japón,155616.7
2016,6,JP,Japón,10476.33
2016,6,QA,Katar,7292.88
2016,6,BS,Las Bahamas,10929.6
2016,6,LV,Letonia,10150.56
2016,6,LV,Letonia,5729.1
2016,6,MU,Mauricio,598.5
2016,6,NI,Nicaragua,5553.0
2016,6,NG,Nigeria,3035.25
2016,6,NG,Nigeria,25.2
2016,6,NO,Noruega,6822.9
2016,6,NO,Noruega,837.9
2016,6,NZ,Nueva Zelandia,6156.0
2016,6,PA,Panamá,22161.6
2016,6,PA,Panamá,13253.25
2016,6,NL,Países Bajos,33586.21
2016,6,NL,Países Bajos,7607.1
2016,6,PE,Perú,6156.0
2016,6,PE,Perú,2840.62
2016,6,PR,Puerto Rico,12312.0
2016,6,PR,Puerto Rico,5670.0
2016,6,GB,Reino Unido,38304.0
2016,6,GB,Reino Unido,63009.07
2016,6,DO,República Dominicana,10403.82
2016,6,DO,República Dominicana,9000.0
2016,6,RO,Rumania,8522.64
2016,6,RU,Rusia,14691.0
2016,6,SG,Singapur,67609.92
2016,6,SG,Singapur,11961.97
2016,6,ZA,Sudáfrica,101064.79
2016,6,ZA,Sudáfrica,24503.1
2016,6,SE,Suecia,7096.5
2016,6,SE,Suecia,3773.17
2016,6,CH,Suiza,10413.9
2016,6,CH,Suiza,945.75
2016,6,SR,Suriname,8823.6
2016,6,TW,Taiwán (Región),1800.0
2016,6,TT,Trinidad y Tobago,4924.8
2016,6,TR,Turquía,60140.7
2016,6,UA,Ucrania,6495.0
2016,7,DE,Alemania,497532.88
2016,7,DE,Alemania,73084.52
2016,7,AR,Argentina,1091.25
2016,7,AW,Aruba,521.62
2016,7,AU,Australia,1.0
2016,7,AU,Australia,36728.64
2016,7,AT,Austria,8618.4
2016,7,AT,Austria,1703.16
2016,7,BZ,Belice,115.52
2016,7,BZ,Belice,469.09
2016,7,BR,Brasil,31039.2
2016,7,BR,Brasil,48240.0
2016,7,BG,Bulgaria,32918.17
2016,7,BE,Bélgica,38982.25
2016,7,CA,Canadá,60434.01
2016,7,CA,Canadá,94556.74
2016,7,CZ,Chequia,9484.8
2016,7,CZ,Chequia,3586.44
2016,7,CL,Chile,52254.0
2016,7,CL,Chile,9315.0
2016,7,CN,China,19516.8
2016,7,CN,China,532.5
2016,7,CO,Colombia,19312.04
2016,7,CO,Colombia,28281.15
2016,7,KR,Corea del Sur,15440.4
2016,7,KR,Corea del Sur,5393.76
2016,7,CR,Costa Rica,9623.7
2016,7,CR,Costa Rica,13292.7
2016,7,CU,Cuba,14335.5
2016,7,DK,Dinamarca,100.8
2016,7,DK,Dinamarca,196.88
2016,7,SV,El Salvador,4104.0
2016,7,SV,El Salvador,7508.4
2016,7,AE,Emiratos Árabes Unidos,25603.02
2016,7,AE,Emiratos Árabes Unidos,12138.27
2016,7,SI,Eslovenia,7934.4
2016,7,ES,España,193184.35
2016,7,ES,España,11038.44
2016,7,US,Estados Unidos,4633575.52
2016,7,US,Estados Unidos,7262019.57
2016,7,EE,Estonia,3921.6
2016,7,EE,Estonia,359.1
2016,7,FI,Finlandia,3591.0
2016,7,FR,Francia,94061.31
2016,7,FR,Francia,11490.0
2016,7,GR,Grecia,38225.68
2016,7,GR,Grecia,3801.0
2016,7,GT,Guatemala,5745.6
2016,7,GT,Guatemala,2520.75
2016,7,HN,Honduras,9190.12
2016,7,HN,Honduras,540.0
2016,7,HK,Hong Kong,8894.25
2016,7,HK,Hong Kong,5434.23
2016,7,HU,Hungría,15944.04
2016,7,HU,Hungría,5928.0
2016,7,IE,Irlanda,9186.0
2016,7,IE,Irlanda,819.94
2016,7,VG,Islas Vírgenes Británicas,3009.6
2016,7,IT,Italia,9576.0
2016,7,IT,Italia,10026.24
2016,7,JM,Jamaica,5677.2
2016,7,JP,Japón,150187.5
2016,7,JP,Japón,6406.88
2016,7,BS,Las Bahamas,7182.0
2016,7,LV,Letonia,194503.95
2016,7,LV,Letonia,9630.3
2016,7,LT,Lituania,5394.48
2016,7,MY,Malasia,6480.0
2016,7,MY,Malasia,2371.5
2016,7,NG,Nigeria,8892.0
2016,7,NG,Nigeria,17.0
2016,7,NZ,Nueva Zelandia,37014.14
2016,7,NZ,Nueva Zelandia,8288.58
2016,7,PA,Panamá,28872.6
2016,7,PA,Panamá,256.5
2016,7,PY,Paraguay,9439.2
2016,7,NL,Países Bajos,5266.8
2016,7,NL,Países Bajos,8759.31
2016,7,PE,Perú,24624.0
2016,7,PL,Polonia,7182.0
2016,7,PL,Polonia,12711.04
2016,7,PR,Puerto Rico,10164.11
2016,7,PR,Puerto Rico,10804.5
2016,7,GB,Reino Unido,66997.8
2016,7,GB,Reino Unido,112208.55
2016,7,RU,Rusia,23628.71
2016,7,RU,Rusia,28663.88
2016,7,RS,Serbia,10725.12
2016,7,SG,Singapur,31032.0
2016,7,SG,Singapur,19616.4
2016,7,ZA,Sudáfrica,235363.5
2016,7,ZA,Sudáfrica,31003.2
2016,7,SE,Suecia,4663.8
2016,7,TH,Tailandia,1276.8
2016,7,TW,Taiwán (Región),8355.0
2016,7,UY,Uruguay,4173.75
2016,8,DE,Alemania,283513.97
2016,8,DE,Alemania,51674.83
2016,8,AW,Aruba,5169.38
2016,8,AU,Australia,12109.02
2016,8,AU,Australia,39433.29
2016,8,AT,Austria,3365.28
2016,8,BO,Bolivia,17621.55
2016,8,BR,Brasil,48846.15
2016,8,BR,Brasil,37035.0
2016,8,BE,Bélgica,39991.23
2016,8,BE,Bélgica,1340.64
2016,8,CA,Canadá,13035.08
2016,8,CA,Canadá,23478.4
2016,8,CZ,Chequia,4296.57
2016,8,CL,Chile,98565.0
2016,8,CL,Chile,405.0
2016,8,CN,China,53595.36
2016,8,CN,China,8187.75
2016,8,CO,Colombia,175650.15
2016,8,CO,Colombia,42980.01
2016,8,KR,Corea del Sur,43964.34
2016,8,KR,Corea del Sur,7704.0
2016,8,CR,Costa Rica,3807.6
2016,8,CR,Costa Rica,6226.31
2016,8,CU,Cuba,10160.25
2016,8,DK,Dinamarca,405.0
2016,8,EC,Ecuador,5335.2
2016,8,SV,El Salvador,735.0
2016,8,SV,El Salvador,7572.75
2016,8,AE,Emiratos Árabes Unidos,26736.12
2016,8,AE,Emiratos Árabes Unidos,4921.5
2016,8,ES,España,326399.32
2016,8,ES,España,10604.37
2016,8,US,Estados Unidos,6090060.52
2016,8,US,Estados Unidos,7754277.97
2016,8,EE,Estonia,7277.76
2016,8,PH,Filipinas,32619.41
2016,8,FR,Francia,194027.23
2016,8,FR,Francia,11858.16
2016,8,GE,Georgia,3192.0
2016,8,GR,Grecia,18784.92
2016,8,GU,Guam,7596.0
2016,8,GT,Guatemala,18273.6
2016,8,GT,Guatemala,10251.28
2016,8,HN,Honduras,13611.6
2016,8,HN,Honduras,5567.09
2016,8,VI,Islas Vírgenes,5040.0
2016,8,VI,Islas Vírgenes,1309.5
2016,8,IL,Israel,7484.1
2016,8,IL,Israel,918.0
2016,8,IT,Italia,86000.46
2016,8,IT,Italia,14761.44
2016,8,JP,Japón,98562.89
2016,8,JP,Japón,17348.25
2016,8,QA,Katar,6013.92
2016,8,LV,Letonia,172882.14
2016,8,LV,Letonia,9008.85
2016,8,MY,Malasia,6912.0
2016,8,MY,Malasia,1188.0
2016,8,NI,Nicaragua,504.0
2016,8,NG,Nigeria,17784.0
2016,8,NO,Noruega,2154.6
2016,8,NO,Noruega,335.16
2016,8,NZ,Nueva Zelandia,29028.96
2016,8,NZ,Nueva Zelandia,8393.94
2016,8,PA,Panamá,31482.75
2016,8,PA,Panamá,64.12
2016,8,PY,Paraguay,33242.4
2016,8,PY,Paraguay,405.0
2016,8,NL,Países Bajos,31349.03
2016,8,NL,Países Bajos,13398.85
2016,8,PE,Perú,3565.35
2016,8,PR,Puerto Rico,15840.0
2016,8,PR,Puerto Rico,2560.5
2016,8,GB,Reino Unido,207139.4
2016,8,GB,Reino Unido,79021.93
2016,8,DO,República Dominicana,4342.5
2016,8,RU,Rusia,22084.84
2016,8,RU,Rusia,37210.75
2016,8,SG,Singapur,627.0
2016,8,SG,Singapur,31996.11
2016,8,ZA,Sudáfrica,137396.85
2016,8,ZA,Sudáfrica,5210.58
2016,8,SE,Suecia,577.66
2016,8,TH,Tailandia,1276.8
2016,8,TW,Taiwán (Región),11030.4
2016,8,TW,Taiwán (Región),1575.0
2016,8,TT,Trinidad y Tobago,21326.4
2016,8,TT,Trinidad y Tobago,405.0
2016,8,TR,Turquía,69701.88
2016,8,TR,Turquía,12176.1
2016,8,UY,Uruguay,7797.6
2016,8,UY,Uruguay,405.0
2016,8,VE,Venezuela,675.0
2016,9,DE,Alemania,442296.14
2016,9,DE,Alemania,33510.83
2016,9,AR,Argentina,17989.2
2016,9,AW,Aruba,35.44
2016,9,AU,Australia,15978.82
2016,9,AU,Australia,41396.98
2016,9,AT,Austria,3234.0
2016,9,AT,Austria,686.28
2016,9,BG,Bulgaria,5985.0
2016,9,BE,Bélgica,2872.8
2016,9,BE,Bélgica,1005.48
2016,9,CA,Canadá,41185.2
2016,9,CA,Canadá,79216.74
2016,9,CZ,Chequia,2793.0
2016,9,CZ,Chequia,5203.8
2016,9,CL,Chile,93421.2
2016,9,CN,China,44180.31
2016,9,CN,China,4633.01
2016,9,CY,Chipre,957.6
2016,9,CO,Colombia,41345.55
2016,9,CO,Colombia,41412.9
2016,9,KR,Corea del Sur,13164.72
2016,9,KR,Corea del Sur,6372.0
2016,9,CR,Costa Rica,1646.35
2016,9,CR,Costa Rica,7465.5
2016,9,HR,Croacia,10725.12
2016,9,CU,Cuba,8279.25
2016,9,EC,Ecuador,57032.35
2016,9,SV,El Salvador,14853.6
2016,9,SV,El Salvador,8030.25
2016,9,AE,Emiratos Árabes Unidos,24804.15
2016,9,AE,Emiratos Árabes Unidos,16059.78
2016,9,ES,España,423794.56
2016,9,ES,España,14366.59
2016,9,US,Estados Unidos,6450887.31
2016,9,US,Estados Unidos,6744618.61
2016,9,EE,Estonia,4178.1
2016,9,FR,Francia,137177.23
2016,9,FR,Francia,125.85
2016,9,GE,Georgia,4888.8
2016,9,GE,Georgia,2394.0
2016,9,GR,Grecia,7620.9
2016,9,GU,Guam,1692.0
2016,9,GU,Guam,2340.0
2016,9,GT,Guatemala,22479.3
2016,9,GT,Guatemala,4711.79
2016,9,HN,Honduras,9396.0
2016,9,HN,Honduras,5781.13
2016,9,HK,Hong Kong,897.75
2016,9,HU,Hungría,957.6
2016,9,ID,Indonesia,10206.0
2016,9,KY,Islas Caimán,441.6
2016,9,VI,Islas Vírgenes,504.0
2016,9,VI,Islas Vírgenes,405.0
2016,9,IT,Italia,39775.37
2016,9,IT,Italia,42870.6
2016,9,JP,Japón,77289.7
2016,9,JP,Japón,12290.18
2016,9,LV,Letonia,52831.02
2016,9,LV,Letonia,3095.57
2016,9,LB,Líbano,1149.12
2016,9,LB,Líbano,16.57
2016,9,MY,Malasia,2667.6
2016,9,MA,Marruecos,1149.12
2016,9,NI,Nicaragua,9410.4
2016,9,NI,Nicaragua,2136.0
2016,9,NO,Noruega,1436.4
2016,9,NZ,Nueva Zelandia,3510.0
2016,9,PA,Panamá,31968.0
2016,9,PA,Panamá,2412.0
2016,9,PY,Paraguay,49248.0
2016,9,NL,Países Bajos,23772.87
2016,9,NL,Países Bajos,10117.27
2016,9,PE,Perú,6566.4
2016,9,PE,Perú,810.0
2016,9,PL,Polonia,4788.0
2016,9,PR,Puerto Rico,18864.0
2016,9,PR,Puerto Rico,16443.0
2016,9,GB,Reino Unido,170692.2
2016,9,GB,Reino Unido,90540.24
2016,9,DO,República Dominicana,24.75
2016,9,RU,Rusia,427.5
2016,9,RU,Rusia,13599.36
2016,9,SC,Seychelles,58.5
2016,9,SG,Singapur,64504.5
2016,9,SG,Singapur,31154.1
2016,9,LK,Sri Lanka,3600.0
2016,9,ZA,Sudáfrica,142566.65
2016,9,ZA,Sudáfrica,19552.5
2016,9,SE,Suecia,3514.28
2016,9,CH,Suiza,10413.9
2016,9,CH,Suiza,208.95
2016,9,TH,Tailandia,26376.75
2016,9,TW,Taiwán (Región),9936.0
2016,9,TW,Taiwán (Región),90.0
2016,9,TR,Turquía,63486.6
2016,9,TR,Turquía,717.0
2016,9,UY,Uruguay,18878.4
2016,9,UY,Uruguay,1500.0
2016,10,DE,Alemania,290028.64
2016,10,DE,Alemania,64872.88
2016,10,AR,Argentina,4977.0
2016,10,AR,Argentina,383.04
2016,10,AU,Australia,39650.1
2016,10,AU,Australia,47225.95
2016,10,AT,Austria,5027.4
2016,10,AT,Austria,5589.99
2016,10,BY,Bielorrusia,15083.58
2016,10,BY,Bielorrusia,3461.7
2016,10,BO,Bolivia,28283.4
2016,10,BR,Brasil,76934.7
2016,10,BR,Brasil,2761.2
2016,10,BG,Bulgaria,68675.25
2016,10,BE,Bélgica,3830.4
2016,10,BE,Bélgica,3016.44
2016,10,CA,Canadá,47587.18
2016,10,CA,Canadá,56549.25
2016,10,CZ,Chequia,8755.2
2016,10,CZ,Chequia,5051.76
2016,10,CL,Chile,46431.0
2016,10,CL,Chile,8730.0
2016,10,CN,China,71581.8
2016,10,CN,China,6141.4
2016,10,CY,Chipre,6128.64
2016,10,CO,Colombia,84132.82
2016,10,CO,Colombia,66267.62
2016,10,KR,Corea del Sur,35662.2
2016,10,KR,Corea del Sur,1974.0
2016,10,CR,Costa Rica,3234.75
2016,10,CR,Costa Rica,7663.65
2016,10,CU,Cuba,11072.25
2016,10,DK,Dinamarca,2872.8
2016,10,DK,Dinamarca,1005.48
2016,10,EC,Ecuador,17041.38
2016,10,SV,El Salvador,7671.6
2016,10,SV,El Salvador,8310.75
2016,10,AE,Emiratos Árabes Unidos,31599.6
2016,10,AE,Emiratos Árabes Unidos,14481.09
2016,10,ES,España,436893.23
2016,10,ES,España,11842.84
2016,10,US,Estados Unidos,6481588.35
2016,10,US,Estados Unidos,5795559.15
2016,10,EE,Estonia,11974.56
2016,10,EE,Estonia,718.2
2016,10,PH,Filipinas,28919.52
2016,10,PH,Filipinas,27.0
2016,10,FR,Francia,332779.96
2016,10,FR,Francia,5871.37
2016,10,GE,Georgia,5468.4
2016,10,GR,Grecia,14804.76
2016,10,GT,Guatemala,17484.23
2016,10,GT,Guatemala,561.38
2016,10,HN,Honduras,13539.0
2016,10,HN,Honduras,15092.31
2016,10,HK,Hong Kong,2357.7
2016,10,HK,Hong Kong,812.25
2016,10,HU,Hungría,4309.2
2016,10,IN,India,9000.0
2016,10,IE,Irlanda,10533.6
2016,10,IL,Israel,9120.0
2016,10,IL,Israel,1.96
2016,10,IT,Italia,5482.2
2016,10,IT,Italia,72109.24
2016,10,JM,Jamaica,4104.0
2016,10,JP,Japón,52659.0
2016,10,JP,Japón,2934.0
2016,10,QA,Katar,2989.92
2016,10,QA,Katar,882.0
2016,10,KE,Kenia,1.75
2016,10,KE,Kenia,2.14
2016,10,LV,Letonia,69398.64
2016,10,LV,Letonia,26813.55
2016,10,LB,Líbano,5362.56
2016,10,NI,Nicaragua,10777.5
2016,10,NI,Nicaragua,2988.0
2016,10,NG,Nigeria,8892.0
2016,10,NZ,Nueva Zelandia,14810.88
2016,10,NZ,Nueva Zelandia,8534.94
2016,10,PA,Panamá,78936.3
2016,10,PA,Panamá,14521.73
2016,10,PY,Paraguay,55814.4
2016,10,PY,Paraguay,405.0
2016,10,NL,Países Bajos,34749.91
2016,10,NL,Países Bajos,8087.1
2016,10,PE,Perú,9439.2
2016,10,PT,Portugal,9695.7
2016,10,PT,Portugal,670.32
2016,10,PR,Puerto Rico,12528.0
2016,10,PR,Puerto Rico,11664.0
2016,10,GB,Reino Unido,53865.0
2016,10,GB,Reino Unido,86030.59
2016,10,DO,República Dominicana,9439.2
2016,10,DO,República Dominicana,9000.0
2016,10,RU,Rusia,41434.44
2016,10,RU,Rusia,34077.6
2016,10,RS,Serbia,21450.24
2016,10,SG,Singapur,627.0
2016,10,SG,Singapur,25728.89
2016,10,ZA,Sudáfrica,47683.35
2016,10,ZA,Sudáfrica,11579.85
2016,10,CH,Suiza,1920.9
2016,10,CH,Suiza,580.5
2016,10,TW,Taiwán (Región),3112.25
2016,10,TR,Turquía,70383.6
2016,10,UY,Uruguay,48020.29
2016,10,UY,Uruguay,810.0
2016,11,DE,Alemania,252924.72
2016,11,DE,Alemania,55530.69
2016,11,AN,Antillas Holandesas,8413.2
2016,11,AN,Antillas Holandesas,405.0
2016,11,AR,Argentina,18878.4
2016,11,AU,Australia,34586.09
2016,11,AU,Australia,37543.08
2016,11,AT,Austria,3447.36
2016,11,BR,Brasil,66082.95
2016,11,BR,Brasil,10260.0
2016,11,BE,Bélgica,71128.91
2016,11,CA,Canadá,15323.4
2016,11,CA,Canadá,50938.8
2016,11,CL,Chile,52710.0
2016,11,CN,China,45657.0
2016,11,CN,China,6872.06
2016,11,CO,Colombia,87287.81
2016,11,CO,Colombia,41102.03
2016,11,KR,Corea del Sur,19721.88
2016,11,KR,Corea del Sur,6403.32
2016,11,CR,Costa Rica,6381.6
2016,11,CR,Costa Rica,12361.12
2016,11,CU,Cuba,14592.0
2016,11,DK,Dinamarca,1795.5
2016,11,EC,Ecuador,33029.49
2016,11,SV,El Salvador,2988.0
2016,11,SV,El Salvador,7775.25
2016,11,AE,Emiratos Árabes Unidos,22220.76
2016,11,AE,Emiratos Árabes Unidos,7380.0
2016,11,SI,Eslovenia,7820.4
2016,11,ES,España,229343.71
2016,11,ES,España,6002.1
2016,11,US,Estados Unidos,6952396.96
2016,11,US,Estados Unidos,7760506.78
2016,11,EE,Estonia,4500.72
2016,11,PH,Filipinas,6925.5
2016,11,FR,Francia,173704.39
2016,11,FR,Francia,18437.49
2016,11,GE,Georgia,5250.75
2016,11,GH,Ghana,10716.0
2016,11,GT,Guatemala,10342.5
2016,11,GT,Guatemala,18529.57
2016,11,HN,Honduras,7695.0
2016,11,HK,Hong Kong,12800.25
2016,11,HK,Hong Kong,2063.25
2016,11,IE,Irlanda,5985.0
2016,11,KY,Islas Caimán,360.0
2016,11,VI,Islas Vírgenes,4536.0
2016,11,VI,Islas Vírgenes,810.0
2016,11,VG,Islas Vírgenes Británicas,3488.4
2016,11,IL,Israel,2565.0
2016,11,IL,Israel,450.0
2016,11,IT,Italia,15201.9
2016,11,IT,Italia,8777.82
2016,11,JM,Jamaica,1231.2
2016,11,JP,Japón,134545.5
2016,11,JP,Japón,14857.2
2016,11,QA,Katar,3456.0
2016,11,BS,Las Bahamas,8139.6
2016,11,BS,Las Bahamas,472.5
2016,11,LV,Letonia,103370.07
2016,11,LV,Letonia,19182.96
2016,11,MY,Malasia,7776.0
2016,11,MY,Malasia,335.16
2016,11,NO,Noruega,1436.4
2016,11,NO,Noruega,837.9
2016,11,NZ,Nueva Zelandia,9959.04
2016,11,NZ,Nueva Zelandia,3216.36
2016,11,PA,Panamá,10656.0
2016,11,PA,Panamá,16065.3
2016,11,PY,Paraguay,36115.2
2016,11,PY,Paraguay,405.0
2016,11,NL,Países Bajos,8413.2
2016,11,PE,Perú,20605.8
2016,11,PE,Perú,247.5
2016,11,PR,Puerto Rico,15552.0
2016,11,GB,Reino Unido,90515.38
2016,11,GB,Reino Unido,24528.18
2016,11,DO,República Dominicana,6536.25
2016,11,RO,Rumania,5841.36
2016,11,RU,Rusia,8466.78
2016,11,RU,Rusia,1710.0
2016,11,SG,Singapur,58930.2
2016,11,SG,Singapur,3657.9
2016,11,ZA,Sudáfrica,61527.6
2016,11,ZA,Sudáfrica,7560.0
2016,11,SE,Suecia,19.95
2016,11,SE,Suecia,2865.03
2016,11,CH,Suiza,249.3
2016,11,TH,Tailandia,6894.72
2016,11,TW,Taiwán (Región),11692.8
2016,11,TW,Taiwán (Región),6579.3
2016,11,TR,Turquía,17077.2
2016,11,UA,Ucrania,273.6
2016,11,UA,Ucrania,205.2
2016,12,DE,Alemania,699757.82
2016,12,DE,Alemania,34738.59
2016,12,AU,Australia,36145.41
2016,12,AU,Australia,48231.72
2016,12,BB,Barbados,2736.0
2016,12,BO,Bolivia,6768.0
2016,12,BO,Bolivia,8136.28
2016,12,BR,Brasil,112064.04
2016,12,BR,Brasil,5881.5
2016,12,BE,Bélgica,63070.85
2016,12,CA,Canadá,8623.8
2016,12,CA,Canadá,27729.75
2016,12,CZ,Chequia,4194.0
2016,12,CL,Chile,45397.8
2016,12,CL,Chile,10001.25
2016,12,CN,China,30763.2
2016,12,CN,China,171.0
2016,12,CY,Chipre,1272.0
2016,12,CO,Colombia,6097.2
2016,12,CO,Colombia,37844.85
2016,12,KR,Corea del Sur,26330.4
2016,12,KR,Corea del Sur,1620.0
2016,12,CR,Costa Rica,13609.5
2016,12,CR,Costa Rica,13746.37
2016,12,DK,Dinamarca,1547.25
2016,12,EC,Ecuador,33077.94
2016,12,SV,El Salvador,13379.32
2016,12,SV,El Salvador,4630.5
2016,12,AE,Emiratos Árabes Unidos,30156.0
2016,12,AE,Emiratos Árabes Unidos,416.25
2016,12,ES,España,145480.61
2016,12,ES,España,7190.19
2016,12,US,Estados Unidos,5988618.2
2016,12,US,Estados Unidos,5996917.27
2016,12,FR,Francia,298266.61
2016,12,GE,Georgia,5040.0
2016,12,GR,Grecia,4979.52
2016,12,GR,Grecia,2729.16
2016,12,GT,Guatemala,17106.81
2016,12,GT,Guatemala,2747.06
2016,12,HN,Honduras,4300.65
2016,12,HK,Hong Kong,3899.25
2016,12,HK,Hong Kong,2018.16
2016,12,IN,India,2880.0
2016,12,IE,Irlanda,9849.6
2016,12,IE,Irlanda,42.0
2016,12,KY,Islas Caimán,7045.2
2016,12,IL,Israel,6013.5
2016,12,IT,Italia,19152.0
2016,12,IT,Italia,1826.55
2016,12,JP,Japón,222297.7
2016,12,JP,Japón,13071.3
2016,12,LV,Letonia,66653.52
2016,12,LV,Letonia,877.8
2016,12,LT,Lituania,5027.4
2016,12,LT,Lituania,2010.96
2016,12,LB,Líbano,2051.7
2016,12,LB,Líbano,4572.0
2016,12,MY,Malasia,10368.0
2016,12,NG,Nigeria,4617.0
2016,12,NO,Noruega,1795.5
2016,12,NZ,Nueva Zelandia,23319.63
2016,12,NZ,Nueva Zelandia,10528.77
2016,12,PA,Panamá,111324.75
2016,12,PA,Panamá,24910.2
2016,12,PY,Paraguay,21995.1
2016,12,PY,Paraguay,405.0
2016,12,NL,Países Bajos,66363.14
2016,12,NL,Países Bajos,4496.1
2016,12,PE,Perú,19288.8
2016,12,PE,Perú,1791.0
2016,12,PT,Portugal,9695.7
2016,12,PT,Portugal,670.32
2016,12,PR,Puerto Rico,19728.0
2016,12,PR,Puerto Rico,3051.0
2016,12,GB,Reino Unido,85329.0
2016,12,GB,Reino Unido,49661.51
2016,12,DO,República Dominicana,8618.4
2016,12,DO,República Dominicana,9623.25
2016,12,RO,Rumania,5362.56
2016,12,RU,Rusia,1128.22
2016,12,RU,Rusia,28943.4
2016,12,SG,Singapur,91959.24
2016,12,SG,Singapur,23590.5
2016,12,ZA,Sudáfrica,68482.8
2016,12,ZA,Sudáfrica,33642.9
2016,12,SE,Suecia,4668.3
2016,12,SE,Suecia,608.47
2016,12,CH,Suiza,504.0
2016,12,SR,Suriname,5335.2
2016,12,TH,Tailandia,6128.64
2016,12,TH,Tailandia,670.32
2016,12,TW,Taiwán (Región),1728.0
2016,12,TW,Taiwán (Región),2160.0
2016,12,TT,Trinidad y Tobago,4924.8
2016,12,TT,Trinidad y Tobago,337.5
2016,12,TR,Turquía,17077.2
2016,12,UY,Uruguay,11232.0
2017,1,DE,Alemania,153332.83
2017,1,DE,Alemania,46395.25
2017,1,AR,Argentina,1496.25
2017,1,AU,Australia,6084.12
2017,1,AU,Australia,61203.76
2017,1,AT,Austria,5027.4
2017,1,AT,Austria,1404.48
2017,1,BM,Bermuda,4309.2
2017,1,BM,Bermuda,405.0
2017,1,BR,Brasil,46049.4
2017,1,BR,Brasil,10021.5
2017,1,BE,Bélgica,1728.0
2017,1,CA,Canadá,19513.8
2017,1,CA,Canadá,68630.86
2017,1,CZ,Chequia,9484.8
2017,1,CZ,Chequia,1021.44
2017,1,CL,Chile,4680.0
2017,1,CL,Chile,2505.38
2017,1,CN,China,40716.24
2017,1,CN,China,2816.55
2017,1,CY,Chipre,2984.52
2017,1,CY,Chipre,26250.0
2017,1,CO,Colombia,29627.59
2017,1,CO,Colombia,18264.9
2017,1,KR,Corea del Sur,26613.12
2017,1,KR,Corea del Sur,7594.5
2017,1,CR,Costa Rica,11676.0
2017,1,CR,Costa Rica,9163.12
2017,1,CU,Cuba,24153.75
2017,1,EC,Ecuador,28876.66
2017,1,SV,El Salvador,8643.6
2017,1,SV,El Salvador,1188.0
2017,1,AE,Emiratos Árabes Unidos,28735.92
2017,1,AE,Emiratos Árabes Unidos,10237.5
2017,1,ES,España,213129.92
2017,1,ES,España,13914.39
2017,1,US,Estados Unidos,5818652.91
2017,1,US,Estados Unidos,6292994.11
2017,1,EE,Estonia,284.52
2017,1,FR,Francia,259393.19
2017,1,FR,Francia,10530.0
2017,1,GE,Georgia,10584.0
2017,1,GR,Grecia,14678.76
2017,1,GT,Guatemala,2653.2
2017,1,GT,Guatemala,15375.92
2017,1,HN,Honduras,11434.05
2017,1,HN,Honduras,1292.38
2017,1,HK,Hong Kong,470.25
2017,1,HK,Hong Kong,1886.4
2017,1,HU,Hungría,5928.0
2017,1,IN,India,7800.0
2017,1,ID,Indonesia,10512.0
2017,1,IE,Irlanda,5985.0
2017,1,IE,Irlanda,686.7
2017,1,IT,Italia,32861.66
2017,1,JP,Japón,106380.75
2017,1,JP,Japón,8464.5
2017,1,QA,Katar,12044.88
2017,1,QA,Katar,378.0
2017,1,BS,Las Bahamas,10080.0
2017,1,LV,Letonia,174748.32
2017,1,LV,Letonia,10964.1
2017,1,LT,Lituania,4491.6
2017,1,LT,Lituania,335.16
2017,1,MU,Mauricio,11456.22
2017,1,NI,Nicaragua,6021.0
2017,1,NZ,Nueva Zelandia,15417.36
2017,1,NZ,Nueva Zelandia,1048.32
2017,1,PA,Panamá,21490.42
2017,1,PA,Panamá,24423.38
2017,1,PY,Paraguay,26676.0
2017,1,PY,Paraguay,7749.0
2017,1,NL,Países Bajos,31349.12
2017,1,NL,Países Bajos,14723.1
2017,1,PL,Polonia,131.25
2017,1,PR,Puerto Rico,20880.0
2017,1,PR,Puerto Rico,3892.5
2017,1,GB,Reino Unido,44888.4
2017,1,GB,Reino Unido,84257.4
2017,1,DO,República Dominicana,1096.89
2017,1,RU,Rusia,18053.4
2017,1,RS,Serbia,10725.12
2017,1,SG,Singapur,14175.9
2017,1,SG,Singapur,37037.25
2017,1,ZA,Sudáfrica,118495.8
2017,1,ZA,Sudáfrica,8642.31
2017,1,SE,Suecia,2733.15
2017,1,CH,Suiza,216.0
2017,1,SR,Suriname,22982.4
2017,1,TH,Tailandia,405.0
2017,1,TW,Taiwán (Región),21427.2
2017,1,TW,Taiwán (Región),2700.0
2017,1,TR,Turquía,57371.55
2017,1,TR,Turquía,10310.16
2017,1,UA,Ucrania,6861.0
2017,1,VE,Venezuela,3888.0
2017,2,DE,Alemania,239594.22
2017,2,DE,Alemania,36093.2
2017,2,AN,Antillas Holandesas,6498.0
2017,2,AW,Aruba,11970.0
2017,2,AU,Australia,36556.35
2017,2,AT,Austria,3625.2
2017,2,AT,Austria,7014.0
2017,2,BO,Bolivia,11460.0
2017,2,BR,Brasil,28260.0
2017,2,BG,Bulgaria,8139.6
2017,2,BG,Bulgaria,335.16
2017,2,BE,Bélgica,22982.4
2017,2,BE,Bélgica,3638.88
2017,2,CA,Canadá,62818.4
2017,2,CA,Canadá,76028.72
2017,2,CZ,Chequia,9849.6
2017,2,CZ,Chequia,9099.36
2017,2,CL,Chile,7387.2
2017,2,CL,Chile,1865.25
2017,2,CN,China,68185.2
2017,2,CN,China,3460.92
2017,2,CY,Chipre,13167.0
2017,2,CY,Chipre,16237.5
2017,2,CO,Colombia,5486.77
2017,2,CO,Colombia,1572.3
2017,2,KR,Corea del Sur,26740.8
2017,2,KR,Corea del Sur,2265.54
2017,2,CR,Costa Rica,30321.33
2017,2,CR,Costa Rica,8699.68
2017,2,CU,Cuba,10431.0
2017,2,CU,Cuba,438.9
2017,2,DK,Dinamarca,2872.8
2017,2,DK,Dinamarca,1009.47
2017,2,EC,Ecuador,22000.34
2017,2,EC,Ecuador,855.0
2017,2,SV,El Salvador,792.0
2017,2,AE,Emiratos Árabes Unidos,42822.48
2017,2,AE,Emiratos Árabes Unidos,9066.75
2017,2,SI,Eslovenia,6930.0
2017,2,ES,España,424319.64
2017,2,ES,España,18576.52
2017,2,US,Estados Unidos,6716424.98
2017,2,US,Estados Unidos,6865299.99
2017,2,PH,Filipinas,33316.2
2017,2,PH,Filipinas,3982.5
2017,2,FI,Finlandia,2513.7
2017,2,FR,Francia,131350.48
2017,2,FR,Francia,13968.0
2017,2,GE,Georgia,18125.1
2017,2,GR,Grecia,718.2
2017,2,GT,Guatemala,11707.2
2017,2,GT,Guatemala,1929.83
2017,2,HN,Honduras,5754.0
2017,2,HK,Hong Kong,1410.75
2017,2,IN,India,11160.0
2017,2,IE,Irlanda,21956.4
2017,2,VI,Islas Vírgenes,4536.0
2017,2,VI,Islas Vírgenes,378.0
2017,2,IL,Israel,13680.0
2017,2,IT,Italia,9432.36
2017,2,IT,Italia,25356.0
2017,2,JP,Japón,129002.39
2017,2,JP,Japón,6381.61
2017,2,QA,Katar,829.92
2017,2,QA,Katar,504.0
2017,2,BS,Las Bahamas,7660.8
2017,2,BS,Las Bahamas,606.38
2017,2,LV,Letonia,130064.31
2017,2,LV,Letonia,14564.55
2017,2,LT,Lituania,14364.0
2017,2,LT,Lituania,335.16
2017,2,MA,Marruecos,1149.12
2017,2,NI,Nicaragua,792.0
2017,2,NI,Nicaragua,504.0
2017,2,NO,Noruega,1077.3
2017,2,NO,Noruega,223.44
2017,2,NZ,Nueva Zelandia,6990.98
2017,2,NZ,Nueva Zelandia,2222.82
2017,2,PA,Panamá,54993.4
2017,2,PA,Panamá,12579.47
2017,2,PY,Paraguay,18468.0
2017,2,NL,Países Bajos,5805.45
2017,2,PE,Perú,25034.4
2017,2,PE,Perú,3278.69
2017,2,PR,Puerto Rico,3024.0
2017,2,GB,Reino Unido,34366.85
2017,2,GB,Reino Unido,82472.35
2017,2,DO,República Dominicana,405.0
2017,2,RU,Rusia,22100.55
2017,2,RU,Rusia,23016.0
2017,2,RS,Serbia,446.88
2017,2,SG,Singapur,42175.8
2017,2,SG,Singapur,15891.0
2017,2,LK,Sri Lanka,1800.0
2017,2,ZA,Sudáfrica,57753.0
2017,2,ZA,Sudáfrica,8456.4
2017,2,SE,Suecia,8139.6
2017,2,SE,Suecia,5867.7
2017,2,CH,Suiza,7581.0
2017,2,CH,Suiza,576.66
2017,2,TH,Tailandia,6894.72
2017,2,TW,Taiwán (Región),14301.0
2017,2,TR,Turquía,34775.7
2017,2,UA,Ucrania,2400.0
2017,2,UA,Ucrania,4800.0
2017,2,UY,Uruguay,6768.56
2017,2,VN,Vietnam,7128.0
2017,2,VN,Vietnam,1215.0
2017,3,DE,Alemania,594554.17
2017,3,DE,Alemania,55729.29
2017,3,AN,Antillas Holandesas,1915.2
2017,3,AR,Argentina,15897.6
2017,3,AR,Argentina,1426.14
2017,3,AU,Australia,17104.69
2017,3,AU,Australia,63420.72
2017,3,AT,Austria,849.87
2017,3,BH,Bahrein,148.5
2017,3,BO,Bolivia,81652.5
2017,3,BR,Brasil,36208.8
2017,3,BR,Brasil,10260.0
2017,3,BE,Bélgica,44810.9
2017,3,BE,Bélgica,1340.64
2017,3,CA,Canadá,40111.55
2017,3,CA,Canadá,61713.36
2017,3,CZ,Chequia,7524.0
2017,3,CL,Chile,36490.5
2017,3,CL,Chile,1426.5
2017,3,CN,China,36778.74
2017,3,CN,China,493.65
2017,3,CY,Chipre,8091.72
2017,3,CO,Colombia,147025.65
2017,3,CO,Colombia,20835.56
2017,3,KR,Corea del Sur,35362.8
2017,3,KR,Corea del Sur,3132.0
2017,3,CR,Costa Rica,13890.6
2017,3,CR,Costa Rica,19963.6
2017,3,CU,Cuba,5752.5
2017,3,DK,Dinamarca,2872.8
2017,3,DK,Dinamarca,1299.48
2017,3,EC,Ecuador,13698.15
2017,3,SV,El Salvador,8780.4
2017,3,SV,El Salvador,8480.25
2017,3,AE,Emiratos Árabes Unidos,10020.0
2017,3,AE,Emiratos Árabes Unidos,8010.0
2017,3,ES,España,226332.73
2017,3,ES,España,19862.04
2017,3,US,Estados Unidos,6946306.17
2017,3,US,Estados Unidos,8014333.32
2017,3,EE,Estonia,4206.6
2017,3,EE,Estonia,718.2
2017,3,PH,Filipinas,8464.5
2017,3,PH,Filipinas,307.8
2017,3,FI,Finlandia,1077.3
2017,3,FR,Francia,203028.42
2017,3,FR,Francia,19657.38
2017,3,GR,Grecia,159727.68
2017,3,GR,Grecia,11796.12
2017,3,GT,Guatemala,8552.25
2017,3,GT,Guatemala,2548.69
2017,3,HK,Hong Kong,3494.25
2017,3,HK,Hong Kong,670.32
2017,3,HU,Hungría,10773.0
2017,3,IE,Irlanda,10260.0
2017,3,VI,Islas Vírgenes,405.0
2017,3,VG,Islas Vírgenes Británicas,4309.2
2017,3,VG,Islas Vírgenes Británicas,405.0
2017,3,IL,Israel,8892.0
2017,3,IL,Israel,480.0
2017,3,IT,Italia,100466.96
2017,3,IT,Italia,28498.08
2017,3,JP,Japón,131955.7
2017,3,JP,Japón,27108.84
2017,3,QA,Katar,9020.88
2017,3,QA,Katar,378.0
2017,3,KE,Kenia,6919.8
2017,3,KE,Kenia,180.0
2017,3,BS,Las Bahamas,8139.6
2017,3,BS,Las Bahamas,450.0
2017,3,LV,Letonia,235611.21
2017,3,LV,Letonia,14964.6
2017,3,LT,Lituania,5130.0
2017,3,LU,Luxemburgo,16002.0
2017,3,LB,Líbano,7277.76
2017,3,LB,Líbano,1480.32
2017,3,MY,Malasia,11646.0
2017,3,MA,Marruecos,1149.12
2017,3,NI,Nicaragua,15836.55
2017,3,NI,Nicaragua,1129.2
2017,3,NG,Nigeria,8892.0
2017,3,NO,Noruega,2154.6
2017,3,NO,Noruega,385.03
2017,3,NZ,Nueva Zelandia,11805.84
2017,3,NZ,Nueva Zelandia,5275.2
2017,3,PA,Panamá,11203.2
2017,3,PA,Panamá,3105.0
2017,3,PY,Paraguay,9861.75
2017,3,PY,Paraguay,2497.5
2017,3,NL,Países Bajos,2872.8
2017,3,NL,Países Bajos,16036.3
2017,3,PE,Perú,28026.0
2017,3,PE,Perú,481.5
2017,3,PR,Puerto Rico,18990.0
2017,3,PR,Puerto Rico,756.0
2017,3,GB,Reino Unido,106247.06
2017,3,GB,Reino Unido,123636.88
2017,3,DO,República Dominicana,8208.0
2017,3,DO,República Dominicana,895.5
2017,3,RU,Rusia,6749.57
2017,3,RU,Rusia,45153.0
2017,3,RS,Serbia,10342.08
2017,3,RS,Serbia,223.44
2017,3,SG,Singapur,30164.4
2017,3,SG,Singapur,24304.07
2017,3,ZA,Sudáfrica,122536.12
2017,3,ZA,Sudáfrica,6012.0
2017,3,SE,Suecia,3880.17
2017,3,CH,Suiza,7577.01
2017,3,CH,Suiza,331.17
2017,3,TH,Tailandia,1915.2
2017,3,TH,Tailandia,399.0
2017,3,TW,Taiwán (Región),9936.0
2017,3,TW,Taiwán (Región),1129.61
2017,3,TR,Turquía,22017.3
2017,3,UA,Ucrania,4713.9
2017,3,UA,Ucrania,598.5
2017,3,UY,Uruguay,11232.0
2017,3,VN,Vietnam,15120.0
2017,3,VN,Vietnam,1048.32
2017,4,DE,Alemania,246579.94
2017,4,DE,Alemania,11533.05
2017,4,AW,Aruba,67.12
2017,4,AU,Australia,49957.61
2017,4,AU,Australia,38520.87
2017,4,BH,Bahrein,5647.32
2017,4,BR,Brasil,91618.95
2017,4,BR,Brasil,751.5
2017,4,BE,Bélgica,33678.01
2017,4,BE,Bélgica,1421.16
2017,4,CA,Canadá,78148.46
2017,4,CA,Canadá,85251.72
2017,4,CL,Chile,26807.22
2017,4,CL,Chile,8658.75
2017,4,CN,China,42822.77
2017,4,CN,China,13079.58
2017,4,CY,Chipre,7086.24
2017,4,CO,Colombia,11111.1
2017,4,CO,Colombia,23295.83
2017,4,KR,Corea del Sur,15195.45
2017,4,KR,Corea del Sur,7094.12
2017,4,CR,Costa Rica,918.0
2017,4,CU,Cuba,9405.0
2017,4,SV,El Salvador,9058.88
2017,4,AE,Emiratos Árabes Unidos,43543.29
2017,4,AE,Emiratos Árabes Unidos,11843.85
2017,4,SI,Eslovenia,10804.65
2017,4,ES,España,385455.23
2017,4,ES,España,38440.03
2017,4,US,Estados Unidos,7243335.23
2017,4,US,Estados Unidos,7426585.32
2017,4,FR,Francia,135480.93
2017,4,FR,Francia,10529.88
2017,4,GE,Georgia,9179.85
2017,4,GH,Ghana,16658.25
2017,4,GR,Grecia,17239.5
2017,4,GT,Guatemala,13653.94
2017,4,GT,Guatemala,823.95
2017,4,HN,Honduras,3179.62
2017,4,HK,Hong Kong,9283.5
2017,4,ID,Indonesia,10656.0
2017,4,IL,Israel,2992.5
2017,4,IT,Italia,86363.04
2017,4,JP,Japón,72198.9
2017,4,JP,Japón,7591.78
2017,4,QA,Katar,2989.92
2017,4,BS,Las Bahamas,8618.4
2017,4,BS,Las Bahamas,360.0
2017,4,LV,Letonia,89541.6
2017,4,LU,Luxemburgo,24304.5
2017,4,LB,Líbano,7373.52
2017,4,NI,Nicaragua,21.0
2017,4,NG,Nigeria,8892.0
2017,4,NZ,Nueva Zelandia,606.6
2017,4,NZ,Nueva Zelandia,378.0
2017,4,PA,Panamá,4104.0
2017,4,PA,Panamá,14188.5
2017,4,NL,Países Bajos,18830.46
2017,4,PE,Perú,2520.0
2017,4,PR,Puerto Rico,10800.0
2017,4,PR,Puerto Rico,16110.0
2017,4,GB,Reino Unido,16529.31
2017,4,DO,República Dominicana,9223.5
2017,4,RU,Rusia,14642.54
2017,4,RU,Rusia,52053.9
2017,4,KN,Saint Kitts y Nevis,585.0
2017,4,SG,Singapur,167491.26
2017,4,SG,Singapur,11109.61
2017,4,ZA,Sudáfrica,65916.6
2017,4,ZA,Sudáfrica,9369.15
2017,4,TH,Tailandia,5634.0
2017,4,TW,Taiwán (Región),9234.0
2017,4,TW,Taiwán (Región),3240.0
2017,4,TR,Turquía,41132.34
2017,4,TR,Turquía,360.0
2017,4,UY,Uruguay,3346.88
2017,4,VN,Vietnam,15444.0
2017,4,VN,Vietnam,405.0
2017,5,DE,Alemania,246264.99
2017,5,DE,Alemania,47956.68
2017,5,AR,Argentina,35607.6
2017,5,AR,Argentina,8777.07
2017,5,AW,Aruba,312.19
2017,5,AU,Australia,26909.06
2017,5,AU,Australia,53333.78
2017,5,BO,Bolivia,11460.0
2017,5,BR,Brasil,78226.65
2017,5,BR,Brasil,3240.0
2017,5,BE,Bélgica,20109.6
2017,5,BE,Bélgica,2868.36
2017,5,CA,Canadá,55124.4
2017,5,CA,Canadá,137118.39
2017,5,CL,Chile,7438.62
2017,5,CL,Chile,812.0
2017,5,CN,China,26082.48
2017,5,CN,China,2116.8
2017,5,CY,Chipre,13406.4
2017,5,CO,Colombia,36222.15
2017,5,CO,Colombia,45072.68
2017,5,KR,Corea del Sur,37583.52
2017,5,KR,Corea del Sur,1219.6
2017,5,CR,Costa Rica,4221.0
2017,5,CR,Costa Rica,13752.0
2017,5,CU,Cuba,17257.5
2017,5,EC,Ecuador,33001.73
2017,5,SV,El Salvador,11765.25
2017,5,AE,Emiratos Árabes Unidos,60254.76
2017,5,AE,Emiratos Árabes Unidos,9247.59
2017,5,SK,Eslovaquia,79.8
2017,5,ES,España,159759.01
2017,5,ES,España,15936.64
2017,5,US,Estados Unidos,6705612.49
2017,5,US,Estados Unidos,8040567.92
2017,5,EE,Estonia,5266.8
2017,5,EE,Estonia,670.32
2017,5,PH,Filipinas,308.81
2017,5,FR,Francia,143713.24
2017,5,FR,Francia,11264.62
2017,5,GE,Georgia,3895.5
2017,5,GR,Grecia,76224.96
2017,5,GR,Grecia,13288.69
2017,5,GT,Guatemala,6195.6
2017,5,GT,Guatemala,7085.02
2017,5,HN,Honduras,23774.4
2017,5,HN,Honduras,405.0
2017,5,HK,Hong Kong,11034.75
2017,5,HU,Hungría,5928.0
2017,5,IN,India,84.0
2017,5,KY,Islas Caimán,6634.8
2017,5,KY,Islas Caimán,1098.0
2017,5,VI,Islas Vírgenes,3024.0
2017,5,VI,Islas Vírgenes,585.0
2017,5,IL,Israel,37677.0
2017,5,IL,Israel,6644.25
2017,5,IT,Italia,42608.53
2017,5,IT,Italia,26275.56
2017,5,JM,Jamaica,6686.1
2017,5,JP,Japón,150175.01
2017,5,JP,Japón,20775.43
2017,5,QA,Katar,5184.0
2017,5,BS,Las Bahamas,5101.2
2017,5,BS,Las Bahamas,112.5
2017,5,LV,Letonia,70680.0
2017,5,LV,Letonia,20026.02
2017,5,LT,Lituania,3231.9
2017,5,LT,Lituania,494.76
2017,5,LB,Líbano,6894.72
2017,5,LB,Líbano,335.16
2017,5,NG,Nigeria,8892.0
2017,5,NZ,Nueva Zelandia,47899.46
2017,5,NZ,Nueva Zelandia,12923.34
2017,5,PA,Panamá,76455.0
2017,5,PA,Panamá,25918.42
2017,5,PY,Paraguay,6976.8
2017,5,PY,Paraguay,405.0
2017,5,NL,Países Bajos,103695.2
2017,5,NL,Países Bajos,160.12
2017,5,PE,Perú,27531.0
2017,5,PE,Perú,5211.12
2017,5,PL,Polonia,8977.5
2017,5,PL,Polonia,4628.4
2017,5,PT,Portugal,8.59
2017,5,PR,Puerto Rico,6912.0
2017,5,PR,Puerto Rico,11232.0
2017,5,GB,Reino Unido,9997.8
2017,5,GB,Reino Unido,93388.28
2017,5,DO,República Dominicana,5660.1
2017,5,DO,República Dominicana,8246.25
2017,5,RU,Rusia,15030.0
2017,5,RS,Serbia,10589.46
2017,5,SG,Singapur,136265.76
2017,5,SG,Singapur,35896.15
2017,5,LK,Sri Lanka,378.0
2017,5,ZA,Sudáfrica,170498.02
2017,5,ZA,Sudáfrica,21933.9
2017,5,SE,Suecia,2829.62
2017,5,CH,Suiza,270.0
2017,5,TH,Tailandia,1915.2
2017,5,TW,Taiwán (Región),11271.0
2017,5,TR,Turquía,3113.88
2017,5,UA,Ucrania,5228.25
2017,5,VN,Vietnam,19922.4
2017,5,VN,Vietnam,999.0
2017,6,DE,Alemania,91532.94
2017,6,DE,Alemania,61647.47
2017,6,AN,Antillas Holandesas,8002.8
2017,6,AN,Antillas Holandesas,405.0
2017,6,AU,Australia,30935.1
2017,6,AU,Australia,61777.27
2017,6,AT,Austria,6566.4
2017,6,AT,Austria,4452.84
2017,6,BY,Bielorrusia,2864.25
2017,6,BO,Bolivia,54871.2
2017,6,BO,Bolivia,2632.5
2017,6,BR,Brasil,111128.25
2017,6,BR,Brasil,1174.5
2017,6,BE,Bélgica,31740.99
2017,6,BE,Bélgica,335.16
2017,6,CA,Canadá,29266.2
2017,6,CA,Canadá,86507.5
2017,6,CZ,Chequia,10696.2
2017,6,CL,Chile,50715.09
2017,6,CL,Chile,11254.75
2017,6,CN,China,31230.0
2017,6,CN,China,5261.4
2017,6,CO,Colombia,78446.1
2017,6,CO,Colombia,36723.71
2017,6,KR,Corea del Sur,46922.4
2017,6,KR,Corea del Sur,4178.25
2017,6,CR,Costa Rica,10148.85
2017,6,CR,Costa Rica,4910.62
2017,6,DK,Dinamarca,34182.9
2017,6,DK,Dinamarca,893.76
2017,6,EC,Ecuador,1761.3
2017,6,SV,El Salvador,13960.8
2017,6,SV,El Salvador,10045.5
2017,6,AE,Emiratos Árabes Unidos,31993.68
2017,6,AE,Emiratos Árabes Unidos,18158.58
2017,6,SK,Eslovaquia,3447.36
2017,6,ES,España,862547.68
2017,6,ES,España,8166.27
2017,6,US,Estados Unidos,6714957.26
2017,6,US,Estados Unidos,8051342.62
2017,6,EE,Estonia,12701.88
2017,6,EE,Estonia,2513.7
2017,6,PH,Filipinas,6831.0
2017,6,FI,Finlandia,7182.0
2017,6,FR,Francia,505277.41
2017,6,FR,Francia,24306.0
2017,6,GE,Georgia,8479.8
2017,6,GR,Grecia,114912.0
2017,6,GR,Grecia,11587.8
2017,6,GU,Guam,9072.0
2017,6,GU,Guam,810.0
2017,6,GT,Guatemala,16089.6
2017,6,GT,Guatemala,2691.04
2017,6,HN,Honduras,13597.2
2017,6,HN,Honduras,10584.44
2017,6,HK,Hong Kong,3024.0
2017,6,HU,Hungría,5266.8
2017,6,IE,Irlanda,7182.0
2017,6,VI,Islas Vírgenes,1008.0
2017,6,IL,Israel,3933.0
2017,6,IL,Israel,5451.6
2017,6,IT,Italia,56457.51
2017,6,IT,Italia,82921.75
2017,6,JM,Jamaica,2616.3
2017,6,JP,Japón,133674.7
2017,6,JP,Japón,17322.56
2017,6,BS,Las Bahamas,2257.2
2017,6,BS,Las Bahamas,24.0
2017,6,LV,Letonia,947.35
2017,6,LV,Letonia,37814.0
2017,6,LT,Lituania,61525.8
2017,6,LB,Líbano,4596.48
2017,6,LB,Líbano,6627.28
2017,6,MY,Malasia,7776.0
2017,6,MY,Malasia,330.75
2017,6,MV,Maldivas,28.5
2017,6,NI,Nicaragua,9156.0
2017,6,NI,Nicaragua,4392.0
2017,6,NO,Noruega,3591.0
2017,6,NO,Noruega,273.31
2017,6,NZ,Nueva Zelandia,17284.68
2017,6,NZ,Nueva Zelandia,2165.52
2017,6,PA,Panamá,21718.8
2017,6,PA,Panamá,16816.5
2017,6,PY,Paraguay,8208.0
2017,6,NL,Países Bajos,3750.0
2017,6,NL,Países Bajos,6809.7
2017,6,PE,Perú,115079.85
2017,6,PE,Perú,1850.62
2017,6,PL,Polonia,11850.3
2017,6,PL,Polonia,4788.0
2017,6,PR,Puerto Rico,24327.0
2017,6,PR,Puerto Rico,18157.5
2017,6,GB,Reino Unido,43096.15
2017,6,GB,Reino Unido,59117.67
2017,6,DO,República Dominicana,3368.7
2017,6,RO,Rumania,16558.5
2017,6,RU,Rusia,9450.6
2017,6,RU,Rusia,47250.0
2017,6,RS,Serbia,10725.12
2017,6,SG,Singapur,128336.28
2017,6,SG,Singapur,36116.25
2017,6,ZA,Sudáfrica,222474.6
2017,6,ZA,Sudáfrica,28181.7
2017,6,SE,Suecia,8054.1
2017,6,SE,Suecia,31.92
2017,6,SR,Suriname,10174.5
2017,6,TW,Taiwán (Región),22257.0
2017,6,TW,Taiwán (Región),378.0
2017,6,TR,Turquía,37440.0
2017,6,UY,Uruguay,7200.0
2017,6,VN,Vietnam,19872.0
2017,7,DE,Alemania,405799.04
2017,7,DE,Alemania,53894.32
2017,7,AR,Argentina,18057.6
2017,7,AR,Argentina,713.07
2017,7,AU,Australia,13285.69
2017,7,AU,Australia,48471.9
2017,7,AT,Austria,5458.32
2017,7,BM,Bermuda,4788.0
2017,7,BR,Brasil,130909.05
2017,7,BR,Brasil,1503.0
2017,7,BG,Bulgaria,8738.1
2017,7,BE,Bélgica,16758.0
2017,7,BE,Bélgica,2425.92
2017,7,CA,Canadá,16054.2
2017,7,CA,Canadá,105497.4
2017,7,CZ,Chequia,4725.0
2017,7,CL,Chile,53107.2
2017,7,CL,Chile,235.12
2017,7,CN,China,91810.2
2017,7,CN,China,4761.0
2017,7,CO,Colombia,183250.91
2017,7,CO,Colombia,22358.25
2017,7,KR,Corea del Sur,430.92
2017,7,CR,Costa Rica,8888.25
2017,7,CR,Costa Rica,11847.38
2017,7,CU,Cuba,5752.5
2017,7,DK,Dinamarca,10054.8
2017,7,DK,Dinamarca,3735.0
2017,7,EC,Ecuador,53469.44
2017,7,SV,El Salvador,4514.4
2017,7,SV,El Salvador,7822.03
2017,7,AE,Emiratos Árabes Unidos,57946.98
2017,7,AE,Emiratos Árabes Unidos,12738.69
2017,7,ES,España,398506.52
2017,7,ES,España,13238.21
2017,7,US,Estados Unidos,6459355.75
2017,7,US,Estados Unidos,7713286.65
2017,7,FR,Francia,504913.1
2017,7,FR,Francia,705.0
2017,7,GE,Georgia,3542.25
2017,7,GE,Georgia,3134.79
2017,7,GR,Grecia,4095.0
2017,7,GT,Guatemala,2667.6
2017,7,GT,Guatemala,6537.94
2017,7,HK,Hong Kong,10962.0
2017,7,HK,Hong Kong,2736.0
2017,7,HU,Hungría,5877.84
2017,7,IN,India,7200.0
2017,7,IE,Irlanda,2462.4
2017,7,VG,Islas Vírgenes Británicas,2325.6
2017,7,IL,Israel,5553.0
2017,7,IT,Italia,33515.89
2017,7,IT,Italia,67980.0
2017,7,JP,Japón,143966.76
2017,7,JP,Japón,2803.8
2017,7,LV,Letonia,188273.28
2017,7,LV,Letonia,14140.56
2017,7,LT,Lituania,18673.2
2017,7,MY,Malasia,432.0
2017,7,NI,Nicaragua,410.4
2017,7,NG,Nigeria,17784.0
2017,7,NO,Noruega,670.32
2017,7,NZ,Nueva Zelandia,4644.36
2017,7,NZ,Nueva Zelandia,6929.16
2017,7,PA,Panamá,58590.0
2017,7,PA,Panamá,594.0
2017,7,PY,Paraguay,405.0
2017,7,NL,Países Bajos,35246.08
2017,7,NL,Países Bajos,5523.0
2017,7,PE,Perú,3283.2
2017,7,PL,Polonia,14212.8
2017,7,PL,Polonia,882.0
2017,7,PT,Portugal,10413.9
2017,7,PR,Puerto Rico,2088.0
2017,7,PR,Puerto Rico,378.0
2017,7,GB,Reino Unido,11913.0
2017,7,GB,Reino Unido,78891.61
2017,7,DO,República Dominicana,4514.4
2017,7,DO,República Dominicana,27111.0
2017,7,RO,Rumania,7277.76
2017,7,RU,Rusia,40860.0
2017,7,SG,Singapur,13012.2
2017,7,SG,Singapur,7400.43
2017,7,ZA,Sudáfrica,105919.2
2017,7,ZA,Sudáfrica,5972.05
2017,7,SE,Suecia,6396.0
2017,7,CH,Suiza,3950.1
2017,7,CH,Suiza,335.16
2017,7,SR,Suriname,17236.8
2017,7,TW,Taiwán (Región),9006.0
2017,7,TT,Trinidad y Tobago,1641.6
2017,7,TR,Turquía,59550.3
2017,7,TR,Turquía,10303.86
2017,7,UA,Ucrania,4959.0
2017,7,UA,Ucrania,998.66
2017,8,DE,Alemania,234938.43
2017,8,DE,Alemania,80163.12
2017,8,AD,Andorra,479.25
2017,8,AD,Andorra,834.0
2017,8,AW,Aruba,11559.6
2017,8,AW,Aruba,56.25
2017,8,AU,Australia,2493.12
2017,8,AU,Australia,31547.98
2017,8,AT,Austria,92.1
2017,8,BM,Bermuda,405.0
2017,8,BR,Brasil,28317.6
2017,8,BE,Bélgica,2633.4
2017,8,CA,Canadá,52405.0
2017,8,CA,Canadá,75265.04
2017,8,CZ,Chequia,8721.0
2017,8,CZ,Chequia,1021.44
2017,8,CL,Chile,79269.75
2017,8,CL,Chile,8820.0
2017,8,CN,China,125800.8
2017,8,CN,China,6607.8
2017,8,CY,Chipre,13789.44
2017,8,CY,Chipre,718.2
2017,8,CO,Colombia,125930.88
2017,8,CO,Colombia,52069.21
2017,8,KR,Corea del Sur,21135.6
2017,8,KR,Corea del Sur,2175.0
2017,8,CR,Costa Rica,8797.95
2017,8,CR,Costa Rica,14783.32
2017,8,CU,Cuba,5752.5
2017,8,DK,Dinamarca,42.0
2017,8,EC,Ecuador,24750.08
2017,8,SV,El Salvador,2023.2
2017,8,SV,El Salvador,8330.91
2017,8,AE,Emiratos Árabes Unidos,58014.9
2017,8,AE,Emiratos Árabes Unidos,6061.5
2017,8,SI,Eslovenia,8048.4
2017,8,ES,España,147326.56
2017,8,ES,España,30924.55
2017,8,US,Estados Unidos,6846497.05
2017,8,US,Estados Unidos,7683120.52
2017,8,EE,Estonia,3926.16
2017,8,EE,Estonia,335.16
2017,8,PH,Filipinas,11240.4
2017,8,FR,Francia,192192.72
2017,8,FR,Francia,16029.3
2017,8,GE,Georgia,7541.1
2017,8,GR,Grecia,17967.99
2017,8,GT,Guatemala,13945.5
2017,8,GT,Guatemala,2502.0
2017,8,HN,Honduras,6433.88
2017,8,HK,Hong Kong,4905.0
2017,8,HU,Hungría,5266.8
2017,8,HU,Hungría,5928.0
2017,8,IN,India,15390.0
2017,8,ID,Indonesia,7065.0
2017,8,KY,Islas Caimán,6976.8
2017,8,KY,Islas Caimán,1224.0
2017,8,VG,Islas Vírgenes Británicas,2872.8
2017,8,VG,Islas Vírgenes Británicas,405.0
2017,8,IL,Israel,17772.6
2017,8,IL,Israel,45.0
2017,8,IT,Italia,46563.3
2017,8,IT,Italia,81816.56
2017,8,JP,Japón,282555.0
2017,8,JP,Japón,35424.18
2017,8,QA,Katar,15898.8
2017,8,QA,Katar,882.0
2017,8,LV,Letonia,131305.2
2017,8,LV,Letonia,10457.22
2017,8,LT,Lituania,57456.0
2017,8,LB,Líbano,3878.28
2017,8,MY,Malasia,2667.6
2017,8,MA,Marruecos,1915.2
2017,8,MA,Marruecos,739.9
2017,8,NI,Nicaragua,6412.8
2017,8,NI,Nicaragua,6291.0
2017,8,NO,Noruega,3231.9
2017,8,NO,Noruega,335.16
2017,8,NZ,Nueva Zelandia,10422.76
2017,8,NZ,Nueva Zelandia,10366.65
2017,8,PA,Panamá,29037.6
2017,8,PA,Panamá,23435.1
2017,8,PY,Paraguay,12312.0
2017,8,PY,Paraguay,761.53
2017,8,NL,Países Bajos,36497.53
2017,8,NL,Países Bajos,17953.14
2017,8,PE,Perú,91094.4
2017,8,PE,Perú,4044.38
2017,8,PL,Polonia,945.0
2017,8,PL,Polonia,5229.0
2017,8,PR,Puerto Rico,16236.0
2017,8,PR,Puerto Rico,21600.0
2017,8,GB,Reino Unido,116053.71
2017,8,GB,Reino Unido,91247.89
2017,8,DO,República Dominicana,4104.0
2017,8,RU,Rusia,15875.82
2017,8,RU,Rusia,41587.2
2017,8,RS,Serbia,8809.92
2017,8,SG,Singapur,91151.22
2017,8,SG,Singapur,25461.6
2017,8,ZA,Sudáfrica,201079.51
2017,8,ZA,Sudáfrica,38946.04
2017,8,SE,Suecia,10136.31
2017,8,SE,Suecia,62.47
2017,8,SR,Suriname,9849.6
2017,8,TH,Tailandia,10773.0
2017,8,TW,Taiwán (Región),1620.0
2017,8,TT,Trinidad y Tobago,4514.4
2017,8,TT,Trinidad y Tobago,540.0
2017,8,TR,Turquía,145008.6
2017,8,UA,Ucrania,4167.0
2017,8,UY,Uruguay,30990.6
2017,8,UY,Uruguay,1188.0
2017,8,VN,Vietnam,29808.0
2017,9,DE,Alemania,415260.27
2017,9,DE,Alemania,53185.37
2017,9,AR,Argentina,2.25
2017,9,AR,Argentina,4.11
2017,9,AW,Aruba,9028.8
2017,9,AU,Australia,83920.91
2017,9,AU,Australia,66399.54
2017,9,AT,Austria,207.19
2017,9,BZ,Belice,391.2
2017,9,BO,Bolivia,36517.05
2017,9,BO,Bolivia,900.0
2017,9,BR,Brasil,28317.6
2017,9,BR,Brasil,414.0
2017,9,BE,Bélgica,59958.71
2017,9,BE,Bélgica,1256.85
2017,9,CA,Canadá,9284.4
2017,9,CA,Canadá,97315.73
2017,9,CL,Chile,47536.2
2017,9,CL,Chile,270.0
2017,9,CN,China,56069.85
2017,9,CN,China,1528.5
2017,9,CO,Colombia,71385.83
2017,9,CO,Colombia,54803.65
2017,9,KR,Corea del Sur,5384.88
2017,9,CR,Costa Rica,4543.5
2017,9,CR,Costa Rica,12048.38
2017,9,CU,Cuba,11827.5
2017,9,CU,Cuba,7508.1
2017,9,DK,Dinamarca,135.0
2017,9,EC,Ecuador,33039.89
2017,9,SV,El Salvador,21678.0
2017,9,SV,El Salvador,13597.13
2017,9,AE,Emiratos Árabes Unidos,39115.68
2017,9,AE,Emiratos Árabes Unidos,8565.75
2017,9,ES,España,456463.28
2017,9,ES,España,29645.56
2017,9,US,Estados Unidos,5957126.71
2017,9,US,Estados Unidos,8633263.55
2017,9,EE,Estonia,8778.0
2017,9,EE,Estonia,2489.76
2017,9,PH,Filipinas,83546.39
2017,9,FR,Francia,134376.8
2017,9,FR,Francia,5102.3
2017,9,GR,Grecia,84268.8
2017,9,GR,Grecia,4941.3
2017,9,GT,Guatemala,15714.83
2017,9,GT,Guatemala,7386.56
2017,9,HN,Honduras,396.0
2017,9,HK,Hong Kong,1296.0
2017,9,HK,Hong Kong,1350.0
2017,9,HU,Hungría,16039.8
2017,9,IN,India,6583.5
2017,9,IN,India,2.14
2017,9,IE,Irlanda,30341.1
2017,9,IL,Israel,11115.0
2017,9,IL,Israel,675.0
2017,9,IT,Italia,33635.7
2017,9,IT,Italia,72511.56
2017,9,JM,Jamaica,6087.6
2017,9,JP,Japón,253054.2
2017,9,JP,Japón,28297.8
2017,9,QA,Katar,2160.0
2017,9,LV,Letonia,77280.6
2017,9,LV,Letonia,13314.76
2017,9,LB,Líbano,19199.88
2017,9,MA,Marruecos,766.08
2017,9,MA,Marruecos,11.2
2017,9,NI,Nicaragua,1293.9
2017,9,NI,Nicaragua,1330.88
2017,9,NG,Nigeria,8892.0
2017,9,NO,Noruega,642.39
2017,9,NZ,Nueva Zelandia,378.0
2017,9,PA,Panamá,7934.4
2017,9,PA,Panamá,12532.5
2017,9,PY,Paraguay,14774.4
2017,9,NL,Países Bajos,30250.73
2017,9,NL,Países Bajos,11090.85
2017,9,PE,Perú,3240.0
2017,9,PL,Polonia,4668.3
2017,9,PT,Portugal,3950.1
2017,9,PR,Puerto Rico,10800.0
2017,9,PR,Puerto Rico,5521.5
2017,9,GB,Reino Unido,134542.8
2017,9,GB,Reino Unido,39457.15
2017,9,DO,República Dominicana,8618.4
2017,9,DO,República Dominicana,11091.75
2017,9,RO,Rumania,7756.56
2017,9,RU,Rusia,38396.4
2017,9,RS,Serbia,1915.2
2017,9,SG,Singapur,28064.76
2017,9,SG,Singapur,25537.05
2017,9,ZA,Sudáfrica,114536.11
2017,9,ZA,Sudáfrica,13156.35
2017,9,SE,Suecia,6104.7
2017,9,CH,Suiza,11400.0
2017,9,CH,Suiza,6684.82
2017,9,TH,Tailandia,4531.5
2017,9,TH,Tailandia,399.0
2017,9,TW,Taiwán (Región),4080.13
2017,9,TW,Taiwán (Región),9337.4
2017,9,TT,Trinidad y Tobago,6156.0
2017,9,TR,Turquía,69745.2
2017,9,TR,Turquía,1438.2
2017,9,VN,Vietnam,9504.0
2017,10,DE,Alemania,522601.48
2017,10,DE,Alemania,44222.46
2017,10,AD,Andorra,238.8
2017,10,AR,Argentina,2.25
2017,10,AR,Argentina,8064.0
2017,10,AW,Aruba,3351.6
2017,10,AU,Australia,70982.1
2017,10,AU,Australia,94425.81
2017,10,AT,Austria,700.34
2017,10,BB,Barbados,1778.4
2017,10,BY,Bielorrusia,17027.04
2017,10,BY,Bielorrusia,1341.21
2017,10,BO,Bolivia,8466.0
2017,10,BR,Brasil,63710.1
2017,10,BR,Brasil,12353.4
2017,10,BE,Bélgica,164026.49
2017,10,BE,Bélgica,1005.48
2017,10,CA,Canadá,44328.6
2017,10,CA,Canadá,124557.66
2017,10,CZ,Chequia,3591.0
2017,10,CZ,Chequia,11050.17
2017,10,CL,Chile,43956.0
2017,10,CL,Chile,1110.38
2017,10,CN,China,14108.64
2017,10,CN,China,6076.8
2017,10,CY,Chipre,8640.0
2017,10,CO,Colombia,42897.96
2017,10,CO,Colombia,24835.86
2017,10,KR,Corea del Sur,57370.5
2017,10,CR,Costa Rica,9198.3
2017,10,CR,Costa Rica,11312.78
2017,10,HR,Croacia,9192.96
2017,10,CU,Cuba,5752.5
2017,10,DK,Dinamarca,547.2
2017,10,EC,Ecuador,33075.75
2017,10,EC,Ecuador,1980.0
2017,10,SV,El Salvador,5775.0
2017,10,SV,El Salvador,9697.5
2017,10,AE,Emiratos Árabes Unidos,83438.64
2017,10,AE,Emiratos Árabes Unidos,19218.33
2017,10,ES,España,555950.82
2017,10,ES,España,20413.26
2017,10,US,Estados Unidos,7019385.9
2017,10,US,Estados Unidos,9049196.46
2017,10,EE,Estonia,8139.6
2017,10,PH,Filipinas,102933.48
2017,10,PH,Filipinas,210.0
2017,10,FI,Finlandia,718.2
2017,10,FR,Francia,182866.28
2017,10,FR,Francia,8114.4
2017,10,GE,Georgia,9557.1
2017,10,GR,Grecia,12257.28
2017,10,GR,Grecia,7590.0
2017,10,GT,Guatemala,5403.01
2017,10,GT,Guatemala,8400.73
2017,10,HN,Honduras,23176.69
2017,10,HN,Honduras,2989.75
2017,10,HK,Hong Kong,1410.75
2017,10,HK,Hong Kong,299.06
2017,10,IE,Irlanda,1077.3
2017,10,IL,Israel,45.0
2017,10,IT,Italia,49406.43
2017,10,IT,Italia,69279.0
2017,10,JP,Japón,87504.7
2017,10,JP,Japón,17779.77
2017,10,QA,Katar,3836.88
2017,10,BS,Las Bahamas,3980.4
2017,10,LV,Letonia,192222.12
2017,10,LV,Letonia,73693.63
2017,10,LT,Lituania,12847.8
2017,10,LB,Líbano,7660.8
2017,10,LB,Líbano,5544.0
2017,10,NI,Nicaragua,7358.4
2017,10,NI,Nicaragua,2178.0
2017,10,NO,Noruega,2872.8
2017,10,NO,Noruega,418.95
2017,10,NZ,Nueva Zelandia,14850.0
2017,10,NZ,Nueva Zelandia,5968.38
2017,10,PA,Panamá,16455.6
2017,10,PA,Panamá,23268.3
2017,10,PY,Paraguay,17328.38
2017,10,NL,Países Bajos,21905.1
2017,10,NL,Países Bajos,3877.65
2017,10,PE,Perú,5568.75
2017,10,PE,Perú,159.6
2017,10,PL,Polonia,7182.0
2017,10,PL,Polonia,9576.0
2017,10,PT,Portugal,6463.8
2017,10,PR,Puerto Rico,6691.5
2017,10,GB,Reino Unido,86184.0
2017,10,GB,Reino Unido,79140.84
2017,10,DO,República Dominicana,810.0
2017,10,RU,Rusia,17447.76
2017,10,RU,Rusia,25524.6
2017,10,RS,Serbia,10725.12
2017,10,SG,Singapur,22959.6
2017,10,SG,Singapur,51258.45
2017,10,ZA,Sudáfrica,85450.5
2017,10,ZA,Sudáfrica,40301.32
2017,10,CH,Suiza,62699.63
2017,10,TW,Taiwán (Región),8640.0
2017,10,TW,Taiwán (Región),2160.0
2017,10,TT,Trinidad y Tobago,7387.2
2017,10,TR,Turquía,110779.5
2017,10,TR,Turquía,5533.14
2017,10,UA,Ucrania,4799.4
2017,10,UA,Ucrania,540.36
2017,10,UY,Uruguay,14578.88
2017,10,UY,Uruguay,39.38
2017,10,VE,Venezuela,1326.78
2017,10,VN,Vietnam,19872.0
2017,10,VN,Vietnam,56.25
2017,11,DE,Alemania,473273.64
2017,11,DE,Alemania,46572.83
2017,11,AR,Argentina,4319.72
2017,11,AW,Aruba,8618.4
2017,11,AW,Aruba,228.38
2017,11,AU,Australia,35030.44
2017,11,AU,Australia,57411.9
2017,11,AT,Austria,1077.3
2017,11,AT,Austria,2681.28
2017,11,BO,Bolivia,42544.2
2017,11,BR,Brasil,114631.2
2017,11,BR,Brasil,20520.0
2017,11,BG,Bulgaria,66493.81
2017,11,BE,Bélgica,64787.8
2017,11,CA,Canadá,39351.0
2017,11,CA,Canadá,66539.47
2017,11,CL,Chile,79334.1
2017,11,CL,Chile,18813.68
2017,11,CN,China,24283.2
2017,11,CN,China,1748.62
2017,11,CY,Chipre,1915.2
2017,11,CY,Chipre,9000.0
2017,11,CO,Colombia,30318.75
2017,11,CO,Colombia,30565.93
2017,11,KR,Corea del Sur,85625.52
2017,11,KR,Corea del Sur,12564.69
2017,11,CR,Costa Rica,6045.0
2017,11,CR,Costa Rica,9087.6
2017,11,CU,Cuba,11505.0
2017,11,DK,Dinamarca,4309.2
2017,11,SV,El Salvador,15669.0
2017,11,SV,El Salvador,11521.5
2017,11,AE,Emiratos Árabes Unidos,22203.54
2017,11,AE,Emiratos Árabes Unidos,21735.48
2017,11,SI,Eslovenia,7934.4
2017,11,ES,España,523112.47
2017,11,ES,España,13284.03
2017,11,US,Estados Unidos,8382279.79
2017,11,US,Estados Unidos,8108821.39
2017,11,EE,Estonia,4788.0
2017,11,PH,Filipinas,1539.0
2017,11,FI,Finlandia,3231.9
2017,11,FR,Francia,318621.57
2017,11,FR,Francia,11264.91
2017,11,GE,Georgia,6463.8
2017,11,GR,Grecia,76608.0
2017,11,GR,Grecia,6072.46
2017,11,GT,Guatemala,25534.93
2017,11,GT,Guatemala,6301.26
2017,11,HN,Honduras,19054.8
2017,11,HN,Honduras,1226.69
2017,11,HK,Hong Kong,5730.75
2017,11,HK,Hong Kong,472.5
2017,11,IN,India,3018.9
2017,11,IL,Israel,3192.0
2017,11,IL,Israel,10125.0
2017,11,IT,Italia,54343.8
2017,11,IT,Italia,3591.84
2017,11,JP,Japón,232029.0
2017,11,JP,Japón,17400.0
2017,11,QA,Katar,378.0
2017,11,KE,Kenia,9946.5
2017,11,BS,Las Bahamas,360.0
2017,11,LV,Letonia,127593.36
2017,11,LV,Letonia,42120.6
2017,11,LT,Lituania,10054.8
2017,11,LU,Luxemburgo,16.8
2017,11,LB,Líbano,8043.84
2017,11,LB,Líbano,670.32
2017,11,MY,Malasia,10062.0
2017,11,MA,Marruecos,1272.6
2017,11,NG,Nigeria,8892.0
2017,11,NO,Noruega,3591.0
2017,11,NO,Noruega,391.02
2017,11,NZ,Nueva Zelandia,21117.16
2017,11,NZ,Nueva Zelandia,1383.48
2017,11,PA,Panamá,76093.2
2017,11,PA,Panamá,17707.57
2017,11,PY,Paraguay,9849.6
2017,11,PY,Paraguay,378.0
2017,11,NL,Países Bajos,3591.0
2017,11,NL,Países Bajos,4464.6
2017,11,PE,Perú,31782.6
2017,11,PE,Perú,1356.6
2017,11,PR,Puerto Rico,11520.0
2017,11,GB,Reino Unido,42206.95
2017,11,DO,República Dominicana,7797.6
2017,11,DO,República Dominicana,10201.5
2017,11,RU,Rusia,8134.85
2017,11,RU,Rusia,27489.0
2017,11,RS,Serbia,5067.3
2017,11,SG,Singapur,6925.5
2017,11,SG,Singapur,42031.5
2017,11,ZA,Sudáfrica,68574.6
2017,11,ZA,Sudáfrica,13169.92
2017,11,SE,Suecia,2.66
2017,11,TW,Taiwán (Región),38538.0
2017,11,TW,Taiwán (Región),2250.0
2017,11,TT,Trinidad y Tobago,396.0
2017,11,TT,Trinidad y Tobago,2025.0
2017,11,TR,Turquía,50963.7
2017,11,TR,Turquía,8315.16
2017,11,UY,Uruguay,15595.2
2017,11,UY,Uruguay,1188.0
2017,12,DE,Alemania,411758.92
2017,12,DE,Alemania,63442.68
2017,12,AR,Argentina,36417.6
2017,12,AU,Australia,31974.6
2017,12,AU,Australia,27995.31
2017,12,AT,Austria,3231.9
2017,12,AT,Austria,3447.36
2017,12,BR,Brasil,17776.8
2017,12,BR,Brasil,20520.0
2017,12,BE,Bélgica,33376.35
2017,12,CA,Canadá,14880.6
2017,12,CA,Canadá,22929.75
2017,12,CZ,Chequia,7524.0
2017,12,CL,Chile,37003.2
2017,12,CL,Chile,3137.85
2017,12,CN,China,74477.4
2017,12,CN,China,1642.32
2017,12,CY,Chipre,10533.6
2017,12,CY,Chipre,8820.0
2017,12,CO,Colombia,47180.17
2017,12,CO,Colombia,10774.24
2017,12,KR,Corea del Sur,4628.4
2017,12,KR,Corea del Sur,2220.0
2017,12,CR,Costa Rica,20442.75
2017,12,CR,Costa Rica,6266.1
2017,12,CU,Cuba,20406.0
2017,12,CU,Cuba,446.88
2017,12,EC,Ecuador,66059.21
2017,12,SV,El Salvador,900.0
2017,12,SV,El Salvador,15733.2
2017,12,AE,Emiratos Árabes Unidos,37385.88
2017,12,AE,Emiratos Árabes Unidos,4088.25
2017,12,SK,Eslovaquia,2261.0
2017,12,SK,Eslovaquia,3334.0
2017,12,ES,España,718350.73
2017,12,ES,España,20714.4
2017,12,US,Estados Unidos,5646207.04
2017,12,US,Estados Unidos,5477182.36
2017,12,PH,Filipinas,420.0
2017,12,FR,Francia,164866.5
2017,12,FR,Francia,6495.08
2017,12,GH,Ghana,4702.5
2017,12,GR,Grecia,4029.9
2017,12,GT,Guatemala,577.5
2017,12,GT,Guatemala,2244.15
2017,12,HN,Honduras,5913.75
2017,12,HU,Hungría,5928.0
2017,12,IL,Israel,12789.0
2017,12,IT,Italia,56997.88
2017,12,IT,Italia,10461.42
2017,12,JP,Japón,30213.9
2017,12,JP,Japón,22970.82
2017,12,LV,Letonia,109497.0
2017,12,LV,Letonia,17745.6
2017,12,MY,Malasia,597.03
2017,12,NZ,Nueva Zelandia,15800.4
2017,12,NZ,Nueva Zelandia,11394.25
2017,12,PA,Panamá,30070.76
2017,12,PA,Panamá,4215.0
2017,12,PY,Paraguay,19797.6
2017,12,PE,Perú,2636.25
2017,12,GB,Reino Unido,66569.16
2017,12,DO,República Dominicana,9301.5
2017,12,RU,Rusia,1282.5
2017,12,RU,Rusia,37771.2
2017,12,SG,Singapur,132420.6
2017,12,SG,Singapur,37833.03
2017,12,ZA,Sudáfrica,69076.8
2017,12,ZA,Sudáfrica,15788.25
2017,12,SE,Suecia,3886.26
2017,12,CH,Suiza,10014.9
2017,12,CH,Suiza,670.32
2017,12,TH,Tailandia,2520.0
2017,12,TH,Tailandia,3415.5
2017,12,TW,Taiwán (Región),4326.0
2017,12,TR,Turquía,28810.92
2018,1,DE,Alemania,365235.81
2018,1,DE,Alemania,42372.06
2018,1,AU,Australia,100228.3
2018,1,AU,Australia,91055.92
2018,1,AT,Austria,287.28
2018,1,BY,Bielorrusia,31662.23
2018,1,BR,Brasil,37756.8
2018,1,BR,Brasil,10260.0
2018,1,BG,Bulgaria,5027.4
2018,1,BE,Bélgica,50217.24
2018,1,BE,Bélgica,3326.19
2018,1,CA,Canadá,50290.15
2018,1,CA,Canadá,72444.9
2018,1,CZ,Chequia,11286.0
2018,1,CZ,Chequia,2042.88
2018,1,CL,Chile,12650.4
2018,1,CL,Chile,1134.0
2018,1,CN,China,60639.36
2018,1,CN,China,4140.31
2018,1,CY,Chipre,766.08
2018,1,CY,Chipre,9000.0
2018,1,CO,Colombia,31549.33
2018,1,CO,Colombia,16675.71
2018,1,KR,Corea del Sur,40149.36
2018,1,KR,Corea del Sur,5298.0
2018,1,CR,Costa Rica,9199.8
2018,1,CR,Costa Rica,1229.7
2018,1,EC,Ecuador,55232.78
2018,1,SV,El Salvador,5281.4
2018,1,SV,El Salvador,7618.5
2018,1,AE,Emiratos Árabes Unidos,53852.64
2018,1,AE,Emiratos Árabes Unidos,23132.43
2018,1,SK,Eslovaquia,3830.4
2018,1,ES,España,406240.72
2018,1,ES,España,8035.8
2018,1,US,Estados Unidos,6655140.25
2018,1,US,Estados Unidos,7326946.86
2018,1,PH,Filipinas,84624.6
2018,1,PH,Filipinas,945.0
2018,1,FR,Francia,197349.8
2018,1,GE,Georgia,359.1
2018,1,GR,Grecia,11454.0
2018,1,GU,Guam,9468.0
2018,1,GU,Guam,1215.0
2018,1,GT,Guatemala,6480.0
2018,1,GT,Guatemala,1491.08
2018,1,HK,Hong Kong,1410.75
2018,1,HU,Hungría,11286.0
2018,1,IE,Irlanda,40527.0
2018,1,KY,Islas Caimán,6976.8
2018,1,KY,Islas Caimán,1080.0
2018,1,VI,Islas Vírgenes,5040.0
2018,1,VI,Islas Vírgenes,1215.0
2018,1,IL,Israel,9348.0
2018,1,IT,Italia,42373.8
2018,1,IT,Italia,91401.48
2018,1,JM,Jamaica,820.8
2018,1,JP,Japón,198432.77
2018,1,JP,Japón,18205.5
2018,1,QA,Katar,10697.76
2018,1,QA,Katar,378.0
2018,1,KE,Kenia,7980.0
2018,1,BS,Las Bahamas,8238.0
2018,1,BS,Las Bahamas,822.0
2018,1,LV,Letonia,79850.16
2018,1,LV,Letonia,3494.4
2018,1,LT,Lituania,30164.4
2018,1,MT,Malta,4650.0
2018,1,NI,Nicaragua,8268.75
2018,1,NI,Nicaragua,6617.25
2018,1,NG,Nigeria,7820.4
2018,1,NZ,Nueva Zelandia,7948.08
2018,1,NZ,Nueva Zelandia,3869.28
2018,1,PA,Panamá,55014.0
2018,1,PA,Panamá,15556.42
2018,1,PY,Paraguay,21439.2
2018,1,PY,Paraguay,5760.0
2018,1,NL,Países Bajos,35898.74
2018,1,NL,Países Bajos,1066.8
2018,1,PE,Perú,2160.0
2018,1,PL,Polonia,4531.8
2018,1,PR,Puerto Rico,5076.0
2018,1,PR,Puerto Rico,15228.0
2018,1,GB,Reino Unido,56852.66
2018,1,GB,Reino Unido,79956.54
2018,1,RO,Rumania,9288.72
2018,1,RU,Rusia,19150.8
2018,1,RU,Rusia,74246.63
2018,1,RS,Serbia,10725.12
2018,1,SG,Singapur,36148.5
2018,1,SG,Singapur,23978.46
2018,1,LK,Sri Lanka,1350.0
2018,1,ZA,Sudáfrica,123055.2
2018,1,ZA,Sudáfrica,2907.9
2018,1,SE,Suecia,7660.8
2018,1,SE,Suecia,3004.47
2018,1,SR,Suriname,8960.4
2018,1,TW,Taiwán (Región),1092.0
2018,1,TT,Trinidad y Tobago,6156.0
2018,1,TR,Turquía,46036.2
2018,1,TR,Turquía,360.0
2018,1,UA,Ucrania,4799.4
2018,1,UA,Ucrania,5385.36
2018,1,UY,Uruguay,3693.6
2018,1,UY,Uruguay,1620.0
2018,1,VN,Vietnam,14616.0
2018,1,VN,Vietnam,3338.64
2018,2,DE,Alemania,653437.11
2018,2,DE,Alemania,43966.56
2018,2,AU,Australia,4427.19
2018,2,AU,Australia,44519.65
2018,2,AT,Austria,2163.72
2018,2,BY,Bielorrusia,33008.07
2018,2,BR,Brasil,10012.5
2018,2,BG,Bulgaria,2513.7
2018,2,BG,Bulgaria,335.16
2018,2,BE,Bélgica,33256.84
2018,2,CA,Canadá,17407.8
2018,2,CA,Canadá,79734.6
2018,2,CZ,Chequia,7706.4
2018,2,CL,Chile,6552.0
2018,2,CL,Chile,8550.0
2018,2,CN,China,396.0
2018,2,CY,Chipre,16740.0
2018,2,CO,Colombia,55344.07
2018,2,CO,Colombia,12244.74
2018,2,KR,Corea del Sur,43911.66
2018,2,KR,Corea del Sur,7743.0
2018,2,CR,Costa Rica,957.6
2018,2,CR,Costa Rica,15224.09
2018,2,DK,Dinamarca,3762.0
2018,2,DK,Dinamarca,223.44
2018,2,SV,El Salvador,2872.8
2018,2,SV,El Salvador,11541.75
2018,2,AE,Emiratos Árabes Unidos,33053.52
2018,2,AE,Emiratos Árabes Unidos,486.0
2018,2,ES,España,171541.63
2018,2,ES,España,16205.28
2018,2,US,Estados Unidos,6811364.82
2018,2,US,Estados Unidos,7982620.97
2018,2,PH,Filipinas,33339.98
2018,2,FR,Francia,152540.22
2018,2,FR,Francia,9662.4
2018,2,GE,Georgia,9639.0
2018,2,GR,Grecia,7668.78
2018,2,GU,Guam,114.0
2018,2,GT,Guatemala,2160.0
2018,2,GT,Guatemala,1878.0
2018,2,HN,Honduras,9097.2
2018,2,HN,Honduras,4077.44
2018,2,HK,Hong Kong,6221.25
2018,2,HK,Hong Kong,270.0
2018,2,ID,Indonesia,11070.0
2018,2,KY,Islas Caimán,515.4
2018,2,VI,Islas Vírgenes,4032.0
2018,2,VI,Islas Vírgenes,810.0
2018,2,IL,Israel,6120.0
2018,2,IT,Italia,128701.45
2018,2,IT,Italia,32302.08
2018,2,JP,Japón,51685.35
2018,2,JP,Japón,10277.17
2018,2,QA,Katar,504.0
2018,2,KE,Kenia,6748.8
2018,2,LV,Letonia,57991.8
2018,2,LV,Letonia,29724.0
2018,2,NI,Nicaragua,1140.0
2018,2,NG,Nigeria,23645.31
2018,2,NZ,Nueva Zelandia,4706.97
2018,2,PA,Panamá,21751.2
2018,2,PA,Panamá,12072.3
2018,2,PY,Paraguay,23017.24
2018,2,PY,Paraguay,405.0
2018,2,NL,Países Bajos,30249.98
2018,2,PE,Perú,39005.1
2018,2,PE,Perú,1596.0
2018,2,PR,Puerto Rico,18684.0
2018,2,PR,Puerto Rico,225.0
2018,2,GB,Reino Unido,178686.45
2018,2,GB,Reino Unido,99946.83
2018,2,DO,República Dominicana,9291.0
2018,2,RU,Rusia,5785.34
2018,2,RU,Rusia,6762.0
2018,2,SG,Singapur,1254.0
2018,2,SG,Singapur,10270.5
2018,2,ZA,Sudáfrica,106372.8
2018,2,ZA,Sudáfrica,6339.0
2018,2,SE,Suecia,997.5
2018,2,SE,Suecia,1115.29
2018,2,TH,Tailandia,2394.0
2018,2,TH,Tailandia,399.0
2018,2,TW,Taiwán (Región),2133.0
2018,2,TT,Trinidad y Tobago,4104.0
2018,2,TR,Turquía,23837.4
2018,2,TR,Turquía,3630.9
2018,3,DE,Alemania,428742.9
2018,3,DE,Alemania,46611.88
2018,3,AR,Argentina,10670.4
2018,3,AR,Argentina,8064.0
2018,3,AW,Aruba,11286.0
2018,3,AU,Australia,15797.96
2018,3,AU,Australia,52708.63
2018,3,AT,Austria,5386.5
2018,3,AT,Austria,1137.15
2018,3,BO,Bolivia,77389.5
2018,3,BO,Bolivia,3579.61
2018,3,BR,Brasil,103420.8
2018,3,BE,Bélgica,46498.87
2018,3,BE,Bélgica,335.16
2018,3,CA,Canadá,19818.0
2018,3,CA,Canadá,88730.69
2018,3,CZ,Chequia,6018.77
2018,3,CL,Chile,14040.0
2018,3,CL,Chile,1220.85
2018,3,CN,China,135400.02
2018,3,CN,China,2553.66
2018,3,CY,Chipre,9000.0
2018,3,CO,Colombia,36246.0
2018,3,CO,Colombia,69069.52
2018,3,KR,Corea del Sur,63875.04
2018,3,KR,Corea del Sur,2766.0
2018,3,CR,Costa Rica,21348.9
2018,3,EC,Ecuador,2052.0
2018,3,SV,El Salvador,3240.0
2018,3,SV,El Salvador,24030.38
2018,3,AE,Emiratos Árabes Unidos,69126.06
2018,3,AE,Emiratos Árabes Unidos,21958.89
2018,3,SI,Eslovenia,1741.95
2018,3,SI,Eslovenia,335.16
2018,3,ES,España,268173.54
2018,3,ES,España,5543.94
2018,3,US,Estados Unidos,7563643.93
2018,3,US,Estados Unidos,9110597.29
2018,3,EE,Estonia,8331.12
2018,3,PH,Filipinas,43041.53
2018,3,FR,Francia,275289.45
2018,3,FR,Francia,23382.13
2018,3,GR,Grecia,15000.12
2018,3,GR,Grecia,22409.7
2018,3,GT,Guatemala,11498.4
2018,3,GT,Guatemala,10637.16
2018,3,HN,Honduras,4896.0
2018,3,HN,Honduras,8566.88
2018,3,HK,Hong Kong,4320.0
2018,3,HU,Hungría,5266.8
2018,3,HU,Hungría,5928.0
2018,3,ID,Indonesia,39168.0
2018,3,IL,Israel,8778.0
2018,3,IL,Israel,2514.0
2018,3,IT,Italia,44730.14
2018,3,IT,Italia,16550.43
2018,3,JM,Jamaica,7045.2
2018,3,JP,Japón,103028.6
2018,3,JP,Japón,27083.29
2018,3,BS,Las Bahamas,3830.4
2018,3,BS,Las Bahamas,360.0
2018,3,LV,Letonia,63964.8
2018,3,LV,Letonia,35926.7
2018,3,LB,Líbano,31327.92
2018,3,LB,Líbano,1005.48
2018,3,MY,Malasia,9936.0
2018,3,NI,Nicaragua,9219.6
2018,3,NO,Noruega,3591.0
2018,3,NO,Noruega,335.16
2018,3,NZ,Nueva Zelandia,3926.66
2018,3,NZ,Nueva Zelandia,4758.24
2018,3,PA,Panamá,53486.1
2018,3,PA,Panamá,8154.3
2018,3,PY,Paraguay,18878.4
2018,3,NL,Países Bajos,48998.71
2018,3,NL,Países Bajos,11451.36
2018,3,PE,Perú,9.0
2018,3,PT,Portugal,9695.7
2018,3,PT,Portugal,670.32
2018,3,PR,Puerto Rico,18036.0
2018,3,PR,Puerto Rico,3973.5
2018,3,GB,Reino Unido,110899.2
2018,3,GB,Reino Unido,107713.72
2018,3,RO,Rumania,9033.36
2018,3,RU,Rusia,14312.72
2018,3,RU,Rusia,5279.62
2018,3,SG,Singapur,5557.5
2018,3,SG,Singapur,24431.1
2018,3,LK,Sri Lanka,1350.0
2018,3,ZA,Sudáfrica,33228.0
2018,3,ZA,Sudáfrica,14580.45
2018,3,SE,Suecia,2154.6
2018,3,SE,Suecia,4.2
2018,3,TW,Taiwán (Región),90.0
2018,3,TR,Turquía,31910.88
2018,3,TR,Turquía,13294.68
2018,3,UY,Uruguay,17413.88
2018,3,UY,Uruguay,39.38
2018,3,VN,Vietnam,29520.0
2018,4,DE,Alemania,498645.55
2018,4,DE,Alemania,69680.97
2018,4,AR,Argentina,5335.2
2018,4,AU,Australia,51100.18
2018,4,AU,Australia,50268.75
2018,4,AT,Austria,1136.29
2018,4,BM,Bermuda,5266.8
2018,4,BR,Brasil,177703.2
2018,4,BR,Brasil,22285.8
2018,4,BE,Bélgica,4788.0
2018,4,BE,Bélgica,2346.12
2018,4,CA,Canadá,7293.6
2018,4,CA,Canadá,93408.32
2018,4,CZ,Chequia,11286.0
2018,4,CL,Chile,29600.1
2018,4,CL,Chile,1075.5
2018,4,CN,China,8299.2
2018,4,CN,China,4491.9
2018,4,CY,Chipre,20331.0
2018,4,CO,Colombia,15358.88
2018,4,CO,Colombia,44851.5
2018,4,KR,Corea del Sur,38994.8
2018,4,KR,Corea del Sur,5868.0
2018,4,CR,Costa Rica,641.25
2018,4,CR,Costa Rica,20436.9
2018,4,EC,Ecuador,24750.15
2018,4,EC,Ecuador,1282.5
2018,4,SV,El Salvador,6361.2
2018,4,SV,El Salvador,3791.25
2018,4,AE,Emiratos Árabes Unidos,17161.29
2018,4,ES,España,216070.71
2018,4,ES,España,16593.45
2018,4,US,Estados Unidos,8034951.79
2018,4,US,Estados Unidos,9412201.9
2018,4,EE,Estonia,6270.0
2018,4,FI,Finlandia,3591.0
2018,4,FR,Francia,496918.13
2018,4,FR,Francia,4431.0
2018,4,GE,Georgia,1008.0
2018,4,GR,Grecia,19192.74
2018,4,GT,Guatemala,3044.7
2018,4,GT,Guatemala,2146.88
2018,4,HN,Honduras,13132.8
2018,4,HN,Honduras,1215.0
2018,4,HK,Hong Kong,470.25
2018,4,HK,Hong Kong,1116.0
2018,4,IN,India,4800.0
2018,4,IE,Irlanda,1370.0
2018,4,IL,Israel,969.0
2018,4,IT,Italia,9576.0
2018,4,IT,Italia,37637.76
2018,4,JP,Japón,53899.8
2018,4,JP,Japón,20823.0
2018,4,BS,Las Bahamas,6384.0
2018,4,BS,Las Bahamas,180.0
2018,4,LV,Letonia,93223.5
2018,4,LV,Letonia,44281.8
2018,4,LT,Lituania,5238.87
2018,4,LT,Lituania,1053.36
2018,4,PA,Panamá,71524.8
2018,4,PA,Panamá,22471.2
2018,4,PY,Paraguay,18878.4
2018,4,NL,Países Bajos,18243.4
2018,4,PE,Perú,12204.0
2018,4,PE,Perú,1577.88
2018,4,PR,Puerto Rico,11232.0
2018,4,PR,Puerto Rico,1998.0
2018,4,GB,Reino Unido,132027.96
2018,4,GB,Reino Unido,81072.07
2018,4,DO,República Dominicana,17752.5
2018,4,RU,Rusia,10875.6
2018,4,RU,Rusia,51379.2
2018,4,RS,Serbia,10725.12
2018,4,SC,Seychelles,6412.5
2018,4,SG,Singapur,38405.76
2018,4,ZA,Sudáfrica,99680.4
2018,4,ZA,Sudáfrica,15932.02
2018,4,SE,Suecia,6104.7
2018,4,SE,Suecia,1793.4
2018,4,SR,Suriname,478.8
2018,4,TH,Tailandia,4891.74
2018,4,TH,Tailandia,683.55
2018,4,TW,Taiwán (Región),8901.0
2018,4,TW,Taiwán (Región),1458.0
2018,4,TT,Trinidad y Tobago,4104.0
2018,4,TR,Turquía,57792.3
2018,4,TR,Turquía,1311.12
2018,4,UY,Uruguay,22572.0
2018,5,DE,Alemania,563762.58
2018,5,DE,Alemania,96828.89
2018,5,AW,Aruba,10670.4
2018,5,AU,Australia,37955.4
2018,5,AU,Australia,84466.68
2018,5,AT,Austria,2421.36
2018,5,BY,Bielorrusia,33048.36
2018,5,BO,Bolivia,4593.75
2018,5,BR,Brasil,981.0
2018,5,BE,Bélgica,33014.33
2018,5,CA,Canadá,62062.3
2018,5,CA,Canadá,164736.34
2018,5,CL,Chile,43008.0
2018,5,CL,Chile,9945.0
2018,5,CN,China,71639.4
2018,5,CN,China,6076.99
2018,5,CY,Chipre,20875.68
2018,5,CY,Chipre,18000.0
2018,5,CO,Colombia,37503.94
2018,5,CO,Colombia,18688.05
2018,5,KR,Corea del Sur,16694.16
2018,5,KR,Corea del Sur,6344.43
2018,5,CR,Costa Rica,10992.75
2018,5,CR,Costa Rica,1773.58
2018,5,HR,Croacia,715.2
2018,5,CU,Cuba,10773.0
2018,5,DK,Dinamarca,3591.0
2018,5,EC,Ecuador,4533.38
2018,5,SV,El Salvador,21540.08
2018,5,SV,El Salvador,12091.5
2018,5,AE,Emiratos Árabes Unidos,45520.62
2018,5,AE,Emiratos Árabes Unidos,18343.2
2018,5,ES,España,261697.16
2018,5,ES,España,14632.8
2018,5,US,Estados Unidos,7585801.92
2018,5,US,Estados Unidos,9484251.81
2018,5,EE,Estonia,4788.0
2018,5,PH,Filipinas,32543.51
2018,5,PH,Filipinas,600.0
2018,5,FR,Francia,291590.95
2018,5,FR,Francia,4468.8
2018,5,GE,Georgia,6822.9
2018,5,GR,Grecia,12640.32
2018,5,GR,Grecia,16196.25
2018,5,GT,Guatemala,28234.22
2018,5,GT,Guatemala,5716.5
2018,5,HN,Honduras,5582.81
2018,5,HK,Hong Kong,4320.0
2018,5,HK,Hong Kong,335.16
2018,5,HU,Hungría,5643.0
2018,5,IE,Irlanda,16005.6
2018,5,IE,Irlanda,1983.03
2018,5,IL,Israel,8094.0
2018,5,IT,Italia,24316.2
2018,5,IT,Italia,43341.0
2018,5,JP,Japón,183389.7
2018,5,JP,Japón,43088.78
2018,5,KE,Kenia,5985.0
2018,5,BS,Las Bahamas,488.43
2018,5,LV,Letonia,65451.96
2018,5,LV,Letonia,18361.02
2018,5,MY,Malasia,8640.0
2018,5,NI,Nicaragua,26488.42
2018,5,NI,Nicaragua,5910.0
2018,5,NG,Nigeria,14962.5
2018,5,NZ,Nueva Zelandia,5075.28
2018,5,NZ,Nueva Zelandia,5743.77
2018,5,PA,Panamá,43009.2
2018,5,PA,Panamá,24870.08
2018,5,PY,Paraguay,1.99
2018,5,NL,Países Bajos,87336.14
2018,5,NL,Países Bajos,5482.68
2018,5,PE,Perú,62380.8
2018,5,PL,Polonia,9536.1
2018,5,PR,Puerto Rico,15165.0
2018,5,GB,Reino Unido,162963.72
2018,5,GB,Reino Unido,41657.04
2018,5,DO,República Dominicana,9028.8
2018,5,DO,República Dominicana,472.5
2018,5,RU,Rusia,20940.85
2018,5,RU,Rusia,399.0
2018,5,SC,Seychelles,196.88
2018,5,SG,Singapur,8299.2
2018,5,SG,Singapur,42737.25
2018,5,ZA,Sudáfrica,98287.2
2018,5,ZA,Sudáfrica,19825.2
2018,5,SE,Suecia,798.0
2018,5,SE,Suecia,1508.22
2018,5,CH,Suiza,666.84
2018,5,TH,Tailandia,7780.5
2018,5,TH,Tailandia,670.32
2018,5,TW,Taiwán (Región),9333.0
2018,5,TW,Taiwán (Región),1800.0
2018,5,TT,Trinidad y Tobago,4104.0
2018,5,TR,Turquía,34502.1
2018,5,UY,Uruguay,4197.38
2018,5,UY,Uruguay,78.75
2018,6,DE,Alemania,623952.15
2018,6,DE,Alemania,45085.52
2018,6,AN,Antillas Holandesas,5823.6
2018,6,AN,Antillas Holandesas,531.0
2018,6,AR,Argentina,5335.2
2018,6,AU,Australia,43265.46
2018,6,AU,Australia,65076.13
2018,6,BB,Barbados,3693.6
2018,6,BO,Bolivia,24000.0
2018,6,BR,Brasil,19418.4
2018,6,BG,Bulgaria,7780.5
2018,6,BG,Bulgaria,335.16
2018,6,BE,Bélgica,55819.8
2018,6,CA,Canadá,17022.55
2018,6,CA,Canadá,96261.62
2018,6,CZ,Chequia,8203.38
2018,6,CL,Chile,33696.0
2018,6,CL,Chile,9882.0
2018,6,CN,China,33696.0
2018,6,CN,China,362.1
2018,6,CY,Chipre,13119.12
2018,6,CY,Chipre,18000.0
2018,6,CO,Colombia,121477.44
2018,6,CO,Colombia,29456.4
2018,6,KR,Corea del Sur,22982.4
2018,6,KR,Corea del Sur,1731.0
2018,6,CR,Costa Rica,13209.05
2018,6,CU,Cuba,8421.75
2018,6,DK,Dinamarca,1512.0
2018,6,EC,Ecuador,33031.45
2018,6,AE,Emiratos Árabes Unidos,48059.94
2018,6,AE,Emiratos Árabes Unidos,8863.38
2018,6,ES,España,355407.75
2018,6,ES,España,11992.22
2018,6,US,Estados Unidos,6442039.87
2018,6,US,Estados Unidos,9240512.4
2018,6,PH,Filipinas,1.99
2018,6,FR,Francia,241987.83
2018,6,FR,Francia,18.0
2018,6,GE,Georgia,10287.9
2018,6,GR,Grecia,21067.2
2018,6,GR,Grecia,3654.84
2018,6,GT,Guatemala,525.0
2018,6,GT,Guatemala,3747.15
2018,6,HN,Honduras,8056.8
2018,6,HN,Honduras,821.69
2018,6,HK,Hong Kong,8381.25
2018,6,KY,Islas Caimán,5608.8
2018,6,KY,Islas Caimán,720.0
2018,6,IT,Italia,58892.4
2018,6,IT,Italia,13431.18
2018,6,JP,Japón,138592.2
2018,6,JP,Japón,12953.4
2018,6,QA,Katar,7224.72
2018,6,QA,Katar,882.0
2018,6,BS,Las Bahamas,8877.6
2018,6,BS,Las Bahamas,416.25
2018,6,LV,Letonia,107407.38
2018,6,LV,Letonia,502.74
2018,6,LT,Lituania,5950.8
2018,6,MY,Malasia,2223.0
2018,6,MY,Malasia,384.0
2018,6,MU,Mauricio,11236.6
2018,6,NI,Nicaragua,4995.0
2018,6,NO,Noruega,5027.4
2018,6,NO,Noruega,167.58
2018,6,NZ,Nueva Zelandia,9918.24
2018,6,NZ,Nueva Zelandia,6830.34
2018,6,PA,Panamá,57597.6
2018,6,PA,Panamá,18230.67
2018,6,PY,Paraguay,51066.9
2018,6,NL,Países Bajos,9369.88
2018,6,PE,Perú,8208.0
2018,6,PR,Puerto Rico,35568.0
2018,6,PR,Puerto Rico,13612.5
2018,6,GB,Reino Unido,238123.88
2018,6,GB,Reino Unido,83925.73
2018,6,DO,República Dominicana,19298.25
2018,6,RO,Rumania,20205.36
2018,6,RU,Rusia,23609.25
2018,6,RU,Rusia,11740.5
2018,6,RS,Serbia,21450.24
2018,6,SC,Seychelles,246.09
2018,6,SG,Singapur,8640.0
2018,6,SG,Singapur,19260.19
2018,6,ZA,Sudáfrica,83570.4
2018,6,ZA,Sudáfrica,18945.0
2018,6,SE,Suecia,8758.05
2018,6,SE,Suecia,3166.8
2018,6,SR,Suriname,28454.4
2018,6,TH,Tailandia,5394.48
2018,6,TH,Tailandia,399.0
2018,6,TW,Taiwán (Región),4329.99
2018,6,TW,Taiwán (Región),5361.91
2018,6,TR,Turquía,8299.2
2018,6,TR,Turquía,3515.19
2018,6,UY,Uruguay,7200.0
2018,6,VE,Venezuela,4608.0
2018,6,VN,Vietnam,19872.0
2018,7,DE,Alemania,336966.2
2018,7,DE,Alemania,17712.3
2018,7,AR,Argentina,13662.9
2018,7,AW,Aruba,343.13
2018,7,AU,Australia,73275.47
2018,7,AU,Australia,95493.63
2018,7,AT,Austria,1764.72
2018,7,BY,Bielorrusia,2964.0
2018,7,BR,Brasil,68947.2
2018,7,BR,Brasil,405.0
2018,7,BE,Bélgica,67004.99
2018,7,CA,Canadá,39556.1
2018,7,CA,Canadá,124678.95
2018,7,CL,Chile,63504.0
2018,7,CN,China,93926.4
2018,7,CN,China,3964.45
2018,7,CY,Chipre,20010.0
2018,7,CO,Colombia,135137.4
2018,7,CO,Colombia,53267.64
2018,7,KR,Corea del Sur,56588.88
2018,7,KR,Corea del Sur,10581.0
2018,7,CR,Costa Rica,2.66
2018,7,CR,Costa Rica,17252.1
2018,7,CU,Cuba,15019.5
2018,7,SV,El Salvador,11532.3
2018,7,SV,El Salvador,33930.47
2018,7,AE,Emiratos Árabes Unidos,46224.0
2018,7,AE,Emiratos Árabes Unidos,6480.18
2018,7,SK,Eslovaquia,3192.0
2018,7,SK,Eslovaquia,3483.3
2018,7,ES,España,312447.86
2018,7,ES,España,11694.9
2018,7,US,Estados Unidos,5730421.97
2018,7,US,Estados Unidos,8431592.74
2018,7,PH,Filipinas,0.66
2018,7,FR,Francia,127337.23
2018,7,FR,Francia,11362.42
2018,7,GE,Georgia,7541.1
2018,7,GR,Grecia,15321.6
2018,7,GR,Grecia,11212.95
2018,7,GT,Guatemala,12494.4
2018,7,GT,Guatemala,7756.41
2018,7,HN,Honduras,5936.4
2018,7,HN,Honduras,7857.44
2018,7,HK,Hong Kong,3591.0
2018,7,HK,Hong Kong,751.17
2018,7,HU,Hungría,5266.8
2018,7,HU,Hungría,5877.84
2018,7,IN,India,2415.0
2018,7,IL,Israel,9224.88
2018,7,IL,Israel,4011.0
2018,7,IT,Italia,51111.9
2018,7,IT,Italia,8043.84
2018,7,JP,Japón,136993.0
2018,7,JP,Japón,18040.02
2018,7,QA,Katar,6445.92
2018,7,QA,Katar,504.0
2018,7,BS,Las Bahamas,11271.6
2018,7,BS,Las Bahamas,112.5
2018,7,LV,Letonia,153211.44
2018,7,LV,Letonia,15204.6
2018,7,LB,Líbano,4596.48
2018,7,LB,Líbano,2006.97
2018,7,MA,Marruecos,3830.4
2018,7,NI,Nicaragua,1932.0
2018,7,NI,Nicaragua,8473.5
2018,7,NG,Nigeria,22230.0
2018,7,NO,Noruega,287.28
2018,7,NZ,Nueva Zelandia,14364.5
2018,7,NZ,Nueva Zelandia,3111.15
2018,7,PA,Panamá,58792.65
2018,7,PA,Panamá,45944.4
2018,7,PY,Paraguay,24000.0
2018,7,NL,Países Bajos,61599.98
2018,7,NL,Países Bajos,4940.88
2018,7,PE,Perú,19288.8
2018,7,PE,Perú,4095.0
2018,7,GB,Reino Unido,94461.17
2018,7,GB,Reino Unido,72734.26
2018,7,DO,República Dominicana,9028.8
2018,7,DO,República Dominicana,18351.75
2018,7,RU,Rusia,13695.96
2018,7,RU,Rusia,16518.3
2018,7,KN,Saint Kitts y Nevis,1839.0
2018,7,SG,Singapur,5903.09
2018,7,ZA,Sudáfrica,220761.9
2018,7,ZA,Sudáfrica,35417.92
2018,7,SE,Suecia,586.53
2018,7,SE,Suecia,4745.68
2018,7,CH,Suiza,9336.6
2018,7,TH,Tailandia,7134.12
2018,7,TH,Tailandia,999.0
2018,7,TW,Taiwán (Región),9936.0
2018,7,TW,Taiwán (Región),2160.0
2018,7,TT,Trinidad y Tobago,6976.8
2018,7,TR,Turquía,39586.5
2018,7,TR,Turquía,17571.96
2018,7,UA,Ucrania,1571.25
2018,8,DE,Alemania,324793.34
2018,8,DE,Alemania,32372.16
2018,8,AU,Australia,38423.7
2018,8,AU,Australia,42168.63
2018,8,AT,Austria,2772.45
2018,8,BY,Bielorrusia,18691.11
2018,8,BY,Bielorrusia,2058.84
2018,8,BR,Brasil,30051.23
2018,8,BR,Brasil,2.66
2018,8,BE,Bélgica,10056.8
2018,8,BE,Bélgica,1340.64
2018,8,CA,Canadá,54906.59
2018,8,CA,Canadá,91327.41
2018,8,CZ,Chequia,13851.0
2018,8,CZ,Chequia,16390.74
2018,8,CL,Chile,22464.0
2018,8,CL,Chile,9832.78
2018,8,CN,China,111014.82
2018,8,CN,China,6999.0
2018,8,CY,Chipre,9378.0
2018,8,CO,Colombia,203550.57
2018,8,CO,Colombia,50989.95
2018,8,KR,Corea del Sur,8490.0
2018,8,KR,Corea del Sur,3344.03
2018,8,CR,Costa Rica,9489.37
2018,8,CU,Cuba,9165.6
2018,8,EC,Ecuador,120766.71
2018,8,SV,El Salvador,2814.38
2018,8,AE,Emiratos Árabes Unidos,14243.4
2018,8,AE,Emiratos Árabes Unidos,4998.84
2018,8,SI,Eslovenia,6930.0
2018,8,ES,España,315800.94
2018,8,ES,España,12974.82
2018,8,US,Estados Unidos,5811887.76
2018,8,US,Estados Unidos,9985985.36
2018,8,PH,Filipinas,25376.4
2018,8,PH,Filipinas,5203.08
2018,8,FI,Finlandia,1.4
2018,8,FR,Francia,125433.48
2018,8,FR,Francia,25998.42
2018,8,GH,Ghana,12000.0
2018,8,GR,Grecia,11162.13
2018,8,GT,Guatemala,10888.5
2018,8,GT,Guatemala,1015.88
2018,8,HN,Honduras,4719.75
2018,8,HK,Hong Kong,4121.1
2018,8,HK,Hong Kong,3312.0
2018,8,HU,Hungría,5928.0
2018,8,IN,India,162.0
2018,8,ID,Indonesia,9000.0
2018,8,IE,Irlanda,21335.1
2018,8,IE,Irlanda,347.58
2018,8,IT,Italia,24506.58
2018,8,IT,Italia,57141.99
2018,8,JM,Jamaica,8550.0
2018,8,JP,Japón,166288.5
2018,8,JP,Japón,19140.66
2018,8,LV,Letonia,182742.0
2018,8,LV,Letonia,45621.9
2018,8,LT,Lituania,5631.6
2018,8,NG,Nigeria,7900.2
2018,8,NZ,Nueva Zelandia,24042.96
2018,8,NZ,Nueva Zelandia,15315.06
2018,8,PA,Panamá,10944.0
2018,8,PA,Panamá,15173.33
2018,8,NL,Países Bajos,42533.87
2018,8,NL,Países Bajos,8334.03
2018,8,PE,Perú,16812.0
2018,8,PE,Perú,112.5
2018,8,PL,Polonia,8675.1
2018,8,PL,Polonia,4691.4
2018,8,PT,Portugal,7900.2
2018,8,PT,Portugal,1725.67
2018,8,PR,Puerto Rico,21600.0
2018,8,PR,Puerto Rico,17770.5
2018,8,GB,Reino Unido,32148.0
2018,8,GB,Reino Unido,50134.05
2018,8,DO,República Dominicana,9624.75
2018,8,DO,República Dominicana,8887.5
2018,8,RU,Rusia,27344.4
2018,8,RS,Serbia,10725.12
2018,8,SG,Singapur,66365.85
2018,8,SG,Singapur,20441.36
2018,8,ZA,Sudáfrica,84156.3
2018,8,ZA,Sudáfrica,20721.26
2018,8,SE,Suecia,574.56
2018,8,SE,Suecia,6178.2
2018,8,CH,Suiza,672.66
2018,8,TW,Taiwán (Región),1778.4
2018,8,TW,Taiwán (Región),1701.0
2018,8,TR,Turquía,90937.8
2018,8,TR,Turquía,1062.24
2018,9,DE,Alemania,33718.04
2018,9,DE,Alemania,44047.57
2018,9,AR,Argentina,5041.9
2018,9,AR,Argentina,582.75
2018,9,AU,Australia,35253.36
2018,9,AU,Australia,67864.45
2018,9,AT,Austria,4309.2
2018,9,AT,Austria,2681.28
2018,9,BR,Brasil,47836.8
2018,9,BE,Bélgica,38209.35
2018,9,BE,Bélgica,6776.76
2018,9,CA,Canadá,38793.09
2018,9,CA,Canadá,115473.03
2018,9,CL,Chile,36813.6
2018,9,CL,Chile,8811.0
2018,9,CN,China,39800.4
2018,9,CN,China,382.5
2018,9,CY,Chipre,13080.0
2018,9,CO,Colombia,13083.0
2018,9,CO,Colombia,55690.63
2018,9,CR,Costa Rica,7565.0
2018,9,CR,Costa Rica,12452.35
2018,9,CU,Cuba,22258.5
2018,9,CU,Cuba,438.9
2018,9,DK,Dinamarca,3351.6
2018,9,DK,Dinamarca,446.88
2018,9,EC,Ecuador,5335.2
2018,9,EC,Ecuador,213.34
2018,9,SV,El Salvador,26810.1
2018,9,SV,El Salvador,9812.25
2018,9,AE,Emiratos Árabes Unidos,53951.46
2018,9,AE,Emiratos Árabes Unidos,7644.63
2018,9,ES,España,98133.73
2018,9,ES,España,13053.27
2018,9,US,Estados Unidos,5692898.82
2018,9,US,Estados Unidos,9552714.06
2018,9,EE,Estonia,6894.72
2018,9,EE,Estonia,670.32
2018,9,PH,Filipinas,93082.98
2018,9,FR,Francia,206484.08
2018,9,FR,Francia,8910.8
2018,9,GH,Ghana,8778.0
2018,9,GR,Grecia,4596.48
2018,9,GR,Grecia,18325.2
2018,9,GU,Guam,11712.0
2018,9,GU,Guam,2955.0
2018,9,GT,Guatemala,7297.5
2018,9,GT,Guatemala,6594.38
2018,9,HN,Honduras,6642.56
2018,9,HN,Honduras,19163.06
2018,9,HK,Hong Kong,2592.0
2018,9,HK,Hong Kong,1226.94
2018,9,KY,Islas Caimán,504.0
2018,9,VI,Islas Vírgenes,3528.0
2018,9,VI,Islas Vírgenes,1215.0
2018,9,IL,Israel,9690.0
2018,9,IT,Italia,22383.9
2018,9,IT,Italia,70675.11
2018,9,JP,Japón,117579.6
2018,9,JP,Japón,26412.3
2018,9,QA,Katar,7724.88
2018,9,QA,Katar,378.0
2018,9,LV,Letonia,176171.7
2018,9,LV,Letonia,27578.22
2018,9,LT,Lituania,8618.4
2018,9,LB,Líbano,6511.68
2018,9,LB,Líbano,698.25
2018,9,MY,Malasia,10235.25
2018,9,MY,Malasia,335.16
2018,9,NO,Noruega,3231.9
2018,9,NO,Noruega,1005.48
2018,9,NZ,Nueva Zelandia,3543.12
2018,9,NZ,Nueva Zelandia,1228.32
2018,9,PA,Panamá,9850.5
2018,9,PA,Panamá,2898.68
2018,9,NL,Países Bajos,30249.82
2018,9,NL,Países Bajos,4152.96
2018,9,PE,Perú,28054.8
2018,9,PR,Puerto Rico,8208.0
2018,9,PR,Puerto Rico,3069.0
2018,9,GB,Reino Unido,203901.56
2018,9,GB,Reino Unido,87867.0
2018,9,DO,República Dominicana,405.0
2018,9,RO,Rumania,7756.56
2018,9,RU,Rusia,42067.92
2018,9,RU,Rusia,10581.22
2018,9,RS,Serbia,10725.12
2018,9,SG,Singapur,92079.0
2018,9,SG,Singapur,33783.25
2018,9,ZA,Sudáfrica,62982.0
2018,9,ZA,Sudáfrica,25845.92
2018,9,SE,Suecia,1675.8
2018,9,SE,Suecia,4277.28
2018,9,CH,Suiza,2478.0
2018,9,SR,Suriname,11080.8
2018,9,TH,Tailandia,6840.0
2018,9,TW,Taiwán (Región),21681.0
2018,9,TW,Taiwán (Región),4572.0
2018,9,TT,Trinidad y Tobago,8208.0
2018,9,TR,Turquía,128090.4
2018,9,TR,Turquía,11120.82
2018,9,UY,Uruguay,4514.4
2018,9,UY,Uruguay,2994.89
2018,9,VN,Vietnam,9936.0
2018,10,DE,Alemania,457960.1
2018,10,DE,Alemania,121529.51
2018,10,AW,Aruba,72.0
2018,10,AU,Australia,23802.07
2018,10,AU,Australia,80564.26
2018,10,BO,Bolivia,24000.0
2018,10,BR,Brasil,30780.0
2018,10,BR,Brasil,7956.23
2018,10,BG,Bulgaria,7780.5
2018,10,BG,Bulgaria,670.32
2018,10,BE,Bélgica,85860.32
2018,10,BE,Bélgica,1440.48
2018,10,CA,Canadá,270247.73
2018,10,CA,Canadá,118617.77
2018,10,CL,Chile,17254.35
2018,10,CL,Chile,427.84
2018,10,CN,China,111654.84
2018,10,CN,China,5497.2
2018,10,CY,Chipre,27300.0
2018,10,CO,Colombia,116721.15
2018,10,CO,Colombia,57441.66
2018,10,KR,Corea del Sur,33363.36
2018,10,KR,Corea del Sur,9711.0
2018,10,CR,Costa Rica,12820.95
2018,10,CR,Costa Rica,14008.78
2018,10,CU,Cuba,37092.75
2018,10,EC,Ecuador,43851.86
2018,10,AE,Emiratos Árabes Unidos,17852.64
2018,10,AE,Emiratos Árabes Unidos,2093.25
2018,10,ES,España,254770.43
2018,10,ES,España,32884.38
2018,10,US,Estados Unidos,8339001.36
2018,10,US,Estados Unidos,8701077.76
2018,10,EE,Estonia,11108.16
2018,10,EE,Estonia,782.04
2018,10,PH,Filipinas,105534.72
2018,10,PH,Filipinas,6885.0
2018,10,FR,Francia,265797.64
2018,10,FR,Francia,19.25
2018,10,GE,Georgia,24507.0
2018,10,GR,Grecia,93844.8
2018,10,GR,Grecia,5914.23
2018,10,GT,Guatemala,36650.4
2018,10,GT,Guatemala,9050.35
2018,10,HN,Honduras,16455.6
2018,10,HN,Honduras,11058.31
2018,10,HK,Hong Kong,9533.25
2018,10,HK,Hong Kong,2295.0
2018,10,HU,Hungría,11286.0
2018,10,IN,India,5040.0
2018,10,IE,Irlanda,10054.8
2018,10,VI,Islas Vírgenes,4032.0
2018,10,VI,Islas Vírgenes,4095.0
2018,10,IL,Israel,9384.48
2018,10,IL,Israel,461.25
2018,10,IT,Italia,29433.6
2018,10,JP,Japón,178731.0
2018,10,JP,Japón,14660.22
2018,10,QA,Katar,5564.88
2018,10,BS,Las Bahamas,13384.8
2018,10,BS,Las Bahamas,326.25
2018,10,LV,Letonia,208408.23
2018,10,LV,Letonia,8993.46
2018,10,LB,Líbano,16470.72
2018,10,LB,Líbano,670.32
2018,10,NI,Nicaragua,433.12
2018,10,NI,Nicaragua,98.33
2018,10,NG,Nigeria,27360.0
2018,10,NZ,Nueva Zelandia,3996.78
2018,10,NZ,Nueva Zelandia,12076.26
2018,10,PA,Panamá,51339.6
2018,10,PA,Panamá,52582.79
2018,10,PY,Paraguay,11100.0
2018,10,NL,Países Bajos,4548.6
2018,10,NL,Países Bajos,12501.04
2018,10,PE,Perú,13132.8
2018,10,PE,Perú,1620.0
2018,10,PL,Polonia,4277.28
2018,10,PT,Portugal,19391.4
2018,10,PT,Portugal,1340.64
2018,10,PR,Puerto Rico,18648.0
2018,10,PR,Puerto Rico,4860.0
2018,10,GB,Reino Unido,44767.8
2018,10,GB,Reino Unido,77784.3
2018,10,DO,República Dominicana,18057.6
2018,10,DO,República Dominicana,9714.56
2018,10,SG,Singapur,16843.5
2018,10,SG,Singapur,32122.91
2018,10,LK,Sri Lanka,630.0
2018,10,ZA,Sudáfrica,144933.3
2018,10,ZA,Sudáfrica,15188.34
2018,10,SE,Suecia,8498.7
2018,10,SE,Suecia,1488.38
2018,10,CH,Suiza,9216.9
2018,10,CH,Suiza,1005.48
2018,10,SR,Suriname,18536.4
2018,10,TW,Taiwán (Región),34128.0
2018,10,TW,Taiwán (Región),2664.0
2018,10,TR,Turquía,43958.4
2018,10,UY,Uruguay,5670.0
2018,10,VN,Vietnam,39303.0
2018,11,DE,Alemania,332688.32
2018,11,DE,Alemania,68985.94
2018,11,AR,Argentina,0.4
2018,11,AW,Aruba,5745.6
2018,11,AU,Australia,58485.48
2018,11,AU,Australia,52474.15
2018,11,AT,Austria,3591.0
2018,11,AT,Austria,5883.54
2018,11,BO,Bolivia,12000.0
2018,11,BW,Botswana,3.0
2018,11,BR,Brasil,61560.0
2018,11,BR,Brasil,2236.5
2018,11,BE,Bélgica,55651.06
2018,11,BE,Bélgica,1010.62
2018,11,CA,Canadá,45941.8
2018,11,CA,Canadá,97327.4
2018,11,CL,Chile,55327.95
2018,11,CL,Chile,2056.5
2018,11,CN,China,101072.4
2018,11,CN,China,1344.39
2018,11,CY,Chipre,5745.6
2018,11,CY,Chipre,27000.0
2018,11,CO,Colombia,68922.0
2018,11,CO,Colombia,37687.03
2018,11,KR,Corea del Sur,37585.8
2018,11,KR,Corea del Sur,5211.0
2018,11,CR,Costa Rica,18188.4
2018,11,CR,Costa Rica,13166.53
2018,11,DK,Dinamarca,92.4
2018,11,EC,Ecuador,66027.61
2018,11,SV,El Salvador,1450.58
2018,11,AE,Emiratos Árabes Unidos,16203.78
2018,11,AE,Emiratos Árabes Unidos,4932.6
2018,11,SK,Eslovaquia,7.98
2018,11,ES,España,131386.87
2018,11,ES,España,22413.46
2018,11,US,Estados Unidos,5859247.36
2018,11,US,Estados Unidos,8577250.41
2018,11,PH,Filipinas,33211.35
2018,11,PH,Filipinas,2104.65
2018,11,FR,Francia,244913.38
2018,11,FR,Francia,1800.0
2018,11,GE,Georgia,7541.1
2018,11,GR,Grecia,11080.23
2018,11,GT,Guatemala,13514.4
2018,11,GT,Guatemala,2062.15
2018,11,HN,Honduras,16182.0
2018,11,HN,Honduras,4714.04
2018,11,HK,Hong Kong,5391.0
2018,11,HU,Hungría,5266.8
2018,11,IE,Irlanda,10260.0
2018,11,IE,Irlanda,1080.0
2018,11,KY,Islas Caimán,135.0
2018,11,IL,Israel,16949.52
2018,11,IL,Israel,3633.0
2018,11,IT,Italia,102779.63
2018,11,IT,Italia,15509.76
2018,11,JP,Japón,243152.4
2018,11,JP,Japón,8565.75
2018,11,BS,Las Bahamas,342.0
2018,11,LV,Letonia,125639.97
2018,11,LV,Letonia,46931.47
2018,11,LB,Líbano,5544.0
2018,11,MY,Malasia,11232.0
2018,11,MY,Malasia,708.75
2018,11,NI,Nicaragua,15293.47
2018,11,NI,Nicaragua,883.35
2018,11,NZ,Nueva Zelandia,36587.52
2018,11,NZ,Nueva Zelandia,6574.2
2018,11,PA,Panamá,113931.0
2018,11,PA,Panamá,30891.67
2018,11,PY,Paraguay,7387.2
2018,11,PY,Paraguay,207.0
2018,11,NL,Países Bajos,63534.1
2018,11,NL,Países Bajos,7094.85
2018,11,PE,Perú,26236.8
2018,11,PE,Perú,8574.75
2018,11,PT,Portugal,10413.9
2018,11,PT,Portugal,3.99
2018,11,PR,Puerto Rico,10944.0
2018,11,PR,Puerto Rico,18229.5
2018,11,GB,Reino Unido,19950.0
2018,11,GB,Reino Unido,137542.23
2018,11,DO,República Dominicana,8618.4
2018,11,DO,República Dominicana,1215.0
2018,11,RU,Rusia,50348.97
2018,11,RU,Rusia,32009.55
2018,11,RS,Serbia,10725.12
2018,11,SG,Singapur,51967.8
2018,11,SG,Singapur,26808.01
2018,11,ZA,Sudáfrica,49103.3
2018,11,ZA,Sudáfrica,20560.8
2018,11,SE,Suecia,145.95
2018,11,CH,Suiza,1318.5
2018,11,TH,Tailandia,24111.57
2018,11,TW,Taiwán (Región),5190.0
2018,11,TW,Taiwán (Región),9144.0
2018,11,TT,Trinidad y Tobago,8208.0
2018,11,TR,Turquía,37707.66
2018,11,TR,Turquía,360.0
2018,11,UY,Uruguay,17518.5
2018,11,UY,Uruguay,2486.86
2018,11,VN,Vietnam,32130.0
2018,11,VN,Vietnam,7726.5
2018,12,DE,Alemania,206584.19
2018,12,DE,Alemania,27409.65
2018,12,AU,Australia,40145.21
2018,12,AU,Australia,113795.99
2018,12,AT,Austria,3.6
2018,12,BO,Bolivia,21439.2
2018,12,BR,Brasil,37065.6
2018,12,BR,Brasil,20691.9
2018,12,BE,Bélgica,42740.44
2018,12,BE,Bélgica,670.32
2018,12,CA,Canadá,78399.91
2018,12,CA,Canadá,50964.03
2018,12,CZ,Chequia,16929.0
2018,12,CZ,Chequia,1420.44
2018,12,CL,Chile,89371.2
2018,12,CL,Chile,1395.0
2018,12,CN,China,132066.0
2018,12,CN,China,4644.24
2018,12,CO,Colombia,66996.45
2018,12,CO,Colombia,31451.19
2018,12,KR,Corea del Sur,64726.32
2018,12,KR,Corea del Sur,1650.0
2018,12,CR,Costa Rica,12651.3
2018,12,CR,Costa Rica,15490.57
2018,12,HR,Croacia,11491.2
2018,12,CU,Cuba,13959.3
2018,12,CU,Cuba,438.9
2018,12,EC,Ecuador,99080.61
2018,12,SV,El Salvador,3496.88
2018,12,AE,Emiratos Árabes Unidos,61291.8
2018,12,AE,Emiratos Árabes Unidos,5448.06
2018,12,ES,España,230967.69
2018,12,ES,España,20277.64
2018,12,US,Estados Unidos,4196719.31
2018,12,US,Estados Unidos,7243518.78
2018,12,PH,Filipinas,9576.0
2018,12,PH,Filipinas,6625.8
2018,12,FR,Francia,189680.54
2018,12,FR,Francia,20263.54
2018,12,GH,Ghana,8122.5
2018,12,GR,Grecia,74692.8
2018,12,GR,Grecia,4160.62
2018,12,GT,Guatemala,867.0
2018,12,GT,Guatemala,3042.45
2018,12,HN,Honduras,5611.12
2018,12,HK,Hong Kong,4995.0
2018,12,HK,Hong Kong,807.57
2018,12,HU,Hungría,5877.84
2018,12,IN,India,43350.0
2018,12,IN,India,4275.0
2018,12,IL,Israel,7852.32
2018,12,IL,Israel,335.16
2018,12,IT,Italia,7182.0
2018,12,IT,Italia,45317.28
2018,12,JP,Japón,94644.0
2018,12,JP,Japón,21929.58
2018,12,QA,Katar,5598.96
2018,12,LV,Letonia,57624.72
2018,12,LV,Letonia,18337.98
2018,12,LT,Lituania,5472.0
2018,12,MY,Malasia,2223.0
2018,12,NG,Nigeria,22230.0
2018,12,NZ,Nueva Zelandia,16837.49
2018,12,NZ,Nueva Zelandia,4340.77
2018,12,PA,Panamá,20400.0
2018,12,PA,Panamá,11084.17
2018,12,NL,Países Bajos,6463.8
2018,12,NL,Países Bajos,10094.4
2018,12,PE,Perú,25840.8
2018,12,PE,Perú,10152.67
2018,12,PL,Polonia,9177.0
2018,12,GB,Reino Unido,4560.0
2018,12,GB,Reino Unido,120008.27
2018,12,RU,Rusia,30212.46
2018,12,RU,Rusia,43665.0
2018,12,SG,Singapur,101320.6
2018,12,SG,Singapur,23862.12
2018,12,ZA,Sudáfrica,164971.35
2018,12,ZA,Sudáfrica,18339.75
2018,12,SE,Suecia,3414.07
2018,12,CH,Suiza,19.95
2018,12,TH,Tailandia,10972.5
2018,12,TH,Tailandia,702.24
2018,12,TW,Taiwán (Región),25920.0
2018,12,TW,Taiwán (Región),1080.0
2018,12,TR,Turquía,27101.22
2018,12,TR,Turquía,6256.32
2019,1,DE,Alemania,218456.78
2019,1,DE,Alemania,90967.32
2019,1,AU,Australia,5985.0
2019,1,AU,Australia,44152.89
2019,1,AT,Austria,8640.0
2019,1,AT,Austria,10920.0
2019,1,BO,Bolivia,752.4
2019,1,BR,Brasil,20379.6
2019,1,BE,Bélgica,39284.33
2019,1,BE,Bélgica,2013.58
2019,1,CA,Canadá,49501.79
2019,1,CA,Canadá,93504.87
2019,1,CZ,Chequia,8394.9
2019,1,CL,Chile,25866.0
2019,1,CL,Chile,8604.0
2019,1,CN,China,13037.33
2019,1,CN,China,3.0
2019,1,CY,Chipre,462.0
2019,1,CO,Colombia,29840.7
2019,1,CO,Colombia,40958.11
2019,1,KR,Corea del Sur,20998.8
2019,1,KR,Corea del Sur,6171.0
2019,1,CR,Costa Rica,24589.95
2019,1,CU,Cuba,9319.5
2019,1,DK,Dinamarca,787.5
2019,1,SV,El Salvador,3801.6
2019,1,SV,El Salvador,8960.16
2019,1,AE,Emiratos Árabes Unidos,6390.0
2019,1,AE,Emiratos Árabes Unidos,153.0
2019,1,SK,Eslovaquia,335.16
2019,1,ES,España,454953.23
2019,1,ES,España,23698.5
2019,1,US,Estados Unidos,5900709.57
2019,1,US,Estados Unidos,7822410.44
2019,1,EE,Estonia,8426.88
2019,1,PH,Filipinas,64638.0
2019,1,FR,Francia,319893.12
2019,1,FR,Francia,4309.2
2019,1,GH,Ghana,9633.0
2019,1,GR,Grecia,5426.4
2019,1,GT,Guatemala,17857.8
2019,1,GT,Guatemala,4089.37
2019,1,HN,Honduras,8521.2
2019,1,HN,Honduras,737.77
2019,1,HK,Hong Kong,1795.5
2019,1,HK,Hong Kong,4230.0
2019,1,HU,Hungría,5928.0
2019,1,IN,India,41994.0
2019,1,ID,Indonesia,9000.0
2019,1,IE,Irlanda,10260.0
2019,1,IE,Irlanda,1008.0
2019,1,KY,Islas Caimán,6087.6
2019,1,KY,Islas Caimán,1098.0
2019,1,VG,Islas Vírgenes Británicas,4240.8
2019,1,VG,Islas Vírgenes Británicas,405.0
2019,1,IL,Israel,383.04
2019,1,IL,Israel,6783.0
2019,1,IT,Italia,59665.74
2019,1,JP,Japón,84279.93
2019,1,JP,Japón,11853.0
2019,1,KE,Kenia,11400.0
2019,1,BS,Las Bahamas,6620.4
2019,1,BS,Las Bahamas,360.0
2019,1,LV,Letonia,66467.7
2019,1,LV,Letonia,3.0
2019,1,LT,Lituania,5472.0
2019,1,MY,Malasia,385.32
2019,1,MA,Marruecos,1360.8
2019,1,NG,Nigeria,5130.0
2019,1,NO,Noruega,10413.9
2019,1,NO,Noruega,251.37
2019,1,NZ,Nueva Zelandia,957.6
2019,1,NZ,Nueva Zelandia,513.0
2019,1,PA,Panamá,24181.2
2019,1,PA,Panamá,25253.17
2019,1,NL,Países Bajos,2872.8
2019,1,NL,Países Bajos,1340.64
2019,1,PE,Perú,6156.0
2019,1,PL,Polonia,3950.1
2019,1,PR,Puerto Rico,14400.0
2019,1,PR,Puerto Rico,18621.75
2019,1,GB,Reino Unido,67433.18
2019,1,GB,Reino Unido,93944.98
2019,1,DO,República Dominicana,7797.6
2019,1,DO,República Dominicana,18945.75
2019,1,RO,Rumania,11970.0
2019,1,RS,Serbia,10725.12
2019,1,SG,Singapur,5925.15
2019,1,SG,Singapur,12018.82
2019,1,ZA,Sudáfrica,39380.4
2019,1,ZA,Sudáfrica,38560.95
2019,1,SE,Suecia,145.95
2019,1,TH,Tailandia,6384.0
2019,1,TW,Taiwán (Región),12731.4
2019,1,TW,Taiwán (Región),4860.0
2019,1,TT,Trinidad y Tobago,8193.6
2019,1,TR,Turquía,45710.58
2019,1,TR,Turquía,711.12
2019,1,UA,Ucrania,20675.19
2019,1,UA,Ucrania,5647.5
2019,1,UY,Uruguay,12489.3
2019,1,UY,Uruguay,1560.8
2019,2,DE,Alemania,257090.63
2019,2,DE,Alemania,34921.41
2019,2,AN,Antillas Holandesas,4833.6
2019,2,AN,Antillas Holandesas,380.25
2019,2,AW,Aruba,144.0
2019,2,AU,Australia,12390.67
2019,2,AU,Australia,45253.66
2019,2,AT,Austria,13436.55
2019,2,BM,Bermuda,6224.4
2019,2,BM,Bermuda,405.0
2019,2,BR,Brasil,24213.6
2019,2,BR,Brasil,2330.33
2019,2,BE,Bélgica,33137.24
2019,2,CA,Canadá,47531.79
2019,2,CA,Canadá,87122.98
2019,2,CZ,Chequia,5250.0
2019,2,CL,Chile,56505.6
2019,2,CN,China,19531.2
2019,2,CN,China,5.25
2019,2,CY,Chipre,11682.72
2019,2,CY,Chipre,1340.64
2019,2,CO,Colombia,12697.5
2019,2,CO,Colombia,45306.25
2019,2,KR,Corea del Sur,29685.6
2019,2,KR,Corea del Sur,4347.0
2019,2,CR,Costa Rica,4299.75
2019,2,CR,Costa Rica,5771.55
2019,2,HR,Croacia,8.0
2019,2,HR,Croacia,17.55
2019,2,EC,Ecuador,1282.5
2019,2,SV,El Salvador,8550.0
2019,2,SV,El Salvador,9400.69
2019,2,AE,Emiratos Árabes Unidos,9740.1
2019,2,AE,Emiratos Árabes Unidos,4353.03
2019,2,SK,Eslovaquia,9710.4
2019,2,SK,Eslovaquia,1501.5
2019,2,ES,España,465143.92
2019,2,ES,España,43982.48
2019,2,US,Estados Unidos,7237569.55
2019,2,US,Estados Unidos,10291628.42
2019,2,PH,Filipinas,65882.88
2019,2,PH,Filipinas,4950.0
2019,2,FR,Francia,318322.49
2019,2,FR,Francia,12352.35
2019,2,GE,Georgia,25785.9
2019,2,GR,Grecia,10892.7
2019,2,GT,Guatemala,525.0
2019,2,GT,Guatemala,6730.91
2019,2,HN,Honduras,8413.2
2019,2,HN,Honduras,378.0
2019,2,HK,Hong Kong,5235.45
2019,2,HK,Hong Kong,1882.5
2019,2,HU,Hungría,5266.8
2019,2,IN,India,45636.0
2019,2,IN,India,3960.0
2019,2,ID,Indonesia,21600.0
2019,2,IQ,Irak,9792.6
2019,2,IL,Israel,5649.84
2019,2,IL,Israel,1453.32
2019,2,IT,Italia,2736.0
2019,2,IT,Italia,18076.8
2019,2,JP,Japón,165349.25
2019,2,JP,Japón,30396.83
2019,2,KE,Kenia,9256.8
2019,2,BS,Las Bahamas,7076.4
2019,2,BS,Las Bahamas,416.25
2019,2,LV,Letonia,96994.05
2019,2,LV,Letonia,48128.4
2019,2,MV,Maldivas,265.05
2019,2,NO,Noruega,18314.1
2019,2,NO,Noruega,1005.48
2019,2,PA,Panamá,54533.96
2019,2,NL,Países Bajos,9956.1
2019,2,NL,Países Bajos,3068.94
2019,2,PR,Puerto Rico,14400.0
2019,2,PR,Puerto Rico,5393.25
2019,2,GB,Reino Unido,3898.8
2019,2,GB,Reino Unido,133457.8
2019,2,RO,Rumania,12065.76
2019,2,RU,Rusia,2995.35
2019,2,RU,Rusia,4976.1
2019,2,SG,Singapur,18947.25
2019,2,SG,Singapur,16900.05
2019,2,ZA,Sudáfrica,27378.0
2019,2,ZA,Sudáfrica,2313.0
2019,2,SE,Suecia,1508.32
2019,2,CH,Suiza,81.0
2019,2,TH,Tailandia,11702.88
2019,2,TH,Tailandia,1777.32
2019,2,TW,Taiwán (Región),1.43
2019,2,TR,Turquía,43211.7
2019,2,TR,Turquía,105.0
2019,2,UA,Ucrania,23218.05
2019,2,UA,Ucrania,4154.85
2019,3,DE,Alemania,441990.87
2019,3,DE,Alemania,24095.27
2019,3,AR,Argentina,10670.4
2019,3,AW,Aruba,744.75
2019,3,AU,Australia,2394.0
2019,3,AU,Australia,65131.23
2019,3,AT,Austria,3063.75
2019,3,BY,Bielorrusia,3944.4
2019,3,BO,Bolivia,18878.4
2019,3,BO,Bolivia,2865.6
2019,3,BR,Brasil,61455.6
2019,3,BR,Brasil,6589.5
2019,3,BG,Bulgaria,7421.4
2019,3,BG,Bulgaria,670.32
2019,3,BE,Bélgica,31832.37
2019,3,CA,Canadá,19398.6
2019,3,CA,Canadá,112351.15
2019,3,CL,Chile,8208.0
2019,3,CL,Chile,8433.0
2019,3,CN,China,18673.2
2019,3,CN,China,6204.49
2019,3,CO,Colombia,58555.45
2019,3,CO,Colombia,47542.74
2019,3,KR,Corea del Sur,19767.6
2019,3,KR,Corea del Sur,679.8
2019,3,CR,Costa Rica,12539.21
2019,3,DK,Dinamarca,3045.7
2019,3,EC,Ecuador,57748.91
2019,3,EC,Ecuador,1966.5
2019,3,SV,El Salvador,12621.6
2019,3,SV,El Salvador,9547.88
2019,3,AE,Emiratos Árabes Unidos,47925.78
2019,3,AE,Emiratos Árabes Unidos,11526.57
2019,3,ES,España,212553.6
2019,3,ES,España,22740.21
2019,3,US,Estados Unidos,5642348.97
2019,3,US,Estados Unidos,9561648.41
2019,3,EE,Estonia,3447.36
2019,3,EE,Estonia,670.32
2019,3,FR,Francia,304846.55
2019,3,FR,Francia,18416.52
2019,3,GR,Grecia,21119.14
2019,3,GU,Guam,9036.0
2019,3,GU,Guam,1620.0
2019,3,GT,Guatemala,12052.5
2019,3,GT,Guatemala,11512.69
2019,3,HN,Honduras,8946.0
2019,3,HN,Honduras,12829.69
2019,3,HK,Hong Kong,11596.5
2019,3,HK,Hong Kong,1136.76
2019,3,IN,India,2160.0
2019,3,IQ,Irak,10830.0
2019,3,IE,Irlanda,20520.0
2019,3,IL,Israel,8714.16
2019,3,IL,Israel,378.0
2019,3,IT,Italia,52548.3
2019,3,IT,Italia,58488.9
2019,3,JM,Jamaica,19972.8
2019,3,JP,Japón,125638.2
2019,3,JP,Japón,8224.17
2019,3,KE,Kenia,1573.2
2019,3,BS,Las Bahamas,6962.4
2019,3,BS,Las Bahamas,438.0
2019,3,LV,Letonia,13185.81
2019,3,LV,Letonia,11445.3
2019,3,LT,Lituania,5711.4
2019,3,LB,Líbano,8426.88
2019,3,MY,Malasia,10491.75
2019,3,MY,Malasia,315.0
2019,3,NI,Nicaragua,8247.6
2019,3,NI,Nicaragua,1239.6
2019,3,NG,Nigeria,44460.0
2019,3,NZ,Nueva Zelandia,20876.18
2019,3,NZ,Nueva Zelandia,17446.02
2019,3,PA,Panamá,26966.4
2019,3,PA,Panamá,26059.65
2019,3,PY,Paraguay,15184.8
2019,3,PY,Paraguay,81.0
2019,3,PE,Perú,28317.6
2019,3,PE,Perú,855.0
2019,3,PL,Polonia,6287.4
2019,3,PT,Portugal,7056.0
2019,3,PR,Puerto Rico,18144.0
2019,3,PR,Puerto Rico,10026.0
2019,3,GB,Reino Unido,30343.95
2019,3,GB,Reino Unido,66812.43
2019,3,DO,República Dominicana,8208.0
2019,3,DO,República Dominicana,10083.75
2019,3,RU,Rusia,10716.0
2019,3,RU,Rusia,13824.0
2019,3,SG,Singapur,23122.39
2019,3,ZA,Sudáfrica,18453.6
2019,3,ZA,Sudáfrica,35091.19
2019,3,SE,Suecia,2427.6
2019,3,CH,Suiza,346.5
2019,3,TW,Taiwán (Región),16743.6
2019,3,TW,Taiwán (Región),2160.0
2019,3,TT,Trinidad y Tobago,4.5
2019,3,TR,Turquía,83238.18
2019,3,TR,Turquía,5035.38
2019,3,UA,Ucrania,5827.5
2019,3,UY,Uruguay,5850.0
2019,4,DE,Alemania,459655.83
2019,4,DE,Alemania,40572.88
2019,4,AU,Australia,15734.46
2019,4,AU,Australia,81387.69
2019,4,AT,Austria,598.5
2019,4,BO,Bolivia,543.15
2019,4,BO,Bolivia,5460.0
2019,4,BR,Brasil,18878.4
2019,4,BR,Brasil,9919.8
2019,4,BE,Bélgica,73274.72
2019,4,BE,Bélgica,1675.8
2019,4,CA,Canadá,49381.2
2019,4,CA,Canadá,139294.44
2019,4,CZ,Chequia,3024.42
2019,4,CZ,Chequia,518.7
2019,4,CL,Chile,14292.0
2019,4,CL,Chile,806.4
2019,4,CN,China,16598.4
2019,4,CN,China,10800.0
2019,4,CO,Colombia,48654.9
2019,4,CO,Colombia,28475.78
2019,4,KR,Corea del Sur,37346.4
2019,4,KR,Corea del Sur,2403.0
2019,4,CR,Costa Rica,6455.4
2019,4,CR,Costa Rica,14825.62
2019,4,CU,Cuba,21118.5
2019,4,DK,Dinamarca,4812.0
2019,4,SV,El Salvador,12591.75
2019,4,ES,España,313008.25
2019,4,ES,España,38943.68
2019,4,US,Estados Unidos,8300906.68
2019,4,US,Estados Unidos,9823986.73
2019,4,EE,Estonia,15225.84
2019,4,EE,Estonia,335.16
2019,4,PH,Filipinas,125143.28
2019,4,PH,Filipinas,12.75
2019,4,FR,Francia,350514.74
2019,4,FR,Francia,23336.49
2019,4,GR,Grecia,22216.32
2019,4,GR,Grecia,3874.86
2019,4,GT,Guatemala,17398.8
2019,4,GT,Guatemala,9495.67
2019,4,HK,Hong Kong,1147.5
2019,4,HU,Hungría,5928.0
2019,4,IN,India,1.88
2019,4,KY,Islas Caimán,7524.0
2019,4,VI,Islas Vírgenes,3024.0
2019,4,VI,Islas Vírgenes,3978.0
2019,4,IT,Italia,49746.48
2019,4,IT,Italia,214330.74
2019,4,JP,Japón,123384.0
2019,4,JP,Japón,19719.36
2019,4,QA,Katar,13704.72
2019,4,QA,Katar,1260.0
2019,4,BS,Las Bahamas,7099.2
2019,4,LV,Letonia,36867.6
2019,4,LV,Letonia,45183.0
2019,4,LB,Líbano,16087.68
2019,4,MU,Mauricio,11741.93
2019,4,NI,Nicaragua,1325.25
2019,4,NG,Nigeria,33345.0
2019,4,NO,Noruega,14124.6
2019,4,NO,Noruega,2124.67
2019,4,NZ,Nueva Zelandia,14850.0
2019,4,NZ,Nueva Zelandia,3713.52
2019,4,PA,Panamá,14745.6
2019,4,PA,Panamá,12040.35
2019,4,PY,Paraguay,28317.6
2019,4,NL,Países Bajos,64911.31
2019,4,NL,Países Bajos,18211.94
2019,4,PE,Perú,45186.3
2019,4,PE,Perú,2424.21
2019,4,PL,Polonia,10461.78
2019,4,PR,Puerto Rico,11898.0
2019,4,PR,Puerto Rico,7807.5
2019,4,GB,Reino Unido,78796.8
2019,4,GB,Reino Unido,108890.51
2019,4,DO,República Dominicana,18633.0
2019,4,RU,Rusia,21154.14
2019,4,RU,Rusia,29820.0
2019,4,SG,Singapur,18827.1
2019,4,SG,Singapur,27096.64
2019,4,LK,Sri Lanka,1350.0
2019,4,ZA,Sudáfrica,9288.0
2019,4,ZA,Sudáfrica,1027.12
2019,4,SE,Suecia,1675.8
2019,4,SR,Suriname,9781.2
2019,4,TH,Tailandia,9240.84
2019,4,TH,Tailandia,1340.64
2019,4,TR,Turquía,8820.0
2019,4,UY,Uruguay,8208.0
2019,4,VN,Vietnam,21268.8
2019,5,DE,Alemania,373052.06
2019,5,DE,Alemania,24551.16
2019,5,AN,Antillas Holandesas,3762.0
2019,5,AN,Antillas Holandesas,585.0
2019,5,AW,Aruba,11901.6
2019,5,AU,Australia,8618.4
2019,5,AU,Australia,69490.21
2019,5,BO,Bolivia,28274.4
2019,5,BO,Bolivia,3334.5
2019,5,BR,Brasil,74282.4
2019,5,BR,Brasil,10260.0
2019,5,BG,Bulgaria,32804.17
2019,5,BE,Bélgica,34858.4
2019,5,CA,Canadá,54867.05
2019,5,CA,Canadá,189580.29
2019,5,CL,Chile,18378.0
2019,5,CN,China,199458.36
2019,5,CN,China,8077.62
2019,5,CY,Chipre,18960.48
2019,5,CO,Colombia,116136.9
2019,5,CO,Colombia,97916.36
2019,5,KR,Corea del Sur,69775.2
2019,5,KR,Corea del Sur,13112.88
2019,5,CR,Costa Rica,1612.8
2019,5,CR,Costa Rica,13463.85
2019,5,DK,Dinamarca,567.0
2019,5,EC,Ecuador,8208.0
2019,5,EC,Ecuador,758.47
2019,5,SV,El Salvador,20493.6
2019,5,SV,El Salvador,18609.0
2019,5,AE,Emiratos Árabes Unidos,32663.46
2019,5,AE,Emiratos Árabes Unidos,11168.7
2019,5,SI,Eslovenia,2646.0
2019,5,ES,España,226619.06
2019,5,ES,España,50253.89
2019,5,US,Estados Unidos,8571929.07
2019,5,US,Estados Unidos,10797986.97
2019,5,EE,Estonia,3742.62
2019,5,EE,Estonia,335.16
2019,5,PH,Filipinas,59602.62
2019,5,PH,Filipinas,4588.59
2019,5,FR,Francia,392682.52
2019,5,FR,Francia,10166.58
2019,5,GE,Georgia,19561.5
2019,5,GR,Grecia,85868.88
2019,5,GR,Grecia,26263.62
2019,5,GU,Guam,8568.0
2019,5,GU,Guam,2025.0
2019,5,GT,Guatemala,8599.2
2019,5,GT,Guatemala,7970.53
2019,5,HN,Honduras,15224.4
2019,5,HN,Honduras,8704.31
2019,5,HK,Hong Kong,12989.25
2019,5,HK,Hong Kong,1194.48
2019,5,HU,Hungría,6270.0
2019,5,HU,Hungría,5928.0
2019,5,IN,India,15984.0
2019,5,IN,India,18000.0
2019,5,ID,Indonesia,19800.0
2019,5,IE,Irlanda,22178.7
2019,5,IE,Irlanda,1679.58
2019,5,IL,Israel,36632.52
2019,5,IL,Israel,963.0
2019,5,IT,Italia,46802.7
2019,5,IT,Italia,99239.01
2019,5,JM,Jamaica,8208.0
2019,5,JP,Japón,167256.0
2019,5,JP,Japón,21163.54
2019,5,KE,Kenia,7758.0
2019,5,KE,Kenia,990.0
2019,5,BS,Las Bahamas,7441.2
2019,5,BS,Las Bahamas,840.0
2019,5,LV,Letonia,320411.25
2019,5,LV,Letonia,57377.64
2019,5,LB,Líbano,8043.84
2019,5,MY,Malasia,6480.0
2019,5,NO,Noruega,12329.1
2019,5,NO,Noruega,3411.45
2019,5,NZ,Nueva Zelandia,12370.65
2019,5,NZ,Nueva Zelandia,6750.05
2019,5,PA,Panamá,70824.0
2019,5,PA,Panamá,38423.41
2019,5,PY,Paraguay,14364.0
2019,5,PY,Paraguay,110.92
2019,5,NL,Países Bajos,51220.0
2019,5,NL,Países Bajos,4644.36
2019,5,PE,Perú,34783.2
2019,5,PE,Perú,8212.5
2019,5,PL,Polonia,24259.2
2019,5,PL,Polonia,9202.2
2019,5,PT,Portugal,10413.9
2019,5,PR,Puerto Rico,23616.0
2019,5,PR,Puerto Rico,35370.0
2019,5,GB,Reino Unido,135500.4
2019,5,GB,Reino Unido,113047.01
2019,5,DO,República Dominicana,8618.4
2019,5,DO,República Dominicana,9442.5
2019,5,RO,Rumania,11395.44
2019,5,RU,Rusia,26091.09
2019,5,RU,Rusia,33086.7
2019,5,RS,Serbia,21450.24
2019,5,SG,Singapur,157379.4
2019,5,SG,Singapur,28141.6
2019,5,ZA,Sudáfrica,171670.95
2019,5,ZA,Sudáfrica,15138.67
2019,5,SE,Suecia,279.3
2019,5,CH,Suiza,684.0
2019,5,CH,Suiza,6811.26
2019,5,TH,Tailandia,12113.64
2019,5,TH,Tailandia,1858.32
2019,5,TW,Taiwán (Región),11052.9
2019,5,TW,Taiwán (Región),4455.0
2019,5,TT,Trinidad y Tobago,7995.6
2019,5,TR,Turquía,35805.12
2019,5,TR,Turquía,31143.84
2019,5,VN,Vietnam,33120.0
2019,5,VN,Vietnam,4683.69
2019,6,DE,Alemania,325530.35
2019,6,DE,Alemania,22473.99
2019,6,AN,Antillas Holandesas,2872.8
2019,6,AN,Antillas Holandesas,405.0
2019,6,AR,Argentina,9439.2
2019,6,AR,Argentina,1109.22
2019,6,AU,Australia,26387.76
2019,6,AU,Australia,102804.66
2019,6,AT,Austria,4256.76
2019,6,BY,Bielorrusia,4.12
2019,6,BO,Bolivia,64432.8
2019,6,BO,Bolivia,792.3
2019,6,BR,Brasil,35114.4
2019,6,BR,Brasil,234.0
2019,6,BG,Bulgaria,7944.09
2019,6,BE,Bélgica,48590.96
2019,6,BE,Bélgica,6552.89
2019,6,CA,Canadá,27744.8
2019,6,CA,Canadá,119779.26
2019,6,CZ,Chequia,18411.0
2019,6,CL,Chile,7437.6
2019,6,CL,Chile,369.0
2019,6,CN,China,21579.23
2019,6,CN,China,8468.08
2019,6,CY,Chipre,14364.0
2019,6,CO,Colombia,85735.54
2019,6,CO,Colombia,25961.19
2019,6,KR,Corea del Sur,28557.0
2019,6,CR,Costa Rica,3484.8
2019,6,CR,Costa Rica,10128.45
2019,6,EC,Ecuador,37418.51
2019,6,EC,Ecuador,1350.0
2019,6,SV,El Salvador,10788.75
2019,6,SV,El Salvador,75.0
2019,6,AE,Emiratos Árabes Unidos,43124.28
2019,6,AE,Emiratos Árabes Unidos,8847.6
2019,6,ES,España,232301.38
2019,6,ES,España,40492.62
2019,6,US,Estados Unidos,8884036.75
2019,6,US,Estados Unidos,10513721.23
2019,6,EE,Estonia,478.8
2019,6,EE,Estonia,670.32
2019,6,PH,Filipinas,82944.12
2019,6,FR,Francia,161523.0
2019,6,FR,Francia,15162.0
2019,6,GE,Georgia,9128.7
2019,6,GR,Grecia,15313.62
2019,6,GR,Grecia,22378.41
2019,6,GU,Guam,2160.0
2019,6,GT,Guatemala,8050.2
2019,6,GT,Guatemala,7188.3
2019,6,HK,Hong Kong,3456.0
2019,6,HK,Hong Kong,2767.47
2019,6,IN,India,59544.0
2019,6,IN,India,8665.5
2019,6,IE,Irlanda,1080.0
2019,6,VI,Islas Vírgenes,3528.0
2019,6,VI,Islas Vírgenes,499.5
2019,6,IL,Israel,7410.0
2019,6,IL,Israel,335.16
2019,6,IT,Italia,85953.7
2019,6,IT,Italia,102338.28
2019,6,JP,Japón,86878.9
2019,6,JP,Japón,3672.39
2019,6,QA,Katar,6394.8
2019,6,BS,Las Bahamas,1194.0
2019,6,LV,Letonia,151357.95
2019,6,LV,Letonia,27260.1
2019,6,MY,Malasia,22443.75
2019,6,MY,Malasia,378.0
2019,6,NI,Nicaragua,7098.0
2019,6,NI,Nicaragua,2979.0
2019,6,NG,Nigeria,22230.0
2019,6,NO,Noruega,1915.2
2019,6,NO,Noruega,1340.64
2019,6,NZ,Nueva Zelandia,9671.76
2019,6,NZ,Nueva Zelandia,17290.56
2019,6,PA,Panamá,21356.1
2019,6,PA,Panamá,29192.47
2019,6,PY,Paraguay,12312.0
2019,6,PY,Paraguay,810.0
2019,6,NL,Países Bajos,43790.96
2019,6,NL,Países Bajos,4.5
2019,6,PE,Perú,8012.66
2019,6,PR,Puerto Rico,12600.0
2019,6,PR,Puerto Rico,4432.5
2019,6,GB,Reino Unido,128405.47
2019,6,GB,Reino Unido,149280.31
2019,6,DO,República Dominicana,17648.51
2019,6,DO,República Dominicana,10584.38
2019,6,RO,Rumania,3830.4
2019,6,RU,Rusia,9696.65
2019,6,RU,Rusia,20736.0
2019,6,SG,Singapur,98472.32
2019,6,SG,Singapur,18613.2
2019,6,ZA,Sudáfrica,68798.88
2019,6,ZA,Sudáfrica,50201.1
2019,6,SE,Suecia,2960.47
2019,6,CH,Suiza,8618.4
2019,6,CH,Suiza,1390.51
2019,6,TH,Tailandia,22383.9
2019,6,TW,Taiwán (Región),8532.0
2019,6,TR,Turquía,38169.06
2019,6,TR,Turquía,3982.02
2019,6,UA,Ucrania,10302.75
2019,6,UA,Ucrania,4117.5
2019,6,UY,Uruguay,6103.12
2019,6,VN,Vietnam,19872.0
2019,6,VN,Vietnam,2835.0
2019,7,DE,Alemania,420234.46
2019,7,DE,Alemania,17943.29
2019,7,AW,Aruba,333.0
2019,7,AU,Australia,1995.0
2019,7,AU,Australia,63519.96
2019,7,AT,Austria,4668.3
2019,7,AT,Austria,2346.12
2019,7,BH,Bahrein,5586.0
2019,7,BB,Barbados,4446.0
2019,7,BY,Bielorrusia,16710.3
2019,7,BY,Bielorrusia,2186.52
2019,7,BO,Bolivia,900.0
2019,7,BR,Brasil,84952.8
2019,7,BR,Brasil,108.0
2019,7,BE,Bélgica,41570.4
2019,7,CA,Canadá,20607.28
2019,7,CA,Canadá,127301.61
2019,7,CL,Chile,58466.4
2019,7,CL,Chile,16452.0
2019,7,CN,China,78249.6
2019,7,CN,China,23537.03
2019,7,CO,Colombia,46537.2
2019,7,CO,Colombia,55731.09
2019,7,CR,Costa Rica,7736.25
2019,7,CU,Cuba,9519.0
2019,7,CU,Cuba,219.45
2019,7,DK,Dinamarca,43.8
2019,7,EC,Ecuador,7.5
2019,7,SV,El Salvador,27412.8
2019,7,SV,El Salvador,9630.14
2019,7,AE,Emiratos Árabes Unidos,32410.38
2019,7,AE,Emiratos Árabes Unidos,6455.76
2019,7,SK,Eslovaquia,6457.5
2019,7,SK,Eslovaquia,686.7
2019,7,ES,España,258639.93
2019,7,ES,España,34578.6
2019,7,US,Estados Unidos,8510243.41
2019,7,US,Estados Unidos,10331229.19
2019,7,EE,Estonia,2585.52
2019,7,EE,Estonia,335.16
2019,7,PH,Filipinas,26429.76
2019,7,FR,Francia,217169.25
2019,7,FR,Francia,15258.15
2019,7,GR,Grecia,42517.44
2019,7,GR,Grecia,17273.76
2019,7,GT,Guatemala,7333.2
2019,7,GT,Guatemala,3237.96
2019,7,HN,Honduras,7167.6
2019,7,HN,Honduras,1466.09
2019,7,HK,Hong Kong,7200.0
2019,7,HK,Hong Kong,2304.0
2019,7,HU,Hungría,17806.8
2019,7,HU,Hungría,5928.0
2019,7,IN,India,7205.25
2019,7,IE,Irlanda,10260.0
2019,7,VG,Islas Vírgenes Británicas,5198.4
2019,7,IL,Israel,4500.72
2019,7,IT,Italia,25034.4
2019,7,IT,Italia,97014.33
2019,7,JP,Japón,87942.91
2019,7,JP,Japón,20503.11
2019,7,QA,Katar,9779.76
2019,7,QA,Katar,882.0
2019,7,BS,Las Bahamas,22013.4
2019,7,BS,Las Bahamas,360.0
2019,7,LV,Letonia,162339.99
2019,7,LV,Letonia,43170.52
2019,7,LT,Lituania,6030.6
2019,7,LT,Lituania,2.25
2019,7,LB,Líbano,6894.72
2019,7,LB,Líbano,819.94
2019,7,MY,Malasia,1111.5
2019,7,NO,Noruega,10054.8
2019,7,NO,Noruega,670.32
2019,7,NZ,Nueva Zelandia,38509.92
2019,7,NZ,Nueva Zelandia,10204.32
2019,7,PA,Panamá,32296.58
2019,7,PY,Paraguay,17647.2
2019,7,NL,Países Bajos,1264.5
2019,7,PE,Perú,3.94
2019,7,PL,Polonia,4788.0
2019,7,PR,Puerto Rico,9318.09
2019,7,PR,Puerto Rico,28094.62
2019,7,GB,Reino Unido,91332.06
2019,7,DO,República Dominicana,9360.15
2019,7,RO,Rumania,7182.0
2019,7,RU,Rusia,27248.85
2019,7,RU,Rusia,9037.35
2019,7,RS,Serbia,21450.24
2019,7,SG,Singapur,66552.52
2019,7,SG,Singapur,22523.52
2019,7,LK,Sri Lanka,1800.0
2019,7,ZA,Sudáfrica,190778.54
2019,7,ZA,Sudáfrica,23823.0
2019,7,SE,Suecia,8903.92
2019,7,CH,Suiza,5115.6
2019,7,TH,Tailandia,108.0
2019,7,TH,Tailandia,9458.4
2019,7,TW,Taiwán (Región),9027.0
2019,7,TR,Turquía,73947.72
2019,7,TR,Turquía,480.0
2019,7,UA,Ucrania,10302.75
2019,7,UA,Ucrania,2610.0
2019,7,UY,Uruguay,6472.35
2019,7,VN,Vietnam,28080.0
2019,8,DE,Alemania,613859.8
2019,8,DE,Alemania,32649.6
2019,8,AW,Aruba,11764.8
2019,8,AW,Aruba,2311.88
2019,8,AU,Australia,62083.76
2019,8,AU,Australia,49045.05
2019,8,AT,Austria,2640.24
2019,8,AZ,Azerbaiyán,1765.35
2019,8,BO,Bolivia,6537.6
2019,8,BO,Bolivia,1611.0
2019,8,BR,Brasil,22161.6
2019,8,BR,Brasil,20520.0
2019,8,BE,Bélgica,31939.37
2019,8,BE,Bélgica,2384.02
2019,8,CA,Canadá,12255.35
2019,8,CA,Canadá,135005.31
2019,8,CL,Chile,46774.8
2019,8,CL,Chile,662.17
2019,8,CN,China,104296.8
2019,8,CN,China,6634.74
2019,8,CY,Chipre,546.0
2019,8,CO,Colombia,57933.45
2019,8,CO,Colombia,83466.1
2019,8,KR,Corea del Sur,53049.6
2019,8,KR,Corea del Sur,7038.0
2019,8,CR,Costa Rica,4012.8
2019,8,CR,Costa Rica,10005.3
2019,8,CU,Cuba,6540.75
2019,8,EC,Ecuador,33028.53
2019,8,SV,El Salvador,11392.5
2019,8,SV,El Salvador,14864.06
2019,8,AE,Emiratos Árabes Unidos,58775.1
2019,8,AE,Emiratos Árabes Unidos,6841.02
2019,8,ES,España,166944.63
2019,8,ES,España,33577.83
2019,8,US,Estados Unidos,7834566.3
2019,8,US,Estados Unidos,9064836.85
2019,8,EE,Estonia,14842.8
2019,8,EE,Estonia,1005.48
2019,8,PH,Filipinas,5443.88
2019,8,PH,Filipinas,4806.0
2019,8,FR,Francia,595158.35
2019,8,FR,Francia,8048.1
2019,8,GR,Grecia,40985.28
2019,8,GR,Grecia,19420.38
2019,8,GT,Guatemala,8287.2
2019,8,GT,Guatemala,2471.85
2019,8,HN,Honduras,16374.52
2019,8,HN,Honduras,6319.12
2019,8,HK,Hong Kong,810.0
2019,8,HU,Hungría,12540.0
2019,8,IN,India,24624.0
2019,8,IN,India,94.5
2019,8,IE,Irlanda,38269.8
2019,8,IE,Irlanda,307.23
2019,8,IL,Israel,9462.0
2019,8,IL,Israel,4116.6
2019,8,IT,Italia,54286.8
2019,8,IT,Italia,145899.27
2019,8,JP,Japón,171869.11
2019,8,JP,Japón,27612.97
2019,8,QA,Katar,5132.88
2019,8,QA,Katar,882.0
2019,8,BS,Las Bahamas,832.5
2019,8,LV,Letonia,87389.55
2019,8,LV,Letonia,43880.1
2019,8,MY,Malasia,1201.56
2019,8,MA,Marruecos,2419.2
2019,8,NI,Nicaragua,9399.0
2019,8,NI,Nicaragua,5227.8
2019,8,NO,Noruega,21027.3
2019,8,NO,Noruega,83.79
2019,8,NZ,Nueva Zelandia,9251.55
2019,8,NZ,Nueva Zelandia,8257.32
2019,8,PA,Panamá,38548.8
2019,8,PY,Paraguay,7387.2
2019,8,PY,Paraguay,613.8
2019,8,NL,Países Bajos,40099.98
2019,8,NL,Países Bajos,22129.05
2019,8,PE,Perú,9439.2
2019,8,PR,Puerto Rico,14040.0
2019,8,PR,Puerto Rico,3213.0
2019,8,GB,Reino Unido,78256.5
2019,8,GB,Reino Unido,128403.4
2019,8,RU,Rusia,21409.5
2019,8,RU,Rusia,30382.2
2019,8,RS,Serbia,10725.12
2019,8,SG,Singapur,22903.2
2019,8,SG,Singapur,34555.98
2019,8,ZA,Sudáfrica,74584.57
2019,8,ZA,Sudáfrica,48141.68
2019,8,SE,Suecia,1747.2
2019,8,SR,Suriname,24418.8
2019,8,TH,Tailandia,12376.98
2019,8,TH,Tailandia,3984.57
2019,8,TT,Trinidad y Tobago,7387.2
2019,8,TT,Trinidad y Tobago,211.5
2019,8,TR,Turquía,55815.42
2019,8,TR,Turquía,9069.06
2019,8,VN,Vietnam,5184.0
2019,9,DE,Alemania,509349.16
2019,9,DE,Alemania,5962.01
2019,9,AR,Argentina,119.7
2019,9,AU,Australia,60464.96
2019,9,AU,Australia,103774.95
2019,9,BY,Bielorrusia,48725.92
2019,9,BO,Bolivia,64432.8
2019,9,BO,Bolivia,4499.1
2019,9,BR,Brasil,41040.0
2019,9,BR,Brasil,959.1
2019,9,BE,Bélgica,55418.29
2019,9,BE,Bélgica,3697.21
2019,9,CA,Canadá,67474.71
2019,9,CA,Canadá,130676.19
2019,9,CZ,Chequia,11799.0
2019,9,CZ,Chequia,6520.8
2019,9,CL,Chile,33185.0
2019,9,CL,Chile,697.5
2019,9,CN,China,70332.3
2019,9,CN,China,3600.0
2019,9,CO,Colombia,102769.2
2019,9,CO,Colombia,102450.11
2019,9,KR,Corea del Sur,40327.2
2019,9,KR,Corea del Sur,3645.0
2019,9,CR,Costa Rica,3413.93
2019,9,CR,Costa Rica,26946.45
2019,9,CU,Cuba,8892.0
2019,9,DK,Dinamarca,972.0
2019,9,DK,Dinamarca,1280.58
2019,9,EC,Ecuador,90821.12
2019,9,EC,Ecuador,1270.5
2019,9,SV,El Salvador,14073.6
2019,9,SV,El Salvador,23391.97
2019,9,AE,Emiratos Árabes Unidos,48851.88
2019,9,AE,Emiratos Árabes Unidos,6226.86
2019,9,ES,España,232521.08
2019,9,ES,España,8014.99
2019,9,US,Estados Unidos,6389187.62
2019,9,US,Estados Unidos,10426973.02
2019,9,PH,Filipinas,5631.12
2019,9,FR,Francia,108825.61
2019,9,FR,Francia,15980.6
2019,9,GE,Georgia,4825.05
2019,9,GE,Georgia,644.17
2019,9,GR,Grecia,51327.36
2019,9,GR,Grecia,6042.85
2019,9,GT,Guatemala,7286.7
2019,9,GT,Guatemala,9919.54
2019,9,HN,Honduras,8535.6
2019,9,HN,Honduras,6358.2
2019,9,HK,Hong Kong,3591.0
2019,9,IN,India,74466.0
2019,9,IN,India,4701.6
2019,9,ID,Indonesia,1.5
2019,9,KY,Islas Caimán,5677.2
2019,9,KY,Islas Caimán,1080.0
2019,9,VI,Islas Vírgenes,2520.0
2019,9,VI,Islas Vírgenes,1714.5
2019,9,IL,Israel,4309.2
2019,9,IL,Israel,112.5
2019,9,IT,Italia,43732.15
2019,9,IT,Italia,115392.03
2019,9,JP,Japón,195973.63
2019,9,JP,Japón,14871.01
2019,9,LV,Letonia,91640.65
2019,9,LV,Letonia,25964.47
2019,9,LT,Lituania,5871.0
2019,9,LB,Líbano,300.0
2019,9,LB,Líbano,45.0
2019,9,MY,Malasia,9936.0
2019,9,NI,Nicaragua,5730.38
2019,9,NI,Nicaragua,128.25
2019,9,NZ,Nueva Zelandia,2106.72
2019,9,NZ,Nueva Zelandia,7097.34
2019,9,PA,Panamá,30483.9
2019,9,PA,Panamá,22264.5
2019,9,NL,Países Bajos,8857.8
2019,9,NL,Países Bajos,554.4
2019,9,PE,Perú,32941.12
2019,9,PE,Perú,26.85
2019,9,PL,Polonia,13199.76
2019,9,PR,Puerto Rico,13464.0
2019,9,PR,Puerto Rico,6606.0
2019,9,GB,Reino Unido,83470.57
2019,9,GB,Reino Unido,100638.12
2019,9,RO,Rumania,9480.24
2019,9,RU,Rusia,24309.36
2019,9,RU,Rusia,27602.4
2019,9,SG,Singapur,7891.5
2019,9,ZA,Sudáfrica,116065.35
2019,9,ZA,Sudáfrica,8433.0
2019,9,TW,Taiwán (Región),2565.0
2019,9,TW,Taiwán (Región),90.0
2019,9,TR,Turquía,6582.75
2019,9,TR,Turquía,3982.02
2019,9,UA,Ucrania,20536.53
2019,9,VE,Venezuela,9000.0
2019,9,VN,Vietnam,4032.0
2019,9,VN,Vietnam,1005.48
2019,10,DE,Alemania,670010.64
2019,10,DE,Alemania,34648.87
2019,10,AW,Aruba,405.0
2019,10,AU,Australia,41057.1
2019,10,AU,Australia,54343.17
2019,10,BH,Bahrein,3600.0
2019,10,BD,Bangladesh,4095.0
2019,10,BM,Bermuda,0.75
2019,10,BY,Bielorrusia,8943.3
2019,10,BY,Bielorrusia,285.0
2019,10,BR,Brasil,28317.6
2019,10,BR,Brasil,22860.0
2019,10,BG,Bulgaria,8139.6
2019,10,BE,Bélgica,79428.46
2019,10,BE,Bélgica,1340.64
2019,10,CA,Canadá,25342.2
2019,10,CA,Canadá,196782.47
2019,10,CZ,Chequia,399.0
2019,10,CZ,Chequia,5254.27
2019,10,CL,Chile,101487.6
2019,10,CL,Chile,9216.0
2019,10,CN,China,323949.3
2019,10,CN,China,14970.96
2019,10,CO,Colombia,67558.24
2019,10,CO,Colombia,24600.69
2019,10,KR,Corea del Sur,18165.6
2019,10,KR,Corea del Sur,336.0
2019,10,CR,Costa Rica,20427.6
2019,10,CR,Costa Rica,28054.78
2019,10,EC,Ecuador,73160.84
2019,10,EC,Ecuador,441.75
2019,10,SV,El Salvador,4514.4
2019,10,SV,El Salvador,28380.83
2019,10,AE,Emiratos Árabes Unidos,40946.04
2019,10,AE,Emiratos Árabes Unidos,8836.95
2019,10,ES,España,263332.51
2019,10,ES,España,47386.45
2019,10,US,Estados Unidos,7935056.97
2019,10,US,Estados Unidos,10867723.68
2019,10,PH,Filipinas,10054.8
2019,10,FR,Francia,279675.55
2019,10,FR,Francia,16911.72
2019,10,GR,Grecia,71628.48
2019,10,GR,Grecia,8130.04
2019,10,GT,Guatemala,115.5
2019,10,GT,Guatemala,7598.19
2019,10,HN,Honduras,9305.25
2019,10,HK,Hong Kong,4752.0
2019,10,HK,Hong Kong,1261.98
2019,10,HU,Hungría,12540.0
2019,10,HU,Hungría,5877.84
2019,10,IN,India,11632.56
2019,10,ID,Indonesia,9000.0
2019,10,IE,Irlanda,1176.0
2019,10,KY,Islas Caimán,410.4
2019,10,VI,Islas Vírgenes,2218.5
2019,10,IL,Israel,38076.0
2019,10,IL,Israel,5843.34
2019,10,IT,Italia,60209.1
2019,10,IT,Italia,99189.84
2019,10,JP,Japón,305365.24
2019,10,JP,Japón,25249.69
2019,10,JO,Jordania,4208.25
2019,10,QA,Katar,7156.56
2019,10,BS,Las Bahamas,11468.4
2019,10,LV,Letonia,64627.74
2019,10,LV,Letonia,39531.18
2019,10,LB,Líbano,7398.72
2019,10,LB,Líbano,912.61
2019,10,MY,Malasia,3334.5
2019,10,MA,Marruecos,766.08
2019,10,NI,Nicaragua,15460.43
2019,10,NI,Nicaragua,252.0
2019,10,NZ,Nueva Zelandia,12257.28
2019,10,NZ,Nueva Zelandia,3723.66
2019,10,PA,Panamá,72769.5
2019,10,PA,Panamá,50708.29
2019,10,PY,Paraguay,18878.4
2019,10,PY,Paraguay,175.5
2019,10,NL,Países Bajos,61874.19
2019,10,NL,Países Bajos,8632.9
2019,10,PE,Perú,30369.6
2019,10,PE,Perú,9604.89
2019,10,PL,Polonia,7900.2
2019,10,PL,Polonia,4788.0
2019,10,PT,Portugal,20468.7
2019,10,PT,Portugal,335.16
2019,10,PR,Puerto Rico,5472.0
2019,10,PR,Puerto Rico,14355.0
2019,10,GB,Reino Unido,12540.0
2019,10,GB,Reino Unido,119205.19
2019,10,DO,República Dominicana,8208.0
2019,10,DO,República Dominicana,17779.5
2019,10,RU,Rusia,28679.85
2019,10,RU,Rusia,15081.7
2019,10,SG,Singapur,45385.2
2019,10,SG,Singapur,22053.45
2019,10,ZA,Sudáfrica,119796.52
2019,10,ZA,Sudáfrica,26854.88
2019,10,SE,Suecia,598.5
2019,10,SE,Suecia,466.41
2019,10,CH,Suiza,9336.6
2019,10,CH,Suiza,1056.39
2019,10,TH,Tailandia,14076.72
2019,10,TW,Taiwán (Región),2079.0
2019,10,TW,Taiwán (Región),180.0
2019,10,TT,Trinidad y Tobago,8208.0
2019,10,TR,Turquía,109483.05
2019,10,TR,Turquía,20035.5
2019,10,UA,Ucrania,20602.65
2019,10,UA,Ucrania,3076.05
2019,10,UY,Uruguay,15595.2
2019,10,UZ,Uzbekistán,273.6
2019,10,UZ,Uzbekistán,668.27
2019,10,VN,Vietnam,65232.0
2019,11,DE,Alemania,271469.71
2019,11,DE,Alemania,24197.24
2019,11,AN,Antillas Holandesas,6634.8
2019,11,AN,Antillas Holandesas,1209.6
2019,11,AR,Argentina,10670.4
2019,11,AR,Argentina,1.5
2019,11,AM,Armenia,432.0
2019,11,AU,Australia,163191.0
2019,11,AU,Australia,96873.94
2019,11,BJ,Benin,3.0
2019,11,BR,Brasil,82908.0
2019,11,BR,Brasil,1935.0
2019,11,BE,Bélgica,101466.64
2019,11,CA,Canadá,45794.1
2019,11,CA,Canadá,151279.93
2019,11,CL,Chile,44347.05
2019,11,CL,Chile,349.88
2019,11,CN,China,27535.56
2019,11,CN,China,14621.4
2019,11,CO,Colombia,90967.2
2019,11,CO,Colombia,52371.09
2019,11,KR,Corea del Sur,31816.8
2019,11,KR,Corea del Sur,8688.0
2019,11,CR,Costa Rica,5443.2
2019,11,CR,Costa Rica,12099.88
2019,11,CU,Cuba,32547.0
2019,11,CU,Cuba,877.8
2019,11,EC,Ecuador,33340.95
2019,11,SV,El Salvador,11318.17
2019,11,SV,El Salvador,21133.5
2019,11,AE,Emiratos Árabes Unidos,48462.54
2019,11,AE,Emiratos Árabes Unidos,1048.5
2019,11,ES,España,303239.3
2019,11,ES,España,56507.55
2019,11,US,Estados Unidos,5927666.06
2019,11,US,Estados Unidos,10453356.58
2019,11,EE,Estonia,8972.94
2019,11,EE,Estonia,1541.82
2019,11,PH,Filipinas,28919.52
2019,11,PH,Filipinas,9648.0
2019,11,FR,Francia,150990.54
2019,11,FR,Francia,3990.0
2019,11,GE,Georgia,8341.2
2019,11,GH,Ghana,4679.7
2019,11,GR,Grecia,3630.9
2019,11,GT,Guatemala,16911.0
2019,11,GT,Guatemala,2164.72
2019,11,HN,Honduras,8125.2
2019,11,HN,Honduras,18373.41
2019,11,HK,Hong Kong,7085.25
2019,11,HK,Hong Kong,335.16
2019,11,IN,India,90276.7
2019,11,IN,India,2184.75
2019,11,ID,Indonesia,27339.1
2019,11,ID,Indonesia,5400.0
2019,11,IE,Irlanda,2872.8
2019,11,IE,Irlanda,897.75
2019,11,IL,Israel,16131.0
2019,11,IL,Israel,895.5
2019,11,IT,Italia,49436.1
2019,11,IT,Italia,115463.16
2019,11,JP,Japón,373617.0
2019,11,JP,Japón,28318.22
2019,11,QA,Katar,5581.92
2019,11,KE,Kenia,9936.0
2019,11,BS,Las Bahamas,8877.6
2019,11,LV,Letonia,140077.5
2019,11,LV,Letonia,6885.9
2019,11,LT,Lituania,5791.2
2019,11,LT,Lituania,2.11
2019,11,FM,Micronesia,12540.0
2019,11,NO,Noruega,10054.8
2019,11,NO,Noruega,502.74
2019,11,NZ,Nueva Zelandia,4883.76
2019,11,NZ,Nueva Zelandia,2147.04
2019,11,PA,Panamá,51116.4
2019,11,PA,Panamá,39121.18
2019,11,PY,Paraguay,9439.2
2019,11,NL,Países Bajos,957.6
2019,11,NL,Países Bajos,536.76
2019,11,PE,Perú,28728.0
2019,11,PE,Perú,1620.0
2019,11,PR,Puerto Rico,20376.0
2019,11,PR,Puerto Rico,17083.5
2019,11,GB,Reino Unido,41468.19
2019,11,GB,Reino Unido,132400.5
2019,11,DO,República Dominicana,8208.0
2019,11,DO,República Dominicana,1314.0
2019,11,RO,Rumania,21354.48
2019,11,RU,Rusia,5211.24
2019,11,RU,Rusia,23967.6
2019,11,RS,Serbia,10405.92
2019,11,SG,Singapur,7224.75
2019,11,SG,Singapur,19700.85
2019,11,ZA,Sudáfrica,146609.1
2019,11,ZA,Sudáfrica,29379.6
2019,11,SE,Suecia,39.9
2019,11,SE,Suecia,3641.16
2019,11,CH,Suiza,684.0
2019,11,CH,Suiza,1300.95
2019,11,SR,Suriname,9439.2
2019,11,TH,Tailandia,11227.86
2019,11,TH,Tailandia,5184.0
2019,11,TW,Taiwán (Región),16416.0
2019,11,TW,Taiwán (Región),382.5
2019,11,TT,Trinidad y Tobago,7797.6
2019,11,TR,Turquía,33148.5
2019,11,UY,Uruguay,5335.2
2019,11,UY,Uruguay,810.0
2019,12,DE,Alemania,122631.5
2019,12,DE,Alemania,15884.08
2019,12,AD,Andorra,177.8
2019,12,AD,Andorra,658.8
2019,12,AR,Argentina,6156.0
2019,12,AU,Australia,24777.9
2019,12,AU,Australia,43188.49
2019,12,AT,Austria,3379.53
2019,12,BM,Bermuda,243.0
2019,12,BO,Bolivia,15580.8
2019,12,BO,Bolivia,787.5
2019,12,BR,Brasil,59083.2
2019,12,BR,Brasil,0.75
2019,12,BG,Bulgaria,33284.67
2019,12,BE,Bélgica,33873.83
2019,12,CA,Canadá,71890.32
2019,12,CA,Canadá,61996.0
2019,12,CL,Chile,44992.8
2019,12,CL,Chile,693.0
2019,12,CN,China,25157.52
2019,12,CN,China,11400.36
2019,12,CO,Colombia,78959.59
2019,12,CO,Colombia,42059.32
2019,12,KR,Corea del Sur,71928.0
2019,12,KR,Corea del Sur,824.7
2019,12,CR,Costa Rica,11927.85
2019,12,CR,Costa Rica,15055.88
2019,12,DK,Dinamarca,5145.0
2019,12,EC,Ecuador,61095.99
2019,12,EC,Ecuador,1702.34
2019,12,SV,El Salvador,10395.0
2019,12,SV,El Salvador,13938.37
2019,12,AE,Emiratos Árabes Unidos,25839.54
2019,12,AE,Emiratos Árabes Unidos,11827.2
2019,12,ES,España,152019.2
2019,12,ES,España,43861.12
2019,12,US,Estados Unidos,5354790.68
2019,12,US,Estados Unidos,7807629.73
2019,12,PH,Filipinas,64493.22
2019,12,PH,Filipinas,560.7
2019,12,FI,Finlandia,1.05
2019,12,FR,Francia,204374.12
2019,12,FR,Francia,11990.4
2019,12,GH,Ghana,5643.0
2019,12,GR,Grecia,7422.0
2019,12,GT,Guatemala,19076.86
2019,12,GT,Guatemala,5658.32
2019,12,HN,Honduras,8042.4
2019,12,HN,Honduras,6925.4
2019,12,HK,Hong Kong,405.0
2019,12,HU,Hungría,5266.8
2019,12,IN,India,32688.0
2019,12,IN,India,2910.0
2019,12,IQ,Irak,32230.08
2019,12,IS,Islandia,1376.48
2019,12,VI,Islas Vírgenes,2007.0
2019,12,IL,Israel,15618.0
2019,12,IL,Israel,4698.48
2019,12,IT,Italia,32999.96
2019,12,IT,Italia,32294.4
2019,12,JM,Jamaica,17236.8
2019,12,JP,Japón,155754.0
2019,12,JP,Japón,11636.91
2019,12,KE,Kenia,11115.0
2019,12,LV,Letonia,133520.22
2019,12,LV,Letonia,15637.33
2019,12,LT,Lituania,4069.8
2019,12,LT,Lituania,2106.72
2019,12,MA,Marruecos,3931.2
2019,12,NI,Nicaragua,1068.38
2019,12,NZ,Nueva Zelandia,23939.17
2019,12,NZ,Nueva Zelandia,4126.62
2019,12,PA,Panamá,4705.2
2019,12,PA,Panamá,7047.0
2019,12,PY,Paraguay,9439.2
2019,12,PY,Paraguay,243.0
2019,12,NL,Países Bajos,36686.16
2019,12,NL,Países Bajos,12076.17
2019,12,PE,Perú,855.0
2019,12,PE,Perú,2738.79
2019,12,PR,Puerto Rico,1620.0
2019,12,GB,Reino Unido,45303.6
2019,12,GB,Reino Unido,68928.46
2019,12,DO,República Dominicana,9151.88
2019,12,RU,Rusia,28506.0
2019,12,RU,Rusia,546.0
2019,12,SG,Singapur,27790.95
2019,12,SG,Singapur,2709.0
2019,12,ZA,Sudáfrica,92464.91
2019,12,ZA,Sudáfrica,16236.0
2019,12,SE,Suecia,319.2
2019,12,CH,Suiza,260.11
2019,12,TW,Taiwán (Región),2565.0
2019,12,TR,Turquía,43337.55
2019,12,TR,Turquía,1404.48
2019,12,UY,Uruguay,40547.02
2019,12,UY,Uruguay,810.0
2020,1,DE,Alemania,410374.32
2020,1,DE,Alemania,4311.72
2020,1,AR,Argentina,15184.8
2020,1,AR,Argentina,159.6
2020,1,AU,Australia,53998.56
2020,1,AU,Australia,75488.17
2020,1,AT,Austria,5027.4
2020,1,AT,Austria,2010.96
2020,1,BJ,Benin,3.0
2020,1,BM,Bermuda,6224.4
2020,1,BO,Bolivia,30765.6
2020,1,BO,Bolivia,2704.8
2020,1,BR,Brasil,63252.9
2020,1,BR,Brasil,20836.8
2020,1,CA,Canadá,38721.4
2020,1,CA,Canadá,129454.93
2020,1,CZ,Chequia,15701.76
2020,1,CL,Chile,68166.0
2020,1,CL,Chile,8487.0
2020,1,CN,China,38372.4
2020,1,CN,China,2501.34
2020,1,CY,Chipre,10725.12
2020,1,CY,Chipre,4.2
2020,1,CO,Colombia,51632.55
2020,1,CO,Colombia,83381.44
2020,1,KR,Corea del Sur,5643.0
2020,1,KR,Corea del Sur,2754.0
2020,1,CR,Costa Rica,5799.6
2020,1,CR,Costa Rica,16549.88
2020,1,HR,Croacia,6894.72
2020,1,CU,Cuba,112.5
2020,1,EC,Ecuador,5335.2
2020,1,EC,Ecuador,287.64
2020,1,SV,El Salvador,6796.8
2020,1,SV,El Salvador,5326.88
2020,1,AE,Emiratos Árabes Unidos,44496.66
2020,1,AE,Emiratos Árabes Unidos,11508.27
2020,1,SK,Eslovaquia,6242.25
2020,1,SK,Eslovaquia,1470.0
2020,1,ES,España,314174.76
2020,1,ES,España,38737.5
2020,1,US,Estados Unidos,6102530.23
2020,1,US,Estados Unidos,9965216.87
2020,1,PH,Filipinas,70000.56
2020,1,FR,Francia,95701.93
2020,1,FR,Francia,13418.7
2020,1,GR,Grecia,11521.65
2020,1,GT,Guatemala,5841.0
2020,1,GT,Guatemala,3231.92
2020,1,HN,Honduras,17852.4
2020,1,HN,Honduras,783.0
2020,1,IN,India,4032.0
2020,1,IN,India,1189.5
2020,1,IE,Irlanda,10260.0
2020,1,KY,Islas Caimán,6429.6
2020,1,KY,Islas Caimán,720.0
2020,1,VI,Islas Vírgenes,3528.0
2020,1,VI,Islas Vírgenes,1215.0
2020,1,VG,Islas Vírgenes Británicas,3898.8
2020,1,IL,Israel,3678.78
2020,1,IT,Italia,11012.4
2020,1,IT,Italia,103041.48
2020,1,JP,Japón,19509.9
2020,1,JP,Japón,21657.24
2020,1,QA,Katar,7707.84
2020,1,BS,Las Bahamas,6264.0
2020,1,BS,Las Bahamas,94.5
2020,1,LV,Letonia,123237.0
2020,1,LV,Letonia,32413.8
2020,1,NI,Nicaragua,7650.0
2020,1,NO,Noruega,15441.3
2020,1,NO,Noruega,3938.13
2020,1,NZ,Nueva Zelandia,3064.32
2020,1,NZ,Nueva Zelandia,10260.97
2020,1,PA,Panamá,47604.15
2020,1,PA,Panamá,28612.27
2020,1,NL,Países Bajos,53950.26
2020,1,PE,Perú,51285.6
2020,1,PE,Perú,7897.5
2020,1,PR,Puerto Rico,10344.0
2020,1,PR,Puerto Rico,18675.0
2020,1,GB,Reino Unido,125685.0
2020,1,GB,Reino Unido,88747.6
2020,1,DO,República Dominicana,9439.2
2020,1,DO,República Dominicana,18365.25
2020,1,RU,Rusia,9695.7
2020,1,RU,Rusia,4752.0
2020,1,SG,Singapur,8809.92
2020,1,SG,Singapur,7095.0
2020,1,ZA,Sudáfrica,33497.1
2020,1,ZA,Sudáfrica,25489.8
2020,1,SE,Suecia,8018.43
2020,1,TW,Taiwán (Región),8190.0
2020,1,TT,Trinidad y Tobago,9014.4
2020,1,TR,Turquía,75727.57
2020,1,TR,Turquía,561.12
2020,1,UA,Ucrania,213.75
2020,1,UA,Ucrania,1866.0
2020,2,DE,Alemania,281056.6
2020,2,DE,Alemania,29744.58
2020,2,AN,Antillas Holandesas,5677.2
2020,2,AN,Antillas Holandesas,1209.6
2020,2,AU,Australia,92063.16
2020,2,AU,Australia,113544.9
2020,2,AT,Austria,239.4
2020,2,BO,Bolivia,10125.94
2020,2,BR,Brasil,13500.75
2020,2,BE,Bélgica,33268.54
2020,2,BE,Bélgica,2.25
2020,2,CA,Canadá,10378.8
2020,2,CA,Canadá,129875.97
2020,2,CZ,Chequia,11799.0
2020,2,CL,Chile,37346.4
2020,2,CL,Chile,549.0
2020,2,CN,China,150967.92
2020,2,CN,China,2108.07
2020,2,CO,Colombia,90323.04
2020,2,CO,Colombia,85029.76
2020,2,KR,Corea del Sur,22572.0
2020,2,KR,Corea del Sur,405.0
2020,2,CR,Costa Rica,1431.67
2020,2,CR,Costa Rica,17000.93
2020,2,CU,Cuba,18781.5
2020,2,DK,Dinamarca,3.56
2020,2,EC,Ecuador,33550.81
2020,2,SV,El Salvador,20737.5
2020,2,SV,El Salvador,2525.67
2020,2,AE,Emiratos Árabes Unidos,31788.18
2020,2,AE,Emiratos Árabes Unidos,5749.95
2020,2,ES,España,156109.96
2020,2,ES,España,49323.3
2020,2,US,Estados Unidos,8016095.17
2020,2,US,Estados Unidos,10843341.31
2020,2,EE,Estonia,3351.6
2020,2,EE,Estonia,1005.48
2020,2,PH,Filipinas,97736.01
2020,2,PH,Filipinas,839.17
2020,2,FR,Francia,166388.64
2020,2,FR,Francia,11426.4
2020,2,GH,Ghana,3163.5
2020,2,GR,Grecia,10162.53
2020,2,GT,Guatemala,14400.0
2020,2,GT,Guatemala,19731.92
2020,2,HN,Honduras,3268.8
2020,2,HN,Honduras,18130.09
2020,2,HK,Hong Kong,360.0
2020,2,HU,Hungría,5928.0
2020,2,IN,India,2772.0
2020,2,ID,Indonesia,10800.0
2020,2,IE,Irlanda,24111.0
2020,2,VI,Islas Vírgenes,2609.55
2020,2,VG,Islas Vírgenes Británicas,2462.4
2020,2,IL,Israel,2850.0
2020,2,IL,Israel,1350.0
2020,2,IT,Italia,94286.28
2020,2,IT,Italia,138121.26
2020,2,JP,Japón,41550.1
2020,2,JP,Japón,13544.96
2020,2,QA,Katar,8105.76
2020,2,QA,Katar,1386.0
2020,2,LV,Letonia,188134.2
2020,2,LV,Letonia,24612.3
2020,2,LT,Lituania,5791.2
2020,2,LB,Líbano,4851.84
2020,2,LB,Líbano,776.05
2020,2,MA,Marruecos,2681.28
2020,2,NZ,Nueva Zelandia,4979.52
2020,2,NZ,Nueva Zelandia,12380.64
2020,2,PA,Panamá,12262.27
2020,2,PY,Paraguay,57.0
2020,2,PY,Paraguay,263.0
2020,2,NL,Países Bajos,16398.9
2020,2,NL,Países Bajos,9657.6
2020,2,PE,Perú,108789.3
2020,2,PE,Perú,12469.8
2020,2,PL,Polonia,9959.04
2020,2,PL,Polonia,4788.0
2020,2,PT,Portugal,10054.8
2020,2,PT,Portugal,339.15
2020,2,PR,Puerto Rico,22824.0
2020,2,PR,Puerto Rico,17997.75
2020,2,GB,Reino Unido,41986.2
2020,2,GB,Reino Unido,86217.01
2020,2,DO,República Dominicana,9.5
2020,2,RU,Rusia,10505.67
2020,2,RU,Rusia,10292.4
2020,2,SG,Singapur,5181.3
2020,2,SG,Singapur,30161.25
2020,2,ZA,Sudáfrica,110667.6
2020,2,ZA,Sudáfrica,22518.56
2020,2,TH,Tailandia,6221.63
2020,2,TW,Taiwán (Región),3847.5
2020,2,TW,Taiwán (Región),3474.0
2020,2,TR,Turquía,118426.62
2020,2,TR,Turquía,11927.04
2020,2,UA,Ucrania,20605.5
2020,2,UY,Uruguay,12731.17
2020,2,UY,Uruguay,378.0
2020,2,VE,Venezuela,884.52
2020,2,VN,Vietnam,15552.0
2020,2,VN,Vietnam,1340.64
2020,3,DE,Alemania,462043.96
2020,3,DE,Alemania,25036.92
2020,3,AR,Argentina,10670.4
2020,3,AW,Aruba,13287.0
2020,3,AU,Australia,12289.2
2020,3,AU,Australia,172378.82
2020,3,AT,Austria,6320.16
2020,3,BO,Bolivia,4428.9
2020,3,BR,Brasil,37332.0
2020,3,BG,Bulgaria,6344.1
2020,3,BG,Bulgaria,1005.48
2020,3,CA,Canadá,48227.1
2020,3,CA,Canadá,141669.21
2020,3,CL,Chile,56256.0
2020,3,CL,Chile,693.0
2020,3,CN,China,33497.76
2020,3,CN,China,1404.48
2020,3,CY,Chipre,16470.72
2020,3,CO,Colombia,100589.5
2020,3,CO,Colombia,61334.82
2020,3,KR,Corea del Sur,32540.4
2020,3,KR,Corea del Sur,7642.84
2020,3,CR,Costa Rica,433.12
2020,3,CR,Costa Rica,24186.53
2020,3,CU,Cuba,22814.25
2020,3,EC,Ecuador,4120.12
2020,3,EC,Ecuador,1.5
2020,3,SV,El Salvador,35393.81
2020,3,AE,Emiratos Árabes Unidos,5.11
2020,3,ES,España,376374.49
2020,3,ES,España,23577.24
2020,3,US,Estados Unidos,8796180.77
2020,3,US,Estados Unidos,12933912.44
2020,3,PH,Filipinas,47410.18
2020,3,PH,Filipinas,670.32
2020,3,FR,Francia,137510.0
2020,3,FR,Francia,16697.94
2020,3,GR,Grecia,22491.06
2020,3,GT,Guatemala,8361.75
2020,3,GT,Guatemala,11349.34
2020,3,HN,Honduras,16552.8
2020,3,HN,Honduras,15881.55
2020,3,HK,Hong Kong,3762.0
2020,3,HK,Hong Kong,2304.0
2020,3,IN,India,33696.0
2020,3,IN,India,3201.75
2020,3,ID,Indonesia,27415.11
2020,3,IL,Israel,9576.0
2020,3,IT,Italia,87725.72
2020,3,IT,Italia,145272.6
2020,3,JP,Japón,246528.0
2020,3,JP,Japón,21163.86
2020,3,BS,Las Bahamas,588.0
2020,3,LV,Letonia,70942.77
2020,3,LV,Letonia,26791.31
2020,3,LB,Líbano,7277.76
2020,3,LB,Líbano,875.8
2020,3,NI,Nicaragua,5679.0
2020,3,NG,Nigeria,11115.0
2020,3,NO,Noruega,10054.8
2020,3,NO,Noruega,670.32
2020,3,NZ,Nueva Zelandia,3064.32
2020,3,NZ,Nueva Zelandia,1383.48
2020,3,PA,Panamá,32760.0
2020,3,PA,Panamá,37890.22
2020,3,PY,Paraguay,17236.8
2020,3,PY,Paraguay,256.5
2020,3,NL,Países Bajos,18194.4
2020,3,NL,Países Bajos,335.16
2020,3,PE,Perú,75103.2
2020,3,PL,Polonia,8618.4
2020,3,PR,Puerto Rico,19656.0
2020,3,PR,Puerto Rico,6087.0
2020,3,GB,Reino Unido,64638.0
2020,3,GB,Reino Unido,122126.66
2020,3,DO,República Dominicana,16826.4
2020,3,DO,República Dominicana,10105.74
2020,3,RU,Rusia,29849.4
2020,3,RU,Rusia,10746.0
2020,3,RS,Serbia,10725.12
2020,3,SG,Singapur,14049.34
2020,3,ZA,Sudáfrica,72437.18
2020,3,ZA,Sudáfrica,41083.2
2020,3,TH,Tailandia,5242.86
2020,3,TW,Taiwán (Región),6105.0
2020,3,TR,Turquía,16170.0
2020,3,TR,Turquía,3630.9
2020,3,UA,Ucrania,28542.18
2020,3,UA,Ucrania,1435.56
2020,4,DE,Alemania,398515.66
2020,4,DE,Alemania,2584.56
2020,4,AU,Australia,86160.56
2020,4,AU,Australia,110299.2
2020,4,BY,Bielorrusia,36987.32
2020,4,BO,Bolivia,943.43
2020,4,BE,Bélgica,64305.81
2020,4,CA,Canadá,6378.75
2020,4,CA,Canadá,144964.22
2020,4,CZ,Chequia,5643.0
2020,4,CL,Chile,8010.0
2020,4,CN,China,71580.6
2020,4,CN,China,5503.86
2020,4,CO,Colombia,18892.12
2020,4,CO,Colombia,551.25
2020,4,KR,Corea del Sur,5880.0
2020,4,CR,Costa Rica,606.38
2020,4,CR,Costa Rica,17312.7
2020,4,CU,Cuba,8892.0
2020,4,SV,El Salvador,8367.38
2020,4,AE,Emiratos Árabes Unidos,9900.0
2020,4,AE,Emiratos Árabes Unidos,1149.0
2020,4,ES,España,131185.39
2020,4,ES,España,11113.2
2020,4,US,Estados Unidos,8686919.11
2020,4,US,Estados Unidos,11992291.38
2020,4,FI,Finlandia,252.0
2020,4,FR,Francia,229369.17
2020,4,FR,Francia,3192.0
2020,4,GR,Grecia,3630.9
2020,4,GU,Guam,11016.0
2020,4,GU,Guam,2645.13
2020,4,GT,Guatemala,6029.7
2020,4,HK,Hong Kong,3591.0
2020,4,HK,Hong Kong,405.0
2020,4,IN,India,16344.0
2020,4,IN,India,1998.0
2020,4,ID,Indonesia,10800.0
2020,4,IE,Irlanda,20520.0
2020,4,IT,Italia,44231.64
2020,4,JP,Japón,119805.6
2020,4,JP,Japón,17867.9
2020,4,LV,Letonia,77323.5
2020,4,LV,Letonia,36491.4
2020,4,MU,Mauricio,11424.24
2020,4,NO,Noruega,8709.6
2020,4,NZ,Nueva Zelandia,18824.1
2020,4,NZ,Nueva Zelandia,6112.18
2020,4,PA,Panamá,19025.1
2020,4,NL,Países Bajos,30249.96
2020,4,PL,Polonia,4788.0
2020,4,PR,Puerto Rico,39780.0
2020,4,PR,Puerto Rico,10188.0
2020,4,GB,Reino Unido,113031.0
2020,4,GB,Reino Unido,142521.59
2020,4,DO,República Dominicana,9439.2
2020,4,DO,República Dominicana,18306.0
2020,4,RU,Rusia,16179.95
2020,4,RU,Rusia,20520.0
2020,4,RS,Serbia,10725.12
2020,4,SG,Singapur,21589.2
2020,4,ZA,Sudáfrica,62113.5
2020,4,ZA,Sudáfrica,7695.0
2020,4,SE,Suecia,4198.2
2020,4,TH,Tailandia,7660.8
2020,4,TW,Taiwán (Región),6360.0
2020,4,TT,Trinidad y Tobago,6976.8
2020,4,TT,Trinidad y Tobago,94.5
2020,4,TR,Turquía,58427.25
2020,4,TR,Turquía,10118.64
2020,4,UA,Ucrania,10302.75
2020,5,DE,Alemania,407200.07
2020,5,DE,Alemania,15101.28
2020,5,AU,Australia,48358.8
2020,5,AU,Australia,85557.36
2020,5,CA,Canadá,90173.65
2020,5,CA,Canadá,188363.84
2020,5,CL,Chile,13572.0
2020,5,CN,China,136024.8
2020,5,CN,China,5651.25
2020,5,CY,Chipre,18002.88
2020,5,KR,Corea del Sur,27453.6
2020,5,KR,Corea del Sur,3573.0
2020,5,AE,Emiratos Árabes Unidos,9355.5
2020,5,ES,España,216848.13
2020,5,ES,España,3813.75
2020,5,US,Estados Unidos,6987840.7
2020,5,US,Estados Unidos,8378214.1
2020,5,PH,Filipinas,10445.4
2020,5,PH,Filipinas,1005.48
2020,5,FR,Francia,141707.5
2020,5,FR,Francia,5909.4
2020,5,GR,Grecia,4011.0
2020,5,GT,Guatemala,9014.4
2020,5,GT,Guatemala,1355.17
2020,5,HN,Honduras,8990.62
2020,5,IL,Israel,2595.6
2020,5,IT,Italia,38843.55
2020,5,JP,Japón,109188.0
2020,5,JP,Japón,16295.4
2020,5,JO,Jordania,4208.25
2020,5,LV,Letonia,4979.52
2020,5,LV,Letonia,58378.08
2020,5,MY,Malasia,7510.5
2020,5,MY,Malasia,713.16
2020,5,NI,Nicaragua,39.38
2020,5,NI,Nicaragua,179.55
2020,5,PA,Panamá,38734.2
2020,5,PA,Panamá,24924.9
2020,5,NL,Países Bajos,7304.64
2020,5,PT,Portugal,20468.7
2020,5,PT,Portugal,720.19
2020,5,PR,Puerto Rico,10800.0
2020,5,GB,Reino Unido,47880.0
2020,5,GB,Reino Unido,56008.68
2020,5,RU,Rusia,19391.4
2020,5,SG,Singapur,3334.5
2020,5,SG,Singapur,10303.08
2020,5,ZA,Sudáfrica,10368.0
2020,5,SE,Suecia,2234.4
2020,5,TH,Tailandia,498.75
2020,5,TW,Taiwán (Región),12048.75
2020,5,TW,Taiwán (Región),4116.0
2020,5,TR,Turquía,23047.5
2020,5,UA,Ucrania,10302.75
2020,5,UA,Ucrania,1.4
2020,5,VN,Vietnam,29808.0
2020,6,DE,Alemania,474598.17
2020,6,DE,Alemania,18320.4
2020,6,AU,Australia,64159.2
2020,6,AU,Australia,80019.64
2020,6,BR,Brasil,21736.8
2020,6,BR,Brasil,1945.12
2020,6,BE,Bélgica,33176.91
2020,6,BE,Bélgica,2.81
2020,6,CA,Canadá,42447.47
2020,6,CA,Canadá,90892.94
2020,6,CL,Chile,29047.2
2020,6,CL,Chile,8658.0
2020,6,CN,China,119517.6
2020,6,CN,China,7184.82
2020,6,CO,Colombia,21286.91
2020,6,CO,Colombia,1404.48
2020,6,CR,Costa Rica,2475.9
2020,6,CR,Costa Rica,8855.33
2020,6,CU,Cuba,8892.0
2020,6,DK,Dinamarca,92.4
2020,6,SV,El Salvador,11655.6
2020,6,SV,El Salvador,865.12
2020,6,AE,Emiratos Árabes Unidos,4496.34
2020,6,ES,España,58132.33
2020,6,US,Estados Unidos,7841570.97
2020,6,US,Estados Unidos,11448444.71
2020,6,FR,Francia,253506.72
2020,6,FR,Francia,6688.5
2020,6,GH,Ghana,6543.6
2020,6,GR,Grecia,6511.68
2020,6,GR,Grecia,3767.58
2020,6,GT,Guatemala,10445.1
2020,6,GT,Guatemala,1011.79
2020,6,HN,Honduras,2854.88
2020,6,HU,Hungría,5827.68
2020,6,IN,India,1224.0
2020,6,IE,Irlanda,9695.7
2020,6,IE,Irlanda,335.16
2020,6,IL,Israel,15925.8
2020,6,IL,Israel,540.0
2020,6,IT,Italia,10413.9
2020,6,IT,Italia,17331.75
2020,6,JP,Japón,2160.0
2020,6,JP,Japón,30945.38
2020,6,QA,Katar,11587.2
2020,6,QA,Katar,756.0
2020,6,KE,Kenia,8977.5
2020,6,LV,Letonia,53202.6
2020,6,LU,Luxemburgo,3.65
2020,6,NZ,Nueva Zelandia,5745.6
2020,6,NL,Países Bajos,10773.0
2020,6,NL,Países Bajos,478.8
2020,6,PR,Puerto Rico,18414.0
2020,6,PR,Puerto Rico,4538.25
2020,6,GB,Reino Unido,36401.94
2020,6,RU,Rusia,14183.97
2020,6,RU,Rusia,378.0
2020,6,RS,Serbia,10725.12
2020,6,SG,Singapur,6891.3
2020,6,ZA,Sudáfrica,34198.65
2020,6,ZA,Sudáfrica,13093.2
2020,6,CH,Suiza,1723.5
2020,6,TW,Taiwán (Región),11160.0
2020,6,TR,Turquía,550.62
2020,6,UA,Ucrania,5690.31
2020,6,VN,Vietnam,10251.0
2020,7,DE,Alemania,395908.25
2020,7,DE,Alemania,19206.15
2020,7,AR,Argentina,10670.4
2020,7,AU,Australia,33795.3
2020,7,AU,Australia,44554.32
2020,7,AT,Austria,2928.66
2020,7,AZ,Azerbaiyán,752.4
2020,7,AZ,Azerbaiyán,4189.5
2020,7,BY,Bielorrusia,29179.53
2020,7,BO,Bolivia,28317.6
2020,7,BR,Brasil,27383.4
2020,7,BR,Brasil,478.8
2020,7,BE,Bélgica,33326.92
2020,7,CA,Canadá,98263.88
2020,7,CA,Canadá,144787.05
2020,7,CZ,Chequia,4309.2
2020,7,CZ,Chequia,335.16
2020,7,CL,Chile,54548.1
2020,7,CL,Chile,972.0
2020,7,CN,China,12813.6
2020,7,CN,China,2621.25
2020,7,CO,Colombia,31484.25
2020,7,CO,Colombia,19286.4
2020,7,KR,Corea del Sur,756.0
2020,7,CR,Costa Rica,13443.08
2020,7,EC,Ecuador,46678.96
2020,7,SV,El Salvador,23247.9
2020,7,SV,El Salvador,19131.0
2020,7,SK,Eslovaquia,3830.4
2020,7,ES,España,310910.99
2020,7,ES,España,10882.84
2020,7,US,Estados Unidos,9273363.43
2020,7,US,Estados Unidos,13955713.97
2020,7,EE,Estonia,3064.32
2020,7,EE,Estonia,1005.48
2020,7,FR,Francia,99373.64
2020,7,FR,Francia,4872.0
2020,7,GE,Georgia,7975.8
2020,7,GR,Grecia,3990.0
2020,7,GT,Guatemala,6674.4
2020,7,GT,Guatemala,11435.89
2020,7,HN,Honduras,39.38
2020,7,HK,Hong Kong,4434.75
2020,7,HK,Hong Kong,2312.73
2020,7,IN,India,26352.0
2020,7,IN,India,1224.0
2020,7,IE,Irlanda,20109.6
2020,7,IE,Irlanda,335.16
2020,7,KY,Islas Caimán,5814.0
2020,7,KY,Islas Caimán,738.0
2020,7,IT,Italia,21819.6
2020,7,IT,Italia,34851.36
2020,7,JP,Japón,95572.93
2020,7,JP,Japón,11552.64
2020,7,LV,Letonia,261478.95
2020,7,LV,Letonia,29613.0
2020,7,LT,Lituania,5472.0
2020,7,FM,Micronesia,2640.0
2020,7,NI,Nicaragua,636.38
2020,7,NZ,Nueva Zelandia,8469.63
2020,7,NZ,Nueva Zelandia,13257.1
2020,7,PA,Panamá,6908.4
2020,7,PA,Panamá,5199.9
2020,7,NL,Países Bajos,103863.63
2020,7,PL,Polonia,4788.0
2020,7,PT,Portugal,10773.0
2020,7,PR,Puerto Rico,26442.0
2020,7,PR,Puerto Rico,11288.25
2020,7,GB,Reino Unido,13376.95
2020,7,GB,Reino Unido,49698.96
2020,7,DO,República Dominicana,502.5
2020,7,RU,Rusia,23711.4
2020,7,RU,Rusia,11460.0
2020,7,ZA,Sudáfrica,73692.9
2020,7,ZA,Sudáfrica,2520.0
2020,7,SE,Suecia,702.24
2020,7,SE,Suecia,3910.2
2020,7,CH,Suiza,10054.8
2020,7,CH,Suiza,804.22
2020,7,TW,Taiwán (Región),18878.4
2020,7,TW,Taiwán (Región),2304.0
2020,7,TR,Turquía,18343.5
2020,8,DE,Alemania,487129.09
2020,8,DE,Alemania,6266.47
2020,8,AU,Australia,36867.6
2020,8,AU,Australia,187273.15
2020,8,AT,Austria,5027.4
2020,8,AT,Austria,2010.96
2020,8,BR,Brasil,47592.0
2020,8,BR,Brasil,1395.0
2020,8,BE,Bélgica,32895.75
2020,8,CA,Canadá,66380.48
2020,8,CA,Canadá,140933.81
2020,8,CZ,Chequia,6470.64
2020,8,CL,Chile,61149.6
2020,8,CL,Chile,8091.0
2020,8,CN,China,46288.8
2020,8,CN,China,3511.2
2020,8,CO,Colombia,60543.79
2020,8,CO,Colombia,20405.55
2020,8,KR,Corea del Sur,12852.0
2020,8,KR,Corea del Sur,4521.0
2020,8,DK,Dinamarca,4623.6
2020,8,EC,Ecuador,437.4
2020,8,SV,El Salvador,9165.6
2020,8,SV,El Salvador,10635.45
2020,8,ES,España,267912.59
2020,8,ES,España,6070.21
2020,8,US,Estados Unidos,9078592.3
2020,8,US,Estados Unidos,14679500.67
2020,8,EE,Estonia,13023.36
2020,8,FR,Francia,200012.94
2020,8,FR,Francia,638.4
2020,8,GE,Georgia,8590.05
2020,8,GR,Grecia,3990.0
2020,8,GT,Guatemala,10509.6
2020,8,GT,Guatemala,5684.14
2020,8,HN,Honduras,4650.38
2020,8,HK,Hong Kong,2.08
2020,8,VI,Islas Vírgenes,2016.0
2020,8,VI,Islas Vírgenes,1566.0
2020,8,IT,Italia,169232.41
2020,8,IT,Italia,32192.28
2020,8,JP,Japón,118116.0
2020,8,JP,Japón,7240.32
2020,8,JO,Jordania,4816.66
2020,8,LV,Letonia,121962.05
2020,8,LV,Letonia,20722.05
2020,8,LB,Líbano,6894.72
2020,8,LB,Líbano,869.82
2020,8,NI,Nicaragua,5778.0
2020,8,NO,Noruega,9336.6
2020,8,NO,Noruega,335.16
2020,8,NZ,Nueva Zelandia,11344.66
2020,8,NZ,Nueva Zelandia,15166.8
2020,8,PA,Panamá,39711.6
2020,8,PA,Panamá,14773.87
2020,8,NL,Países Bajos,43483.53
2020,8,NL,Países Bajos,18214.86
2020,8,PL,Polonia,10054.8
2020,8,GB,Reino Unido,64638.0
2020,8,GB,Reino Unido,26417.47
2020,8,RU,Rusia,28182.72
2020,8,RU,Rusia,7461.0
2020,8,RS,Serbia,21450.24
2020,8,SG,Singapur,31461.97
2020,8,ZA,Sudáfrica,19350.0
2020,8,ZA,Sudáfrica,2.25
2020,8,SE,Suecia,636.9
2020,8,CH,Suiza,3434.75
2020,8,TH,Tailandia,7660.8
2020,8,TW,Taiwán (Región),3847.5
2020,8,TW,Taiwán (Región),6778.8
2020,8,TR,Turquía,13209.0
2020,8,UA,Ucrania,11029.5
2020,8,VN,Vietnam,19872.0
2020,9,DE,Alemania,472646.37
2020,9,DE,Alemania,30777.73
2020,9,AR,Argentina,10260.0
2020,9,AR,Argentina,832.77
2020,9,AU,Australia,7155.96
2020,9,AU,Australia,107844.94
2020,9,AT,Austria,2995.92
2020,9,BY,Bielorrusia,6255.9
2020,9,BY,Bielorrusia,4001.4
2020,9,BO,Bolivia,24925.95
2020,9,BO,Bolivia,2187.0
2020,9,BR,Brasil,36511.2
2020,9,BR,Brasil,432.0
2020,9,BE,Bélgica,33351.89
2020,9,BE,Bélgica,4357.08
2020,9,CA,Canadá,13699.8
2020,9,CA,Canadá,193771.18
2020,9,CZ,Chequia,11799.0
2020,9,CL,Chile,61879.2
2020,9,CL,Chile,1620.0
2020,9,CN,China,31143.3
2020,9,CN,China,3501.0
2020,9,CO,Colombia,78000.56
2020,9,CO,Colombia,62494.02
2020,9,KR,Corea del Sur,3576.0
2020,9,CR,Costa Rica,969.57
2020,9,DK,Dinamarca,5145.0
2020,9,EC,Ecuador,69671.18
2020,9,EC,Ecuador,2970.0
2020,9,SV,El Salvador,45.0
2020,9,AE,Emiratos Árabes Unidos,14931.78
2020,9,AE,Emiratos Árabes Unidos,13005.87
2020,9,ES,España,280417.79
2020,9,ES,España,21541.9
2020,9,US,Estados Unidos,12636770.43
2020,9,US,Estados Unidos,14469600.45
2020,9,EE,Estonia,1556.1
2020,9,FI,Finlandia,504.0
2020,9,FR,Francia,130496.65
2020,9,FR,Francia,12645.6
2020,9,GE,Georgia,19642.2
2020,9,GE,Georgia,758.92
2020,9,GR,Grecia,15217.86
2020,9,GR,Grecia,3990.0
2020,9,GT,Guatemala,83.62
2020,9,HK,Hong Kong,3888.0
2020,9,HK,Hong Kong,3365.28
2020,9,HU,Hungría,5928.0
2020,9,IN,India,4500.0
2020,9,IN,India,1.5
2020,9,IL,Israel,15887.04
2020,9,IL,Israel,1299.0
2020,9,IT,Italia,109360.98
2020,9,IT,Italia,51273.1
2020,9,JP,Japón,15945.0
2020,9,JP,Japón,27950.85
2020,9,BS,Las Bahamas,11539.2
2020,9,BS,Las Bahamas,112.5
2020,9,LV,Letonia,258326.85
2020,9,LV,Letonia,25955.1
2020,9,LB,Líbano,1.5
2020,9,MA,Marruecos,4596.48
2020,9,NG,Nigeria,18810.0
2020,9,NO,Noruega,20109.6
2020,9,NO,Noruega,335.16
2020,9,NZ,Nueva Zelandia,18435.44
2020,9,NZ,Nueva Zelandia,14965.8
2020,9,PA,Panamá,17726.4
2020,9,PA,Panamá,26521.15
2020,9,NL,Países Bajos,77976.88
2020,9,NL,Países Bajos,9345.75
2020,9,PR,Puerto Rico,17064.0
2020,9,PR,Puerto Rico,14438.25
2020,9,GB,Reino Unido,103540.5
2020,9,GB,Reino Unido,113713.57
2020,9,RU,Rusia,22067.55
2020,9,RU,Rusia,23489.04
2020,9,SG,Singapur,19665.0
2020,9,ZA,Sudáfrica,67266.4
2020,9,ZA,Sudáfrica,1471.5
2020,9,SE,Suecia,957.6
2020,9,TW,Taiwán (Región),9168.0
2020,9,TT,Trinidad y Tobago,7646.4
2020,9,TR,Turquía,12804.75
2020,9,TR,Turquía,8391.6
2020,9,UA,Ucrania,30986.91
2020,9,UA,Ucrania,933.87
2020,10,DE,Alemania,24969.6
2020,10,AR,Argentina,9028.8
2020,10,AU,Australia,79687.8
2020,10,AU,Australia,157899.12
2020,10,AT,Austria,4668.3
2020,10,AT,Austria,2234.4
2020,10,BY,Bielorrusia,43322.36
2020,10,BY,Bielorrusia,1470.6
2020,10,BR,Brasil,44719.2
2020,10,BR,Brasil,11918.7
2020,10,BE,Bélgica,7421.4
2020,10,BE,Bélgica,498.96
2020,10,CA,Canadá,46731.79
2020,10,CA,Canadá,197290.35
2020,10,CL,Chile,32673.6
2020,10,CL,Chile,4424.17
2020,10,CN,China,53066.4
2020,10,CN,China,11869.24
2020,10,CO,Colombia,139602.6
2020,10,CO,Colombia,74793.37
2020,10,KR,Corea del Sur,756.0
2020,10,CR,Costa Rica,9731.25
2020,10,CR,Costa Rica,15170.32
2020,10,DK,Dinamarca,1152.0
2020,10,EC,Ecuador,62032.67
2020,10,EC,Ecuador,3046.5
2020,10,SV,El Salvador,9984.9
2020,10,SV,El Salvador,11586.82
2020,10,ES,España,363358.88
2020,10,ES,España,6754.56
2020,10,US,Estados Unidos,9188893.36
2020,10,US,Estados Unidos,15672202.29
2020,10,FR,Francia,223572.31
2020,10,FR,Francia,27144.88
2020,10,GE,Georgia,17035.2
2020,10,GH,Ghana,9878.4
2020,10,GR,Grecia,7590.0
2020,10,GT,Guatemala,20239.2
2020,10,GT,Guatemala,16274.64
2020,10,HN,Honduras,23090.4
2020,10,HN,Honduras,19919.62
2020,10,HK,Hong Kong,3591.0
2020,10,HK,Hong Kong,912.47
2020,10,IN,India,1.43
2020,10,ID,Indonesia,24.0
2020,10,VI,Islas Vírgenes,3528.0
2020,10,VI,Islas Vírgenes,4599.0
2020,10,IL,Israel,9291.0
2020,10,IL,Israel,3024.0
2020,10,IT,Italia,29565.9
2020,10,IT,Italia,60038.07
2020,10,JP,Japón,196053.33
2020,10,JP,Japón,16315.86
2020,10,BS,Las Bahamas,0.75
2020,10,LV,Letonia,135608.7
2020,10,LV,Letonia,18419.7
2020,10,LT,Lituania,4012.8
2020,10,LB,Líbano,3447.36
2020,10,LB,Líbano,4021.92
2020,10,NI,Nicaragua,1018.5
2020,10,NG,Nigeria,11115.0
2020,10,NO,Noruega,9216.9
2020,10,NO,Noruega,319.2
2020,10,NZ,Nueva Zelandia,30643.2
2020,10,NZ,Nueva Zelandia,17071.74
2020,10,PA,Panamá,15415.2
2020,10,PA,Panamá,25790.22
2020,10,NL,Países Bajos,16755.33
2020,10,PE,Perú,50803.2
2020,10,PE,Perú,1559.7
2020,10,PL,Polonia,10054.8
2020,10,PL,Polonia,4788.0
2020,10,PR,Puerto Rico,17712.0
2020,10,PR,Puerto Rico,18077.25
2020,10,GB,Reino Unido,117592.48
2020,10,DO,República Dominicana,7672.5
2020,10,RU,Rusia,57611.5
2020,10,RU,Rusia,7514.58
2020,10,RS,Serbia,10725.12
2020,10,SG,Singapur,17763.66
2020,10,SG,Singapur,39241.5
2020,10,LK,Sri Lanka,4500.0
2020,10,ZA,Sudáfrica,30805.2
2020,10,ZA,Sudáfrica,12010.39
2020,10,SE,Suecia,4602.12
2020,10,CH,Suiza,1000.12
2020,10,TW,Taiwán (Región),14885.55
2020,10,TW,Taiwán (Región),2016.0
2020,10,IO,Territorio Británico del Océano Índico,270.0
2020,10,TR,Turquía,42571.2
2020,10,TR,Turquía,702.24
2020,10,UA,Ucrania,20453.31
2020,10,UA,Ucrania,804.19
2020,10,UY,Uruguay,3283.2
2020,10,UY,Uruguay,2025.0
2020,10,VN,Vietnam,25920.0
2020,11,DE,Alemania,115627.8
2020,11,DE,Alemania,17438.91
2020,11,AR,Argentina,1441.99
2020,11,AU,Australia,91641.0
2020,11,AT,Austria,4612.98
2020,11,BB,Barbados,4377.6
2020,11,BO,Bolivia,763.43
2020,11,BR,Brasil,49644.0
2020,11,BR,Brasil,10974.6
2020,11,BE,Bélgica,65704.12
2020,11,BE,Bélgica,2698.38
2020,11,CA,Canadá,33271.03
2020,11,CA,Canadá,140326.48
2020,11,CZ,Chequia,5250.0
2020,11,CL,Chile,97124.58
2020,11,CL,Chile,8226.0
2020,11,CN,China,33192.0
2020,11,CN,China,4006.2
2020,11,CO,Colombia,119970.88
2020,11,CO,Colombia,54188.43
2020,11,CU,Cuba,3.67
2020,11,DK,Dinamarca,5956.86
2020,11,EC,Ecuador,99068.08
2020,11,EC,Ecuador,1082.81
2020,11,SV,El Salvador,20511.6
2020,11,SV,El Salvador,12784.11
2020,11,AE,Emiratos Árabes Unidos,43187.52
2020,11,AE,Emiratos Árabes Unidos,6383.91
2020,11,ES,España,114996.65
2020,11,ES,España,8183.71
2020,11,US,Estados Unidos,7498662.1
2020,11,US,Estados Unidos,15746991.37
2020,11,EE,Estonia,7373.52
2020,11,EE,Estonia,1005.48
2020,11,FR,Francia,167930.4
2020,11,FR,Francia,11483.83
2020,11,GE,Georgia,5700.0
2020,11,GE,Georgia,79.8
2020,11,GR,Grecia,14555.52
2020,11,GR,Grecia,4660.32
2020,11,GT,Guatemala,1235.07
2020,11,HN,Honduras,32.51
2020,11,HK,Hong Kong,2592.0
2020,11,HK,Hong Kong,3937.28
2020,11,ID,Indonesia,10800.0
2020,11,ID,Indonesia,1667.94
2020,11,IE,Irlanda,670.32
2020,11,IL,Israel,15960.0
2020,11,IL,Israel,7038.0
2020,11,IT,Italia,21546.0
2020,11,IT,Italia,54195.77
2020,11,JP,Japón,68760.0
2020,11,JP,Japón,13901.32
2020,11,QA,Katar,12306.48
2020,11,QA,Katar,1386.0
2020,11,LV,Letonia,98934.9
2020,11,LV,Letonia,1064.59
2020,11,NG,Nigeria,11115.0
2020,11,NO,Noruega,19870.2
2020,11,NO,Noruega,670.32
2020,11,NZ,Nueva Zelandia,43872.48
2020,11,NZ,Nueva Zelandia,3016.44
2020,11,PA,Panamá,32899.95
2020,11,PA,Panamá,38850.21
2020,11,NL,Países Bajos,30250.37
2020,11,PL,Polonia,9959.04
2020,11,PR,Puerto Rico,13320.0
2020,11,PR,Puerto Rico,9512.25
2020,11,GB,Reino Unido,96962.7
2020,11,GB,Reino Unido,81583.78
2020,11,DO,República Dominicana,5335.2
2020,11,DO,República Dominicana,2554.95
2020,11,RO,Rumania,9192.96
2020,11,RU,Rusia,57705.48
2020,11,RU,Rusia,10803.3
2020,11,RS,Serbia,10725.12
2020,11,SG,Singapur,1532.16
2020,11,SG,Singapur,3856.14
2020,11,ZA,Sudáfrica,63830.48
2020,11,ZA,Sudáfrica,23940.0
2020,11,SE,Suecia,2234.4
2020,11,CH,Suiza,319.72
2020,11,TH,Tailandia,7666.8
2020,11,TW,Taiwán (Región),8367.0
2020,11,TT,Trinidad y Tobago,7372.8
2020,11,TR,Turquía,68061.0
2020,11,TR,Turquía,11943.12
2020,11,UA,Ucrania,10916.64
2020,11,UY,Uruguay,2462.4
2020,12,DE,Alemania,33942.64
2020,12,DE,Alemania,9664.29
2020,12,AN,Antillas Holandesas,84.38
2020,12,AR,Argentina,10670.4
2020,12,AU,Australia,46690.98
2020,12,AU,Australia,50189.22
2020,12,AT,Austria,168.0
2020,12,BO,Bolivia,33223.5
2020,12,BO,Bolivia,4424.4
2020,12,BR,Brasil,18878.4
2020,12,BG,Bulgaria,8379.0
2020,12,BE,Bélgica,32779.98
2020,12,BE,Bélgica,2.62
2020,12,CA,Canadá,19333.8
2020,12,CA,Canadá,77594.29
2020,12,CL,Chile,42088.8
2020,12,CL,Chile,8100.0
2020,12,CN,China,52703.1
2020,12,CN,China,15619.5
2020,12,CY,Chipre,169.75
2020,12,CO,Colombia,46260.38
2020,12,CO,Colombia,83226.08
2020,12,KR,Corea del Sur,8748.0
2020,12,CR,Costa Rica,5946.07
2020,12,CR,Costa Rica,20868.0
2020,12,CU,Cuba,17784.0
2020,12,EC,Ecuador,77813.04
2020,12,EC,Ecuador,1068.75
2020,12,SV,El Salvador,1665.0
2020,12,AE,Emiratos Árabes Unidos,18535.74
2020,12,AE,Emiratos Árabes Unidos,5066.25
2020,12,ES,España,33210.0
2020,12,ES,España,15465.19
2020,12,US,Estados Unidos,6351497.48
2020,12,US,Estados Unidos,13593424.21
2020,12,PH,Filipinas,8760.9
2020,12,PH,Filipinas,954.0
2020,12,FI,Finlandia,126.0
2020,12,FR,Francia,165363.33
2020,12,FR,Francia,8769.12
2020,12,GR,Grecia,36109.5
2020,12,GR,Grecia,8447.97
2020,12,GT,Guatemala,1522.5
2020,12,GT,Guatemala,6834.69
2020,12,HN,Honduras,19342.8
2020,12,HN,Honduras,10422.04
2020,12,HK,Hong Kong,1881.0
2020,12,HK,Hong Kong,7.35
2020,12,HU,Hungría,5266.8
2020,12,KY,Islas Caimán,6156.0
2020,12,KY,Islas Caimán,720.0
2020,12,IL,Israel,921.69
2020,12,IL,Israel,8664.6
2020,12,IT,Italia,97993.76
2020,12,IT,Italia,64325.07
2020,12,JP,Japón,20638.32
2020,12,JP,Japón,9061.91
2020,12,LV,Letonia,260894.7
2020,12,LV,Letonia,20835.45
2020,12,NI,Nicaragua,173.25
2020,12,NI,Nicaragua,5420.7
2020,12,NG,Nigeria,24367.5
2020,12,NZ,Nueva Zelandia,14892.75
2020,12,NZ,Nueva Zelandia,54.15
2020,12,PA,Panamá,8662.5
2020,12,PA,Panamá,22955.92
2020,12,NL,Países Bajos,9935.1
2020,12,NL,Países Bajos,8699.92
2020,12,PR,Puerto Rico,17496.0
2020,12,PR,Puerto Rico,15747.75
2020,12,GB,Reino Unido,82721.41
2020,12,GB,Reino Unido,71421.57
2020,12,DO,República Dominicana,15124.5
2020,12,RU,Rusia,11824.08
2020,12,RU,Rusia,11824.08
2020,12,SG,Singapur,22815.0
2020,12,ZA,Sudáfrica,30805.2
2020,12,ZA,Sudáfrica,10372.5
2020,12,SE,Suecia,1264.83
2020,12,TW,Taiwán (Región),504.0
2020,12,TR,Turquía,49029.75
2020,12,TR,Turquía,351.12
2020,12,UA,Ucrania,9576.0
2020,12,UA,Ucrania,854.59
2020,12,VN,Vietnam,16848.0
2021,1,DE,Alemania,355642.07
2021,1,DE,Alemania,15966.09
2021,1,AR,Argentina,10670.4
2021,1,AU,Australia,74206.02
2021,1,AU,Australia,154201.25
2021,1,AT,Austria,3960.6
2021,1,BR,Brasil,63583.2
2021,1,BR,Brasil,32283.67
2021,1,CA,Canadá,35761.34
2021,1,CA,Canadá,151600.9
2021,1,CL,Chile,66545.22
2021,1,CL,Chile,27952.2
2021,1,CN,China,49813.5
2021,1,CN,China,3922.35
2021,1,CO,Colombia,128663.65
2021,1,CO,Colombia,29189.16
2021,1,KR,Corea del Sur,45453.6
2021,1,KR,Corea del Sur,9535.75
2021,1,CR,Costa Rica,8674.5
2021,1,EC,Ecuador,33027.69
2021,1,EC,Ecuador,435.38
2021,1,SV,El Salvador,17640.6
2021,1,SV,El Salvador,20929.88
2021,1,AE,Emiratos Árabes Unidos,18576.0
2021,1,AE,Emiratos Árabes Unidos,10511.37
2021,1,ES,España,445395.64
2021,1,ES,España,24252.15
2021,1,US,Estados Unidos,5320444.18
2021,1,US,Estados Unidos,12096277.23
2021,1,PH,Filipinas,38974.32
2021,1,FR,Francia,136564.59
2021,1,FR,Francia,8316.3
2021,1,GE,Georgia,7541.1
2021,1,GH,Ghana,6494.25
2021,1,GT,Guatemala,13262.4
2021,1,GT,Guatemala,4944.43
2021,1,HN,Honduras,9370.8
2021,1,HN,Honduras,7922.77
2021,1,HK,Hong Kong,2821.5
2021,1,HK,Hong Kong,1926.0
2021,1,IN,India,2268.0
2021,1,ID,Indonesia,1705.8
2021,1,VI,Islas Vírgenes,4032.0
2021,1,VI,Islas Vírgenes,1309.5
2021,1,IL,Israel,3024.0
2021,1,IT,Italia,40578.3
2021,1,IT,Italia,57350.16
2021,1,JM,Jamaica,4104.0
2021,1,JP,Japón,128221.8
2021,1,JP,Japón,14227.32
2021,1,QA,Katar,7292.88
2021,1,QA,Katar,378.0
2021,1,KE,Kenia,9936.0
2021,1,LV,Letonia,8812.2
2021,1,LV,Letonia,24816.0
2021,1,LT,Lituania,5711.4
2021,1,LB,Líbano,7277.76
2021,1,LB,Líbano,720.19
2021,1,NI,Nicaragua,5301.0
2021,1,NG,Nigeria,16245.0
2021,1,NZ,Nueva Zelandia,8809.92
2021,1,NZ,Nueva Zelandia,30190.89
2021,1,PA,Panamá,4075.2
2021,1,PA,Panamá,12612.78
2021,1,NL,Países Bajos,60157.3
2021,1,NL,Países Bajos,6205.95
2021,1,PR,Puerto Rico,27432.0
2021,1,PR,Puerto Rico,29317.99
2021,1,GB,Reino Unido,1.5
2021,1,GB,Reino Unido,61761.06
2021,1,DO,República Dominicana,7797.6
2021,1,DO,República Dominicana,8812.57
2021,1,RU,Rusia,29884.27
2021,1,RU,Rusia,11124.0
2021,1,SG,Singapur,480.0
2021,1,SG,Singapur,7734.98
2021,1,ZA,Sudáfrica,93244.5
2021,1,ZA,Sudáfrica,11056.5
2021,1,SE,Suecia,112.88
2021,1,CH,Suiza,8601.0
2021,1,SR,Suriname,10123.2
2021,1,TW,Taiwán (Región),4488.75
2021,1,TW,Taiwán (Región),7527.0
2021,1,IO,Territorio Británico del Océano Índico,10710.0
2021,1,TR,Turquía,12668.77
2021,1,TR,Turquía,4761.12
2021,1,UA,Ucrania,2280.0
2021,1,UY,Uruguay,19109.25
2021,2,DE,Alemania,284073.81
2021,2,DE,Alemania,19517.19
2021,2,AR,Argentina,1512.0
2021,2,AR,Argentina,766.08
2021,2,AU,Australia,34968.6
2021,2,AU,Australia,150224.45
2021,2,BO,Bolivia,4428.9
2021,2,BO,Bolivia,9977.25
2021,2,BR,Brasil,84952.8
2021,2,BE,Bélgica,33151.06
2021,2,CA,Canadá,19565.25
2021,2,CA,Canadá,121744.65
2021,2,CZ,Chequia,5928.0
2021,2,CL,Chile,7079.4
2021,2,CL,Chile,1938.37
2021,2,CN,China,8550.0
2021,2,CN,China,11115.0
2021,2,CO,Colombia,78993.35
2021,2,CO,Colombia,56891.69
2021,2,KR,Corea del Sur,5880.0
2021,2,CR,Costa Rica,969.57
2021,2,CR,Costa Rica,1440.0
2021,2,EC,Ecuador,66638.48
2021,2,SV,El Salvador,8303.6
2021,2,SV,El Salvador,21038.99
2021,2,AE,Emiratos Árabes Unidos,40407.78
2021,2,AE,Emiratos Árabes Unidos,24787.14
2021,2,ES,España,102891.61
2021,2,ES,España,10541.4
2021,2,US,Estados Unidos,4298558.13
2021,2,US,Estados Unidos,14242467.26
2021,2,EE,Estonia,4213.44
2021,2,PH,Filipinas,33392.53
2021,2,FR,Francia,92113.86
2021,2,FR,Francia,9688.5
2021,2,GT,Guatemala,6948.0
2021,2,GT,Guatemala,4141.85
2021,2,HN,Honduras,16372.8
2021,2,HN,Honduras,9629.26
2021,2,HK,Hong Kong,1881.0
2021,2,HK,Hong Kong,9108.0
2021,2,HU,Hungría,5877.84
2021,2,ID,Indonesia,7200.0
2021,2,ID,Indonesia,1404.0
2021,2,VI,Islas Vírgenes,3528.0
2021,2,VI,Islas Vírgenes,1309.5
2021,2,IL,Israel,12096.0
2021,2,IT,Italia,64006.17
2021,2,IT,Italia,69292.2
2021,2,JP,Japón,142209.0
2021,2,JP,Japón,24291.36
2021,2,JO,Jordania,3.5
2021,2,JO,Jordania,7.12
2021,2,QA,Katar,11442.48
2021,2,QA,Katar,882.0
2021,2,BS,Las Bahamas,11804.4
2021,2,LV,Letonia,28769.05
2021,2,LV,Letonia,37272.6
2021,2,MY,Malasia,2223.0
2021,2,MA,Marruecos,331.8
2021,2,NI,Nicaragua,223.12
2021,2,NO,Noruega,1087.8
2021,2,NZ,Nueva Zelandia,4298.94
2021,2,NZ,Nueva Zelandia,6647.22
2021,2,PA,Panamá,7344.0
2021,2,PA,Panamá,42834.78
2021,2,PY,Paraguay,34884.0
2021,2,PY,Paraguay,1003.72
2021,2,NL,Países Bajos,43013.3
2021,2,NL,Países Bajos,9482.02
2021,2,PE,Perú,48751.2
2021,2,PE,Perú,7290.0
2021,2,PL,Polonia,10054.8
2021,2,PR,Puerto Rico,1273.5
2021,2,GB,Reino Unido,69813.95
2021,2,GB,Reino Unido,28534.53
2021,2,RU,Rusia,17054.4
2021,2,RU,Rusia,9409.56
2021,2,RS,Serbia,21450.24
2021,2,SG,Singapur,23611.5
2021,2,ZA,Sudáfrica,136359.0
2021,2,ZA,Sudáfrica,24657.75
2021,2,SE,Suecia,5027.4
2021,2,CH,Suiza,45.0
2021,2,TW,Taiwán (Región),15120.0
2021,2,TW,Taiwán (Región),5460.0
2021,2,TT,Trinidad y Tobago,9439.2
2021,2,TR,Turquía,8297.73
2021,2,UA,Ucrania,6420.0
2021,2,VN,Vietnam,19872.0
2021,3,DE,Alemania,439502.55
2021,3,DE,Alemania,14038.64
2021,3,AN,Antillas Holandesas,6224.4
2021,3,AN,Antillas Holandesas,611.92
2021,3,AW,Aruba,1319.06
2021,3,AU,Australia,99013.95
2021,3,AU,Australia,143981.46
2021,3,AT,Austria,4573.2
2021,3,BO,Bolivia,16715.25
2021,3,BO,Bolivia,1096.2
2021,3,BR,Brasil,34869.6
2021,3,BR,Brasil,10888.2
2021,3,BE,Bélgica,34116.74
2021,3,BE,Bélgica,3546.44
2021,3,CA,Canadá,80699.44
2021,3,CA,Canadá,132381.96
2021,3,CL,Chile,157786.26
2021,3,CL,Chile,4545.0
2021,3,CN,China,42424.2
2021,3,CN,China,14779.68
2021,3,CO,Colombia,80216.85
2021,3,CO,Colombia,63366.15
2021,3,KR,Corea del Sur,7.5
2021,3,CR,Costa Rica,5207.4
2021,3,CR,Costa Rica,18686.4
2021,3,CU,Cuba,22932.0
2021,3,DK,Dinamarca,137.4
2021,3,DK,Dinamarca,5145.0
2021,3,EC,Ecuador,2052.0
2021,3,EC,Ecuador,877.04
2021,3,SV,El Salvador,37290.15
2021,3,SV,El Salvador,34098.75
2021,3,AE,Emiratos Árabes Unidos,5028.0
2021,3,AE,Emiratos Árabes Unidos,6164.1
2021,3,ES,España,231275.76
2021,3,ES,España,7985.91
2021,3,US,Estados Unidos,7681023.21
2021,3,US,Estados Unidos,15613304.65
2021,3,EE,Estonia,4596.48
2021,3,PH,Filipinas,173014.8
2021,3,PH,Filipinas,3910.32
2021,3,FR,Francia,169157.57
2021,3,FR,Francia,9084.6
2021,3,GT,Guatemala,9388.5
2021,3,GT,Guatemala,16226.23
2021,3,HN,Honduras,4255.42
2021,3,HK,Hong Kong,940.5
2021,3,HK,Hong Kong,7.35
2021,3,IN,India,46080.0
2021,3,IN,India,2021.93
2021,3,IQ,Irak,21511.8
2021,3,IE,Irlanda,20109.6
2021,3,VI,Islas Vírgenes,3280.5
2021,3,IL,Israel,8094.0
2021,3,IL,Israel,1248.0
2021,3,IT,Italia,43313.5
2021,3,IT,Italia,80346.0
2021,3,JP,Japón,121400.25
2021,3,JP,Japón,23003.66
2021,3,KE,Kenia,3885.0
2021,3,LV,Letonia,31566.6
2021,3,LV,Letonia,71488.87
2021,3,LT,Lituania,5665.8
2021,3,LT,Lituania,1396.5
2021,3,NI,Nicaragua,7075.69
2021,3,NI,Nicaragua,351.75
2021,3,NG,Nigeria,4711.05
2021,3,NO,Noruega,7182.0
2021,3,NO,Noruega,2872.8
2021,3,NZ,Nueva Zelandia,2681.28
2021,3,NZ,Nueva Zelandia,13314.45
2021,3,PA,Panamá,12072.6
2021,3,PA,Panamá,34198.42
2021,3,PY,Paraguay,486.0
2021,3,NL,Países Bajos,50770.15
2021,3,NL,Países Bajos,604.8
2021,3,PL,Polonia,4788.0
2021,3,PT,Portugal,10413.9
2021,3,PT,Portugal,391.02
2021,3,PR,Puerto Rico,10800.0
2021,3,PR,Puerto Rico,20790.0
2021,3,GB,Reino Unido,152766.17
2021,3,GB,Reino Unido,60060.18
2021,3,DO,República Dominicana,6976.8
2021,3,DO,República Dominicana,11419.95
2021,3,RU,Rusia,27187.65
2021,3,RU,Rusia,13868.1
2021,3,SG,Singapur,9529.59
2021,3,SG,Singapur,39586.89
2021,3,ZA,Sudáfrica,109310.4
2021,3,ZA,Sudáfrica,23512.5
2021,3,SE,Suecia,1436.4
2021,3,TH,Tailandia,498.75
2021,3,TR,Turquía,46381.65
2021,3,TR,Turquía,1893.36
2021,3,UA,Ucrania,19974.51
2021,3,UA,Ucrania,335.16
2021,3,UY,Uruguay,7797.6
2021,3,UY,Uruguay,85.5
2021,4,DE,Alemania,440419.26
2021,4,DE,Alemania,1532.16
2021,4,AR,Argentina,20930.4
2021,4,AR,Argentina,332.77
2021,4,AU,Australia,107140.7
2021,4,AU,Australia,140322.47
2021,4,AZ,Azerbaiyán,1316.7
2021,4,AZ,Azerbaiyán,4104.0
2021,4,BY,Bielorrusia,6255.9
2021,4,BY,Bielorrusia,4001.4
2021,4,BR,Brasil,10242.9
2021,4,BE,Bélgica,5.25
2021,4,CA,Canadá,62375.5
2021,4,CA,Canadá,280016.81
2021,4,CL,Chile,96136.2
2021,4,CL,Chile,359.1
2021,4,CN,China,88034.7
2021,4,CN,China,8969.82
2021,4,CY,Chipre,11267.76
2021,4,CO,Colombia,118887.07
2021,4,CO,Colombia,129262.71
2021,4,KR,Corea del Sur,9986.4
2021,4,KR,Corea del Sur,3186.0
2021,4,CR,Costa Rica,19556.5
2021,4,HR,Croacia,6894.72
2021,4,EC,Ecuador,66059.42
2021,4,EC,Ecuador,2756.25
2021,4,SV,El Salvador,18633.3
2021,4,SV,El Salvador,24297.67
2021,4,AE,Emiratos Árabes Unidos,19180.38
2021,4,AE,Emiratos Árabes Unidos,15326.7
2021,4,ES,España,187340.22
2021,4,ES,España,7635.6
2021,4,US,Estados Unidos,7675243.04
2021,4,US,Estados Unidos,15382242.5
2021,4,PH,Filipinas,33487.17
2021,4,FI,Finlandia,252.0
2021,4,FR,Francia,214141.35
2021,4,FR,Francia,33148.08
2021,4,GE,Georgia,15227.1
2021,4,GR,Grecia,16664.4
2021,4,GT,Guatemala,1915.2
2021,4,GT,Guatemala,11024.2
2021,4,HN,Honduras,5745.6
2021,4,HN,Honduras,6936.19
2021,4,HK,Hong Kong,649.69
2021,4,IN,India,1.38
2021,4,IN,India,3021.0
2021,4,IL,Israel,11970.0
2021,4,IL,Israel,18360.0
2021,4,IT,Italia,52015.95
2021,4,IT,Italia,81356.55
2021,4,JP,Japón,81936.0
2021,4,JP,Japón,16824.0
2021,4,LV,Letonia,108262.72
2021,4,LV,Letonia,14793.0
2021,4,LB,Líbano,6894.72
2021,4,LB,Líbano,821.1
2021,4,NZ,Nueva Zelandia,27587.7
2021,4,NZ,Nueva Zelandia,5452.62
2021,4,PA,Panamá,16530.0
2021,4,PA,Panamá,55447.93
2021,4,NL,Países Bajos,10054.8
2021,4,NL,Países Bajos,20098.05
2021,4,PE,Perú,41595.75
2021,4,PE,Perú,3973.5
2021,4,PL,Polonia,8977.5
2021,4,PL,Polonia,252.0
2021,4,PR,Puerto Rico,18432.0
2021,4,PR,Puerto Rico,11108.25
2021,4,GB,Reino Unido,61919.3
2021,4,DO,República Dominicana,8208.0
2021,4,DO,República Dominicana,724.5
2021,4,RU,Rusia,7486.38
2021,4,RU,Rusia,2257.2
2021,4,RS,Serbia,21450.24
2021,4,SG,Singapur,103.95
2021,4,SG,Singapur,27523.5
2021,4,LK,Sri Lanka,13.5
2021,4,ZA,Sudáfrica,42724.8
2021,4,ZA,Sudáfrica,13097.25
2021,4,SE,Suecia,2234.4
2021,4,TW,Taiwán (Región),5771.25
2021,4,TT,Trinidad y Tobago,7387.2
2021,4,TR,Turquía,28852.32
2021,4,TR,Turquía,799.99
2021,4,VN,Vietnam,1152.0
2021,4,VN,Vietnam,983.25
2021,5,DE,Alemania,644455.53
2021,5,DE,Alemania,21408.1
2021,5,AU,Australia,111451.95
2021,5,AU,Australia,213188.94
2021,5,AT,Austria,6324.96
2021,5,BY,Bielorrusia,3462.75
2021,5,BY,Bielorrusia,988.2
2021,5,BO,Bolivia,17638.65
2021,5,BO,Bolivia,8074.5
2021,5,BR,Brasil,45792.0
2021,5,BR,Brasil,12415.72
2021,5,BE,Bélgica,65603.22
2021,5,BE,Bélgica,812.02
2021,5,CA,Canadá,92325.96
2021,5,CA,Canadá,211454.63
2021,5,CL,Chile,6639.36
2021,5,CL,Chile,18135.0
2021,5,CN,China,178204.5
2021,5,CN,China,2224.2
2021,5,CO,Colombia,89587.74
2021,5,CO,Colombia,151343.85
2021,5,CR,Costa Rica,13611.19
2021,5,CU,Cuba,14810.25
2021,5,CU,Cuba,438.9
2021,5,EC,Ecuador,4130.45
2021,5,EC,Ecuador,1260.0
2021,5,SV,El Salvador,10594.5
2021,5,SV,El Salvador,2834.57
2021,5,AE,Emiratos Árabes Unidos,5929.2
2021,5,AE,Emiratos Árabes Unidos,666.0
2021,5,ES,España,270099.62
2021,5,ES,España,22916.64
2021,5,US,Estados Unidos,9069509.17
2021,5,US,Estados Unidos,15908356.94
2021,5,FR,Francia,132226.05
2021,5,FR,Francia,21487.2
2021,5,GE,Georgia,7541.1
2021,5,GR,Grecia,4588.5
2021,5,GR,Grecia,4389.0
2021,5,GT,Guatemala,25355.92
2021,5,GT,Guatemala,12092.12
2021,5,HN,Honduras,6908.4
2021,5,HN,Honduras,8545.27
2021,5,HK,Hong Kong,7200.0
2021,5,ID,Indonesia,5616.0
2021,5,ID,Indonesia,1836.0
2021,5,IE,Irlanda,1440.0
2021,5,VI,Islas Vírgenes,3766.05
2021,5,IL,Israel,9063.0
2021,5,IL,Israel,17193.75
2021,5,IT,Italia,16638.3
2021,5,IT,Italia,113222.46
2021,5,JP,Japón,85676.85
2021,5,JP,Japón,13475.15
2021,5,KE,Kenia,8001.0
2021,5,BS,Las Bahamas,7806.0
2021,5,BS,Las Bahamas,22.5
2021,5,LV,Letonia,267954.15
2021,5,LV,Letonia,44230.5
2021,5,LB,Líbano,9419.62
2021,5,MY,Malasia,6912.0
2021,5,MY,Malasia,1233.0
2021,5,NI,Nicaragua,8805.0
2021,5,NZ,Nueva Zelandia,8426.88
2021,5,NZ,Nueva Zelandia,3538.48
2021,5,PA,Panamá,37784.85
2021,5,NL,Países Bajos,130668.79
2021,5,NL,Países Bajos,10684.3
2021,5,PE,Perú,9502.31
2021,5,PR,Puerto Rico,12240.0
2021,5,PR,Puerto Rico,12273.75
2021,5,GB,Reino Unido,89448.85
2021,5,GB,Reino Unido,117669.09
2021,5,DO,República Dominicana,630.0
2021,5,RU,Rusia,19422.45
2021,5,RU,Rusia,7032.0
2021,5,SG,Singapur,7953.54
2021,5,ZA,Sudáfrica,100247.4
2021,5,ZA,Sudáfrica,25044.3
2021,5,SE,Suecia,2810.85
2021,5,TH,Tailandia,9540.09
2021,5,TH,Tailandia,6486.57
2021,5,TW,Taiwán (Región),5280.0
2021,5,TR,Turquía,6720.0
2021,5,TR,Turquía,3255.84
2021,5,UA,Ucrania,17963.55
2021,5,UA,Ucrania,1217.58
2021,5,UY,Uruguay,1620.0
2021,5,VN,Vietnam,17874.0
2021,6,DE,Alemania,348469.46
2021,6,DE,Alemania,17831.55
2021,6,AR,Argentina,10670.4
2021,6,AU,Australia,129699.43
2021,6,AU,Australia,228158.73
2021,6,AT,Austria,1436.4
2021,6,AT,Austria,5107.2
2021,6,BR,Brasil,37773.9
2021,6,BE,Bélgica,15190.5
2021,6,BE,Bélgica,6538.12
2021,6,CA,Canadá,37896.61
2021,6,CA,Canadá,295359.68
2021,6,CL,Chile,49481.7
2021,6,CL,Chile,3544.87
2021,6,CN,China,76684.95
2021,6,CN,China,45255.43
2021,6,CY,Chipre,13597.92
2021,6,CO,Colombia,216474.52
2021,6,CO,Colombia,59148.93
2021,6,KR,Corea del Sur,19274.4
2021,6,KR,Corea del Sur,3240.0
2021,6,CR,Costa Rica,22912.5
2021,6,CU,Cuba,7644.0
2021,6,EC,Ecuador,2052.0
2021,6,EC,Ecuador,421.2
2021,6,SV,El Salvador,17150.4
2021,6,SV,El Salvador,17218.58
2021,6,AE,Emiratos Árabes Unidos,22464.0
2021,6,AE,Emiratos Árabes Unidos,6293.25
2021,6,ES,España,561861.93
2021,6,ES,España,26766.39
2021,6,US,Estados Unidos,10347850.22
2021,6,US,Estados Unidos,18008867.95
2021,6,EE,Estonia,10010.34
2021,6,EE,Estonia,1005.48
2021,6,FR,Francia,267156.66
2021,6,FR,Francia,28809.06
2021,6,GR,Grecia,8778.0
2021,6,GU,Guam,6048.0
2021,6,GU,Guam,1298.76
2021,6,GT,Guatemala,19641.6
2021,6,GT,Guatemala,7539.3
2021,6,HN,Honduras,15184.8
2021,6,HN,Honduras,7190.29
2021,6,HK,Hong Kong,3024.0
2021,6,HK,Hong Kong,1548.85
2021,6,ID,Indonesia,3492.0
2021,6,IE,Irlanda,19391.4
2021,6,IE,Irlanda,638.4
2021,6,IL,Israel,8778.0
2021,6,IL,Israel,22436.4
2021,6,IT,Italia,71221.5
2021,6,IT,Italia,163448.61
2021,6,JP,Japón,100453.5
2021,6,JP,Japón,15876.12
2021,6,QA,Katar,5115.84
2021,6,QA,Katar,882.0
2021,6,LV,Letonia,194028.03
2021,6,LV,Letonia,67098.54
2021,6,MD,Moldavia,8139.6
2021,6,MD,Moldavia,223.44
2021,6,NI,Nicaragua,5745.6
2021,6,NI,Nicaragua,2231.82
2021,6,NG,Nigeria,20973.15
2021,6,NZ,Nueva Zelandia,36712.16
2021,6,NZ,Nueva Zelandia,6243.74
2021,6,PA,Panamá,6770.4
2021,6,PA,Panamá,113128.3
2021,6,PY,Paraguay,18878.4
2021,6,NL,Países Bajos,100003.83
2021,6,NL,Países Bajos,12942.47
2021,6,PE,Perú,53617.05
2021,6,PE,Perú,324.0
2021,6,PL,Polonia,9959.04
2021,6,PL,Polonia,4788.0
2021,6,PR,Puerto Rico,27360.0
2021,6,PR,Puerto Rico,16671.0
2021,6,GB,Reino Unido,131122.57
2021,6,GB,Reino Unido,132618.19
2021,6,DO,República Dominicana,22909.5
2021,6,RU,Rusia,44688.9
2021,6,RU,Rusia,9629.1
2021,6,SG,Singapur,4979.52
2021,6,SG,Singapur,17433.87
2021,6,ZA,Sudáfrica,100486.8
2021,6,ZA,Sudáfrica,27744.52
2021,6,TW,Taiwán (Región),4806.0
2021,6,TR,Turquía,21640.5
2021,6,TR,Turquía,3718.65
2021,6,UA,Ucrania,3622.5
2021,6,UY,Uruguay,9849.6
2021,6,UY,Uruguay,85.5
2021,6,VN,Vietnam,9072.0
2021,6,VN,Vietnam,670.32
2021,7,DE,Alemania,476716.29
2021,7,DE,Alemania,34626.0
2021,7,AR,Argentina,20520.0
2021,7,AR,Argentina,665.53
2021,7,AU,Australia,73.5
2021,7,AU,Australia,160366.5
2021,7,AT,Austria,5612.16
2021,7,BO,Bolivia,22124.25
2021,7,BO,Bolivia,1620.0
2021,7,BR,Brasil,75103.2
2021,7,BR,Brasil,405.0
2021,7,BG,Bulgaria,4548.6
2021,7,BE,Bélgica,78842.51
2021,7,CA,Canadá,63396.25
2021,7,CA,Canadá,244323.81
2021,7,CZ,Chequia,5928.0
2021,7,CL,Chile,152218.5
2021,7,CL,Chile,33409.35
2021,7,CN,China,305053.05
2021,7,CN,China,10273.53
2021,7,CO,Colombia,310247.81
2021,7,CO,Colombia,120528.27
2021,7,KR,Corea del Sur,19353.6
2021,7,KR,Corea del Sur,3456.0
2021,7,CR,Costa Rica,6297.93
2021,7,CR,Costa Rica,20371.88
2021,7,DK,Dinamarca,27565.97
2021,7,EC,Ecuador,66111.46
2021,7,SV,El Salvador,15853.8
2021,7,SV,El Salvador,32233.5
2021,7,AE,Emiratos Árabes Unidos,34775.28
2021,7,AE,Emiratos Árabes Unidos,11756.25
2021,7,ES,España,415945.48
2021,7,ES,España,25122.3
2021,7,US,Estados Unidos,9334973.74
2021,7,US,Estados Unidos,17097709.37
2021,7,FI,Finlandia,475.44
2021,7,FR,Francia,392125.42
2021,7,FR,Francia,27430.71
2021,7,GE,Georgia,8045.1
2021,7,GR,Grecia,627.0
2021,7,GR,Grecia,41782.51
2021,7,GT,Guatemala,1375.2
2021,7,HN,Honduras,19699.2
2021,7,HN,Honduras,11822.4
2021,7,HK,Hong Kong,3456.0
2021,7,HK,Hong Kong,5325.75
2021,7,IN,India,5832.0
2021,7,IE,Irlanda,5853.0
2021,7,KY,Islas Caimán,7866.0
2021,7,VI,Islas Vírgenes,3024.0
2021,7,VI,Islas Vírgenes,5147.02
2021,7,VG,Islas Vírgenes Británicas,3898.8
2021,7,VG,Islas Vírgenes Británicas,162.0
2021,7,IL,Israel,7068.0
2021,7,IL,Israel,9627.96
2021,7,IT,Italia,170314.07
2021,7,IT,Italia,48343.95
2021,7,JP,Japón,183650.4
2021,7,JP,Japón,56051.8
2021,7,BS,Las Bahamas,5640.0
2021,7,LV,Letonia,321662.4
2021,7,LV,Letonia,81292.88
2021,7,LB,Líbano,6511.68
2021,7,LB,Líbano,957.6
2021,7,NI,Nicaragua,1712.4
2021,7,NI,Nicaragua,252.0
2021,7,NG,Nigeria,11115.0
2021,7,NZ,Nueva Zelandia,8043.84
2021,7,NZ,Nueva Zelandia,10600.9
2021,7,PA,Panamá,103977.9
2021,7,PA,Panamá,42590.67
2021,7,PY,Paraguay,41681.25
2021,7,PY,Paraguay,277.42
2021,7,NL,Países Bajos,48461.4
2021,7,NL,Países Bajos,9542.07
2021,7,PE,Perú,45554.4
2021,7,PE,Perú,5031.0
2021,7,PL,Polonia,7066.29
2021,7,PT,Portugal,10773.0
2021,7,PR,Puerto Rico,65592.0
2021,7,PR,Puerto Rico,21996.0
2021,7,GB,Reino Unido,113161.67
2021,7,GB,Reino Unido,168874.28
2021,7,DO,República Dominicana,16005.6
2021,7,DO,República Dominicana,31869.68
2021,7,RO,Rumania,9001.44
2021,7,RU,Rusia,26390.7
2021,7,RU,Rusia,756.0
2021,7,RS,Serbia,21450.24
2021,7,ZA,Sudáfrica,143740.35
2021,7,ZA,Sudáfrica,21714.53
2021,7,SE,Suecia,84.0
2021,7,SE,Suecia,3801.9
2021,7,CH,Suiza,9074.4
2021,7,CH,Suiza,1582.11
2021,7,TW,Taiwán (Región),5292.0
2021,7,TW,Taiwán (Región),2016.0
2021,7,TT,Trinidad y Tobago,7768.8
2021,7,TR,Turquía,53993.73
2021,7,TR,Turquía,3255.84
2021,7,UA,Ucrania,1254.0
2021,7,UA,Ucrania,4079.1
2021,7,UY,Uruguay,13586.4
2021,7,VE,Venezuela,9000.0
2021,7,VN,Vietnam,28512.0
2021,8,DE,Alemania,633339.6
2021,8,DE,Alemania,9012.36
2021,8,AW,Aruba,11970.0
2021,8,AU,Australia,104565.0
2021,8,AU,Australia,151589.8
2021,8,AT,Austria,2508.0
2021,8,BM,Bermuda,1436.4
2021,8,BY,Bielorrusia,28248.97
2021,8,BO,Bolivia,27890.1
2021,8,BR,Brasil,62719.2
2021,8,BR,Brasil,22776.75
2021,8,BG,Bulgaria,4309.2
2021,8,BE,Bélgica,75994.55
2021,8,BE,Bélgica,406.98
2021,8,CA,Canadá,18473.4
2021,8,CA,Canadá,243574.42
2021,8,CZ,Chequia,7134.6
2021,8,CL,Chile,37622.85
2021,8,CL,Chile,2016.0
2021,8,CN,China,48480.0
2021,8,CN,China,29336.94
2021,8,CO,Colombia,66454.34
2021,8,CO,Colombia,211456.88
2021,8,KR,Corea del Sur,121.13
2021,8,CR,Costa Rica,39772.95
2021,8,DK,Dinamarca,17485.86
2021,8,EC,Ecuador,24774.59
2021,8,SV,El Salvador,28692.0
2021,8,SV,El Salvador,22986.9
2021,8,AE,Emiratos Árabes Unidos,62514.78
2021,8,AE,Emiratos Árabes Unidos,7026.75
2021,8,ES,España,547148.31
2021,8,ES,España,52576.47
2021,8,US,Estados Unidos,9163739.28
2021,8,US,Estados Unidos,16980016.49
2021,8,FR,Francia,263666.41
2021,8,FR,Francia,10379.88
2021,8,GE,Georgia,8265.6
2021,8,GH,Ghana,22785.0
2021,8,GH,Ghana,15.96
2021,8,GR,Grecia,8778.0
2021,8,GT,Guatemala,28510.2
2021,8,GT,Guatemala,21103.05
2021,8,HN,Honduras,32414.7
2021,8,HN,Honduras,11452.56
2021,8,HK,Hong Kong,512.89
2021,8,HU,Hungría,5107.2
2021,8,IN,India,31934.0
2021,8,IN,India,8280.0
2021,8,IE,Irlanda,41074.2
2021,8,IE,Irlanda,49.87
2021,8,VI,Islas Vírgenes,4536.0
2021,8,VI,Islas Vírgenes,1809.0
2021,8,IL,Israel,26125.95
2021,8,IL,Israel,3940.5
2021,8,IT,Italia,186671.22
2021,8,IT,Italia,79142.95
2021,8,JM,Jamaica,15390.0
2021,8,JP,Japón,27683.4
2021,8,JP,Japón,35970.19
2021,8,BS,Las Bahamas,22819.2
2021,8,BS,Las Bahamas,776.25
2021,8,LV,Letonia,72133.5
2021,8,LV,Letonia,14797.29
2021,8,LT,Lituania,5871.0
2021,8,MD,Moldavia,5346.6
2021,8,MD,Moldavia,159.0
2021,8,NI,Nicaragua,15255.0
2021,8,NO,Noruega,18969.6
2021,8,NO,Noruega,1750.56
2021,8,NZ,Nueva Zelandia,33232.86
2021,8,NZ,Nueva Zelandia,3319.68
2021,8,PA,Panamá,15670.8
2021,8,PA,Panamá,52474.35
2021,8,NL,Países Bajos,161058.15
2021,8,NL,Países Bajos,11456.3
2021,8,PE,Perú,77823.45
2021,8,PE,Perú,3287.47
2021,8,PL,Polonia,14364.0
2021,8,PT,Portugal,10773.0
2021,8,PR,Puerto Rico,15786.0
2021,8,PR,Puerto Rico,51885.0
2021,8,GB,Reino Unido,35770.7
2021,8,GB,Reino Unido,139262.9
2021,8,DO,República Dominicana,16005.6
2021,8,DO,República Dominicana,30883.45
2021,8,RU,Rusia,17067.36
2021,8,RU,Rusia,4937.4
2021,8,SG,Singapur,6427.15
2021,8,ZA,Sudáfrica,129331.35
2021,8,ZA,Sudáfrica,27928.91
2021,8,SE,Suecia,2079.0
2021,8,SE,Suecia,12498.99
2021,8,CH,Suiza,84.0
2021,8,SR,Suriname,8413.2
2021,8,TH,Tailandia,498.75
2021,8,TW,Taiwán (Región),5280.0
2021,8,TT,Trinidad y Tobago,6127.2
2021,8,TR,Turquía,51240.42
2021,8,TR,Turquía,1053.36
2021,8,UA,Ucrania,19651.32
2021,8,UA,Ucrania,1155.1
2021,9,DE,Alemania,313322.81
2021,9,DE,Alemania,6027.6
2021,9,AO,Angola,7660.8
2021,9,AN,Antillas Holandesas,5312.4
2021,9,AN,Antillas Holandesas,2284.2
2021,9,AR,Argentina,9849.6
2021,9,AR,Argentina,665.53
2021,9,AW,Aruba,1029.38
2021,9,AU,Australia,15884.4
2021,9,AU,Australia,191618.34
2021,9,AT,Austria,5305.5
2021,9,BO,Bolivia,52907.4
2021,9,BO,Bolivia,17208.85
2021,9,BR,Brasil,32592.6
2021,9,BR,Brasil,4500.0
2021,9,BE,Bélgica,39608.32
2021,9,BE,Bélgica,777.0
2021,9,CA,Canadá,32841.9
2021,9,CA,Canadá,266521.89
2021,9,CZ,Chequia,5356.2
2021,9,CL,Chile,42818.76
2021,9,CL,Chile,6840.0
2021,9,CN,China,136844.55
2021,9,CN,China,28359.33
2021,9,CO,Colombia,152334.91
2021,9,CO,Colombia,155459.02
2021,9,KR,Corea del Sur,20106.0
2021,9,KR,Corea del Sur,2720.86
2021,9,CR,Costa Rica,10934.73
2021,9,CR,Costa Rica,29998.95
2021,9,DK,Dinamarca,1512.0
2021,9,EC,Ecuador,130985.25
2021,9,EC,Ecuador,1102.5
2021,9,SV,El Salvador,44009.25
2021,9,SV,El Salvador,19508.27
2021,9,AE,Emiratos Árabes Unidos,48505.05
2021,9,AE,Emiratos Árabes Unidos,8258.25
2021,9,ES,España,352319.56
2021,9,ES,España,13408.11
2021,9,US,Estados Unidos,8934015.18
2021,9,US,Estados Unidos,16923909.78
2021,9,EE,Estonia,8235.36
2021,9,PH,Filipinas,2394.0
2021,9,FR,Francia,114549.55
2021,9,FR,Francia,12060.78
2021,9,GE,Georgia,6116.1
2021,9,GE,Georgia,90.0
2021,9,GR,Grecia,33316.5
2021,9,GR,Grecia,23247.0
2021,9,GT,Guatemala,31267.2
2021,9,GT,Guatemala,5808.39
2021,9,HN,Honduras,42.0
2021,9,HN,Honduras,29815.14
2021,9,HK,Hong Kong,10559.25
2021,9,HK,Hong Kong,4587.57
2021,9,HU,Hungría,5827.68
2021,9,IN,India,9900.0
2021,9,IN,India,1944.0
2021,9,ID,Indonesia,10800.0
2021,9,ID,Indonesia,2241.0
2021,9,VI,Islas Vírgenes,5040.0
2021,9,VI,Islas Vírgenes,1278.0
2021,9,IL,Israel,15750.0
2021,9,IT,Italia,54011.18
2021,9,IT,Italia,62925.57
2021,9,JM,Jamaica,6300.0
2021,9,JP,Japón,13896.0
2021,9,JP,Japón,30482.88
2021,9,QA,Katar,9504.0
2021,9,QA,Katar,522.0
2021,9,BS,Las Bahamas,11958.0
2021,9,BS,Las Bahamas,780.0
2021,9,LV,Letonia,7866.0
2021,9,LV,Letonia,58871.46
2021,9,LT,Lituania,10.97
2021,9,LB,Líbano,15321.6
2021,9,LB,Líbano,379.05
2021,9,NI,Nicaragua,1837.5
2021,9,NG,Nigeria,11115.0
2021,9,NZ,Nueva Zelandia,18450.72
2021,9,NZ,Nueva Zelandia,15087.33
2021,9,PA,Panamá,31021.2
2021,9,PA,Panamá,76535.34
2021,9,NL,Países Bajos,74759.52
2021,9,NL,Países Bajos,21925.26
2021,9,PT,Portugal,5643.0
2021,9,PR,Puerto Rico,43272.0
2021,9,PR,Puerto Rico,28858.5
2021,9,GB,Reino Unido,101593.22
2021,9,GB,Reino Unido,276308.84
2021,9,DO,República Dominicana,5745.6
2021,9,DO,República Dominicana,23033.0
2021,9,RU,Rusia,27523.34
2021,9,RU,Rusia,23059.86
2021,9,SG,Singapur,2223.0
2021,9,SG,Singapur,12283.18
2021,9,ZA,Sudáfrica,95582.7
2021,9,ZA,Sudáfrica,47189.4
2021,9,SE,Suecia,4146.6
2021,9,SR,Suriname,957.6
2021,9,TH,Tailandia,15321.6
2021,9,TW,Taiwán (Región),11262.94
2021,9,TW,Taiwán (Región),967.5
2021,9,UY,Uruguay,10422.45
2021,9,UY,Uruguay,171.0
2021,9,VN,Vietnam,19872.0
2021,10,DE,Alemania,624457.07
2021,10,DE,Alemania,21129.5
2021,10,AR,Argentina,1524.75
2021,10,AU,Australia,97598.5
2021,10,AT,Austria,5745.6
2021,10,AT,Austria,1276.8
2021,10,BD,Bangladesh,7612.5
2021,10,BY,Bielorrusia,6327.0
2021,10,BY,Bielorrusia,450.0
2021,10,BO,Bolivia,8986.95
2021,10,BO,Bolivia,6887.18
2021,10,BR,Brasil,73872.0
2021,10,BR,Brasil,20614.5
2021,10,BG,Bulgaria,33439.62
2021,10,BE,Bélgica,61082.22
2021,10,BE,Bélgica,3560.2
2021,10,CA,Canadá,68219.7
2021,10,CA,Canadá,238269.92
2021,10,CL,Chile,165822.12
2021,10,CL,Chile,18817.2
2021,10,CN,China,33039.34
2021,10,CN,China,44357.7
2021,10,CY,Chipre,34605.84
2021,10,CO,Colombia,148751.74
2021,10,CO,Colombia,83866.05
2021,10,KR,Corea del Sur,8526.15
2021,10,KR,Corea del Sur,5759.46
2021,10,CR,Costa Rica,6278.4
2021,10,CR,Costa Rica,14812.12
2021,10,EC,Ecuador,52549.2
2021,10,EC,Ecuador,1613.7
2021,10,SV,El Salvador,11586.38
2021,10,AE,Emiratos Árabes Unidos,31392.0
2021,10,AE,Emiratos Árabes Unidos,8580.52
2021,10,ES,España,337619.6
2021,10,ES,España,76412.52
2021,10,US,Estados Unidos,7788731.06
2021,10,US,Estados Unidos,17223723.35
2021,10,EE,Estonia,6224.4
2021,10,EE,Estonia,3329.34
2021,10,PH,Filipinas,33152.34
2021,10,FR,Francia,508661.31
2021,10,FR,Francia,6246.24
2021,10,GH,Ghana,1596.0
2021,10,GH,Ghana,3216.35
2021,10,GR,Grecia,75829.95
2021,10,GR,Grecia,11724.0
2021,10,GT,Guatemala,4408.8
2021,10,GT,Guatemala,4486.49
2021,10,HN,Honduras,22482.0
2021,10,HK,Hong Kong,14370.75
2021,10,HK,Hong Kong,1749.6
2021,10,IN,India,5859.0
2021,10,ID,Indonesia,4500.0
2021,10,KY,Islas Caimán,253.12
2021,10,VI,Islas Vírgenes,5724.3
2021,10,IL,Israel,5814.0
2021,10,IL,Israel,10497.6
2021,10,IT,Italia,183912.63
2021,10,IT,Italia,101268.33
2021,10,JP,Japón,14724.0
2021,10,JP,Japón,21882.28
2021,10,QA,Katar,5184.0
2021,10,QA,Katar,846.0
2021,10,KE,Kenia,6426.0
2021,10,BS,Las Bahamas,2415.0
2021,10,LV,Letonia,128649.0
2021,10,LV,Letonia,31402.8
2021,10,LB,Líbano,15704.64
2021,10,LB,Líbano,638.4
2021,10,NO,Noruega,17105.13
2021,10,NO,Noruega,3926.16
2021,10,NZ,Nueva Zelandia,42556.08
2021,10,NZ,Nueva Zelandia,11687.3
2021,10,PA,Panamá,7432.8
2021,10,PA,Panamá,27053.58
2021,10,PY,Paraguay,6156.0
2021,10,PY,Paraguay,409.5
2021,10,NL,Países Bajos,187712.7
2021,10,NL,Países Bajos,26928.9
2021,10,PE,Perú,73008.0
2021,10,PE,Perú,2430.0
2021,10,PL,Polonia,17141.04
2021,10,PL,Polonia,3192.0
2021,10,PR,Puerto Rico,32832.0
2021,10,PR,Puerto Rico,22860.0
2021,10,GB,Reino Unido,294.0
2021,10,GB,Reino Unido,409979.04
2021,10,DO,República Dominicana,17992.5
2021,10,RU,Rusia,19957.65
2021,10,RU,Rusia,30205.2
2021,10,RS,Serbia,10725.12
2021,10,SG,Singapur,1.75
2021,10,SG,Singapur,37.05
2021,10,ZA,Sudáfrica,63046.47
2021,10,ZA,Sudáfrica,27319.5
2021,10,SE,Suecia,79.8
2021,10,SE,Suecia,5388.85
2021,10,CH,Suiza,10174.5
2021,10,TW,Taiwán (Región),20738.7
2021,10,TW,Taiwán (Región),15720.0
2021,10,TT,Trinidad y Tobago,14774.4
2021,10,TT,Trinidad y Tobago,418.5
2021,10,TR,Turquía,103668.6
2021,10,TR,Turquía,12027.96
2021,10,UA,Ucrania,14582.55
2021,11,DE,Alemania,1038517.47
2021,11,DE,Alemania,2188.62
2021,11,AU,Australia,27683.2
2021,11,AU,Australia,114666.96
2021,11,AT,Austria,2474.1
2021,11,BO,Bolivia,17638.65
2021,11,BO,Bolivia,1253.69
2021,11,BR,Brasil,56635.2
2021,11,BE,Bélgica,82271.28
2021,11,BE,Bélgica,4277.49
2021,11,CA,Canadá,10080.0
2021,11,CA,Canadá,274018.57
2021,11,CL,Chile,179269.8
2021,11,CL,Chile,9415.57
2021,11,CN,China,67701.0
2021,11,CN,China,8824.65
2021,11,CO,Colombia,129373.12
2021,11,CO,Colombia,76488.94
2021,11,KR,Corea del Sur,28242.0
2021,11,KR,Corea del Sur,8460.0
2021,11,CR,Costa Rica,3205.12
2021,11,CR,Costa Rica,40289.85
2021,11,DK,Dinamarca,462.0
2021,11,DK,Dinamarca,9261.0
2021,11,EC,Ecuador,167531.16
2021,11,EC,Ecuador,1395.79
2021,11,SV,El Salvador,9606.0
2021,11,AE,Emiratos Árabes Unidos,27468.3
2021,11,AE,Emiratos Árabes Unidos,9807.75
2021,11,ES,España,338911.64
2021,11,ES,España,58376.79
2021,11,US,Estados Unidos,7136305.58
2021,11,US,Estados Unidos,18700313.59
2021,11,EE,Estonia,4117.68
2021,11,EE,Estonia,670.32
2021,11,FR,Francia,219000.82
2021,11,FR,Francia,53119.5
2021,11,GR,Grecia,8778.0
2021,11,GT,Guatemala,25045.8
2021,11,GT,Guatemala,21596.03
2021,11,HN,Honduras,13501.2
2021,11,HN,Honduras,10465.87
2021,11,HK,Hong Kong,7260.75
2021,11,HK,Hong Kong,4828.5
2021,11,HU,Hungría,5266.8
2021,11,HU,Hungría,49.87
2021,11,IN,India,41520.0
2021,11,IN,India,2103.75
2021,11,ID,Indonesia,11232.0
2021,11,ID,Indonesia,832.5
2021,11,IQ,Irak,20463.0
2021,11,IE,Irlanda,2872.8
2021,11,IE,Irlanda,4985.5
2021,11,IL,Israel,6840.0
2021,11,IL,Israel,3929.4
2021,11,IT,Italia,67109.08
2021,11,IT,Italia,122406.6
2021,11,JP,Japón,199368.24
2021,11,JP,Japón,42036.8
2021,11,KE,Kenia,9936.0
2021,11,LV,Letonia,155025.75
2021,11,LV,Letonia,67635.3
2021,11,MA,Marruecos,3830.4
2021,11,MA,Marruecos,492.76
2021,11,MU,Mauricio,11159.53
2021,11,NI,Nicaragua,16108.12
2021,11,NG,Nigeria,5600.25
2021,11,NO,Noruega,22188.39
2021,11,NO,Noruega,3497.76
2021,11,NZ,Nueva Zelandia,20301.12
2021,11,NZ,Nueva Zelandia,8759.31
2021,11,PA,Panamá,18427.5
2021,11,PA,Panamá,25593.75
2021,11,PY,Paraguay,8208.0
2021,11,PY,Paraguay,1166.92
2021,11,NL,Países Bajos,83332.79
2021,11,NL,Países Bajos,35174.36
2021,11,PE,Perú,62791.2
2021,11,PE,Perú,37904.62
2021,11,PT,Portugal,10773.0
2021,11,PR,Puerto Rico,10080.0
2021,11,PR,Puerto Rico,26703.0
2021,11,GB,Reino Unido,248035.48
2021,11,GB,Reino Unido,179795.22
2021,11,DO,República Dominicana,4924.8
2021,11,DO,República Dominicana,49887.0
2021,11,RU,Rusia,24127.5
2021,11,RU,Rusia,5958.38
2021,11,SG,Singapur,1008.0
2021,11,LK,Sri Lanka,630.0
2021,11,ZA,Sudáfrica,108856.5
2021,11,ZA,Sudáfrica,6688.27
2021,11,SE,Suecia,45.15
2021,11,SE,Suecia,7112.4
2021,11,TW,Taiwán (Región),13441.05
2021,11,TW,Taiwán (Región),5269.2
2021,11,TR,Turquía,18666.48
2021,11,TR,Turquía,351.12
2021,11,UA,Ucrania,30564.54
2021,11,UA,Ucrania,8967.0
2021,11,VN,Vietnam,30321.0
2021,11,VN,Vietnam,229.5
2021,12,DE,Alemania,668541.32
2021,12,DE,Alemania,15987.72
2021,12,AR,Argentina,7333.2
2021,12,AU,Australia,187802.9
2021,12,AU,Australia,229767.22
2021,12,AT,Austria,3950.1
2021,12,AT,Austria,6645.24
2021,12,AZ,Azerbaiyán,1316.7
2021,12,AZ,Azerbaiyán,3830.4
2021,12,BO,Bolivia,13573.5
2021,12,BR,Brasil,1800.0
2021,12,BE,Bélgica,68603.17
2021,12,BE,Bélgica,7118.16
2021,12,CA,Canadá,23245.06
2021,12,CA,Canadá,128390.2
2021,12,CZ,Chequia,3447.36
2021,12,CZ,Chequia,59.85
2021,12,CL,Chile,79021.95
2021,12,CL,Chile,19314.0
2021,12,CN,China,94517.48
2021,12,CN,China,12214.32
2021,12,CO,Colombia,117343.17
2021,12,CO,Colombia,164370.22
2021,12,KR,Corea del Sur,4392.0
2021,12,CR,Costa Rica,7133.4
2021,12,CR,Costa Rica,30433.72
2021,12,DK,Dinamarca,1667.82
2021,12,EC,Ecuador,5940.0
2021,12,EC,Ecuador,3847.5
2021,12,SV,El Salvador,7501.2
2021,12,SV,El Salvador,35231.17
2021,12,AE,Emiratos Árabes Unidos,39454.8
2021,12,AE,Emiratos Árabes Unidos,10888.65
2021,12,SK,Eslovaquia,3830.4
2021,12,ES,España,511872.05
2021,12,ES,España,79784.34
2021,12,US,Estados Unidos,7347385.2
2021,12,US,Estados Unidos,15244541.82
2021,12,EE,Estonia,39.11
2021,12,PH,Filipinas,2772.0
2021,12,FR,Francia,365911.59
2021,12,FR,Francia,15176.88
2021,12,GE,Georgia,18738.9
2021,12,GE,Georgia,410.4
2021,12,GH,Ghana,9669.48
2021,12,GH,Ghana,2010.96
2021,12,GR,Grecia,199.5
2021,12,GR,Grecia,28660.59
2021,12,GT,Guatemala,4417.5
2021,12,GT,Guatemala,11105.78
2021,12,HN,Honduras,12938.4
2021,12,HN,Honduras,10514.44
2021,12,HK,Hong Kong,202.5
2021,12,HU,Hungría,11012.4
2021,12,HU,Hungría,7013.28
2021,12,IN,India,17100.0
2021,12,IN,India,5716.5
2021,12,IE,Irlanda,1915.2
2021,12,IE,Irlanda,4819.92
2021,12,VI,Islas Vírgenes,3703.43
2021,12,IL,Israel,7586.7
2021,12,IL,Israel,8247.75
2021,12,IT,Italia,137346.51
2021,12,JM,Jamaica,15732.0
2021,12,JP,Japón,151656.66
2021,12,JP,Japón,29593.12
2021,12,QA,Katar,14256.0
2021,12,QA,Katar,756.0
2021,12,LV,Letonia,182713.5
2021,12,LV,Letonia,22957.71
2021,12,MD,Moldavia,7620.9
2021,12,MD,Moldavia,167.58
2021,12,NI,Nicaragua,14965.8
2021,12,NI,Nicaragua,719.64
2021,12,NG,Nigeria,44.16
2021,12,NO,Noruega,12185.46
2021,12,NO,Noruega,2872.8
2021,12,NZ,Nueva Zelandia,11112.43
2021,12,NZ,Nueva Zelandia,10673.16
2021,12,PA,Panamá,33379.2
2021,12,PA,Panamá,70273.87
2021,12,PY,Paraguay,3543.75
2021,12,NL,Países Bajos,99812.61
2021,12,NL,Países Bajos,16668.9
2021,12,PE,Perú,104338.8
2021,12,PE,Perú,16356.52
2021,12,PL,Polonia,7182.0
2021,12,PT,Portugal,10517.64
2021,12,PT,Portugal,255.36
2021,12,PR,Puerto Rico,4101.15
2021,12,PR,Puerto Rico,4036.5
2021,12,GB,Reino Unido,233575.89
2021,12,GB,Reino Unido,246994.32
2021,12,DO,República Dominicana,15595.2
2021,12,DO,República Dominicana,30763.38
2021,12,RO,Rumania,9959.04
2021,12,RU,Rusia,22684.71
2021,12,RU,Rusia,56040.3
2021,12,SG,Singapur,2435.25
2021,12,LK,Sri Lanka,1170.0
2021,12,LK,Sri Lanka,135.0
2021,12,ZA,Sudáfrica,41641.2
2021,12,ZA,Sudáfrica,21789.53
2021,12,SE,Suecia,1117.2
2021,12,CH,Suiza,119.7
2021,12,TH,Tailandia,8809.92
2021,12,TW,Taiwán (Región),10800.0
2021,12,TR,Turquía,33216.75
2021,12,UA,Ucrania,12592.44
2021,12,UA,Ucrania,1005.48
2022,1,DE,Alemania,597036.18
2022,1,DE,Alemania,8044.5
2022,1,AN,Antillas Holandesas,5677.2
2022,1,AN,Antillas Holandesas,2001.6
2022,1,AR,Argentina,10260.0
2022,1,AR,Argentina,341.54
2022,1,AU,Australia,34227.25
2022,1,AU,Australia,127396.71
2022,1,BH,Bahrein,3540.0
2022,1,BO,Bolivia,36083.7
2022,1,BO,Bolivia,6861.75
2022,1,BR,Brasil,45144.0
2022,1,BR,Brasil,11475.0
2022,1,BE,Bélgica,6.0
2022,1,CA,Canadá,40863.22
2022,1,CA,Canadá,237812.7
2022,1,CL,Chile,22687.5
2022,1,CL,Chile,359.1
2022,1,CN,China,93103.8
2022,1,CN,China,317.4
2022,1,CO,Colombia,368531.06
2022,1,CO,Colombia,72212.62
2022,1,CR,Costa Rica,2880.0
2022,1,CR,Costa Rica,38418.75
2022,1,CU,Cuba,19110.0
2022,1,DK,Dinamarca,336.0
2022,1,EC,Ecuador,2756.25
2022,1,SV,El Salvador,8967.0
2022,1,SV,El Salvador,3603.3
2022,1,AE,Emiratos Árabes Unidos,9900.0
2022,1,AE,Emiratos Árabes Unidos,31100.85
2022,1,SI,Eslovenia,661.5
2022,1,SI,Eslovenia,383.04
2022,1,ES,España,238029.69
2022,1,ES,España,68364.52
2022,1,US,Estados Unidos,7693599.07
2022,1,US,Estados Unidos,14860371.09
2022,1,PH,Filipinas,102011.76
2022,1,FR,Francia,189750.49
2022,1,FR,Francia,4707.75
2022,1,GH,Ghana,1455.05
2022,1,GR,Grecia,4389.0
2022,1,GU,Guam,8640.0
2022,1,GU,Guam,5055.48
2022,1,GT,Guatemala,12148.5
2022,1,GT,Guatemala,15610.35
2022,1,HN,Honduras,12700.88
2022,1,HK,Hong Kong,7200.0
2022,1,KY,Islas Caimán,6976.8
2022,1,KY,Islas Caimán,720.0
2022,1,VI,Islas Vírgenes,5544.0
2022,1,VI,Islas Vírgenes,4648.5
2022,1,IL,Israel,6048.0
2022,1,IT,Italia,60.0
2022,1,IT,Italia,86103.12
2022,1,JP,Japón,118368.0
2022,1,JP,Japón,30319.72
2022,1,BS,Las Bahamas,10002.0
2022,1,BS,Las Bahamas,180.0
2022,1,LV,Letonia,207511.35
2022,1,LV,Letonia,48558.9
2022,1,LB,Líbano,432.0
2022,1,NI,Nicaragua,118.12
2022,1,NO,Noruega,9695.7
2022,1,NO,Noruega,462.0
2022,1,NZ,Nueva Zelandia,8190.0
2022,1,NZ,Nueva Zelandia,3772.96
2022,1,PA,Panamá,59770.5
2022,1,PA,Panamá,15497.1
2022,1,PY,Paraguay,9028.8
2022,1,PY,Paraguay,307.34
2022,1,NL,Países Bajos,60500.3
2022,1,NL,Países Bajos,3234.0
2022,1,PE,Perú,32245.2
2022,1,GB,Reino Unido,73017.0
2022,1,GB,Reino Unido,143095.71
2022,1,DO,República Dominicana,7103.25
2022,1,DO,República Dominicana,69474.68
2022,1,RU,Rusia,9030.0
2022,1,RU,Rusia,1467.0
2022,1,SG,Singapur,14363.05
2022,1,ZA,Sudáfrica,59393.7
2022,1,ZA,Sudáfrica,17308.8
2022,1,SE,Suecia,8559.0
2022,1,CH,Suiza,622.44
2022,1,TW,Taiwán (Región),5730.0
2022,1,TR,Turquía,57448.44
2022,1,TR,Turquía,5938.17
2022,1,UY,Uruguay,8208.0
2022,1,UY,Uruguay,171.0
2022,2,DE,Alemania,964050.09
2022,2,DE,Alemania,55395.12
2022,2,AR,Argentina,10260.0
2022,2,AR,Argentina,332.77
2022,2,AW,Aruba,10533.6
2022,2,AU,Australia,34929.7
2022,2,AU,Australia,192645.12
2022,2,AT,Austria,3772.8
2022,2,BO,Bolivia,42237.0
2022,2,BO,Bolivia,4014.0
2022,2,BR,Brasil,160466.4
2022,2,BR,Brasil,9226.35
2022,2,BE,Bélgica,107514.61
2022,2,BE,Bélgica,1176.0
2022,2,CA,Canadá,50751.11
2022,2,CA,Canadá,264955.43
2022,2,CL,Chile,15120.39
2022,2,CL,Chile,16834.67
2022,2,CN,China,28917.0
2022,2,CN,China,100513.81
2022,2,CO,Colombia,311180.4
2022,2,CO,Colombia,198306.7
2022,2,KR,Corea del Sur,22837.5
2022,2,KR,Corea del Sur,3100.89
2022,2,CR,Costa Rica,2908.71
2022,2,CR,Costa Rica,9969.0
2022,2,CU,Cuba,4255.65
2022,2,EC,Ecuador,85907.86
2022,2,SV,El Salvador,9513.0
2022,2,SV,El Salvador,8.25
2022,2,AE,Emiratos Árabes Unidos,26352.0
2022,2,AE,Emiratos Árabes Unidos,1023.0
2022,2,ES,España,232177.1
2022,2,ES,España,28528.01
2022,2,US,Estados Unidos,8423160.94
2022,2,US,Estados Unidos,18524579.9
2022,2,PH,Filipinas,38714.4
2022,2,FR,Francia,365800.54
2022,2,FR,Francia,19100.4
2022,2,GH,Ghana,12705.0
2022,2,GH,Ghana,281.25
2022,2,GR,Grecia,19152.0
2022,2,GR,Grecia,8676.54
2022,2,GT,Guatemala,20453.7
2022,2,GT,Guatemala,12682.11
2022,2,HN,Honduras,24136.5
2022,2,HN,Honduras,26382.34
2022,2,HK,Hong Kong,5620.5
2022,2,HK,Hong Kong,348.66
2022,2,IN,India,15849.0
2022,2,IN,India,2268.0
2022,2,IL,Israel,6048.0
2022,2,IT,Italia,280734.66
2022,2,IT,Italia,167675.76
2022,2,JP,Japón,20664.0
2022,2,JP,Japón,28375.2
2022,2,QA,Katar,12096.0
2022,2,QA,Katar,2646.0
2022,2,LV,Letonia,238892.7
2022,2,LV,Letonia,60350.4
2022,2,LT,Lituania,2188.8
2022,2,LU,Luxemburgo,104.66
2022,2,LB,Líbano,90.3
2022,2,LB,Líbano,304.46
2022,2,NZ,Nueva Zelandia,98.32
2022,2,NZ,Nueva Zelandia,7055.52
2022,2,PA,Panamá,9507.6
2022,2,PA,Panamá,68593.92
2022,2,NL,Países Bajos,132927.35
2022,2,NL,Países Bajos,29517.54
2022,2,PE,Perú,12312.0
2022,2,PR,Puerto Rico,30132.0
2022,2,PR,Puerto Rico,27994.5
2022,2,GB,Reino Unido,3876.95
2022,2,GB,Reino Unido,120141.07
2022,2,DO,República Dominicana,29959.2
2022,2,DO,República Dominicana,38820.92
2022,2,RU,Rusia,23850.3
2022,2,RU,Rusia,8863.2
2022,2,SG,Singapur,8508.84
2022,2,ZA,Sudáfrica,95671.58
2022,2,ZA,Sudáfrica,30103.2
2022,2,SE,Suecia,2302.8
2022,2,CH,Suiza,9695.7
2022,2,CH,Suiza,542.25
2022,2,TR,Turquía,40598.25
2022,2,TR,Turquía,4213.44
2022,2,UY,Uruguay,49260.94
2022,2,UY,Uruguay,3977.44
2022,2,VN,Vietnam,9468.0
2022,2,VN,Vietnam,810.0
2022,3,DE,Alemania,250924.64
2022,3,DE,Alemania,3906.0
2022,3,AW,Aruba,20092.5
2022,3,AU,Australia,55633.2
2022,3,AU,Australia,272066.42
2022,3,AT,Austria,6244.56
2022,3,BB,Barbados,4514.4
2022,3,BZ,Belice,900.0
2022,3,BM,Bermuda,6224.4
2022,3,BM,Bermuda,243.0
2022,3,BR,Brasil,108001.8
2022,3,BR,Brasil,22482.99
2022,3,BG,Bulgaria,13765.5
2022,3,BE,Bélgica,75764.05
2022,3,BE,Bélgica,2302.36
2022,3,CA,Canadá,42078.92
2022,3,CA,Canadá,211686.44
2022,3,CZ,Chequia,6646.2
2022,3,CZ,Chequia,10670.4
2022,3,CL,Chile,85363.2
2022,3,CN,China,195271.2
2022,3,CN,China,10899.19
2022,3,CO,Colombia,96321.61
2022,3,CO,Colombia,63488.95
2022,3,KR,Corea del Sur,49911.3
2022,3,KR,Corea del Sur,2430.0
2022,3,CR,Costa Rica,952.88
2022,3,CR,Costa Rica,25610.93
2022,3,EC,Ecuador,61083.47
2022,3,EC,Ecuador,167.17
2022,3,SV,El Salvador,24841.2
2022,3,SV,El Salvador,24939.95
2022,3,AE,Emiratos Árabes Unidos,66023.4
2022,3,AE,Emiratos Árabes Unidos,16989.48
2022,3,ES,España,1181353.98
2022,3,ES,España,84259.29
2022,3,US,Estados Unidos,8388759.01
2022,3,US,Estados Unidos,20618201.26
2022,3,PH,Filipinas,31692.0
2022,3,PH,Filipinas,2772.0
2022,3,FR,Francia,293187.77
2022,3,FR,Francia,23589.3
2022,3,GR,Grecia,50501.8
2022,3,GR,Grecia,7989.0
2022,3,GT,Guatemala,37824.0
2022,3,GT,Guatemala,11156.5
2022,3,HN,Honduras,26949.19
2022,3,HN,Honduras,17563.23
2022,3,HK,Hong Kong,3652.31
2022,3,HU,Hungría,5931.0
2022,3,ID,Indonesia,21600.0
2022,3,ID,Indonesia,2697.75
2022,3,IE,Irlanda,6300.0
2022,3,IL,Israel,2935.5
2022,3,IL,Israel,28843.2
2022,3,IT,Italia,148596.63
2022,3,IT,Italia,211878.6
2022,3,JP,Japón,139788.1
2022,3,JP,Japón,19619.01
2022,3,LV,Letonia,282563.25
2022,3,LV,Letonia,62136.9
2022,3,LB,Líbano,134.4
2022,3,MY,Malasia,7776.0
2022,3,MY,Malasia,988.05
2022,3,NI,Nicaragua,6000.0
2022,3,NI,Nicaragua,1086.75
2022,3,NO,Noruega,37107.0
2022,3,NO,Noruega,1607.97
2022,3,NZ,Nueva Zelandia,10024.32
2022,3,PA,Panamá,38758.5
2022,3,PA,Panamá,29173.05
2022,3,NL,Países Bajos,138902.09
2022,3,NL,Países Bajos,9889.8
2022,3,PE,Perú,59635.8
2022,3,PE,Perú,17769.37
2022,3,PL,Polonia,17725.86
2022,3,PL,Polonia,1298.85
2022,3,PR,Puerto Rico,72288.0
2022,3,PR,Puerto Rico,26388.0
2022,3,GB,Reino Unido,141417.58
2022,3,GB,Reino Unido,205037.11
2022,3,DO,República Dominicana,15184.8
2022,3,DO,República Dominicana,29297.5
2022,3,RS,Serbia,21067.2
2022,3,RS,Serbia,223.44
2022,3,SG,Singapur,3894.0
2022,3,ZA,Sudáfrica,68664.6
2022,3,ZA,Sudáfrica,76482.0
2022,3,SE,Suecia,3302.09
2022,3,SE,Suecia,17397.42
2022,3,CH,Suiza,135.66
2022,3,SR,Suriname,31122.0
2022,3,TW,Taiwán (Región),21084.9
2022,3,TW,Taiwán (Región),840.0
2022,3,TT,Trinidad y Tobago,6976.8
2022,3,TT,Trinidad y Tobago,162.0
2022,3,TR,Turquía,48825.0
2022,3,TR,Turquía,7673.4
2022,3,UY,Uruguay,18468.0
2022,3,UY,Uruguay,405.0
2022,4,DE,Alemania,513441.18
2022,4,DE,Alemania,20436.79
2022,4,AR,Argentina,22.5
2022,4,AU,Australia,88242.0
2022,4,AU,Australia,218124.7
2022,4,BH,Bahrein,27.0
2022,4,BH,Bahrein,6598.41
2022,4,BR,Brasil,1923.75
2022,4,BE,Bélgica,2150.4
2022,4,CA,Canadá,17774.65
2022,4,CA,Canadá,323607.27
2022,4,CL,Chile,75786.3
2022,4,CL,Chile,2341.35
2022,4,CN,China,32281.12
2022,4,CN,China,51324.75
2022,4,CO,Colombia,150166.06
2022,4,CO,Colombia,165477.28
2022,4,KR,Corea del Sur,11491.2
2022,4,KR,Corea del Sur,4812.0
2022,4,CR,Costa Rica,4558.5
2022,4,CR,Costa Rica,35751.38
2022,4,HR,Croacia,8809.92
2022,4,DK,Dinamarca,484.5
2022,4,DK,Dinamarca,10357.02
2022,4,EC,Ecuador,4129.18
2022,4,EC,Ecuador,4336.12
2022,4,SV,El Salvador,8699.25
2022,4,SV,El Salvador,17895.0
2022,4,AE,Emiratos Árabes Unidos,85751.55
2022,4,AE,Emiratos Árabes Unidos,11646.19
2022,4,ES,España,790974.8
2022,4,ES,España,129869.73
2022,4,US,Estados Unidos,7492161.74
2022,4,US,Estados Unidos,18723308.8
2022,4,EE,Estonia,6320.16
2022,4,PH,Filipinas,7277.76
2022,4,PH,Filipinas,10372.32
2022,4,FI,Finlandia,252.0
2022,4,FR,Francia,149826.85
2022,4,FR,Francia,43751.4
2022,4,GE,Georgia,13466.25
2022,4,GR,Grecia,25948.68
2022,4,GR,Grecia,22069.9
2022,4,GT,Guatemala,28346.7
2022,4,GT,Guatemala,23440.79
2022,4,HN,Honduras,410.4
2022,4,HN,Honduras,20782.16
2022,4,IN,India,9990.0
2022,4,IN,India,21888.0
2022,4,IL,Israel,21603.0
2022,4,IL,Israel,6846.0
2022,4,IT,Italia,26604.75
2022,4,IT,Italia,113869.02
2022,4,JP,Japón,161136.0
2022,4,JP,Japón,39400.14
2022,4,BS,Las Bahamas,11012.4
2022,4,BS,Las Bahamas,596.25
2022,4,LV,Letonia,45178.2
2022,4,LV,Letonia,32008.8
2022,4,NI,Nicaragua,7425.0
2022,4,NG,Nigeria,22230.0
2022,4,NO,Noruega,32133.75
2022,4,NO,Noruega,1947.12
2022,4,NZ,Nueva Zelandia,9192.96
2022,4,NZ,Nueva Zelandia,27639.58
2022,4,PA,Panamá,19530.0
2022,4,PA,Panamá,34195.43
2022,4,PY,Paraguay,18878.4
2022,4,NL,Países Bajos,65508.75
2022,4,NL,Países Bajos,27828.37
2022,4,PE,Perú,75405.3
2022,4,PE,Perú,3145.5
2022,4,PL,Polonia,7182.0
2022,4,PT,Portugal,35806.26
2022,4,PT,Portugal,6783.0
2022,4,PR,Puerto Rico,20070.0
2022,4,GB,Reino Unido,169974.0
2022,4,GB,Reino Unido,129569.53
2022,4,DO,República Dominicana,12990.34
2022,4,DO,República Dominicana,24903.0
2022,4,SG,Singapur,172222.14
2022,4,SG,Singapur,5233.5
2022,4,ZA,Sudáfrica,51270.3
2022,4,ZA,Sudáfrica,71223.98
2022,4,SE,Suecia,5503.38
2022,4,SE,Suecia,403.2
2022,4,TH,Tailandia,83.79
2022,4,TR,Turquía,16952.88
2022,4,TR,Turquía,1655.85
2022,4,UY,Uruguay,10260.0
2022,4,UY,Uruguay,405.0
2022,5,DE,Alemania,541647.01
2022,5,DE,Alemania,33603.53
2022,5,AN,Antillas Holandesas,5677.2
2022,5,AN,Antillas Holandesas,2284.8
2022,5,AR,Argentina,29959.2
2022,5,AR,Argentina,1663.83
2022,5,AU,Australia,154855.99
2022,5,AU,Australia,219149.38
2022,5,AT,Austria,6446.4
2022,5,BO,Bolivia,46400.85
2022,5,BO,Bolivia,1325.25
2022,5,BR,Brasil,25855.2
2022,5,BR,Brasil,1928.7
2022,5,BE,Bélgica,69762.89
2022,5,BE,Bélgica,1771.56
2022,5,CA,Canadá,61806.03
2022,5,CA,Canadá,519909.26
2022,5,CZ,Chequia,5643.0
2022,5,CL,Chile,32011.2
2022,5,CL,Chile,21942.0
2022,5,CN,China,7644.0
2022,5,CN,China,22495.5
2022,5,CO,Colombia,96185.35
2022,5,CO,Colombia,121696.24
2022,5,KR,Corea del Sur,54042.6
2022,5,KR,Corea del Sur,25670.17
2022,5,CR,Costa Rica,6724.35
2022,5,CR,Costa Rica,49862.55
2022,5,DK,Dinamarca,10040.62
2022,5,EC,Ecuador,59460.71
2022,5,EC,Ecuador,2883.59
2022,5,SV,El Salvador,51196.8
2022,5,SV,El Salvador,25979.83
2022,5,AE,Emiratos Árabes Unidos,79848.0
2022,5,AE,Emiratos Árabes Unidos,35542.41
2022,5,ES,España,591745.24
2022,5,ES,España,95290.37
2022,5,US,Estados Unidos,7107449.8
2022,5,US,Estados Unidos,23423932.16
2022,5,EE,Estonia,14.7
2022,5,PH,Filipinas,32769.59
2022,5,PH,Filipinas,990.0
2022,5,FR,Francia,562010.72
2022,5,FR,Francia,29300.56
2022,5,GE,Georgia,17507.55
2022,5,GE,Georgia,960.08
2022,5,GH,Ghana,13.5
2022,5,GR,Grecia,82451.64
2022,5,GR,Grecia,24813.42
2022,5,GT,Guatemala,2376.0
2022,5,GT,Guatemala,20475.54
2022,5,HN,Honduras,9671.81
2022,5,HK,Hong Kong,2021.25
2022,5,HU,Hungría,11012.4
2022,5,HU,Hungría,5928.0
2022,5,IN,India,51883.8
2022,5,IN,India,2865.0
2022,5,IQ,Irak,11539.5
2022,5,IE,Irlanda,25137.0
2022,5,IE,Irlanda,4995.96
2022,5,KY,Islas Caimán,522.0
2022,5,VI,Islas Vírgenes,5880.0
2022,5,VI,Islas Vírgenes,1782.0
2022,5,VG,Islas Vírgenes Británicas,5198.4
2022,5,VG,Islas Vírgenes Británicas,162.0
2022,5,IL,Israel,34371.0
2022,5,IL,Israel,33350.1
2022,5,IT,Italia,224750.97
2022,5,IT,Italia,226005.75
2022,5,JM,Jamaica,9439.2
2022,5,JP,Japón,222403.5
2022,5,JP,Japón,73012.45
2022,5,QA,Katar,55296.0
2022,5,QA,Katar,1260.0
2022,5,BS,Las Bahamas,28161.6
2022,5,BS,Las Bahamas,416.25
2022,5,LV,Letonia,56449.95
2022,5,LV,Letonia,22358.64
2022,5,LB,Líbano,15321.6
2022,5,LB,Líbano,957.6
2022,5,MA,Marruecos,4762.8
2022,5,NI,Nicaragua,6523.2
2022,5,NI,Nicaragua,3649.62
2022,5,NG,Nigeria,22230.0
2022,5,NZ,Nueva Zelandia,10335.16
2022,5,PA,Panamá,61017.0
2022,5,PA,Panamá,123018.84
2022,5,PY,Paraguay,17647.2
2022,5,PY,Paraguay,554.84
2022,5,NL,Países Bajos,217523.85
2022,5,NL,Países Bajos,36831.1
2022,5,PE,Perú,190706.4
2022,5,PE,Perú,15330.73
2022,5,PL,Polonia,14364.0
2022,5,PT,Portugal,10773.0
2022,5,PT,Portugal,268.8
2022,5,PR,Puerto Rico,12312.75
2022,5,GB,Reino Unido,184923.15
2022,5,GB,Reino Unido,229668.72
2022,5,DO,República Dominicana,12722.4
2022,5,DO,República Dominicana,64188.45
2022,5,SG,Singapur,124645.68
2022,5,SG,Singapur,8190.0
2022,5,ZA,Sudáfrica,89428.05
2022,5,ZA,Sudáfrica,9843.45
2022,5,CH,Suiza,9473.4
2022,5,CH,Suiza,3380.98
2022,5,TH,Tailandia,242.77
2022,5,TW,Taiwán (Región),3693.6
2022,5,TW,Taiwán (Región),16167.75
2022,5,TR,Turquía,8963.33
2022,5,TR,Turquía,13742.4
2022,6,DE,Alemania,913168.18
2022,6,DE,Alemania,22266.0
2022,6,AU,Australia,118744.91
2022,6,AU,Australia,318682.53
2022,6,BZ,Belice,900.0
2022,6,BM,Bermuda,23.1
2022,6,BO,Bolivia,7340.81
2022,6,BR,Brasil,43840.8
2022,6,BR,Brasil,17339.4
2022,6,BG,Bulgaria,6822.9
2022,6,BE,Bélgica,110324.56
2022,6,BE,Bélgica,315.0
2022,6,CA,Canadá,86493.9
2022,6,CA,Canadá,388537.46
2022,6,CZ,Chequia,5250.0
2022,6,CL,Chile,86925.0
2022,6,CL,Chile,52947.37
2022,6,CN,China,121582.2
2022,6,CN,China,41349.25
2022,6,CY,Chipre,42134.4
2022,6,CO,Colombia,401068.93
2022,6,CO,Colombia,125813.04
2022,6,KR,Corea del Sur,23085.0
2022,6,KR,Corea del Sur,17649.04
2022,6,CR,Costa Rica,44872.5
2022,6,DK,Dinamarca,29564.77
2022,6,EC,Ecuador,130699.35
2022,6,EC,Ecuador,522.0
2022,6,SV,El Salvador,19600.88
2022,6,SV,El Salvador,27789.0
2022,6,AE,Emiratos Árabes Unidos,80790.45
2022,6,AE,Emiratos Árabes Unidos,30132.07
2022,6,ES,España,157786.99
2022,6,ES,España,101770.04
2022,6,US,Estados Unidos,11452420.8
2022,6,US,Estados Unidos,22496767.33
2022,6,EE,Estonia,3447.36
2022,6,EE,Estonia,3016.44
2022,6,PH,Filipinas,7692.72
2022,6,PH,Filipinas,21024.0
2022,6,FR,Francia,145873.5
2022,6,FR,Francia,13586.2
2022,6,GE,Georgia,6967.8
2022,6,GH,Ghana,9761.28
2022,6,GH,Ghana,1609.8
2022,6,GR,Grecia,627.0
2022,6,GR,Grecia,41880.72
2022,6,GU,Guam,5094.0
2022,6,GU,Guam,864.0
2022,6,GT,Guatemala,54586.05
2022,6,GT,Guatemala,13090.16
2022,6,HN,Honduras,45284.4
2022,6,HN,Honduras,19775.61
2022,6,HK,Hong Kong,1153.95
2022,6,HK,Hong Kong,3456.0
2022,6,HU,Hungría,10469.76
2022,6,IN,India,36558.62
2022,6,IN,India,7110.0
2022,6,ID,Indonesia,3780.75
2022,6,IE,Irlanda,8820.0
2022,6,IE,Irlanda,840.0
2022,6,KY,Islas Caimán,4240.8
2022,6,KY,Islas Caimán,1782.0
2022,6,VI,Islas Vírgenes,1930.5
2022,6,IL,Israel,16701.0
2022,6,IL,Israel,32047.35
2022,6,IT,Italia,150863.91
2022,6,IT,Italia,181427.1
2022,6,JP,Japón,409887.3
2022,6,JP,Japón,20374.9
2022,6,QA,Katar,12096.0
2022,6,QA,Katar,1260.0
2022,6,BS,Las Bahamas,5700.0
2022,6,BS,Las Bahamas,1792.5
2022,6,LV,Letonia,19025.46
2022,6,LV,Letonia,46923.9
2022,6,LB,Líbano,8426.88
2022,6,LB,Líbano,1448.37
2022,6,NZ,Nueva Zelandia,32957.4
2022,6,NZ,Nueva Zelandia,1828.14
2022,6,PA,Panamá,69815.74
2022,6,PA,Panamá,71651.75
2022,6,PY,Paraguay,26393.85
2022,6,PY,Paraguay,1944.67
2022,6,NL,Países Bajos,71457.91
2022,6,NL,Países Bajos,68560.81
2022,6,PE,Perú,167577.6
2022,6,PE,Perú,7695.0
2022,6,PL,Polonia,3591.0
2022,6,PL,Polonia,3192.0
2022,6,PT,Portugal,2154.6
2022,6,PT,Portugal,10513.54
2022,6,PR,Puerto Rico,13680.0
2022,6,PR,Puerto Rico,13963.5
2022,6,GB,Reino Unido,132186.96
2022,6,GB,Reino Unido,296962.46
2022,6,DO,República Dominicana,4104.0
2022,6,DO,República Dominicana,27827.4
2022,6,RO,Rumania,15225.84
2022,6,RU,Rusia,10944.0
2022,6,SG,Singapur,27882.0
2022,6,SG,Singapur,17596.87
2022,6,LK,Sri Lanka,9000.0
2022,6,ZA,Sudáfrica,42774.95
2022,6,ZA,Sudáfrica,72063.61
2022,6,SE,Suecia,4012.8
2022,6,CH,Suiza,787.8
2022,6,TH,Tailandia,30509.4
2022,6,TH,Tailandia,5760.0
2022,6,TT,Trinidad y Tobago,6566.4
2022,6,TT,Trinidad y Tobago,342.0
2022,6,TR,Turquía,60447.24
2022,6,TR,Turquía,9296.7
2022,7,DE,Alemania,1207604.39
2022,7,DE,Alemania,58128.99
2022,7,AD,Andorra,32.0
2022,7,AN,Antillas Holandesas,4696.8
2022,7,AN,Antillas Holandesas,2726.7
2022,7,AR,Argentina,18048.24
2022,7,AU,Australia,110487.37
2022,7,AU,Australia,350388.94
2022,7,AT,Austria,6917.7
2022,7,BO,Bolivia,28317.6
2022,7,BO,Bolivia,7381.5
2022,7,BR,Brasil,4088.78
2022,7,BR,Brasil,9732.6
2022,7,BE,Bélgica,1873.2
2022,7,CA,Canadá,93854.93
2022,7,CA,Canadá,492433.65
2022,7,CZ,Chequia,10400.79
2022,7,CL,Chile,80073.3
2022,7,CL,Chile,7438.5
2022,7,CN,China,26628.0
2022,7,CN,China,38151.0
2022,7,CO,Colombia,178831.5
2022,7,CO,Colombia,155104.84
2022,7,CR,Costa Rica,3790.66
2022,7,CR,Costa Rica,10182.67
2022,7,EC,Ecuador,1296.0
2022,7,SV,El Salvador,16738.88
2022,7,AE,Emiratos Árabes Unidos,19980.0
2022,7,AE,Emiratos Árabes Unidos,10562.13
2022,7,ES,España,297593.37
2022,7,ES,España,77430.4
2022,7,US,Estados Unidos,9765691.37
2022,7,US,Estados Unidos,20691653.79
2022,7,PH,Filipinas,33196.39
2022,7,PH,Filipinas,3780.0
2022,7,FR,Francia,634228.8
2022,7,FR,Francia,29640.3
2022,7,GH,Ghana,3702.72
2022,7,GR,Grecia,50559.0
2022,7,GR,Grecia,30588.71
2022,7,GT,Guatemala,8209.2
2022,7,GT,Guatemala,24599.25
2022,7,HN,Honduras,42476.4
2022,7,HN,Honduras,1826.77
2022,7,HK,Hong Kong,764.4
2022,7,HK,Hong Kong,1535.7
2022,7,IN,India,70719.0
2022,7,IN,India,7527.0
2022,7,VI,Islas Vírgenes,5770.5
2022,7,IL,Israel,8750.07
2022,7,IL,Israel,10579.8
2022,7,IT,Italia,124268.19
2022,7,IT,Italia,302659.02
2022,7,JM,Jamaica,12600.0
2022,7,JP,Japón,100264.5
2022,7,JP,Japón,75864.39
2022,7,QA,Katar,34524.0
2022,7,QA,Katar,16380.0
2022,7,LV,Letonia,2679.0
2022,7,LV,Letonia,15744.0
2022,7,LB,Líbano,4915.68
2022,7,LB,Líbano,95.76
2022,7,MY,Malasia,5958.0
2022,7,MY,Malasia,731.25
2022,7,NI,Nicaragua,477.75
2022,7,NG,Nigeria,3420.0
2022,7,NO,Noruega,20049.75
2022,7,NO,Noruega,3764.88
2022,7,NZ,Nueva Zelandia,128.25
2022,7,NZ,Nueva Zelandia,31304.34
2022,7,PA,Panamá,57634.5
2022,7,PA,Panamá,54434.43
2022,7,NL,Países Bajos,83743.55
2022,7,NL,Países Bajos,72534.6
2022,7,PE,Perú,73453.05
2022,7,PE,Perú,24425.77
2022,7,PL,Polonia,4788.0
2022,7,PT,Portugal,10054.8
2022,7,PT,Portugal,7915.32
2022,7,GB,Reino Unido,253914.11
2022,7,GB,Reino Unido,198362.22
2022,7,DO,República Dominicana,8287.12
2022,7,DO,República Dominicana,32068.27
2022,7,RU,Rusia,8265.0
2022,7,SG,Singapur,1440.89
2022,7,ZA,Sudáfrica,83914.2
2022,7,ZA,Sudáfrica,71396.47
2022,7,SE,Suecia,5505.36
2022,7,SE,Suecia,8054.1
2022,7,TH,Tailandia,263.25
2022,7,TW,Taiwán (Región),3847.5
2022,7,TW,Taiwán (Región),2565.0
2022,7,TR,Turquía,68361.3
2022,7,TR,Turquía,6174.52
2022,7,UY,Uruguay,10670.4
2022,8,DE,Alemania,988909.07
2022,8,DE,Alemania,57042.35
2022,8,AD,Andorra,324.0
2022,8,AR,Argentina,52120.8
2022,8,AR,Argentina,998.3
2022,8,AU,Australia,111167.22
2022,8,AU,Australia,255870.81
2022,8,AT,Austria,14623.2
2022,8,BD,Bangladesh,8190.0
2022,8,BO,Bolivia,17912.25
2022,8,BO,Bolivia,4635.12
2022,8,BR,Brasil,336904.2
2022,8,BR,Brasil,6023.25
2022,8,BG,Bulgaria,3950.1
2022,8,BG,Bulgaria,1005.48
2022,8,BE,Bélgica,103314.45
2022,8,BE,Bélgica,11285.59
2022,8,CA,Canadá,33381.2
2022,8,CA,Canadá,458170.91
2022,8,CL,Chile,190927.2
2022,8,CL,Chile,12141.15
2022,8,CN,China,118923.45
2022,8,CN,China,29711.03
2022,8,CY,Chipre,7852.32
2022,8,CY,Chipre,893.76
2022,8,CO,Colombia,265647.34
2022,8,CO,Colombia,185559.08
2022,8,KR,Corea del Sur,106062.75
2022,8,KR,Corea del Sur,11875.5
2022,8,CR,Costa Rica,1299.38
2022,8,CR,Costa Rica,24271.88
2022,8,CU,Cuba,2.66
2022,8,EC,Ecuador,99959.02
2022,8,EC,Ecuador,438.92
2022,8,SV,El Salvador,43132.8
2022,8,SV,El Salvador,23587.99
2022,8,AE,Emiratos Árabes Unidos,120208.8
2022,8,AE,Emiratos Árabes Unidos,23069.4
2022,8,SK,Eslovaquia,3830.4
2022,8,ES,España,1056682.1
2022,8,ES,España,161051.99
2022,8,US,Estados Unidos,10648850.9
2022,8,US,Estados Unidos,21975006.79
2022,8,EE,Estonia,2822.4
2022,8,PH,Filipinas,46714.42
2022,8,PH,Filipinas,15770.16
2022,8,FI,Finlandia,883.47
2022,8,FR,Francia,606312.96
2022,8,FR,Francia,48955.9
2022,8,GH,Ghana,238.5
2022,8,GR,Grecia,38389.5
2022,8,GR,Grecia,84470.28
2022,8,GT,Guatemala,6437.81
2022,8,GT,Guatemala,6549.08
2022,8,HN,Honduras,19376.44
2022,8,HN,Honduras,15403.79
2022,8,HK,Hong Kong,6480.0
2022,8,HK,Hong Kong,1788.48
2022,8,HU,Hungría,10533.6
2022,8,IN,India,26100.0
2022,8,IN,India,3240.0
2022,8,ID,Indonesia,25920.0
2022,8,ID,Indonesia,4779.0
2022,8,IE,Irlanda,38064.6
2022,8,IE,Irlanda,16945.0
2022,8,IL,Israel,24293.74
2022,8,IL,Israel,15120.75
2022,8,IT,Italia,119085.42
2022,8,IT,Italia,319423.17
2022,8,JM,Jamaica,10260.0
2022,8,JM,Jamaica,12600.0
2022,8,JP,Japón,50265.0
2022,8,JP,Japón,68630.33
2022,8,QA,Katar,13428.0
2022,8,QA,Katar,20533.5
2022,8,BS,Las Bahamas,11970.0
2022,8,BS,Las Bahamas,112.5
2022,8,LV,Letonia,50416.8
2022,8,LB,Líbano,9192.96
2022,8,LB,Líbano,1662.36
2022,8,MY,Malasia,17838.0
2022,8,MY,Malasia,1079.22
2022,8,MZ,Mozambique,18.0
2022,8,NI,Nicaragua,8465.62
2022,8,NI,Nicaragua,19278.0
2022,8,NG,Nigeria,33345.0
2022,8,NO,Noruega,7110.18
2022,8,NO,Noruega,2126.04
2022,8,NZ,Nueva Zelandia,14938.56
2022,8,NZ,Nueva Zelandia,29796.48
2022,8,PA,Panamá,13976.4
2022,8,PA,Panamá,282794.16
2022,8,PY,Paraguay,23213.25
2022,8,PY,Paraguay,1785.36
2022,8,NL,Países Bajos,203725.4
2022,8,NL,Países Bajos,85886.44
2022,8,PE,Perú,3215.45
2022,8,PL,Polonia,21546.0
2022,8,PL,Polonia,4788.0
2022,8,PT,Portugal,13953.6
2022,8,PT,Portugal,2257.2
2022,8,PR,Puerto Rico,1512.0
2022,8,PR,Puerto Rico,44796.0
2022,8,GB,Reino Unido,203639.88
2022,8,GB,Reino Unido,263197.18
2022,8,DO,República Dominicana,24649.65
2022,8,DO,República Dominicana,58154.1
2022,8,RO,Rumania,13789.44
2022,8,RU,Rusia,10944.0
2022,8,RU,Rusia,18468.0
2022,8,SG,Singapur,38131.92
2022,8,SG,Singapur,8593.87
2022,8,ZA,Sudáfrica,182973.6
2022,8,ZA,Sudáfrica,98964.0
2022,8,SE,Suecia,11027.32
2022,8,SE,Suecia,19340.1
2022,8,CH,Suiza,18314.1
2022,8,CH,Suiza,1409.62
2022,8,SR,Suriname,15253.2
2022,8,TW,Taiwán (Región),15234.0
2022,8,TT,Trinidad y Tobago,7797.6
2022,8,TT,Trinidad y Tobago,324.0
2022,8,TR,Turquía,22968.75
2022,8,TR,Turquía,11491.2
2022,8,UA,Ucrania,8715.0
2022,8,UY,Uruguay,13397.29
2022,8,UY,Uruguay,1777.5
2022,8,VN,Vietnam,3204.0
2022,9,DE,Alemania,1113818.26
2022,9,DE,Alemania,70444.37
2022,9,AN,Antillas Holandesas,6634.8
2022,9,AN,Antillas Holandesas,2368.8
2022,9,AR,Argentina,21340.8
2022,9,AU,Australia,321624.8
2022,9,AU,Australia,186376.21
2022,9,AT,Austria,7182.0
2022,9,AT,Austria,14643.42
2022,9,BM,Bermuda,89.25
2022,9,BO,Bolivia,45441.0
2022,9,BO,Bolivia,20295.42
2022,9,BR,Brasil,20599.2
2022,9,BR,Brasil,29.93
2022,9,BE,Bélgica,175621.52
2022,9,BE,Bélgica,19466.97
2022,9,CA,Canadá,119416.88
2022,9,CA,Canadá,373034.4
2022,9,CZ,Chequia,12994.8
2022,9,CL,Chile,115094.4
2022,9,CL,Chile,30402.0
2022,9,CN,China,255337.8
2022,9,CN,China,8556.36
2022,9,CY,Chipre,8618.4
2022,9,CO,Colombia,161107.43
2022,9,CO,Colombia,153646.36
2022,9,KR,Corea del Sur,123729.3
2022,9,KR,Corea del Sur,12725.02
2022,9,CR,Costa Rica,24334.2
2022,9,CR,Costa Rica,14909.12
2022,9,HR,Croacia,6128.64
2022,9,DK,Dinamarca,29411.34
2022,9,DK,Dinamarca,12626.15
2022,9,EC,Ecuador,87033.49
2022,9,EC,Ecuador,2308.93
2022,9,SV,El Salvador,27267.3
2022,9,SV,El Salvador,29288.55
2022,9,AE,Emiratos Árabes Unidos,118643.4
2022,9,AE,Emiratos Árabes Unidos,54798.19
2022,9,ES,España,760806.9
2022,9,ES,España,60093.88
2022,9,US,Estados Unidos,7611039.07
2022,9,US,Estados Unidos,18847847.25
2022,9,EE,Estonia,15391.43
2022,9,EE,Estonia,1023.57
2022,9,PH,Filipinas,136354.26
2022,9,PH,Filipinas,10235.16
2022,9,FR,Francia,598734.63
2022,9,FR,Francia,30162.31
2022,9,GR,Grecia,82822.14
2022,9,GR,Grecia,5563.74
2022,9,GU,Guam,6912.0
2022,9,GU,Guam,3482.82
2022,9,GT,Guatemala,29918.55
2022,9,GT,Guatemala,36942.2
2022,9,HN,Honduras,7862.4
2022,9,HN,Honduras,19392.71
2022,9,HK,Hong Kong,11852.4
2022,9,HK,Hong Kong,760.32
2022,9,IN,India,35715.0
2022,9,IN,India,46162.5
2022,9,ID,Indonesia,8640.0
2022,9,ID,Indonesia,12402.0
2022,9,IQ,Irak,9828.0
2022,9,IE,Irlanda,37705.5
2022,9,IE,Irlanda,2089.15
2022,9,KY,Islas Caimán,187.42
2022,9,VI,Islas Vírgenes,4032.0
2022,9,VI,Islas Vírgenes,2637.0
2022,9,IL,Israel,14538.42
2022,9,IL,Israel,2433.9
2022,9,IT,Italia,124367.32
2022,9,IT,Italia,349534.62
2022,9,JP,Japón,257146.59
2022,9,JP,Japón,71392.5
2022,9,KE,Kenia,11139.0
2022,9,BS,Las Bahamas,6224.4
2022,9,BS,Las Bahamas,56.25
2022,9,LV,Letonia,13500.0
2022,9,LV,Letonia,124386.0
2022,9,NI,Nicaragua,6600.6
2022,9,NI,Nicaragua,2511.87
2022,9,NG,Nigeria,39550.8
2022,9,NG,Nigeria,337.5
2022,9,NO,Noruega,5689.74
2022,9,NO,Noruega,2234.4
2022,9,NZ,Nueva Zelandia,10310.16
2022,9,PA,Panamá,29338.5
2022,9,PA,Panamá,87240.0
2022,9,PY,Paraguay,27907.2
2022,9,NL,Países Bajos,111303.5
2022,9,NL,Países Bajos,48976.95
2022,9,PE,Perú,58864.8
2022,9,PE,Perú,7359.9
2022,9,PL,Polonia,24323.04
2022,9,PR,Puerto Rico,46488.0
2022,9,PR,Puerto Rico,55086.75
2022,9,GB,Reino Unido,469741.23
2022,9,GB,Reino Unido,376106.17
2022,9,DO,República Dominicana,43890.3
2022,9,DO,República Dominicana,22576.61
2022,9,RO,Rumania,10972.5
2022,9,RU,Rusia,44128.2
2022,9,RU,Rusia,35815.74
2022,9,RS,Serbia,20416.83
2022,9,SG,Singapur,82156.2
2022,9,SG,Singapur,41205.02
2022,9,ZA,Sudáfrica,148250.25
2022,9,ZA,Sudáfrica,55830.15
2022,9,SE,Suecia,19938.6
2022,9,CH,Suiza,210.0
2022,9,TW,Taiwán (Región),9439.2
2022,9,TW,Taiwán (Región),4653.6
2022,9,TT,Trinidad y Tobago,12457.35
2022,9,TT,Trinidad y Tobago,247.5
2022,9,TR,Turquía,53190.48
2022,9,TR,Turquía,18099.69
2022,9,UY,Uruguay,6851.25
2022,9,VE,Venezuela,9000.0
2022,10,DE,Alemania,850596.82
2022,10,DE,Alemania,23826.25
2022,10,AU,Australia,68196.4
2022,10,AU,Australia,126856.87
2022,10,AT,Austria,6933.0
2022,10,BB,Barbados,22.5
2022,10,BJ,Benin,4.5
2022,10,BO,Bolivia,6411.19
2022,10,BR,Brasil,42174.3
2022,10,BR,Brasil,8467.95
2022,10,BG,Bulgaria,6463.8
2022,10,BE,Bélgica,81847.95
2022,10,BE,Bélgica,4757.55
2022,10,CA,Canadá,107849.33
2022,10,CA,Canadá,292318.01
2022,10,CZ,Chequia,6959.7
2022,10,CL,Chile,180291.0
2022,10,CL,Chile,30393.5
2022,10,CN,China,109474.05
2022,10,CN,China,15085.63
2022,10,CO,Colombia,202225.17
2022,10,CO,Colombia,190565.01
2022,10,KR,Corea del Sur,11255.85
2022,10,KR,Corea del Sur,2758.2
2022,10,CR,Costa Rica,6685.88
2022,10,CR,Costa Rica,22537.58
2022,10,EC,Ecuador,131631.27
2022,10,EC,Ecuador,5340.75
2022,10,SV,El Salvador,15588.0
2022,10,SV,El Salvador,18697.5
2022,10,AE,Emiratos Árabes Unidos,60588.0
2022,10,AE,Emiratos Árabes Unidos,27451.5
2022,10,SK,Eslovaquia,3.56
2022,10,SI,Eslovenia,3969.0
2022,10,SI,Eslovenia,279.3
2022,10,ES,España,1044212.53
2022,10,ES,España,206947.96
2022,10,US,Estados Unidos,6383458.53
2022,10,US,Estados Unidos,20852986.93
2022,10,EE,Estonia,420.0
2022,10,PH,Filipinas,73963.63
2022,10,PH,Filipinas,7653.82
2022,10,FR,Francia,298052.98
2022,10,FR,Francia,41032.2
2022,10,GE,Georgia,19103.7
2022,10,GE,Georgia,690.75
2022,10,GR,Grecia,60877.53
2022,10,GT,Guatemala,4107.5
2022,10,GT,Guatemala,12324.66
2022,10,HN,Honduras,9633.3
2022,10,HN,Honduras,50447.68
2022,10,IN,India,7750.5
2022,10,ID,Indonesia,45360.0
2022,10,IE,Irlanda,50880.48
2022,10,IE,Irlanda,5676.53
2022,10,KY,Islas Caimán,8892.0
2022,10,IL,Israel,9072.0
2022,10,IT,Italia,127795.5
2022,10,IT,Italia,126055.0
2022,10,JP,Japón,107620.26
2022,10,JP,Japón,95845.8
2022,10,BS,Las Bahamas,9187.5
2022,10,BS,Las Bahamas,960.0
2022,10,LV,Letonia,21748.35
2022,10,LV,Letonia,40239.35
2022,10,MA,Marruecos,4596.48
2022,10,MA,Marruecos,139.65
2022,10,NG,Nigeria,18810.0
2022,10,NO,Noruega,6822.9
2022,10,NO,Noruega,2346.12
2022,10,NZ,Nueva Zelandia,32175.36
2022,10,NZ,Nueva Zelandia,2681.28
2022,10,PA,Panamá,61427.25
2022,10,PA,Panamá,252660.78
2022,10,NL,Países Bajos,89121.02
2022,10,NL,Países Bajos,59140.1
2022,10,PE,Perú,31469.63
2022,10,PT,Portugal,10131.75
2022,10,PT,Portugal,6789.0
2022,10,PR,Puerto Rico,30735.0
2022,10,GB,Reino Unido,260022.42
2022,10,GB,Reino Unido,212666.51
2022,10,DO,República Dominicana,10.5
2022,10,DO,República Dominicana,83967.98
2022,10,RU,Rusia,35036.85
2022,10,SX,San Martín,1.75
2022,10,SX,San Martín,3.56
2022,10,SG,Singapur,46628.35
2022,10,SG,Singapur,16739.41
2022,10,ZA,Sudáfrica,40233.6
2022,10,ZA,Sudáfrica,61237.43
2022,10,SE,Suecia,4385.16
2022,10,CH,Suiza,1425.69
2022,10,TH,Tailandia,4042.5
2022,10,TH,Tailandia,175.56
2022,10,TW,Taiwán (Región),11517.3
2022,10,TW,Taiwán (Región),6319.5
2022,10,TR,Turquía,45383.1
2022,10,TR,Turquía,9851.31
2022,10,UA,Ucrania,10302.75
2022,10,UY,Uruguay,92522.4
2022,10,UY,Uruguay,162.0
2022,10,VE,Venezuela,8181.0
2022,10,VE,Venezuela,1386.0
2022,10,VN,Vietnam,5976.0
2022,11,DE,Alemania,724209.19
2022,11,DE,Alemania,124198.93
2022,11,AN,Antillas Holandesas,5198.4
2022,11,AN,Antillas Holandesas,2976.3
2022,11,AR,Argentina,24624.0
2022,11,AR,Argentina,6215.39
2022,11,AU,Australia,151278.6
2022,11,AU,Australia,203587.14
2022,11,AT,Austria,7408.8
2022,11,AZ,Azerbaiyán,4309.2
2022,11,AZ,Azerbaiyán,5029.2
2022,11,BM,Bermuda,7660.8
2022,11,BM,Bermuda,324.0
2022,11,BO,Bolivia,3103.65
2022,11,BR,Brasil,56635.2
2022,11,BR,Brasil,33559.65
2022,11,BG,Bulgaria,5745.6
2022,11,BE,Bélgica,153741.83
2022,11,BE,Bélgica,1612.8
2022,11,CA,Canadá,35819.35
2022,11,CA,Canadá,304518.0
2022,11,CZ,Chequia,8.0
2022,11,CL,Chile,33292.28
2022,11,CL,Chile,25992.0
2022,11,CN,China,18810.0
2022,11,CN,China,50346.97
2022,11,CO,Colombia,62445.86
2022,11,CO,Colombia,179715.79
2022,11,KR,Corea del Sur,72769.05
2022,11,KR,Corea del Sur,27372.45
2022,11,CR,Costa Rica,26962.2
2022,11,CR,Costa Rica,19433.25
2022,11,EC,Ecuador,67351.84
2022,11,SV,El Salvador,25656.0
2022,11,AE,Emiratos Árabes Unidos,63203.25
2022,11,AE,Emiratos Árabes Unidos,47941.42
2022,11,ES,España,564519.51
2022,11,ES,España,125939.45
2022,11,US,Estados Unidos,7827366.73
2022,11,US,Estados Unidos,20324089.87
2022,11,PH,Filipinas,125924.4
2022,11,PH,Filipinas,6840.0
2022,11,FI,Finlandia,2.73
2022,11,FR,Francia,752295.62
2022,11,FR,Francia,29883.6
2022,11,GE,Georgia,17898.3
2022,11,GH,Ghana,19628.64
2022,11,GR,Grecia,124141.44
2022,11,GR,Grecia,33376.35
2022,11,GT,Guatemala,5291.4
2022,11,GT,Guatemala,46463.09
2022,11,HN,Honduras,630.0
2022,11,HN,Honduras,26453.78
2022,11,HK,Hong Kong,11349.0
2022,11,HK,Hong Kong,2301.75
2022,11,HU,Hungría,18741.6
2022,11,IN,India,45900.0
2022,11,IN,India,5013.0
2022,11,IQ,Irak,11550.0
2022,11,IE,Irlanda,18483.78
2022,11,IE,Irlanda,10621.11
2022,11,VI,Islas Vírgenes,4536.0
2022,11,VI,Islas Vírgenes,1705.5
2022,11,IL,Israel,10943.4
2022,11,IT,Italia,205284.38
2022,11,IT,Italia,236883.7
2022,11,JP,Japón,242505.0
2022,11,JP,Japón,32777.25
2022,11,QA,Katar,39312.0
2022,11,QA,Katar,1458.0
2022,11,LV,Letonia,168163.5
2022,11,LV,Letonia,102678.92
2022,11,LT,Lituania,5665.8
2022,11,LT,Lituania,1396.5
2022,11,LB,Líbano,24211.32
2022,11,LB,Líbano,383.04
2022,11,MY,Malasia,2293.2
2022,11,MU,Mauricio,22700.88
2022,11,NI,Nicaragua,808.5
2022,11,NG,Nigeria,20520.0
2022,11,NG,Nigeria,4122.0
2022,11,NO,Noruega,15142.05
2022,11,NO,Noruega,7680.75
2022,11,NZ,Nueva Zelandia,6280.26
2022,11,NZ,Nueva Zelandia,17669.22
2022,11,PA,Panamá,37985.85
2022,11,PA,Panamá,232609.95
2022,11,PY,Paraguay,27633.6
2022,11,PY,Paraguay,1831.71
2022,11,NL,Países Bajos,288177.42
2022,11,NL,Países Bajos,45201.41
2022,11,PE,Perú,24652.8
2022,11,PL,Polonia,21546.0
2022,11,PL,Polonia,3082.8
2022,11,PT,Portugal,128557.8
2022,11,PR,Puerto Rico,80616.0
2022,11,PR,Puerto Rico,24750.0
2022,11,GB,Reino Unido,266904.82
2022,11,GB,Reino Unido,302947.12
2022,11,DO,República Dominicana,19771.99
2022,11,DO,República Dominicana,43576.51
2022,11,RO,Rumania,16484.4
2022,11,RO,Rumania,6368.04
2022,11,RU,Rusia,8778.0
2022,11,RS,Serbia,10725.12
2022,11,RS,Serbia,31046.4
2022,11,SG,Singapur,20477.52
2022,11,SG,Singapur,5824.26
2022,11,ZA,Sudáfrica,45718.94
2022,11,ZA,Sudáfrica,59341.12
2022,11,SE,Suecia,13452.0
2022,11,TH,Tailandia,117.0
2022,11,TR,Turquía,33351.15
2022,11,TR,Turquía,23261.7
2022,11,UA,Ucrania,945.0
2022,12,DE,Alemania,1119337.01
2022,12,DE,Alemania,51464.83
2022,12,AU,Australia,202495.29
2022,12,AU,Australia,230868.25
2022,12,AT,Austria,10413.9
2022,12,AT,Austria,15943.8
2022,12,BB,Barbados,8698.2
2022,12,BZ,Belice,6455.3
2022,12,BJ,Benin,9.0
2022,12,BO,Bolivia,13945.05
2022,12,BO,Bolivia,962.63
2022,12,BR,Brasil,72507.6
2022,12,BR,Brasil,7056.0
2022,12,BG,Bulgaria,18314.1
2022,12,BG,Bulgaria,670.32
2022,12,BE,Bélgica,79429.49
2022,12,BE,Bélgica,1340.64
2022,12,CA,Canadá,138978.43
2022,12,CA,Canadá,126309.0
2022,12,CZ,Chequia,7581.0
2022,12,CZ,Chequia,159.6
2022,12,CL,Chile,72002.4
2022,12,CL,Chile,3840.0
2022,12,CN,China,25575.0
2022,12,CN,China,11564.59
2022,12,CY,Chipre,27040.8
2022,12,CO,Colombia,133334.93
2022,12,CO,Colombia,166335.19
2022,12,KR,Corea del Sur,22125.75
2022,12,KR,Corea del Sur,1039.5
2022,12,CR,Costa Rica,3563.25
2022,12,CU,Cuba,42558.6
2022,12,CU,Cuba,1755.6
2022,12,EC,Ecuador,918.0
2022,12,SV,El Salvador,34918.5
2022,12,SV,El Salvador,22655.4
2022,12,AE,Emiratos Árabes Unidos,30409.35
2022,12,AE,Emiratos Árabes Unidos,82857.15
2022,12,ES,España,780626.46
2022,12,ES,España,105223.97
2022,12,US,Estados Unidos,6857314.9
2022,12,US,Estados Unidos,17251796.45
2022,12,EE,Estonia,9456.3
2022,12,EE,Estonia,2740.29
2022,12,PH,Filipinas,8190.0
2022,12,FR,Francia,453025.5
2022,12,FR,Francia,3294.6
2022,12,GR,Grecia,94859.59
2022,12,GR,Grecia,22873.41
2022,12,GT,Guatemala,18878.4
2022,12,GT,Guatemala,6004.54
2022,12,HN,Honduras,2815.2
2022,12,HN,Honduras,23494.08
2022,12,HK,Hong Kong,11413.2
2022,12,HK,Hong Kong,1381.31
2022,12,HU,Hungría,16279.2
2022,12,HU,Hungría,109.2
2022,12,IN,India,49032.0
2022,12,IN,India,18324.75
2022,12,ID,Indonesia,67500.0
2022,12,ID,Indonesia,16930.12
2022,12,IE,Irlanda,12961.2
2022,12,VI,Islas Vírgenes,7083.0
2022,12,VG,Islas Vírgenes Británicas,5027.4
2022,12,VG,Islas Vírgenes Británicas,324.0
2022,12,IL,Israel,9106.32
2022,12,IL,Israel,43340.4
2022,12,IT,Italia,65832.4
2022,12,IT,Italia,273562.35
2022,12,JP,Japón,58491.0
2022,12,JP,Japón,58772.1
2022,12,QA,Katar,738.0
2022,12,KE,Kenia,11166.0
2022,12,BS,Las Bahamas,8988.0
2022,12,BS,Las Bahamas,56.25
2022,12,LV,Letonia,150563.79
2022,12,LV,Letonia,32325.5
2022,12,NG,Nigeria,43280.1
2022,12,NG,Nigeria,900.0
2022,12,NZ,Nueva Zelandia,7972.02
2022,12,NZ,Nueva Zelandia,10310.16
2022,12,PA,Panamá,3710.7
2022,12,PA,Panamá,79559.18
2022,12,NL,Países Bajos,45191.56
2022,12,NL,Países Bajos,52502.4
2022,12,PE,Perú,18155.26
2022,12,PE,Perú,34577.13
2022,12,PL,Polonia,7182.0
2022,12,PL,Polonia,9576.0
2022,12,PT,Portugal,9411.84
2022,12,PT,Portugal,3933.0
2022,12,PR,Puerto Rico,32517.0
2022,12,PR,Puerto Rico,31774.5
2022,12,GB,Reino Unido,172304.97
2022,12,GB,Reino Unido,326184.53
2022,12,DO,República Dominicana,8618.4
2022,12,DO,República Dominicana,20813.85
2022,12,RW,Ruanda,105.87
2022,12,RU,Rusia,45254.1
2022,12,RU,Rusia,21305.18
2022,12,RS,Serbia,31505.04
2022,12,SG,Singapur,18385.5
2022,12,SG,Singapur,18302.25
2022,12,ZA,Sudáfrica,45771.98
2022,12,ZA,Sudáfrica,40125.83
2022,12,SE,Suecia,3351.6
2022,12,CH,Suiza,9805.31
2022,12,TH,Tailandia,13200.0
2022,12,TW,Taiwán (Región),7560.0
2022,12,TW,Taiwán (Región),360.0
2022,12,TT,Trinidad y Tobago,15599.7
2022,12,TT,Trinidad y Tobago,1539.0
2022,12,TR,Turquía,9334.5
2022,12,TR,Turquía,49079.31
2023,1,DE,Alemania,1072906.37
2023,1,DE,Alemania,54739.16
2023,1,AN,Antillas Holandesas,4788.0
2023,1,AN,Antillas Holandesas,2587.05
2023,1,AU,Australia,149799.81
2023,1,AU,Australia,262017.59
2023,1,AT,Austria,6652.8
2023,1,BO,Bolivia,4879.69
2023,1,BR,Brasil,86745.6
2023,1,BR,Brasil,5878.35
2023,1,BG,Bulgaria,33557.65
2023,1,BE,Bélgica,36029.7
2023,1,BE,Bélgica,2003.71
2023,1,CA,Canadá,45712.79
2023,1,CA,Canadá,216922.46
2023,1,CZ,Chequia,21340.8
2023,1,CL,Chile,93516.27
2023,1,CL,Chile,40455.0
2023,1,CN,China,27693.08
2023,1,CN,China,5292.0
2023,1,CO,Colombia,515918.2
2023,1,CO,Colombia,223475.7
2023,1,KR,Corea del Sur,145814.4
2023,1,KR,Corea del Sur,19498.5
2023,1,CR,Costa Rica,8552.5
2023,1,CR,Costa Rica,31046.25
2023,1,DK,Dinamarca,9933.0
2023,1,SV,El Salvador,11513.55
2023,1,SV,El Salvador,9204.75
2023,1,AE,Emiratos Árabes Unidos,48407.7
2023,1,AE,Emiratos Árabes Unidos,23975.22
2023,1,ES,España,1213788.97
2023,1,ES,España,207878.92
2023,1,US,Estados Unidos,6304887.63
2023,1,US,Estados Unidos,17014984.13
2023,1,EE,Estonia,6511.68
2023,1,EE,Estonia,4010.79
2023,1,PH,Filipinas,66369.4
2023,1,PH,Filipinas,9939.33
2023,1,FR,Francia,460760.72
2023,1,FR,Francia,65831.25
2023,1,GH,Ghana,120.0
2023,1,GR,Grecia,11766.81
2023,1,GR,Grecia,36047.13
2023,1,GU,Guam,1728.0
2023,1,GU,Guam,7136.28
2023,1,GT,Guatemala,7959.45
2023,1,GT,Guatemala,8475.79
2023,1,HN,Honduras,826.05
2023,1,HN,Honduras,2544.07
2023,1,HK,Hong Kong,1911.0
2023,1,HK,Hong Kong,2663.62
2023,1,IN,India,33408.0
2023,1,IQ,Irak,11550.0
2023,1,IE,Irlanda,8421.75
2023,1,VI,Islas Vírgenes,6048.0
2023,1,IL,Israel,4411.8
2023,1,IL,Israel,22481.7
2023,1,IT,Italia,42430.52
2023,1,IT,Italia,388101.35
2023,1,JP,Japón,388839.0
2023,1,JP,Japón,77520.48
2023,1,KZ,Kazajstán,0.95
2023,1,KZ,Kazajstán,3.1
2023,1,LV,Letonia,88956.0
2023,1,LV,Letonia,83430.21
2023,1,NG,Nigeria,51505.8
2023,1,NG,Nigeria,39.97
2023,1,NZ,Nueva Zelandia,27045.7
2023,1,NZ,Nueva Zelandia,13.28
2023,1,PA,Panamá,27129.41
2023,1,PA,Panamá,90591.1
2023,1,PY,Paraguay,26038.57
2023,1,PY,Paraguay,1475.77
2023,1,NL,Países Bajos,92643.07
2023,1,NL,Países Bajos,57502.23
2023,1,PE,Perú,54583.2
2023,1,PE,Perú,2025.0
2023,1,PL,Polonia,7182.0
2023,1,PL,Polonia,4053.0
2023,1,PT,Portugal,19837.71
2023,1,PT,Portugal,11641.68
2023,1,GB,Reino Unido,147357.48
2023,1,GB,Reino Unido,390353.88
2023,1,DO,República Dominicana,2112.75
2023,1,DO,República Dominicana,38222.55
2023,1,RU,Rusia,47004.84
2023,1,RU,Rusia,24873.6
2023,1,SG,Singapur,34171.8
2023,1,SG,Singapur,17356.86
2023,1,ZA,Sudáfrica,7149.82
2023,1,ZA,Sudáfrica,58911.64
2023,1,SE,Suecia,21999.52
2023,1,CH,Suiza,8977.5
2023,1,CH,Suiza,574.56
2023,1,TW,Taiwán (Región),6771.94
2023,1,TW,Taiwán (Región),1566.0
2023,1,TR,Turquía,56392.35
2023,1,TR,Turquía,14989.8
2023,1,UA,Ucrania,8662.5
2023,1,UY,Uruguay,23512.5
2023,1,VE,Venezuela,4419.0
2023,1,VN,Vietnam,2.95
2023,2,DE,Alemania,912882.19
2023,2,DE,Alemania,59811.73
2023,2,AU,Australia,165495.51
2023,2,AU,Australia,95390.07
2023,2,BO,Bolivia,4800.0
2023,2,BO,Bolivia,1080.0
2023,2,BR,Brasil,7395.75
2023,2,BR,Brasil,5618.7
2023,2,BE,Bélgica,66539.13
2023,2,BE,Bélgica,3.94
2023,2,CA,Canadá,144162.98
2023,2,CA,Canadá,156846.26
2023,2,CZ,Chequia,294.0
2023,2,CL,Chile,46301.1
2023,2,CL,Chile,40685.04
2023,2,CN,China,17906.0
2023,2,CN,China,104333.17
2023,2,CO,Colombia,52317.52
2023,2,CO,Colombia,303707.27
2023,2,KR,Corea del Sur,3818.25
2023,2,CR,Costa Rica,2930.58
2023,2,CR,Costa Rica,11245.2
2023,2,CU,Cuba,15288.0
2023,2,DK,Dinamarca,6988.8
2023,2,EC,Ecuador,70908.76
2023,2,EC,Ecuador,819.45
2023,2,SV,El Salvador,17094.45
2023,2,SV,El Salvador,18685.5
2023,2,AE,Emiratos Árabes Unidos,19070.01
2023,2,SK,Eslovaquia,3830.4
2023,2,ES,España,894503.77
2023,2,ES,España,212179.02
2023,2,US,Estados Unidos,6279749.15
2023,2,US,Estados Unidos,17628372.39
2023,2,EE,Estonia,4907.7
2023,2,EE,Estonia,2566.2
2023,2,PH,Filipinas,189362.49
2023,2,PH,Filipinas,1620.0
2023,2,FR,Francia,565999.56
2023,2,FR,Francia,74235.0
2023,2,GH,Ghana,120.0
2023,2,GR,Grecia,59289.09
2023,2,GT,Guatemala,21922.76
2023,2,GT,Guatemala,35273.47
2023,2,HN,Honduras,23873.4
2023,2,HN,Honduras,22844.83
2023,2,IN,India,145722.0
2023,2,IN,India,24442.5
2023,2,ID,Indonesia,2656.12
2023,2,IQ,Irak,11550.0
2023,2,IE,Irlanda,21186.9
2023,2,IE,Irlanda,29491.15
2023,2,KY,Islas Caimán,1008.0
2023,2,VI,Islas Vírgenes,4536.0
2023,2,VI,Islas Vírgenes,810.0
2023,2,IL,Israel,17999.46
2023,2,IL,Israel,28373.41
2023,2,IT,Italia,177138.56
2023,2,IT,Italia,347261.76
2023,2,JM,Jamaica,9576.0
2023,2,JP,Japón,52297.88
2023,2,JP,Japón,92087.82
2023,2,QA,Katar,3001.5
2023,2,BS,Las Bahamas,11600.4
2023,2,BS,Las Bahamas,8460.0
2023,2,LV,Letonia,411649.2
2023,2,LV,Letonia,161011.26
2023,2,MY,Malasia,6264.0
2023,2,MY,Malasia,2153.07
2023,2,NI,Nicaragua,9806.4
2023,2,NI,Nicaragua,13271.25
2023,2,NG,Nigeria,11115.0
2023,2,NG,Nigeria,2916.0
2023,2,NO,Noruega,24036.9
2023,2,NO,Noruega,1979.04
2023,2,NZ,Nueva Zelandia,13579.12
2023,2,NZ,Nueva Zelandia,15531.52
2023,2,PA,Panamá,11422.8
2023,2,PA,Panamá,44991.03
2023,2,PY,Paraguay,14569.2
2023,2,PY,Paraguay,888.52
2023,2,NL,Países Bajos,198062.11
2023,2,NL,Países Bajos,74454.52
2023,2,PE,Perú,47196.0
2023,2,PE,Perú,5670.0
2023,2,PR,Puerto Rico,4950.0
2023,2,GB,Reino Unido,158982.92
2023,2,GB,Reino Unido,411147.08
2023,2,DO,República Dominicana,8208.0
2023,2,DO,República Dominicana,27759.15
2023,2,RO,Rumania,17358.78
2023,2,RO,Rumania,2010.96
2023,2,RU,Rusia,11592.0
2023,2,SG,Singapur,43725.12
2023,2,SG,Singapur,37431.66
2023,2,ZA,Sudáfrica,140433.97
2023,2,ZA,Sudáfrica,75014.1
2023,2,SE,Suecia,5586.0
2023,2,TH,Tailandia,99.67
2023,2,TW,Taiwán (Región),13972.5
2023,2,TR,Turquía,11571.0
2023,2,TR,Turquía,319.2
2023,2,UA,Ucrania,17811.36
2023,2,UA,Ucrania,11204.41
2023,2,UY,Uruguay,10824.75
2023,2,UY,Uruguay,373.5
2023,3,DE,Alemania,1059012.22
2023,3,DE,Alemania,88091.64
2023,3,AO,Angola,7660.8
2023,3,AW,Aruba,5198.4
2023,3,AW,Aruba,2629.44
2023,3,AU,Australia,204964.68
2023,3,AU,Australia,240503.45
2023,3,AT,Austria,4357.08
2023,3,AT,Austria,8482.2
2023,3,BY,Bielorrusia,4101.72
2023,3,BY,Bielorrusia,628.14
2023,3,BR,Brasil,195760.8
2023,3,BR,Brasil,9525.54
2023,3,BG,Bulgaria,5266.8
2023,3,BE,Bélgica,92027.39
2023,3,BE,Bélgica,4521.09
2023,3,CA,Canadá,112946.81
2023,3,CA,Canadá,272780.11
2023,3,CZ,Chequia,10382.4
2023,3,CL,Chile,79524.0
2023,3,CL,Chile,2352.37
2023,3,CN,China,7644.0
2023,3,CN,China,83034.0
2023,3,CO,Colombia,85022.7
2023,3,CO,Colombia,180740.08
2023,3,KR,Corea del Sur,132027.3
2023,3,KR,Corea del Sur,28722.37
2023,3,CR,Costa Rica,29503.89
2023,3,CR,Costa Rica,7755.26
2023,3,HR,Croacia,27578.88
2023,3,CU,Cuba,3303.72
2023,3,CU,Cuba,2952.0
2023,3,DK,Dinamarca,9261.0
2023,3,EC,Ecuador,98140.03
2023,3,SV,El Salvador,16048.8
2023,3,SV,El Salvador,33836.25
2023,3,AE,Emiratos Árabes Unidos,68722.68
2023,3,AE,Emiratos Árabes Unidos,59474.46
2023,3,ES,España,1461755.81
2023,3,ES,España,177864.36
2023,3,US,Estados Unidos,7920755.8
2023,3,US,Estados Unidos,21540981.53
2023,3,EE,Estonia,906.3
2023,3,EE,Estonia,2286.58
2023,3,PH,Filipinas,77319.83
2023,3,PH,Filipinas,10235.16
2023,3,FR,Francia,714843.64
2023,3,FR,Francia,97160.86
2023,3,GE,Georgia,7402.5
2023,3,GE,Georgia,1222.2
2023,3,GR,Grecia,37228.11
2023,3,GR,Grecia,68604.12
2023,3,GU,Guam,6912.0
2023,3,GT,Guatemala,39656.85
2023,3,GT,Guatemala,21135.37
2023,3,HN,Honduras,50321.4
2023,3,HN,Honduras,8932.33
2023,3,HK,Hong Kong,4491.0
2023,3,HK,Hong Kong,2822.83
2023,3,IN,India,29700.0
2023,3,IN,India,22415.34
2023,3,IQ,Irak,11550.0
2023,3,IE,Irlanda,13646.5
2023,3,IE,Irlanda,10081.06
2023,3,KY,Islas Caimán,5985.0
2023,3,KY,Islas Caimán,360.0
2023,3,IL,Israel,6713.46
2023,3,IL,Israel,4106.82
2023,3,IT,Italia,377925.16
2023,3,IT,Italia,282796.8
2023,3,JM,Jamaica,10807.2
2023,3,JP,Japón,221326.2
2023,3,JP,Japón,84299.14
2023,3,JO,Jordania,1.31
2023,3,JO,Jordania,0.71
2023,3,QA,Katar,15120.0
2023,3,BS,Las Bahamas,5497.2
2023,3,BS,Las Bahamas,1410.0
2023,3,LV,Letonia,346996.13
2023,3,LV,Letonia,85620.99
2023,3,LB,Líbano,19471.2
2023,3,LB,Líbano,1759.8
2023,3,NI,Nicaragua,11259.38
2023,3,NG,Nigeria,22015.8
2023,3,NG,Nigeria,840.0
2023,3,NO,Noruega,13557.45
2023,3,NO,Noruega,5649.84
2023,3,NZ,Nueva Zelandia,34457.92
2023,3,NZ,Nueva Zelandia,23903.26
2023,3,PA,Panamá,87571.95
2023,3,PA,Panamá,43530.67
2023,3,PY,Paraguay,62346.6
2023,3,PY,Paraguay,496.35
2023,3,NL,Países Bajos,94146.2
2023,3,NL,Países Bajos,50895.57
2023,3,PL,Polonia,13031.34
2023,3,PL,Polonia,8937.6
2023,3,PT,Portugal,17070.93
2023,3,PT,Portugal,3385.8
2023,3,PR,Puerto Rico,58143.0
2023,3,PR,Puerto Rico,40670.25
2023,3,GB,Reino Unido,230804.67
2023,3,GB,Reino Unido,585734.29
2023,3,DO,República Dominicana,34129.23
2023,3,DO,República Dominicana,40854.3
2023,3,RO,Rumania,4213.44
2023,3,RU,Rusia,11001.0
2023,3,RU,Rusia,19497.6
2023,3,RS,Serbia,7022.4
2023,3,RS,Serbia,5643.0
2023,3,SG,Singapur,39939.0
2023,3,SG,Singapur,54338.4
2023,3,LK,Sri Lanka,9000.0
2023,3,ZA,Sudáfrica,128785.64
2023,3,ZA,Sudáfrica,139141.58
2023,3,SE,Suecia,15111.81
2023,3,SR,Suriname,10670.4
2023,3,TH,Tailandia,4543.33
2023,3,TW,Taiwán (Región),27231.75
2023,3,TW,Taiwán (Región),708.75
2023,3,TT,Trinidad y Tobago,36260.55
2023,3,TT,Trinidad y Tobago,171.0
2023,3,TR,Turquía,55897.8
2023,3,TR,Turquía,48494.46
2023,3,UA,Ucrania,8662.5
2023,3,UY,Uruguay,50359.5
2023,4,DE,Alemania,1041251.21
2023,4,DE,Alemania,140427.79
2023,4,AN,Antillas Holandesas,40.74
2023,4,AW,Aruba,447.0
2023,4,AU,Australia,105988.19
2023,4,AU,Australia,257592.6
2023,4,AT,Austria,186.9
2023,4,BY,Bielorrusia,7923.0
2023,4,BY,Bielorrusia,618.75
2023,4,BO,Bolivia,22521.15
2023,4,BO,Bolivia,2412.0
2023,4,BR,Brasil,228695.4
2023,4,BR,Brasil,4967.1
2023,4,BE,Bélgica,65125.56
2023,4,BE,Bélgica,2688.15
2023,4,CA,Canadá,135527.79
2023,4,CA,Canadá,375994.09
2023,4,CL,Chile,77505.6
2023,4,CL,Chile,3960.0
2023,4,CN,China,39604.5
2023,4,CN,China,24663.0
2023,4,CO,Colombia,72120.85
2023,4,CO,Colombia,94050.93
2023,4,KR,Corea del Sur,100265.85
2023,4,KR,Corea del Sur,5296.5
2023,4,CR,Costa Rica,17220.0
2023,4,CR,Costa Rica,10322.62
2023,4,CU,Cuba,2160.0
2023,4,EC,Ecuador,49069.36
2023,4,EC,Ecuador,5337.38
2023,4,SV,El Salvador,20696.1
2023,4,SV,El Salvador,12976.88
2023,4,AE,Emiratos Árabes Unidos,158521.2
2023,4,AE,Emiratos Árabes Unidos,10439.25
2023,4,SI,Eslovenia,8426.88
2023,4,ES,España,552589.46
2023,4,ES,España,178511.91
2023,4,US,Estados Unidos,7823496.58
2023,4,US,Estados Unidos,19316433.93
2023,4,PH,Filipinas,29332.2
2023,4,PH,Filipinas,23948.91
2023,4,FR,Francia,898295.12
2023,4,FR,Francia,53396.85
2023,4,GR,Grecia,72211.02
2023,4,GR,Grecia,96775.0
2023,4,GT,Guatemala,6566.4
2023,4,GT,Guatemala,11432.06
2023,4,HN,Honduras,6949.8
2023,4,HN,Honduras,27539.61
2023,4,HK,Hong Kong,764.4
2023,4,HK,Hong Kong,9.76
2023,4,HU,Hungría,2867.1
2023,4,IN,India,46800.0
2023,4,IN,India,29163.38
2023,4,ID,Indonesia,3780.0
2023,4,ID,Indonesia,13191.3
2023,4,IQ,Irak,23100.0
2023,4,VI,Islas Vírgenes,16852.5
2023,4,IL,Israel,7263.69
2023,4,IL,Israel,6726.93
2023,4,IT,Italia,122944.69
2023,4,IT,Italia,205505.27
2023,4,JP,Japón,10683.0
2023,4,JP,Japón,57289.41
2023,4,QA,Katar,6048.0
2023,4,QA,Katar,22.5
2023,4,LV,Letonia,245731.69
2023,4,LV,Letonia,176485.5
2023,4,MA,Marruecos,2646.0
2023,4,NI,Nicaragua,9600.0
2023,4,NI,Nicaragua,4625.25
2023,4,NG,Nigeria,5130.0
2023,4,NO,Noruega,12329.1
2023,4,NO,Noruega,3830.4
2023,4,PA,Panamá,12665.7
2023,4,PA,Panamá,49133.25
2023,4,NL,Países Bajos,155715.33
2023,4,NL,Países Bajos,97614.33
2023,4,PE,Perú,10299.9
2023,4,PE,Perú,6114.15
2023,4,PL,Polonia,3192.0
2023,4,PL,Polonia,1440.96
2023,4,PT,Portugal,1128.6
2023,4,PR,Puerto Rico,3456.0
2023,4,PR,Puerto Rico,39363.75
2023,4,GB,Reino Unido,203496.0
2023,4,GB,Reino Unido,413186.52
2023,4,DO,República Dominicana,26957.7
2023,4,RU,Rusia,70270.92
2023,4,RU,Rusia,5386.5
2023,4,RS,Serbia,63584.64
2023,4,RS,Serbia,829.92
2023,4,SG,Singapur,38181.66
2023,4,SG,Singapur,11232.38
2023,4,ZA,Sudáfrica,134069.62
2023,4,ZA,Sudáfrica,141420.68
2023,4,SE,Suecia,5517.23
2023,4,SE,Suecia,12480.72
2023,4,CH,Suiza,31355.04
2023,4,TH,Tailandia,3307.5
2023,4,TH,Tailandia,359.1
2023,4,TW,Taiwán (Región),10692.0
2023,4,TR,Turquía,44962.8
2023,4,TR,Turquía,43690.14
2023,4,UA,Ucrania,9142.5
2023,5,DE,Alemania,534006.43
2023,5,DE,Alemania,117634.05
2023,5,AN,Antillas Holandesas,6763.2
2023,5,AN,Antillas Holandesas,283.5
2023,5,AU,Australia,239780.51
2023,5,AU,Australia,339681.66
2023,5,AT,Austria,17417.0
2023,5,BO,Bolivia,24299.1
2023,5,BO,Bolivia,10520.17
2023,5,BR,Brasil,42160.05
2023,5,BR,Brasil,11268.45
2023,5,BG,Bulgaria,5805.45
2023,5,BG,Bulgaria,335.16
2023,5,BE,Bélgica,27555.17
2023,5,BE,Bélgica,985.8
2023,5,CA,Canadá,216694.14
2023,5,CA,Canadá,475117.01
2023,5,CZ,Chequia,3231.9
2023,5,CZ,Chequia,11856.0
2023,5,CL,Chile,38349.6
2023,5,CL,Chile,1296.0
2023,5,CN,China,97134.0
2023,5,CN,China,107536.5
2023,5,CY,Chipre,26824.2
2023,5,CO,Colombia,130150.81
2023,5,CO,Colombia,239044.2
2023,5,KR,Corea del Sur,6405.0
2023,5,CR,Costa Rica,3924.9
2023,5,CR,Costa Rica,5047.2
2023,5,CU,Cuba,30576.0
2023,5,DJ,Djibouti,14400.0
2023,5,EC,Ecuador,2749.84
2023,5,SV,El Salvador,19606.8
2023,5,SV,El Salvador,6712.01
2023,5,AE,Emiratos Árabes Unidos,56532.0
2023,5,AE,Emiratos Árabes Unidos,11869.51
2023,5,ES,España,581982.64
2023,5,ES,España,201613.75
2023,5,US,Estados Unidos,8658406.27
2023,5,US,Estados Unidos,23573972.55
2023,5,EE,Estonia,10893.84
2023,5,EE,Estonia,13080.36
2023,5,PH,Filipinas,41408.22
2023,5,PH,Filipinas,20797.28
2023,5,FR,Francia,553864.79
2023,5,FR,Francia,70378.95
2023,5,GE,Georgia,15372.0
2023,5,GE,Georgia,179.55
2023,5,GR,Grecia,114721.74
2023,5,GR,Grecia,92736.42
2023,5,GT,Guatemala,32284.8
2023,5,GT,Guatemala,5257.35
2023,5,HN,Honduras,18502.2
2023,5,HN,Honduras,16564.5
2023,5,HK,Hong Kong,14959.8
2023,5,HK,Hong Kong,504.0
2023,5,HU,Hungría,8498.7
2023,5,HU,Hungría,9838.2
2023,5,IN,India,68208.25
2023,5,IN,India,36636.0
2023,5,ID,Indonesia,34228.0
2023,5,ID,Indonesia,23248.98
2023,5,IE,Irlanda,29267.91
2023,5,IE,Irlanda,8274.37
2023,5,IL,Israel,44125.98
2023,5,IL,Israel,26750.07
2023,5,IT,Italia,262579.03
2023,5,IT,Italia,278722.81
2023,5,JP,Japón,388300.07
2023,5,JP,Japón,63984.38
2023,5,BS,Las Bahamas,34090.8
2023,5,BS,Las Bahamas,9549.0
2023,5,LV,Letonia,115762.65
2023,5,LV,Letonia,127557.0
2023,5,LB,Líbano,27492.18
2023,5,LB,Líbano,6461.25
2023,5,MY,Malasia,15192.0
2023,5,MY,Malasia,2719.34
2023,5,NI,Nicaragua,23.1
2023,5,NG,Nigeria,33345.0
2023,5,NG,Nigeria,840.0
2023,5,NZ,Nueva Zelandia,15337.56
2023,5,NZ,Nueva Zelandia,62349.42
2023,5,PA,Panamá,54891.0
2023,5,PA,Panamá,29308.11
2023,5,NL,Países Bajos,197359.05
2023,5,NL,Países Bajos,70186.23
2023,5,PE,Perú,6976.8
2023,5,PE,Perú,7833.0
2023,5,PL,Polonia,7182.0
2023,5,PT,Portugal,22267.05
2023,5,PT,Portugal,8430.3
2023,5,PR,Puerto Rico,37635.0
2023,5,PR,Puerto Rico,21528.0
2023,5,GB,Reino Unido,113672.79
2023,5,GB,Reino Unido,547030.29
2023,5,DO,República Dominicana,11491.2
2023,5,DO,República Dominicana,19908.0
2023,5,RO,Rumania,24578.4
2023,5,RO,Rumania,2006.97
2023,5,RU,Rusia,53703.42
2023,5,RU,Rusia,8187.48
2023,5,SG,Singapur,139245.45
2023,5,SG,Singapur,72301.12
2023,5,ZA,Sudáfrica,235279.35
2023,5,ZA,Sudáfrica,142575.6
2023,5,SE,Suecia,2766.14
2023,5,SE,Suecia,14048.7
2023,5,CH,Suiza,9764.1
2023,5,CH,Suiza,1787.76
2023,5,TH,Tailandia,3675.0
2023,5,TW,Taiwán (Región),2371.61
2023,5,TW,Taiwán (Región),1925.48
2023,5,TR,Turquía,45561.07
2023,5,TR,Turquía,29502.16
2023,5,UY,Uruguay,52454.25
2023,5,UY,Uruguay,342.0
2023,6,DE,Alemania,589023.4
2023,6,DE,Alemania,93350.35
2023,6,AW,Aruba,11400.0
2023,6,AU,Australia,92608.64
2023,6,AU,Australia,226371.24
2023,6,BM,Bermuda,43.8
2023,6,BY,Bielorrusia,33711.22
2023,6,BO,Bolivia,19690.65
2023,6,BR,Brasil,132148.8
2023,6,BR,Brasil,9648.67
2023,6,BG,Bulgaria,3351.6
2023,6,BG,Bulgaria,670.32
2023,6,BE,Bélgica,53146.8
2023,6,BE,Bélgica,6025.27
2023,6,CM,Camerún,2234.4
2023,6,CA,Canadá,93584.8
2023,6,CA,Canadá,308967.33
2023,6,CZ,Chequia,2577.6
2023,6,CL,Chile,58641.6
2023,6,CL,Chile,26676.0
2023,6,CN,China,75049.05
2023,6,CN,China,19991.25
2023,6,CY,Chipre,19080.0
2023,6,CO,Colombia,124507.95
2023,6,CO,Colombia,298191.6
2023,6,KR,Corea del Sur,11.32
2023,6,KR,Corea del Sur,8122.42
2023,6,CR,Costa Rica,13576.95
2023,6,CR,Costa Rica,9815.18
2023,6,CU,Cuba,7644.0
2023,6,DK,Dinamarca,28823.0
2023,6,DK,Dinamarca,9261.0
2023,6,EC,Ecuador,27555.17
2023,6,SV,El Salvador,8441.1
2023,6,AE,Emiratos Árabes Unidos,64944.0
2023,6,AE,Emiratos Árabes Unidos,21514.5
2023,6,ES,España,494382.56
2023,6,ES,España,105956.89
2023,6,US,Estados Unidos,9166480.63
2023,6,US,Estados Unidos,20225376.04
2023,6,EE,Estonia,7367.7
2023,6,PH,Filipinas,138804.12
2023,6,PH,Filipinas,21909.96
2023,6,FI,Finlandia,252.0
2023,6,FR,Francia,461106.96
2023,6,FR,Francia,65221.27
2023,6,GE,Georgia,2835.0
2023,6,GH,Ghana,10572.0
2023,6,GR,Grecia,63584.64
2023,6,GR,Grecia,58504.08
2023,6,GT,Guatemala,33148.35
2023,6,GT,Guatemala,19840.72
2023,6,HN,Honduras,25074.0
2023,6,HN,Honduras,18638.81
2023,6,HK,Hong Kong,11661.0
2023,6,HK,Hong Kong,1559.25
2023,6,HU,Hungría,11263.2
2023,6,IN,India,18252.0
2023,6,IN,India,18363.75
2023,6,ID,Indonesia,69479.05
2023,6,ID,Indonesia,2202.75
2023,6,IE,Irlanda,42.75
2023,6,IL,Israel,19972.8
2023,6,IL,Israel,11826.78
2023,6,IT,Italia,92794.39
2023,6,IT,Italia,159901.27
2023,6,JM,Jamaica,274.95
2023,6,JP,Japón,500623.8
2023,6,JP,Japón,55369.31
2023,6,BS,Las Bahamas,4104.0
2023,6,LV,Letonia,5402.45
2023,6,LV,Letonia,36155.1
2023,6,LB,Líbano,13757.52
2023,6,LB,Líbano,1106.91
2023,6,MA,Marruecos,2910.6
2023,6,MD,Moldavia,8259.3
2023,6,MD,Moldavia,670.32
2023,6,NG,Nigeria,2920.5
2023,6,NO,Noruega,37154.88
2023,6,NO,Noruega,2390.01
2023,6,NZ,Nueva Zelandia,37283.47
2023,6,NZ,Nueva Zelandia,26123.23
2023,6,PA,Panamá,36638.1
2023,6,PA,Panamá,83827.89
2023,6,PY,Paraguay,23213.25
2023,6,NL,Países Bajos,216433.04
2023,6,NL,Países Bajos,76394.3
2023,6,PE,Perú,38372.4
2023,6,PE,Perú,9673.42
2023,6,PL,Polonia,43092.0
2023,6,PL,Polonia,9072.0
2023,6,PT,Portugal,48478.5
2023,6,PT,Portugal,5027.4
2023,6,PR,Puerto Rico,38280.0
2023,6,PR,Puerto Rico,12861.0
2023,6,GB,Reino Unido,328640.63
2023,6,GB,Reino Unido,462944.49
2023,6,DO,República Dominicana,15595.2
2023,6,DO,República Dominicana,48193.7
2023,6,RO,Rumania,16949.52
2023,6,RO,Rumania,670.32
2023,6,RU,Rusia,39860.1
2023,6,RS,Serbia,5981.01
2023,6,SG,Singapur,89359.23
2023,6,SG,Singapur,45862.36
2023,6,ZA,Sudáfrica,156993.75
2023,6,ZA,Sudáfrica,81572.48
2023,6,SE,Suecia,5586.0
2023,6,CH,Suiza,10473.75
2023,6,CH,Suiza,1030.5
2023,6,TH,Tailandia,7717.5
2023,6,TH,Tailandia,12058.2
2023,6,TW,Taiwán (Región),7776.0
2023,6,TT,Trinidad y Tobago,8208.0
2023,6,TR,Turquía,29047.95
2023,6,TR,Turquía,9510.9
2023,6,UA,Ucrania,9583.98
2023,6,UA,Ucrania,20799.0
2023,6,VN,Vietnam,3783.0
2023,7,DE,Alemania,596490.33
2023,7,DE,Alemania,125854.57
2023,7,AR,Argentina,54.0
2023,7,AM,Armenia,3.99
2023,7,AU,Australia,52660.0
2023,7,AU,Australia,219368.65
2023,7,BM,Bermuda,8230.8
2023,7,BY,Bielorrusia,5859.6
2023,7,BY,Bielorrusia,362.25
2023,7,BO,Bolivia,62316.6
2023,7,BO,Bolivia,609.52
2023,7,BR,Brasil,47187.45
2023,7,BR,Brasil,16245.0
2023,7,BG,Bulgaria,33664.02
2023,7,BE,Bélgica,11251.8
2023,7,BE,Bélgica,13986.3
2023,7,CM,Camerún,8043.84
2023,7,CM,Camerún,957.6
2023,7,CA,Canadá,123356.14
2023,7,CA,Canadá,342728.31
2023,7,CZ,Chequia,5266.8
2023,7,CZ,Chequia,21757.86
2023,7,CL,Chile,45280.8
2023,7,CL,Chile,12012.0
2023,7,CN,China,46569.0
2023,7,CN,China,28878.5
2023,7,CY,Chipre,34516.92
2023,7,CY,Chipre,383.04
2023,7,CO,Colombia,202019.47
2023,7,CO,Colombia,315452.94
2023,7,KR,Corea del Sur,2793.0
2023,7,KR,Corea del Sur,11945.94
2023,7,CR,Costa Rica,5250.0
2023,7,CR,Costa Rica,708.3
2023,7,CU,Cuba,43953.0
2023,7,CU,Cuba,3677.4
2023,7,EC,Ecuador,24173.93
2023,7,EC,Ecuador,673.65
2023,7,SV,El Salvador,94344.9
2023,7,SV,El Salvador,19339.27
2023,7,AE,Emiratos Árabes Unidos,25029.6
2023,7,AE,Emiratos Árabes Unidos,42863.67
2023,7,ES,España,231275.96
2023,7,ES,España,41325.15
2023,7,US,Estados Unidos,7260156.35
2023,7,US,Estados Unidos,18474976.68
2023,7,EE,Estonia,3447.36
2023,7,EE,Estonia,10354.68
2023,7,PH,Filipinas,211156.5
2023,7,PH,Filipinas,21328.92
2023,7,FR,Francia,437408.34
2023,7,FR,Francia,116185.65
2023,7,GE,Georgia,14631.3
2023,7,GE,Georgia,4327.74
2023,7,GH,Ghana,8575.2
2023,7,GH,Ghana,4357.08
2023,7,GR,Grecia,55875.96
2023,7,GR,Grecia,19034.4
2023,7,GU,Guam,15217.5
2023,7,GU,Guam,3105.0
2023,7,GT,Guatemala,7623.75
2023,7,GT,Guatemala,12674.19
2023,7,HN,Honduras,30754.5
2023,7,HN,Honduras,6410.25
2023,7,HU,Hungría,21546.0
2023,7,HU,Hungría,17340.82
2023,7,IN,India,46834.17
2023,7,ID,Indonesia,18000.0
2023,7,IE,Irlanda,6463.8
2023,7,IE,Irlanda,577.03
2023,7,KY,Islas Caimán,7592.4
2023,7,KY,Islas Caimán,720.0
2023,7,VI,Islas Vírgenes,8013.6
2023,7,VI,Islas Vírgenes,1714.5
2023,7,IL,Israel,27998.4
2023,7,IL,Israel,9060.57
2023,7,IT,Italia,160345.23
2023,7,IT,Italia,189423.9
2023,7,JP,Japón,233637.75
2023,7,JP,Japón,129104.66
2023,7,LV,Letonia,35495.04
2023,7,LV,Letonia,169326.3
2023,7,LB,Líbano,5362.56
2023,7,LB,Líbano,1434.49
2023,7,MY,Malasia,7675.2
2023,7,MY,Malasia,229.5
2023,7,MU,Mauricio,23314.47
2023,7,NI,Nicaragua,13635.0
2023,7,NG,Nigeria,11115.0
2023,7,NO,Noruega,35468.25
2023,7,NO,Noruega,4277.28
2023,7,NZ,Nueva Zelandia,28222.65
2023,7,NZ,Nueva Zelandia,12850.17
2023,7,PA,Panamá,12148.8
2023,7,PA,Panamá,133150.12
2023,7,NL,Países Bajos,325313.38
2023,7,NL,Países Bajos,70836.02
2023,7,PE,Perú,2293.2
2023,7,PE,Perú,1436.4
2023,7,PL,Polonia,19654.74
2023,7,PR,Puerto Rico,23118.0
2023,7,PR,Puerto Rico,47694.0
2023,7,GB,Reino Unido,200807.02
2023,7,GB,Reino Unido,293517.29
2023,7,DO,República Dominicana,17236.8
2023,7,DO,República Dominicana,28457.93
2023,7,RU,Rusia,22590.94
2023,7,RU,Rusia,7455.49
2023,7,RS,Serbia,10342.08
2023,7,RS,Serbia,430.92
2023,7,SG,Singapur,203789.31
2023,7,SG,Singapur,5273.37
2023,7,ZA,Sudáfrica,23351.62
2023,7,ZA,Sudáfrica,86825.02
2023,7,CH,Suiza,48891.91
2023,7,CH,Suiza,3634.78
2023,7,SR,Suriname,8618.4
2023,7,TH,Tailandia,359.1
2023,7,TW,Taiwán (Región),6412.5
2023,7,TW,Taiwán (Región),9762.0
2023,7,TR,Turquía,9613.01
2023,7,TR,Turquía,10455.75
2023,7,UA,Ucrania,1482.0
2023,7,UA,Ucrania,3593.07
2023,8,DE,Alemania,321651.9
2023,8,DE,Alemania,128362.71
2023,8,AN,Antillas Holandesas,7592.4
2023,8,AN,Antillas Holandesas,72.0
2023,8,AM,Armenia,119.7
2023,8,AU,Australia,61339.2
2023,8,AU,Australia,229172.81
2023,8,AT,Austria,14364.0
2023,8,AT,Austria,5426.4
2023,8,BO,Bolivia,10558.65
2023,8,BO,Bolivia,1216.44
2023,8,BR,Brasil,50760.0
2023,8,BR,Brasil,3433.5
2023,8,BE,Bélgica,114875.46
2023,8,BE,Bélgica,4544.7
2023,8,KH,Camboya,252.0
2023,8,CA,Canadá,168653.34
2023,8,CA,Canadá,342381.71
2023,8,CZ,Chequia,5426.4
2023,8,CL,Chile,47937.0
2023,8,CL,Chile,25051.65
2023,8,CN,China,85124.36
2023,8,CN,China,76870.05
2023,8,CY,Chipre,7090.8
2023,8,CY,Chipre,5978.76
2023,8,CO,Colombia,81672.44
2023,8,CO,Colombia,168057.0
2023,8,KR,Corea del Sur,630.0
2023,8,CR,Costa Rica,14555.44
2023,8,CR,Costa Rica,11934.6
2023,8,HR,Croacia,9408.42
2023,8,CU,Cuba,12755.4
2023,8,DK,Dinamarca,18522.0
2023,8,EC,Ecuador,66729.53
2023,8,EC,Ecuador,4572.0
2023,8,SV,El Salvador,13088.51
2023,8,SV,El Salvador,11983.12
2023,8,AE,Emiratos Árabes Unidos,45811.5
2023,8,AE,Emiratos Árabes Unidos,53379.3
2023,8,SK,Eslovaquia,3830.4
2023,8,ES,España,578540.07
2023,8,ES,España,59474.76
2023,8,US,Estados Unidos,5650580.11
2023,8,US,Estados Unidos,21520858.15
2023,8,PH,Filipinas,57839.04
2023,8,PH,Filipinas,17505.0
2023,8,FR,Francia,454338.51
2023,8,FR,Francia,119745.53
2023,8,GR,Grecia,9576.0
2023,8,GR,Grecia,13377.0
2023,8,GT,Guatemala,16975.5
2023,8,GT,Guatemala,4464.52
2023,8,HN,Honduras,43405.2
2023,8,HN,Honduras,6462.9
2023,8,HK,Hong Kong,11856.77
2023,8,HK,Hong Kong,391.01
2023,8,IN,India,141854.85
2023,8,IN,India,97267.65
2023,8,ID,Indonesia,4500.0
2023,8,ID,Indonesia,16155.0
2023,8,IE,Irlanda,7182.0
2023,8,IE,Irlanda,934.95
2023,8,IL,Israel,24817.8
2023,8,IL,Israel,19983.0
2023,8,IT,Italia,143543.86
2023,8,IT,Italia,76628.76
2023,8,JM,Jamaica,8892.0
2023,8,JP,Japón,470608.5
2023,8,JP,Japón,8203.96
2023,8,BS,Las Bahamas,174.0
2023,8,LV,Letonia,30318.3
2023,8,LV,Letonia,23118.06
2023,8,LB,Líbano,11172.0
2023,8,LB,Líbano,2279.92
2023,8,NG,Nigeria,102114.3
2023,8,NG,Nigeria,1344.0
2023,8,NO,Noruega,14723.1
2023,8,NO,Noruega,1244.88
2023,8,NZ,Nueva Zelandia,52400.38
2023,8,PA,Panamá,19483.8
2023,8,PA,Panamá,89703.07
2023,8,NL,Países Bajos,63608.86
2023,8,NL,Países Bajos,94695.61
2023,8,PE,Perú,17236.8
2023,8,PE,Perú,1401.0
2023,8,PL,Polonia,19818.33
2023,8,PL,Polonia,4788.0
2023,8,PT,Portugal,9177.0
2023,8,PT,Portugal,2266.32
2023,8,PR,Puerto Rico,17916.0
2023,8,PR,Puerto Rico,18999.0
2023,8,GB,Reino Unido,62499.35
2023,8,GB,Reino Unido,185224.72
2023,8,DO,República Dominicana,7079.4
2023,8,DO,República Dominicana,35351.04
2023,8,RO,Rumania,20732.04
2023,8,RO,Rumania,3335.64
2023,8,RU,Rusia,24507.15
2023,8,RU,Rusia,11525.4
2023,8,SL,Sierra Leona,3351.6
2023,8,SG,Singapur,62540.3
2023,8,SG,Singapur,33893.2
2023,8,ZA,Sudáfrica,64231.2
2023,8,ZA,Sudáfrica,109262.14
2023,8,SE,Suecia,5514.55
2023,8,SE,Suecia,9508.8
2023,8,CH,Suiza,8658.3
2023,8,TH,Tailandia,718.2
2023,8,TW,Taiwán (Región),7560.0
2023,8,TC,Turcas y Caicos,702.0
2023,8,TR,Turquía,8963.33
2023,8,TR,Turquía,49410.06
2023,8,UA,Ucrania,10725.12
2023,8,UA,Ucrania,18270.0
2023,8,UY,Uruguay,11132.1
2023,9,DE,Alemania,293636.38
2023,9,DE,Alemania,102973.37
2023,9,AR,Argentina,2251.5
2023,9,AM,Armenia,683.55
2023,9,AU,Australia,25755.75
2023,9,AU,Australia,98217.08
2023,9,AT,Austria,718.2
2023,9,AT,Austria,16530.3
2023,9,BR,Brasil,27907.2
2023,9,BR,Brasil,22253.28
2023,9,BE,Bélgica,38582.12
2023,9,BE,Bélgica,2934.24
2023,9,CA,Canadá,71112.79
2023,9,CA,Canadá,300450.98
2023,9,CZ,Chequia,11810.4
2023,9,CL,Chile,42681.6
2023,9,CL,Chile,6633.0
2023,9,CN,China,314520.52
2023,9,CN,China,14720.7
2023,9,CO,Colombia,102115.29
2023,9,CO,Colombia,129937.48
2023,9,CR,Costa Rica,13877.55
2023,9,CR,Costa Rica,6121.12
2023,9,CU,Cuba,15288.0
2023,9,EC,Ecuador,34161.75
2023,9,SV,El Salvador,13353.75
2023,9,AE,Emiratos Árabes Unidos,44310.0
2023,9,AE,Emiratos Árabes Unidos,24546.23
2023,9,ES,España,233300.18
2023,9,ES,España,89117.5
2023,9,US,Estados Unidos,7320796.78
2023,9,US,Estados Unidos,17712850.43
2023,9,EE,Estonia,15860.25
2023,9,EE,Estonia,2050.86
2023,9,PH,Filipinas,8809.92
2023,9,PH,Filipinas,3750.48
2023,9,FR,Francia,198170.71
2023,9,FR,Francia,37146.93
2023,9,GH,Ghana,48627.18
2023,9,GR,Grecia,14406.0
2023,9,GT,Guatemala,984.38
2023,9,GT,Guatemala,32076.75
2023,9,HN,Honduras,19838.17
2023,9,HN,Honduras,17934.75
2023,9,HK,Hong Kong,5848.8
2023,9,HK,Hong Kong,882.0
2023,9,IN,India,11925.0
2023,9,IN,India,40980.0
2023,9,ID,Indonesia,38664.0
2023,9,ID,Indonesia,38399.25
2023,9,VG,Islas Vírgenes Británicas,9028.8
2023,9,VG,Islas Vírgenes Británicas,162.0
2023,9,IL,Israel,3340.2
2023,9,IL,Israel,13591.4
2023,9,IT,Italia,93629.45
2023,9,IT,Italia,100186.2
2023,9,JP,Japón,204994.13
2023,9,JP,Japón,89041.65
2023,9,JO,Jordania,2546.75
2023,9,KZ,Kazajstán,5426.4
2023,9,BS,Las Bahamas,8325.0
2023,9,LV,Letonia,27543.63
2023,9,LT,Lituania,2.0
2023,9,LB,Líbano,10851.12
2023,9,LB,Líbano,4862.47
2023,9,MY,Malasia,771.0
2023,9,MA,Marruecos,2473.8
2023,9,NZ,Nueva Zelandia,20620.32
2023,9,PA,Panamá,23389.2
2023,9,PA,Panamá,16605.04
2023,9,PY,Paraguay,7481.25
2023,9,NL,Países Bajos,41382.0
2023,9,NL,Países Bajos,21220.77
2023,9,PE,Perú,47952.75
2023,9,PE,Perú,15514.5
2023,9,PL,Polonia,9735.6
2023,9,PL,Polonia,6594.0
2023,9,PT,Portugal,35690.55
2023,9,PT,Portugal,5448.34
2023,9,PR,Puerto Rico,2520.0
2023,9,PR,Puerto Rico,4446.0
2023,9,GB,Reino Unido,42088.27
2023,9,GB,Reino Unido,255179.48
2023,9,DO,República Dominicana,22567.16
2023,9,DO,República Dominicana,36460.48
2023,9,RU,Rusia,8977.5
2023,9,RU,Rusia,17478.53
2023,9,RS,Serbia,10342.08
2023,9,RS,Serbia,9647.4
2023,9,SG,Singapur,31573.5
2023,9,SG,Singapur,76755.0
2023,9,LK,Sri Lanka,5130.0
2023,9,ZA,Sudáfrica,44849.1
2023,9,ZA,Sudáfrica,53925.22
2023,9,SE,Suecia,6706.32
2023,9,CH,Suiza,4122.3
2023,9,TH,Tailandia,9036.0
2023,9,TW,Taiwán (Región),10914.0
2023,9,TR,Turquía,8426.88
2023,9,TR,Turquía,18606.0
2023,9,UA,Ucrania,1197.0
2023,9,UA,Ucrania,3796.2
2023,9,VE,Venezuela,8284.5
2023,10,DE,Alemania,216032.93
2023,10,DE,Alemania,18556.2
2023,10,AN,Antillas Holandesas,154.35
2023,10,AR,Argentina,8550.0
2023,10,AR,Argentina,1793.47
2023,10,AU,Australia,24804.4
2023,10,AU,Australia,82063.82
2023,10,AT,Austria,4883.6
2023,10,BO,Bolivia,31079.25
2023,10,BR,Brasil,20220.07
2023,10,BE,Bélgica,77017.21
2023,10,BE,Bélgica,7858.8
2023,10,CA,Canadá,60296.71
2023,10,CA,Canadá,219802.56
2023,10,CZ,Chequia,5358.0
2023,10,CL,Chile,29326.5
2023,10,CL,Chile,29412.0
2023,10,CN,China,73010.55
2023,10,CN,China,58296.1
2023,10,CY,Chipre,15321.6
2023,10,CY,Chipre,21.0
2023,10,CO,Colombia,72857.32
2023,10,CO,Colombia,31267.5
2023,10,KR,Corea del Sur,19950.0
2023,10,KR,Corea del Sur,8082.0
2023,10,CR,Costa Rica,29298.15
2023,10,CR,Costa Rica,2838.75
2023,10,EC,Ecuador,38515.15
2023,10,EC,Ecuador,2340.0
2023,10,SV,El Salvador,19128.15
2023,10,SV,El Salvador,6061.95
2023,10,AE,Emiratos Árabes Unidos,20421.9
2023,10,AE,Emiratos Árabes Unidos,13086.0
2023,10,ES,España,389530.65
2023,10,ES,España,86451.23
2023,10,US,Estados Unidos,7210276.13
2023,10,US,Estados Unidos,22235241.32
2023,10,ET,Etiopía,4800.0
2023,10,PH,Filipinas,228382.9
2023,10,FR,Francia,233148.4
2023,10,FR,Francia,62284.47
2023,10,GE,Georgia,20426.07
2023,10,GE,Georgia,336.0
2023,10,GR,Grecia,28728.0
2023,10,GR,Grecia,28476.37
2023,10,GT,Guatemala,48669.75
2023,10,GT,Guatemala,7506.83
2023,10,HN,Honduras,29700.19
2023,10,HN,Honduras,2628.63
2023,10,HK,Hong Kong,11978.02
2023,10,HK,Hong Kong,1524.26
2023,10,HU,Hungría,22024.8
2023,10,HU,Hungría,11263.2
2023,10,IN,India,27432.0
2023,10,IN,India,27976.89
2023,10,ID,Indonesia,58388.25
2023,10,IQ,Irak,11550.0
2023,10,IE,Irlanda,3591.0
2023,10,IE,Irlanda,6315.62
2023,10,VI,Islas Vírgenes,5400.0
2023,10,IL,Israel,3.5
2023,10,IL,Israel,2.45
2023,10,IT,Italia,69497.56
2023,10,IT,Italia,217355.16
2023,10,JM,Jamaica,18194.4
2023,10,JM,Jamaica,1386.0
2023,10,JP,Japón,122302.43
2023,10,JP,Japón,50352.45
2023,10,JO,Jordania,8728.12
2023,10,JO,Jordania,433.12
2023,10,KE,Kenia,1512.0
2023,10,BS,Las Bahamas,19382.4
2023,10,LV,Letonia,9653.52
2023,10,LV,Letonia,43660.53
2023,10,LB,Líbano,14555.52
2023,10,LB,Líbano,3351.6
2023,10,MY,Malasia,6552.0
2023,10,MY,Malasia,1404.55
2023,10,MA,Marruecos,3112.2
2023,10,MA,Marruecos,462.84
2023,10,NI,Nicaragua,16074.0
2023,10,NG,Nigeria,61833.6
2023,10,NZ,Nueva Zelandia,12474.28
2023,10,NZ,Nueva Zelandia,10642.69
2023,10,PA,Panamá,38074.95
2023,10,PA,Panamá,34136.23
2023,10,NL,Países Bajos,184551.32
2023,10,NL,Países Bajos,67056.94
2023,10,PE,Perú,6497.4
2023,10,PE,Perú,10187.33
2023,10,PT,Portugal,35123.34
2023,10,PT,Portugal,4704.0
2023,10,PR,Puerto Rico,57726.0
2023,10,PR,Puerto Rico,17343.0
2023,10,GB,Reino Unido,42149.39
2023,10,GB,Reino Unido,196532.21
2023,10,DO,República Dominicana,22084.2
2023,10,DO,República Dominicana,44396.04
2023,10,RU,Rusia,91119.0
2023,10,RU,Rusia,15601.32
2023,10,SG,Singapur,34330.62
2023,10,SG,Singapur,13568.04
2023,10,ZA,Sudáfrica,122588.32
2023,10,ZA,Sudáfrica,121654.05
2023,10,SE,Suecia,2274.3
2023,10,SE,Suecia,5288.7
2023,10,CH,Suiza,9555.0
2023,10,CH,Suiza,168.0
2023,10,TH,Tailandia,3276.0
2023,10,TW,Taiwán (Región),16762.5
2023,10,TW,Taiwán (Región),1109.97
2023,10,TT,Trinidad y Tobago,20520.0
2023,10,TT,Trinidad y Tobago,418.5
2023,10,TR,Turquía,5306.7
2023,10,TR,Turquía,25832.64
2023,10,VE,Venezuela,4054.5
2023,10,VN,Vietnam,3.0
2023,11,DE,Alemania,242551.94
2023,11,DE,Alemania,13745.42
2023,11,AN,Antillas Holandesas,7303.2
2023,11,AN,Antillas Holandesas,184.5
2023,11,AU,Australia,41497.66
2023,11,AU,Australia,92328.96
2023,11,BO,Bolivia,13038.75
2023,11,BO,Bolivia,3510.15
2023,11,BR,Brasil,6566.4
2023,11,BR,Brasil,19190.33
2023,11,BE,Bélgica,60410.89
2023,11,BE,Bélgica,4016.55
2023,11,CA,Canadá,14800.05
2023,11,CA,Canadá,248119.64
2023,11,CZ,Chequia,3202.2
2023,11,CL,Chile,47971.2
2023,11,CN,China,45864.0
2023,11,CN,China,31137.94
2023,11,CO,Colombia,45024.53
2023,11,CO,Colombia,1755.6
2023,11,KR,Corea del Sur,17929.38
2023,11,CR,Costa Rica,23837.62
2023,11,CR,Costa Rica,9096.28
2023,11,EC,Ecuador,3038.85
2023,11,SV,El Salvador,44945.85
2023,11,SV,El Salvador,981.75
2023,11,AE,Emiratos Árabes Unidos,99523.61
2023,11,AE,Emiratos Árabes Unidos,34227.04
2023,11,SK,Eslovaquia,3830.4
2023,11,ES,España,127635.58
2023,11,ES,España,62689.52
2023,11,US,Estados Unidos,6369636.16
2023,11,US,Estados Unidos,20670751.55
2023,11,EE,Estonia,142.5
2023,11,EE,Estonia,8312.74
2023,11,PH,Filipinas,61669.44
2023,11,PH,Filipinas,4736.25
2023,11,FR,Francia,83559.3
2023,11,GR,Grecia,18323.22
2023,11,GR,Grecia,17099.25
2023,11,GT,Guatemala,10711.12
2023,11,GT,Guatemala,14800.48
2023,11,HN,Honduras,33243.0
2023,11,HN,Honduras,4261.88
2023,11,HK,Hong Kong,22.5
2023,11,HK,Hong Kong,14196.38
2023,11,IN,India,14958.0
2023,11,IN,India,14664.0
2023,11,ID,Indonesia,26767.2
2023,11,IQ,Irak,10062.6
2023,11,IE,Irlanda,1680.0
2023,11,KY,Islas Caimán,6885.6
2023,11,KY,Islas Caimán,720.0
2023,11,VI,Islas Vírgenes,4032.0
2023,11,VI,Islas Vírgenes,13729.5
2023,11,IT,Italia,112880.29
2023,11,IT,Italia,150138.48
2023,11,JP,Japón,328238.63
2023,11,JP,Japón,107987.55
2023,11,JO,Jordania,7167.24
2023,11,KE,Kenia,20898.0
2023,11,LV,Letonia,9296.7
2023,11,LV,Letonia,22769.25
2023,11,NI,Nicaragua,7452.9
2023,11,NI,Nicaragua,1644.75
2023,11,NG,Nigeria,11115.0
2023,11,NG,Nigeria,17246.7
2023,11,NO,Noruega,0.75
2023,11,NZ,Nueva Zelandia,58520.27
2023,11,NZ,Nueva Zelandia,9480.24
2023,11,PA,Panamá,18738.6
2023,11,PA,Panamá,42546.27
2023,11,NL,Países Bajos,53883.63
2023,11,NL,Países Bajos,40853.44
2023,11,PE,Perú,22161.6
2023,11,PE,Perú,24701.17
2023,11,PT,Portugal,4589.64
2023,11,PT,Portugal,5643.0
2023,11,PR,Puerto Rico,35208.0
2023,11,PR,Puerto Rico,13815.0
2023,11,GB,Reino Unido,55699.42
2023,11,GB,Reino Unido,97623.59
2023,11,DO,República Dominicana,6469.2
2023,11,DO,República Dominicana,30381.72
2023,11,RU,Rusia,69585.6
2023,11,RU,Rusia,20258.28
2023,11,RS,Serbia,5362.56
2023,11,SG,Singapur,4204.2
2023,11,SG,Singapur,9055.42
2023,11,ZA,Sudáfrica,79356.38
2023,11,ZA,Sudáfrica,32159.47
2023,11,SE,Suecia,24237.51
2023,11,SE,Suecia,18026.94
2023,11,SR,Suriname,17419.2
2023,11,TH,Tailandia,100.8
2023,11,TW,Taiwán (Región),6642.0
2023,11,UA,Ucrania,4979.52
2023,12,DE,Alemania,226283.58
2023,12,DE,Alemania,10240.56
2023,12,AU,Australia,7875.0
2023,12,AU,Australia,62107.65
2023,12,AT,Austria,113.4
2023,12,BY,Bielorrusia,33589.33
2023,12,BO,Bolivia,65048.4
2023,12,BO,Bolivia,202.5
2023,12,BR,Brasil,84952.8
2023,12,BR,Brasil,22872.9
2023,12,BG,Bulgaria,8892.0
2023,12,BG,Bulgaria,482.58
2023,12,BE,Bélgica,47993.45
2023,12,BE,Bélgica,118.12
2023,12,CA,Canadá,103184.43
2023,12,CA,Canadá,71555.48
2023,12,CZ,Chequia,7411.08
2023,12,CL,Chile,37597.2
2023,12,CL,Chile,10800.0
2023,12,CN,China,148200.6
2023,12,CN,China,15480.41
2023,12,CO,Colombia,40648.65
2023,12,CO,Colombia,10350.36
2023,12,KR,Corea del Sur,17429.62
2023,12,CR,Costa Rica,24501.75
2023,12,CR,Costa Rica,3557.25
2023,12,DK,Dinamarca,882.0
2023,12,EC,Ecuador,326.34
2023,12,SV,El Salvador,24478.12
2023,12,SV,El Salvador,914.25
2023,12,AE,Emiratos Árabes Unidos,20160.0
2023,12,AE,Emiratos Árabes Unidos,12804.0
2023,12,ES,España,78387.02
2023,12,ES,España,43389.7
2023,12,US,Estados Unidos,7285464.53
2023,12,US,Estados Unidos,14359216.66
2023,12,EE,Estonia,8235.36
2023,12,EE,Estonia,2079.63
2023,12,PH,Filipinas,33431.47
2023,12,PH,Filipinas,1311.0
2023,12,FR,Francia,385670.17
2023,12,FR,Francia,27277.57
2023,12,GH,Ghana,21441.06
2023,12,GH,Ghana,13143.06
2023,12,GR,Grecia,9702.0
2023,12,GT,Guatemala,10997.78
2023,12,GT,Guatemala,14100.35
2023,12,HK,Hong Kong,7964.4
2023,12,HK,Hong Kong,1153.54
2023,12,HU,Hungría,5266.8
2023,12,HU,Hungría,399.0
2023,12,IN,India,148689.0
2023,12,IN,India,16197.6
2023,12,ID,Indonesia,23693.4
2023,12,IT,Italia,130953.1
2023,12,IT,Italia,136180.86
2023,12,JM,Jamaica,12600.0
2023,12,JP,Japón,55540.5
2023,12,JP,Japón,51538.76
2023,12,LV,Letonia,33503.4
2023,12,LV,Letonia,24741.03
2023,12,LT,Lituania,5745.6
2023,12,LT,Lituania,1101.24
2023,12,LB,Líbano,4926.06
2023,12,MY,Malasia,7776.0
2023,12,MY,Malasia,1244.25
2023,12,MD,Moldavia,7541.1
2023,12,MD,Moldavia,335.16
2023,12,NG,Nigeria,3168.0
2023,12,NZ,Nueva Zelandia,12548.99
2023,12,NZ,Nueva Zelandia,7901.55
2023,12,PA,Panamá,40934.48
2023,12,PA,Panamá,76205.85
2023,12,NL,Países Bajos,91764.62
2023,12,NL,Países Bajos,31184.79
2023,12,PE,Perú,6879.6
2023,12,PE,Perú,15964.2
2023,12,PR,Puerto Rico,2304.0
2023,12,PR,Puerto Rico,17083.5
2023,12,GB,Reino Unido,29193.63
2023,12,GB,Reino Unido,30975.69
2023,12,DO,República Dominicana,7387.2
2023,12,DO,República Dominicana,16161.0
2023,12,RO,Rumania,5937.12
2023,12,RO,Rumania,2026.92
2023,12,RU,Rusia,48478.5
2023,12,RU,Rusia,9408.0
2023,12,SG,Singapur,7987.2
2023,12,SG,Singapur,28335.45
2023,12,ZA,Sudáfrica,16380.0
2023,12,ZA,Sudáfrica,46957.5
2023,12,SE,Suecia,9576.0
2023,12,SE,Suecia,1600.56
2023,12,CH,Suiza,9336.6
2023,12,CH,Suiza,5725.17
2023,12,TH,Tailandia,3024.0
2023,12,TW,Taiwán (Región),6412.5
2023,12,TW,Taiwán (Región),529.2
2023,12,TT,Trinidad y Tobago,8327.7
2023,12,TT,Trinidad y Tobago,342.0
2023,12,UA,Ucrania,10302.75
2023,12,UA,Ucrania,8977.5
2023,12,VE,Venezuela,216.0
2024,1,DE,Alemania,675301.98
2024,1,DE,Alemania,76868.64
2024,1,AU,Australia,17578.5
2024,1,AU,Australia,121639.35
2024,1,AT,Austria,856.8
2024,1,BO,Bolivia,7966.88
2024,1,BO,Bolivia,283.5
2024,1,BR,Brasil,67051.15
2024,1,BR,Brasil,20837.49
2024,1,BE,Bélgica,162903.33
2024,1,BE,Bélgica,4701.12
2024,1,CA,Canadá,204885.07
2024,1,CA,Canadá,195306.53
2024,1,CZ,Chequia,5961.06
2024,1,CL,Chile,10670.4
2024,1,CN,China,76959.6
2024,1,CN,China,844.62
2024,1,CO,Colombia,78649.68
2024,1,CO,Colombia,14853.3
2024,1,KR,Corea del Sur,3985.0
2024,1,CR,Costa Rica,21221.33
2024,1,CR,Costa Rica,3996.67
2024,1,DK,Dinamarca,588.0
2024,1,EC,Ecuador,33000.22
2024,1,SV,El Salvador,10258.8
2024,1,SV,El Salvador,3647.17
2024,1,AE,Emiratos Árabes Unidos,10080.0
2024,1,AE,Emiratos Árabes Unidos,28745.88
2024,1,ES,España,474523.75
2024,1,ES,España,41142.58
2024,1,US,Estados Unidos,6928153.48
2024,1,US,Estados Unidos,16845817.08
2024,1,EE,Estonia,14375.4
2024,1,PH,Filipinas,127075.77
2024,1,PH,Filipinas,9017.7
2024,1,FR,Francia,377467.37
2024,1,FR,Francia,18722.75
2024,1,GE,Georgia,9576.0
2024,1,GT,Guatemala,261.0
2024,1,HK,Hong Kong,2293.2
2024,1,IN,India,17637.0
2024,1,IN,India,10848.0
2024,1,ID,Indonesia,31715.6
2024,1,VI,Islas Vírgenes,337.5
2024,1,IL,Israel,2160.0
2024,1,IT,Italia,1368.0
2024,1,IT,Italia,266383.1
2024,1,JP,Japón,35805.32
2024,1,JP,Japón,161141.94
2024,1,BS,Las Bahamas,7776.0
2024,1,LV,Letonia,16782.75
2024,1,LV,Letonia,22522.2
2024,1,LB,Líbano,299.25
2024,1,LB,Líbano,561.49
2024,1,NG,Nigeria,22968.75
2024,1,NG,Nigeria,4053.0
2024,1,PA,Panamá,5731.2
2024,1,PA,Panamá,116503.8
2024,1,NL,Países Bajos,102031.93
2024,1,NL,Países Bajos,29801.47
2024,1,PE,Perú,53834.4
2024,1,PE,Perú,1436.4
2024,1,PF,Polinesia francés,359.1
2024,1,PL,Polonia,3402.0
2024,1,PR,Puerto Rico,9594.0
2024,1,GB,Reino Unido,82861.4
2024,1,GB,Reino Unido,224594.17
2024,1,DO,República Dominicana,36518.4
2024,1,DO,República Dominicana,16525.35
2024,1,RU,Rusia,87185.4
2024,1,RU,Rusia,24570.0
2024,1,RS,Serbia,10725.12
2024,1,SG,Singapur,52272.0
2024,1,SG,Singapur,27509.67
2024,1,ZA,Sudáfrica,89145.0
2024,1,ZA,Sudáfrica,14302.35
2024,1,CH,Suiza,79447.55
2024,1,CH,Suiza,836.4
2024,1,TH,Tailandia,359.1
2024,1,TW,Taiwán (Región),11116.12
2024,1,TW,Taiwán (Región),4608.0
2024,1,TT,Trinidad y Tobago,1.33
2024,1,TR,Turquía,8649.48
2024,1,UA,Ucrania,9001.44
2024,1,UA,Ucrania,1005.48
2024,1,VE,Venezuela,15448.5
2024,2,DE,Alemania,566899.77
2024,2,DE,Alemania,17517.47
2024,2,AN,Antillas Holandesas,4309.2
2024,2,AN,Antillas Holandesas,2244.6
2024,2,AU,Australia,154154.85
2024,2,AU,Australia,233371.81
2024,2,AT,Austria,4965.6
2024,2,BR,Brasil,9439.2
2024,2,BR,Brasil,16897.05
2024,2,BE,Bélgica,13417.8
2024,2,BE,Bélgica,19583.58
2024,2,CA,Canadá,124514.04
2024,2,CA,Canadá,259529.19
2024,2,CZ,Chequia,12231.76
2024,2,CL,Chile,73936.2
2024,2,CL,Chile,1856.7
2024,2,CN,China,29772.0
2024,2,CN,China,10917.6
2024,2,CO,Colombia,21551.15
2024,2,CO,Colombia,16568.26
2024,2,KR,Corea del Sur,2457.0
2024,2,CR,Costa Rica,8426.25
2024,2,CR,Costa Rica,4376.25
2024,2,DK,Dinamarca,31325.7
2024,2,EC,Ecuador,3244.45
2024,2,EC,Ecuador,756.0
2024,2,SV,El Salvador,35593.35
2024,2,SV,El Salvador,1654.5
2024,2,AE,Emiratos Árabes Unidos,89295.0
2024,2,AE,Emiratos Árabes Unidos,9686.25
2024,2,ES,España,292095.11
2024,2,ES,España,39851.6
2024,2,US,Estados Unidos,7114249.8
2024,2,US,Estados Unidos,18979258.9
2024,2,PH,Filipinas,101473.68
2024,2,PH,Filipinas,892.5
2024,2,FR,Francia,196531.99
2024,2,FR,Francia,15223.8
2024,2,GE,Georgia,14364.0
2024,2,GR,Grecia,8946.0
2024,2,GT,Guatemala,25891.72
2024,2,GT,Guatemala,46639.57
2024,2,HN,Honduras,10326.75
2024,2,HN,Honduras,2149.93
2024,2,HK,Hong Kong,9315.75
2024,2,HK,Hong Kong,884.44
2024,2,IN,India,27862.5
2024,2,IN,India,7217.7
2024,2,IE,Irlanda,7182.0
2024,2,KY,Islas Caimán,5608.8
2024,2,KY,Islas Caimán,720.0
2024,2,IT,Italia,21067.2
2024,2,IT,Italia,234656.28
2024,2,JP,Japón,638893.56
2024,2,JP,Japón,249245.47
2024,2,KE,Kenia,7780.5
2024,2,BS,Las Bahamas,15444.0
2024,2,BS,Las Bahamas,56.25
2024,2,LV,Letonia,11782.5
2024,2,LT,Lituania,3915.9
2024,2,LT,Lituania,606.48
2024,2,LB,Líbano,5745.6
2024,2,LB,Líbano,941.64
2024,2,MD,Moldavia,1037.4
2024,2,MD,Moldavia,972.0
2024,2,NG,Nigeria,5234.88
2024,2,NG,Nigeria,1344.63
2024,2,NZ,Nueva Zelandia,68880.27
2024,2,NZ,Nueva Zelandia,9363.13
2024,2,PA,Panamá,107583.9
2024,2,PA,Panamá,35275.93
2024,2,NL,Países Bajos,24603.0
2024,2,NL,Países Bajos,50703.15
2024,2,PE,Perú,24624.0
2024,2,PE,Perú,33442.35
2024,2,PL,Polonia,25137.0
2024,2,PL,Polonia,3990.0
2024,2,PR,Puerto Rico,34560.0
2024,2,PR,Puerto Rico,647.25
2024,2,GB,Reino Unido,100809.34
2024,2,GB,Reino Unido,145226.95
2024,2,DO,República Dominicana,36180.9
2024,2,DO,República Dominicana,73444.38
2024,2,RU,Rusia,3511.2
2024,2,RU,Rusia,9049.32
2024,2,RS,Serbia,3960.0
2024,2,RS,Serbia,2640.0
2024,2,SG,Singapur,17460.0
2024,2,ZA,Sudáfrica,69958.12
2024,2,ZA,Sudáfrica,95425.2
2024,2,SE,Suecia,1459.5
2024,2,CH,Suiza,28.35
2024,2,TH,Tailandia,4864.5
2024,2,TW,Taiwán (Región),10237.5
2024,2,TW,Taiwán (Región),3600.0
2024,2,UA,Ucrania,3543.12
2024,2,UA,Ucrania,5029.5
2024,2,VE,Venezuela,3397.5
2024,3,DE,Alemania,548383.37
2024,3,DE,Alemania,15391.75
2024,3,AU,Australia,58964.1
2024,3,AU,Australia,164671.03
2024,3,AT,Austria,2513.7
2024,3,AT,Austria,3628.17
2024,3,BB,Barbados,8755.2
2024,3,BR,Brasil,81669.6
2024,3,BR,Brasil,29499.48
2024,3,BG,Bulgaria,6822.9
2024,3,BG,Bulgaria,437.22
2024,3,BE,Bélgica,6963.11
2024,3,CA,Canadá,206794.22
2024,3,CA,Canadá,260402.4
2024,3,CZ,Chequia,3762.0
2024,3,CL,Chile,116439.15
2024,3,CL,Chile,24607.69
2024,3,CN,China,136034.4
2024,3,CN,China,7757.05
2024,3,CY,Chipre,17045.28
2024,3,CY,Chipre,766.08
2024,3,CO,Colombia,48223.46
2024,3,CO,Colombia,5614.68
2024,3,KR,Corea del Sur,1641.6
2024,3,KR,Corea del Sur,8337.16
2024,3,CR,Costa Rica,1271.25
2024,3,CR,Costa Rica,9724.65
2024,3,EC,Ecuador,8250.13
2024,3,EC,Ecuador,1923.15
2024,3,SV,El Salvador,5.51
2024,3,SV,El Salvador,1302.26
2024,3,AE,Emiratos Árabes Unidos,40352.1
2024,3,AE,Emiratos Árabes Unidos,42521.4
2024,3,ES,España,488099.65
2024,3,ES,España,62719.49
2024,3,US,Estados Unidos,7992051.72
2024,3,US,Estados Unidos,17822932.84
2024,3,EE,Estonia,9085.8
2024,3,PH,Filipinas,6.0
2024,3,FR,Francia,246171.32
2024,3,FR,Francia,16919.94
2024,3,GE,Georgia,7182.0
2024,3,GR,Grecia,61273.86
2024,3,GR,Grecia,22707.82
2024,3,GT,Guatemala,9965.25
2024,3,GT,Guatemala,2489.62
2024,3,HK,Hong Kong,9650.7
2024,3,HK,Hong Kong,1467.96
2024,3,IN,India,4500.0
2024,3,IQ,Irak,11550.0
2024,3,IE,Irlanda,13650.5
2024,3,VI,Islas Vírgenes,5400.0
2024,3,IL,Israel,9072.0
2024,3,IT,Italia,55062.0
2024,3,IT,Italia,273259.99
2024,3,JP,Japón,132111.0
2024,3,JP,Japón,87959.4
2024,3,LV,Letonia,10926.65
2024,3,LV,Letonia,22535.74
2024,3,LB,Líbano,12321.12
2024,3,LB,Líbano,7234.29
2024,3,MD,Moldavia,2673.3
2024,3,NZ,Nueva Zelandia,14955.66
2024,3,PA,Panamá,132972.08
2024,3,PA,Panamá,29363.63
2024,3,NL,Países Bajos,110440.63
2024,3,NL,Países Bajos,30454.0
2024,3,PE,Perú,7318.2
2024,3,PE,Perú,8999.4
2024,3,PL,Polonia,75411.0
2024,3,PT,Portugal,2513.7
2024,3,PT,Portugal,4709.56
2024,3,PR,Puerto Rico,8496.0
2024,3,PR,Puerto Rico,31218.75
2024,3,GB,Reino Unido,65186.87
2024,3,GB,Reino Unido,172847.52
2024,3,DO,República Dominicana,8208.0
2024,3,DO,República Dominicana,17984.76
2024,3,RU,Rusia,36662.84
2024,3,RU,Rusia,10510.5
2024,3,RS,Serbia,21083.16
2024,3,RS,Serbia,750.12
2024,3,SG,Singapur,7956.3
2024,3,SG,Singapur,20141.85
2024,3,ZA,Sudáfrica,1451.25
2024,3,ZA,Sudáfrica,19016.7
2024,3,SE,Suecia,3591.0
2024,3,SE,Suecia,10113.48
2024,3,TH,Tailandia,1102.5
2024,3,TH,Tailandia,14239.5
2024,3,TW,Taiwán (Región),7560.0
2024,3,TW,Taiwán (Región),11082.3
2024,3,TC,Turcas y Caicos,351.0
2024,3,TR,Turquía,1646.4
2024,3,UA,Ucrania,10330.68
2024,3,UA,Ucrania,12083.16
2024,4,DE,Alemania,412529.35
2024,4,DE,Alemania,13822.23
2024,4,AR,Argentina,21340.8
2024,4,AR,Argentina,3780.0
2024,4,AU,Australia,80251.57
2024,4,AT,Austria,14652.0
2024,4,AZ,Azerbaiyán,63.0
2024,4,AZ,Azerbaiyán,2470.5
2024,4,BM,Bermuda,31.5
2024,4,BR,Brasil,79752.32
2024,4,BR,Brasil,12427.68
2024,4,BE,Bélgica,98518.09
2024,4,BE,Bélgica,25289.47
2024,4,CA,Canadá,219523.17
2024,4,CA,Canadá,422456.89
2024,4,CZ,Chequia,10968.24
2024,4,CL,Chile,38349.6
2024,4,CL,Chile,4898.7
2024,4,CN,China,198430.5
2024,4,CN,China,12289.5
2024,4,CY,Chipre,37632.0
2024,4,CO,Colombia,149703.75
2024,4,CO,Colombia,5488.56
2024,4,KR,Corea del Sur,15800.4
2024,4,KR,Corea del Sur,6066.0
2024,4,CR,Costa Rica,42682.5
2024,4,CR,Costa Rica,8494.27
2024,4,DJ,Djibouti,2400.0
2024,4,EC,Ecuador,38783.62
2024,4,EC,Ecuador,1258.87
2024,4,SV,El Salvador,44432.25
2024,4,SV,El Salvador,9969.75
2024,4,AE,Emiratos Árabes Unidos,61992.0
2024,4,AE,Emiratos Árabes Unidos,10645.65
2024,4,ES,España,663430.98
2024,4,ES,España,13156.82
2024,4,US,Estados Unidos,8935632.51
2024,4,US,Estados Unidos,22890575.25
2024,4,EE,Estonia,4617.0
2024,4,PH,Filipinas,7560.0
2024,4,FR,Francia,181031.73
2024,4,FR,Francia,48492.54
2024,4,GH,Ghana,19737.06
2024,4,GR,Grecia,68181.12
2024,4,GR,Grecia,1319.53
2024,4,GU,Guam,4504.5
2024,4,GU,Guam,3348.0
2024,4,GT,Guatemala,23644.65
2024,4,GT,Guatemala,15747.09
2024,4,HN,Honduras,8268.75
2024,4,HK,Hong Kong,19243.12
2024,4,HK,Hong Kong,6006.25
2024,4,IN,India,153493.8
2024,4,IN,India,35672.19
2024,4,ID,Indonesia,27188.63
2024,4,IE,Irlanda,4309.2
2024,4,IE,Irlanda,120.0
2024,4,VI,Islas Vírgenes,4032.0
2024,4,VI,Islas Vírgenes,2632.5
2024,4,IL,Israel,9.0
2024,4,IT,Italia,119607.93
2024,4,IT,Italia,229252.56
2024,4,JP,Japón,430540.65
2024,4,JP,Japón,44656.35
2024,4,KZ,Kazajstán,15.75
2024,4,KZ,Kazajstán,585.0
2024,4,KE,Kenia,7780.5
2024,4,LV,Letonia,42994.1
2024,4,LV,Letonia,673.5
2024,4,LT,Lituania,2.85
2024,4,LT,Lituania,4100.1
2024,4,LB,Líbano,4979.52
2024,4,LB,Líbano,1961.92
2024,4,NI,Nicaragua,14490.0
2024,4,NG,Nigeria,20107.5
2024,4,PA,Panamá,53615.18
2024,4,PA,Panamá,46222.12
2024,4,NL,Países Bajos,115914.14
2024,4,NL,Países Bajos,22446.12
2024,4,PE,Perú,25870.8
2024,4,PE,Perú,10804.5
2024,4,PL,Polonia,10773.0
2024,4,PR,Puerto Rico,8064.0
2024,4,PR,Puerto Rico,37835.25
2024,4,GB,Reino Unido,67098.02
2024,4,GB,Reino Unido,314600.34
2024,4,DO,República Dominicana,62225.06
2024,4,DO,República Dominicana,41884.24
2024,4,RU,Rusia,82735.07
2024,4,RU,Rusia,4320.0
2024,4,RS,Serbia,21434.28
2024,4,SG,Singapur,7860.0
2024,4,SG,Singapur,12736.5
2024,4,ZA,Sudáfrica,40963.95
2024,4,ZA,Sudáfrica,32459.62
2024,4,SE,Suecia,7062.3
2024,4,SE,Suecia,3511.2
2024,4,CH,Suiza,31309.84
2024,4,CH,Suiza,10521.0
2024,4,SR,Suriname,10191.6
2024,4,TH,Tailandia,3210.75
2024,4,TH,Tailandia,1441.88
2024,4,TW,Taiwán (Región),10710.0
2024,4,TW,Taiwán (Región),981.56
2024,4,TT,Trinidad y Tobago,7387.2
2024,4,TT,Trinidad y Tobago,733.5
2024,4,TR,Turquía,17029.32
2024,4,UA,Ucrania,36436.68
2024,4,UA,Ucrania,7160.28
2024,5,DE,Alemania,357404.5
2024,5,DE,Alemania,18940.03
2024,5,AN,Antillas Holandesas,6429.6
2024,5,AN,Antillas Holandesas,1951.91
2024,5,AM,Armenia,259.35
2024,5,AU,Australia,18461.62
2024,5,AU,Australia,171632.97
2024,5,AT,Austria,5763.9
2024,5,BB,Barbados,522.0
2024,5,BM,Bermuda,7182.0
2024,5,BM,Bermuda,810.0
2024,5,BR,Brasil,58687.2
2024,5,BR,Brasil,11519.1
2024,5,BG,Bulgaria,6854.92
2024,5,BG,Bulgaria,744.66
2024,5,BE,Bélgica,66118.1
2024,5,CA,Canadá,252425.31
2024,5,CA,Canadá,332180.1
2024,5,CZ,Chequia,5250.0
2024,5,CL,Chile,13905.15
2024,5,CL,Chile,20952.0
2024,5,CN,China,141132.0
2024,5,CN,China,8925.0
2024,5,CO,Colombia,99574.14
2024,5,CO,Colombia,19350.9
2024,5,KR,Corea del Sur,24.75
2024,5,CR,Costa Rica,20756.1
2024,5,CR,Costa Rica,5327.93
2024,5,CU,Cuba,13377.0
2024,5,CU,Cuba,1755.6
2024,5,DK,Dinamarca,648.0
2024,5,DJ,Djibouti,1845.0
2024,5,EC,Ecuador,87692.02
2024,5,EC,Ecuador,912.3
2024,5,SV,El Salvador,47438.47
2024,5,SV,El Salvador,5552.32
2024,5,AE,Emiratos Árabes Unidos,25920.0
2024,5,AE,Emiratos Árabes Unidos,54893.64
2024,5,ES,España,547339.97
2024,5,ES,España,32158.99
2024,5,US,Estados Unidos,7523732.97
2024,5,US,Estados Unidos,23317224.69
2024,5,PH,Filipinas,109231.2
2024,5,PH,Filipinas,4562.82
2024,5,FR,Francia,339304.43
2024,5,FR,Francia,48483.18
2024,5,GE,Georgia,7182.0
2024,5,GR,Grecia,71319.97
2024,5,GR,Grecia,14893.8
2024,5,GT,Guatemala,13891.05
2024,5,GT,Guatemala,25690.5
2024,5,HK,Hong Kong,2652.0
2024,5,HK,Hong Kong,6112.31
2024,5,IN,India,11286.0
2024,5,ID,Indonesia,95472.0
2024,5,ID,Indonesia,22485.49
2024,5,IE,Irlanda,18370.8
2024,5,VI,Islas Vírgenes,5400.0
2024,5,IL,Israel,10476.0
2024,5,IT,Italia,107571.8
2024,5,IT,Italia,351639.0
2024,5,JP,Japón,117620.5
2024,5,JP,Japón,124143.85
2024,5,JO,Jordania,2349.0
2024,5,KE,Kenia,9450.0
2024,5,BS,Las Bahamas,9404.4
2024,5,BS,Las Bahamas,112.5
2024,5,LV,Letonia,27746.25
2024,5,LV,Letonia,10237.2
2024,5,LB,Líbano,1468.32
2024,5,LB,Líbano,5494.48
2024,5,MC,Mónaco,18.6
2024,5,NI,Nicaragua,8276.62
2024,5,NG,Nigeria,20728.12
2024,5,NG,Nigeria,3096.0
2024,5,NZ,Nueva Zelandia,876.38
2024,5,NZ,Nueva Zelandia,10541.16
2024,5,PA,Panamá,64342.17
2024,5,PA,Panamá,110115.81
2024,5,NL,Países Bajos,86912.42
2024,5,NL,Países Bajos,24476.4
2024,5,PE,Perú,68098.95
2024,5,PE,Perú,7124.17
2024,5,PL,Polonia,3990.0
2024,5,PT,Portugal,15703.27
2024,5,PR,Puerto Rico,13608.0
2024,5,PR,Puerto Rico,36148.5
2024,5,GB,Reino Unido,230247.63
2024,5,GB,Reino Unido,191595.79
2024,5,DO,República Dominicana,36378.0
2024,5,DO,República Dominicana,54623.1
2024,5,RU,Rusia,22919.7
2024,5,RU,Rusia,14758.65
2024,5,RS,Serbia,20970.28
2024,5,RS,Serbia,119.7
2024,5,SG,Singapur,84873.3
2024,5,SG,Singapur,14196.79
2024,5,ZA,Sudáfrica,129554.77
2024,5,ZA,Sudáfrica,44727.07
2024,5,SE,Suecia,9499.35
2024,5,SE,Suecia,5745.6
2024,5,CH,Suiza,337.17
2024,5,TH,Tailandia,4410.0
2024,5,TH,Tailandia,720.0
2024,5,TW,Taiwán (Región),6255.0
2024,5,TT,Trinidad y Tobago,9849.6
2024,5,TT,Trinidad y Tobago,247.5
2024,5,TR,Turquía,27778.38
2024,5,TR,Turquía,2322.6
2024,5,UA,Ucrania,6728.4
2024,6,AL,Albania,4620.0
2024,6,AL,Albania,396.0
2024,6,DE,Alemania,464395.4
2024,6,DE,Alemania,44635.35
2024,6,AR,Argentina,21340.8
2024,6,AU,Australia,36225.0
2024,6,AU,Australia,112944.19
2024,6,AT,Austria,8467.2
2024,6,AZ,Azerbaiyán,6300.0
2024,6,BZ,Belice,45.0
2024,6,BR,Brasil,20930.4
2024,6,BR,Brasil,6190.2
2024,6,BE,Bélgica,108317.42
2024,6,BE,Bélgica,13086.6
2024,6,CA,Canadá,166120.08
2024,6,CA,Canadá,387225.46
2024,6,CL,Chile,11080.8
2024,6,CL,Chile,13031.1
2024,6,CN,China,60027.0
2024,6,CN,China,11025.0
2024,6,CO,Colombia,161604.9
2024,6,CO,Colombia,93761.4
2024,6,KR,Corea del Sur,1080.0
2024,6,KR,Corea del Sur,9732.75
2024,6,CR,Costa Rica,641.25
2024,6,CR,Costa Rica,3214.5
2024,6,CU,Cuba,4061.82
2024,6,CU,Cuba,1332.0
2024,6,DK,Dinamarca,30118.87
2024,6,EC,Ecuador,40410.2
2024,6,EC,Ecuador,1303.38
2024,6,SV,El Salvador,18271.73
2024,6,SV,El Salvador,5850.37
2024,6,AE,Emiratos Árabes Unidos,92286.15
2024,6,AE,Emiratos Árabes Unidos,64412.34
2024,6,ES,España,803132.44
2024,6,ES,España,60878.88
2024,6,US,Estados Unidos,7385131.01
2024,6,US,Estados Unidos,18500092.72
2024,6,EE,Estonia,6842.32
2024,6,EE,Estonia,8165.19
2024,6,ET,Etiopía,3990.0
2024,6,PH,Filipinas,208822.92
2024,6,PH,Filipinas,19993.5
2024,6,FR,Francia,273794.03
2024,6,FR,Francia,44694.33
2024,6,GE,Georgia,7182.0
2024,6,GR,Grecia,65116.8
2024,6,GT,Guatemala,38099.4
2024,6,GT,Guatemala,10589.55
2024,6,HN,Honduras,5400.0
2024,6,HN,Honduras,5249.4
2024,6,HK,Hong Kong,4586.4
2024,6,HK,Hong Kong,1294.38
2024,6,HU,Hungría,6038.02
2024,6,IN,India,87600.0
2024,6,IN,India,36695.4
2024,6,ID,Indonesia,33696.0
2024,6,ID,Indonesia,12122.52
2024,6,IE,Irlanda,17991.2
2024,6,VI,Islas Vírgenes,3528.0
2024,6,VI,Islas Vírgenes,6615.0
2024,6,IL,Israel,42670.2
2024,6,IL,Israel,10206.0
2024,6,IT,Italia,49452.37
2024,6,IT,Italia,149940.3
2024,6,JM,Jamaica,1320.27
2024,6,JM,Jamaica,251.89
2024,6,JP,Japón,161239.88
2024,6,JP,Japón,85688.14
2024,6,BS,Las Bahamas,23811.6
2024,6,BS,Las Bahamas,112.5
2024,6,LV,Letonia,13741.5
2024,6,LV,Letonia,13060.8
2024,6,LB,Líbano,41668.74
2024,6,LB,Líbano,9008.55
2024,6,MY,Malasia,8683.2
2024,6,MA,Marruecos,2910.6
2024,6,NG,Nigeria,54026.28
2024,6,NG,Nigeria,3131.37
2024,6,NZ,Nueva Zelandia,1369.45
2024,6,NZ,Nueva Zelandia,14320.92
2024,6,PA,Panamá,15172.8
2024,6,PA,Panamá,15774.0
2024,6,NL,Países Bajos,54531.96
2024,6,NL,Países Bajos,49478.46
2024,6,PE,Perú,41040.0
2024,6,PE,Perú,20313.0
2024,6,PL,Polonia,26474.7
2024,6,PL,Polonia,3192.0
2024,6,PR,Puerto Rico,98352.0
2024,6,PR,Puerto Rico,35968.5
2024,6,GB,Reino Unido,146584.5
2024,6,GB,Reino Unido,221220.94
2024,6,DO,República Dominicana,27562.5
2024,6,DO,República Dominicana,24990.0
2024,6,RU,Rusia,33414.0
2024,6,RU,Rusia,9574.65
2024,6,RS,Serbia,10725.12
2024,6,SG,Singapur,218076.36
2024,6,SG,Singapur,34829.88
2024,6,ZA,Sudáfrica,45877.5
2024,6,SE,Suecia,6942.6
2024,6,SE,Suecia,7019.04
2024,6,CH,Suiza,374.73
2024,6,TH,Tailandia,3780.0
2024,6,TW,Taiwán (Región),629.54
2024,6,TR,Turquía,22216.32
2024,6,TR,Turquía,19244.88
2024,6,UA,Ucrania,8331.12
2024,6,UA,Ucrania,2239.86
2024,6,UY,Uruguay,6615.0
2024,6,UY,Uruguay,157.5
2024,6,VE,Venezuela,6250.5
2024,7,DE,Alemania,918795.58
2024,7,DE,Alemania,58954.22
2024,7,AR,Argentina,10335.6
2024,7,AU,Australia,21937.09
2024,7,AU,Australia,231515.46
2024,7,BZ,Belice,742.5
2024,7,BO,Bolivia,9295.2
2024,7,BR,Brasil,30780.0
2024,7,BR,Brasil,2369.7
2024,7,BG,Bulgaria,33715.57
2024,7,BE,Bélgica,10552.5
2024,7,BE,Bélgica,5333.04
2024,7,CA,Canadá,132510.12
2024,7,CA,Canadá,314833.49
2024,7,CZ,Chequia,5956.8
2024,7,CL,Chile,43891.8
2024,7,CL,Chile,24927.0
2024,7,CN,China,334736.7
2024,7,CN,China,14533.0
2024,7,CY,Chipre,13440.0
2024,7,CY,Chipre,399.0
2024,7,CO,Colombia,257085.11
2024,7,CO,Colombia,118998.04
2024,7,KR,Corea del Sur,15458.55
2024,7,KR,Corea del Sur,2304.0
2024,7,CR,Costa Rica,15787.5
2024,7,CR,Costa Rica,12942.3
2024,7,DK,Dinamarca,20.0
2024,7,SV,El Salvador,16806.67
2024,7,SV,El Salvador,4708.8
2024,7,AE,Emiratos Árabes Unidos,49091.4
2024,7,AE,Emiratos Árabes Unidos,65804.67
2024,7,ES,España,479755.03
2024,7,ES,España,68583.06
2024,7,US,Estados Unidos,8353476.48
2024,7,US,Estados Unidos,22636928.57
2024,7,PH,Filipinas,1104.0
2024,7,FR,Francia,325330.63
2024,7,FR,Francia,15980.77
2024,7,GH,Ghana,31148.13
2024,7,GR,Grecia,6600.0
2024,7,GR,Grecia,7696.55
2024,7,GT,Guatemala,13130.48
2024,7,GT,Guatemala,18168.67
2024,7,HN,Honduras,10006.8
2024,7,HN,Honduras,4113.67
2024,7,HK,Hong Kong,4320.0
2024,7,HK,Hong Kong,652.3
2024,7,IN,India,58302.0
2024,7,IN,India,60511.8
2024,7,ID,Indonesia,33696.0
2024,7,ID,Indonesia,26218.71
2024,7,KY,Islas Caimán,6704.55
2024,7,KY,Islas Caimán,1764.0
2024,7,VI,Islas Vírgenes,5400.0
2024,7,VG,Islas Vírgenes Británicas,6019.2
2024,7,VG,Islas Vírgenes Británicas,405.0
2024,7,IL,Israel,42601.8
2024,7,IL,Israel,20476.5
2024,7,IT,Italia,7607.25
2024,7,IT,Italia,249325.98
2024,7,JM,Jamaica,11901.6
2024,7,JP,Japón,118833.09
2024,7,JP,Japón,135186.6
2024,7,KG,Kirguistán,4050.0
2024,7,KG,Kirguistán,758.53
2024,7,BS,Las Bahamas,7258.8
2024,7,BS,Las Bahamas,1080.0
2024,7,LV,Letonia,71946.0
2024,7,LV,Letonia,6435.0
2024,7,LT,Lituania,9496.2
2024,7,MY,Malasia,5040.0
2024,7,MY,Malasia,3788.4
2024,7,NI,Nicaragua,9386.85
2024,7,NI,Nicaragua,1077.0
2024,7,NG,Nigeria,52247.4
2024,7,NG,Nigeria,211.47
2024,7,NZ,Nueva Zelandia,43538.88
2024,7,NZ,Nueva Zelandia,10496.91
2024,7,PA,Panamá,42787.62
2024,7,PA,Panamá,93500.67
2024,7,PY,Paraguay,14674.73
2024,7,PY,Paraguay,802.35
2024,7,NL,Países Bajos,96908.87
2024,7,NL,Países Bajos,54892.52
2024,7,PE,Perú,83937.0
2024,7,PE,Perú,4768.2
2024,7,PL,Polonia,36419.04
2024,7,PL,Polonia,7980.0
2024,7,PT,Portugal,17196.34
2024,7,PT,Portugal,1820.58
2024,7,PR,Puerto Rico,41319.0
2024,7,PR,Puerto Rico,73804.5
2024,7,GB,Reino Unido,253702.77
2024,7,GB,Reino Unido,154231.81
2024,7,DO,República Dominicana,6976.8
2024,7,DO,República Dominicana,20922.84
2024,7,RU,Rusia,20491.5
2024,7,RU,Rusia,9643.86
2024,7,RS,Serbia,9192.96
2024,7,RS,Serbia,1141.14
2024,7,SG,Singapur,129298.5
2024,7,SG,Singapur,33920.35
2024,7,ZA,Sudáfrica,47375.1
2024,7,SE,Suecia,7520.94
2024,7,CH,Suiza,18816.0
2024,7,CH,Suiza,239.4
2024,7,TH,Tailandia,62414.94
2024,7,TH,Tailandia,4099.5
2024,7,TW,Taiwán (Región),26365.5
2024,7,TW,Taiwán (Región),7734.94
2024,8,DE,Alemania,478495.47
2024,8,DE,Alemania,18440.1
2024,8,AN,Antillas Holandesas,7003.8
2024,8,AN,Antillas Holandesas,1390.5
2024,8,AR,Argentina,9849.6
2024,8,AR,Argentina,665.53
2024,8,AU,Australia,56405.06
2024,8,AU,Australia,140626.06
2024,8,AT,Austria,1323.0
2024,8,AT,Austria,5107.2
2024,8,BY,Bielorrusia,33405.91
2024,8,BR,Brasil,15195.6
2024,8,BR,Brasil,10503.68
2024,8,BE,Bélgica,97300.27
2024,8,BE,Bélgica,1440.0
2024,8,CA,Canadá,79703.85
2024,8,CA,Canadá,379483.09
2024,8,CZ,Chequia,6722.4
2024,8,CL,Chile,76136.4
2024,8,CL,Chile,360.0
2024,8,CN,China,217997.7
2024,8,CN,China,20528.0
2024,8,CO,Colombia,82292.28
2024,8,CO,Colombia,80198.96
2024,8,KR,Corea del Sur,3270.0
2024,8,CR,Costa Rica,6158.25
2024,8,CR,Costa Rica,1527.75
2024,8,EC,Ecuador,59495.82
2024,8,SV,El Salvador,1745.62
2024,8,SV,El Salvador,4320.0
2024,8,AE,Emiratos Árabes Unidos,45496.5
2024,8,AE,Emiratos Árabes Unidos,20377.95
2024,8,SK,Eslovaquia,7056.0
2024,8,ES,España,317205.85
2024,8,ES,España,37055.5
2024,8,US,Estados Unidos,7530989.18
2024,8,US,Estados Unidos,21327144.04
2024,8,EE,Estonia,3528.0
2024,8,EE,Estonia,18055.32
2024,8,PH,Filipinas,44049.6
2024,8,PH,Filipinas,3801.55
2024,8,FR,Francia,330274.9
2024,8,FR,Francia,18587.1
2024,8,GR,Grecia,10533.6
2024,8,GR,Grecia,16402.89
2024,8,GT,Guatemala,25006.5
2024,8,GT,Guatemala,15468.86
2024,8,HN,Honduras,25628.47
2024,8,HN,Honduras,20483.53
2024,8,HK,Hong Kong,382.2
2024,8,HK,Hong Kong,3869.33
2024,8,IN,India,105066.0
2024,8,IN,India,63110.1
2024,8,ID,Indonesia,11808.0
2024,8,IQ,Irak,11550.0
2024,8,IL,Israel,10356.15
2024,8,IL,Israel,19964.77
2024,8,IT,Italia,75962.25
2024,8,IT,Italia,132677.64
2024,8,JP,Japón,107733.15
2024,8,JP,Japón,22517.14
2024,8,JO,Jordania,4696.8
2024,8,JO,Jordania,36.0
2024,8,KE,Kenia,17416.35
2024,8,BS,Las Bahamas,7520.4
2024,8,BS,Las Bahamas,472.5
2024,8,LV,Letonia,70764.75
2024,8,LV,Letonia,2517.38
2024,8,LB,Líbano,766.08
2024,8,LB,Líbano,4667.32
2024,8,MK,Macedonia del Norte,1284.78
2024,8,MY,Malasia,570.0
2024,8,ME,Montenegro,124.5
2024,8,NG,Nigeria,58773.75
2024,8,NZ,Nueva Zelandia,1710.0
2024,8,NZ,Nueva Zelandia,9816.24
2024,8,PA,Panamá,65634.98
2024,8,PA,Panamá,33958.71
2024,8,NL,Países Bajos,87785.7
2024,8,NL,Países Bajos,10109.75
2024,8,PE,Perú,26791.8
2024,8,PE,Perú,6446.1
2024,8,PL,Polonia,42997.5
2024,8,PL,Polonia,5485.2
2024,8,PT,Portugal,420.0
2024,8,PR,Puerto Rico,31302.0
2024,8,PR,Puerto Rico,19818.0
2024,8,GB,Reino Unido,62457.14
2024,8,GB,Reino Unido,396760.57
2024,8,DO,República Dominicana,46096.5
2024,8,DO,República Dominicana,84481.23
2024,8,RU,Rusia,10094.7
2024,8,RU,Rusia,18241.86
2024,8,RS,Serbia,2257.2
2024,8,RS,Serbia,6336.67
2024,8,SG,Singapur,54772.8
2024,8,SG,Singapur,42444.72
2024,8,ZA,Sudáfrica,34830.0
2024,8,ZA,Sudáfrica,44077.5
2024,8,SE,Suecia,10323.9
2024,8,SE,Suecia,9175.81
2024,8,CH,Suiza,31317.49
2024,8,TH,Tailandia,10214.4
2024,8,TH,Tailandia,1908.0
2024,8,TW,Taiwán (Región),4.5
2024,8,TC,Turcas y Caicos,702.0
2024,8,TR,Turquía,18257.4
2024,8,TR,Turquía,27967.96
2024,8,UA,Ucrania,7756.56
2024,8,UA,Ucrania,10412.22
2024,9,DE,Alemania,767955.95
2024,9,DE,Alemania,19170.43
2024,9,AR,Argentina,8618.4
2024,9,AR,Argentina,2270.7
2024,9,AW,Aruba,8618.4
2024,9,AW,Aruba,810.0
2024,9,AU,Australia,58124.88
2024,9,AU,Australia,140070.31
2024,9,AT,Austria,661.5
2024,9,AT,Austria,8529.5
2024,9,AZ,Azerbaiyán,2.85
2024,9,BR,Brasil,20120.4
2024,9,BE,Bélgica,118178.8
2024,9,BE,Bélgica,12784.8
2024,9,CA,Canadá,181594.18
2024,9,CA,Canadá,363353.02
2024,9,CZ,Chequia,1.23
2024,9,CL,Chile,26926.8
2024,9,CL,Chile,6930.0
2024,9,CN,China,91897.34
2024,9,CN,China,10515.0
2024,9,CY,Chipre,15624.0
2024,9,CY,Chipre,13660.08
2024,9,CO,Colombia,110555.45
2024,9,CO,Colombia,126760.68
2024,9,KR,Corea del Sur,110883.6
2024,9,KR,Corea del Sur,6039.0
2024,9,CR,Costa Rica,42865.43
2024,9,CR,Costa Rica,7647.45
2024,9,CU,Cuba,7644.0
2024,9,CU,Cuba,1404.48
2024,9,EC,Ecuador,795.15
2024,9,SV,El Salvador,4861.5
2024,9,SV,El Salvador,1040.62
2024,9,AE,Emiratos Árabes Unidos,62817.0
2024,9,AE,Emiratos Árabes Unidos,12827.62
2024,9,SK,Eslovaquia,3112.2
2024,9,ES,España,331914.85
2024,9,ES,España,44801.58
2024,9,US,Estados Unidos,5303551.71
2024,9,US,Estados Unidos,20150558.01
2024,9,PH,Filipinas,22802.28
2024,9,PH,Filipinas,4365.0
2024,9,FI,Finlandia,252.0
2024,9,FR,Francia,164208.46
2024,9,FR,Francia,10639.85
2024,9,GH,Ghana,46746.0
2024,9,GT,Guatemala,14295.15
2024,9,GT,Guatemala,27854.29
2024,9,HN,Honduras,15880.58
2024,9,HN,Honduras,5989.93
2024,9,HK,Hong Kong,3675.0
2024,9,HK,Hong Kong,739.2
2024,9,IN,India,54000.0
2024,9,IN,India,69796.62
2024,9,ID,Indonesia,56160.0
2024,9,ID,Indonesia,3280.5
2024,9,IQ,Irak,12312.0
2024,9,IQ,Irak,5.6
2024,9,IE,Irlanda,16537.5
2024,9,VI,Islas Vírgenes,5544.0
2024,9,VI,Islas Vírgenes,7020.0
2024,9,IL,Israel,7938.0
2024,9,IL,Israel,41570.04
2024,9,IT,Italia,101961.31
2024,9,IT,Italia,134436.36
2024,9,JP,Japón,13167.0
2024,9,JP,Japón,87486.1
2024,9,KE,Kenia,15133.5
2024,9,LV,Letonia,79573.54
2024,9,LV,Letonia,48950.62
2024,9,LB,Líbano,7660.8
2024,9,NI,Nicaragua,68.25
2024,9,NG,Nigeria,75102.38
2024,9,NG,Nigeria,4500.0
2024,9,NZ,Nueva Zelandia,66654.28
2024,9,NZ,Nueva Zelandia,5264.91
2024,9,PA,Panamá,114754.65
2024,9,PA,Panamá,30555.04
2024,9,NL,Países Bajos,130072.05
2024,9,NL,Países Bajos,128370.5
2024,9,PE,Perú,16757.4
2024,9,PE,Perú,5961.3
2024,9,PT,Portugal,840.0
2024,9,PT,Portugal,5880.0
2024,9,PR,Puerto Rico,18144.0
2024,9,PR,Puerto Rico,14898.0
2024,9,GB,Reino Unido,72558.75
2024,9,GB,Reino Unido,152184.05
2024,9,DO,República Dominicana,40357.8
2024,9,DO,República Dominicana,35642.02
2024,9,SX,San Martín,16.8
2024,9,SG,Singapur,26098.8
2024,9,SG,Singapur,54529.33
2024,9,ZA,Sudáfrica,63544.05
2024,9,SE,Suecia,18715.05
2024,9,SE,Suecia,13281.0
2024,9,CH,Suiza,9555.0
2024,9,CH,Suiza,164.16
2024,9,SR,Suriname,11354.4
2024,9,TH,Tailandia,11157.72
2024,9,TH,Tailandia,4266.0
2024,9,TW,Taiwán (Región),9375.0
2024,9,TR,Turquía,21306.6
2024,9,UA,Ucrania,12505.8
2024,9,UA,Ucrania,13494.94
2024,9,UY,Uruguay,6599.7
2024,9,VE,Venezuela,3415.5
2024,10,DE,Alemania,775013.44
2024,10,DE,Alemania,22864.86
2024,10,AN,Antillas Holandesas,3351.6
2024,10,AN,Antillas Holandesas,4022.32
2024,10,AW,Aruba,9576.0
2024,10,AW,Aruba,1284.59
2024,10,AU,Australia,56106.13
2024,10,AU,Australia,195721.93
2024,10,BH,Bahrein,4292.44
2024,10,BO,Bolivia,4800.0
2024,10,BO,Bolivia,184.88
2024,10,BR,Brasil,50490.0
2024,10,BR,Brasil,35658.52
2024,10,BE,Bélgica,70259.04
2024,10,BE,Bélgica,5407.22
2024,10,CA,Canadá,171263.38
2024,10,CA,Canadá,345636.74
2024,10,CL,Chile,66849.6
2024,10,CL,Chile,11272.5
2024,10,CN,China,135697.5
2024,10,CN,China,32160.23
2024,10,CO,Colombia,86812.22
2024,10,CO,Colombia,94834.07
2024,10,KR,Corea del Sur,18285.48
2024,10,CR,Costa Rica,6682.2
2024,10,CR,Costa Rica,3927.75
2024,10,EC,Ecuador,20262.55
2024,10,SV,El Salvador,44510.32
2024,10,SV,El Salvador,3677.1
2024,10,AE,Emiratos Árabes Unidos,139744.5
2024,10,AE,Emiratos Árabes Unidos,1709.1
2024,10,SK,Eslovaquia,12852.0
2024,10,SI,Eslovenia,1984.5
2024,10,ES,España,828917.3
2024,10,ES,España,46716.36
2024,10,US,Estados Unidos,7693040.58
2024,10,US,Estados Unidos,24584594.7
2024,10,EE,Estonia,15424.2
2024,10,PH,Filipinas,99875.76
2024,10,PH,Filipinas,1275.0
2024,10,FR,Francia,302226.15
2024,10,FR,Francia,27957.18
2024,10,GH,Ghana,37926.0
2024,10,GR,Grecia,10418.4
2024,10,GT,Guatemala,28198.35
2024,10,GT,Guatemala,24028.12
2024,10,HN,Honduras,35053.2
2024,10,HN,Honduras,3017.7
2024,10,HK,Hong Kong,2675.4
2024,10,HK,Hong Kong,630.0
2024,10,HU,Hungría,2469.6
2024,10,HU,Hungría,1915.2
2024,10,IN,India,59100.0
2024,10,IN,India,58767.6
2024,10,ID,Indonesia,33696.0
2024,10,ID,Indonesia,42480.0
2024,10,VI,Islas Vírgenes,3528.0
2024,10,VI,Islas Vírgenes,8514.0
2024,10,IL,Israel,16228.8
2024,10,IL,Israel,4495.23
2024,10,IT,Italia,71786.82
2024,10,IT,Italia,293510.26
2024,10,JP,Japón,177193.58
2024,10,JP,Japón,23082.01
2024,10,QA,Katar,9450.0
2024,10,KE,Kenia,7056.0
2024,10,KE,Kenia,25700.85
2024,10,BS,Las Bahamas,40611.0
2024,10,BS,Las Bahamas,1987.5
2024,10,LV,Letonia,76433.55
2024,10,LV,Letonia,3746.07
2024,10,LT,Lituania,5027.4
2024,10,LT,Lituania,10706.64
2024,10,LB,Líbano,6615.0
2024,10,LB,Líbano,3310.24
2024,10,NI,Nicaragua,7229.7
2024,10,NG,Nigeria,43012.72
2024,10,NG,Nigeria,8059.35
2024,10,NZ,Nueva Zelandia,3294.0
2024,10,PA,Panamá,243870.3
2024,10,PA,Panamá,98283.82
2024,10,NL,Países Bajos,121640.7
2024,10,NL,Países Bajos,26286.45
2024,10,PE,Perú,68874.0
2024,10,PE,Perú,31438.2
2024,10,PL,Polonia,6615.0
2024,10,PL,Polonia,12768.0
2024,10,PR,Puerto Rico,18099.0
2024,10,PR,Puerto Rico,27417.0
2024,10,GB,Reino Unido,91508.4
2024,10,GB,Reino Unido,292485.21
2024,10,DO,República Dominicana,10773.0
2024,10,DO,República Dominicana,152802.3
2024,10,RO,Rumania,30252.6
2024,10,RU,Rusia,13902.0
2024,10,RU,Rusia,7951.5
2024,10,SX,San Martín,4347.0
2024,10,RS,Serbia,10709.16
2024,10,SG,Singapur,6132.0
2024,10,SG,Singapur,6653.05
2024,10,LK,Sri Lanka,2250.0
2024,10,ZA,Sudáfrica,13149.0
2024,10,ZA,Sudáfrica,133816.33
2024,10,SE,Suecia,28822.5
2024,10,SE,Suecia,14825.26
2024,10,TH,Tailandia,32703.3
2024,10,TW,Taiwán (Región),6412.5
2024,10,TW,Taiwán (Región),18687.0
2024,10,TR,Turquía,20865.6
2024,10,TR,Turquía,15158.28
2024,10,UA,Ucrania,11610.96
2024,10,UA,Ucrania,19207.86
2024,11,DE,Alemania,509249.85
2024,11,DE,Alemania,65166.08
2024,11,AN,Antillas Holandesas,2747.4
2024,11,AN,Antillas Holandesas,3676.95
2024,11,AR,Argentina,3420.0
2024,11,AR,Argentina,855.0
2024,11,AU,Australia,53857.52
2024,11,AU,Australia,140878.8
2024,11,AT,Austria,661.5
2024,11,AT,Austria,6184.5
2024,11,BO,Bolivia,6956.25
2024,11,BR,Brasil,71820.0
2024,11,BR,Brasil,3949.05
2024,11,BG,Bulgaria,7497.0
2024,11,BG,Bulgaria,556.92
2024,11,BE,Bélgica,56859.63
2024,11,BE,Bélgica,4156.8
2024,11,CA,Canadá,178595.27
2024,11,CA,Canadá,222907.71
2024,11,CZ,Chequia,16357.41
2024,11,CL,Chile,72173.4
2024,11,CL,Chile,1772.1
2024,11,CN,China,118818.6
2024,11,CN,China,29581.77
2024,11,CO,Colombia,122567.87
2024,11,CO,Colombia,30487.95
2024,11,KR,Corea del Sur,51994.8
2024,11,KR,Corea del Sur,2582.18
2024,11,CR,Costa Rica,29910.0
2024,11,CR,Costa Rica,4314.75
2024,11,CU,Cuba,7644.0
2024,11,DK,Dinamarca,201.6
2024,11,EC,Ecuador,35202.34
2024,11,SV,El Salvador,24156.56
2024,11,SV,El Salvador,8288.25
2024,11,AE,Emiratos Árabes Unidos,46475.25
2024,11,AE,Emiratos Árabes Unidos,28258.12
2024,11,ES,España,1027524.8
2024,11,ES,España,69252.03
2024,11,US,Estados Unidos,4780939.88
2024,11,US,Estados Unidos,21970446.43
2024,11,PH,Filipinas,76608.0
2024,11,PH,Filipinas,6600.96
2024,11,FR,Francia,227103.32
2024,11,FR,Francia,19125.9
2024,11,GR,Grecia,37840.32
2024,11,GR,Grecia,24114.3
2024,11,GU,Guam,8655.0
2024,11,GU,Guam,3865.5
2024,11,GT,Guatemala,7838.85
2024,11,GT,Guatemala,16390.8
2024,11,HN,Honduras,25032.79
2024,11,HN,Honduras,16361.1
2024,11,HK,Hong Kong,17027.78
2024,11,HK,Hong Kong,2363.49
2024,11,HU,Hungría,1276.8
2024,11,IN,India,69694.5
2024,11,IN,India,29794.5
2024,11,ID,Indonesia,3937.5
2024,11,ID,Indonesia,5152.5
2024,11,IQ,Irak,5733.0
2024,11,IQ,Irak,2137.5
2024,11,IE,Irlanda,3950.1
2024,11,KY,Islas Caimán,7934.4
2024,11,KY,Islas Caimán,1080.0
2024,11,VI,Islas Vírgenes,5400.0
2024,11,IL,Israel,10080.0
2024,11,IL,Israel,10597.86
2024,11,IT,Italia,52914.23
2024,11,IT,Italia,138298.92
2024,11,JM,Jamaica,19373.58
2024,11,JM,Jamaica,1952.79
2024,11,JP,Japón,178557.75
2024,11,JP,Japón,200447.7
2024,11,QA,Katar,9450.0
2024,11,KE,Kenia,5040.0
2024,11,BS,Las Bahamas,7934.4
2024,11,BS,Las Bahamas,33.75
2024,11,LV,Letonia,18217.5
2024,11,LV,Letonia,26932.5
2024,11,LB,Líbano,3528.0
2024,11,LB,Líbano,5894.17
2024,11,MY,Malasia,23328.0
2024,11,MY,Malasia,2195.16
2024,11,MD,Moldavia,8379.0
2024,11,MD,Moldavia,223.44
2024,11,NG,Nigeria,28455.0
2024,11,NG,Nigeria,291.0
2024,11,NZ,Nueva Zelandia,19690.86
2024,11,PA,Panamá,152724.68
2024,11,PA,Panamá,121491.25
2024,11,NL,Países Bajos,124866.38
2024,11,NL,Países Bajos,20055.02
2024,11,PE,Perú,20521.97
2024,11,PE,Perú,2900.07
2024,11,PL,Polonia,26460.0
2024,11,PL,Polonia,7917.0
2024,11,PT,Portugal,5745.6
2024,11,PR,Puerto Rico,76272.0
2024,11,PR,Puerto Rico,58432.5
2024,11,GB,Reino Unido,21432.0
2024,11,GB,Reino Unido,276058.21
2024,11,DO,República Dominicana,36928.2
2024,11,DO,República Dominicana,30121.27
2024,11,RU,Rusia,29090.9
2024,11,RU,Rusia,10109.4
2024,11,SX,San Martín,8332.65
2024,11,RS,Serbia,1290.0
2024,11,SG,Singapur,75158.02
2024,11,ZA,Sudáfrica,37800.0
2024,11,ZA,Sudáfrica,105090.26
2024,11,SE,Suecia,26636.4
2024,11,SE,Suecia,13592.26
2024,11,CH,Suiza,12831.0
2024,11,TH,Tailandia,16518.6
2024,11,TH,Tailandia,670.32
2024,11,TW,Taiwán (Región),303.75
2024,11,TT,Trinidad y Tobago,9028.8
2024,11,TT,Trinidad y Tobago,490.5
2024,11,TR,Turquía,17963.92
2024,11,TR,Turquía,15370.95
2024,11,UA,Ucrania,10898.4
2024,12,DE,Alemania,370001.57
2024,12,DE,Alemania,41631.09
2024,12,AU,Australia,28161.0
2024,12,AU,Australia,94358.19
2024,12,AT,Austria,6283.1
2024,12,BY,Bielorrusia,33150.86
2024,12,BO,Bolivia,6562.5
2024,12,BR,Brasil,69292.8
2024,12,BR,Brasil,30600.0
2024,12,BE,Bélgica,76619.98
2024,12,BE,Bélgica,6367.2
2024,12,CA,Canadá,178262.35
2024,12,CA,Canadá,144334.77
2024,12,CZ,Chequia,6665.4
2024,12,CL,Chile,39788.4
2024,12,CN,China,101160.9
2024,12,CN,China,74295.17
2024,12,CO,Colombia,101341.49
2024,12,CO,Colombia,76764.06
2024,12,KR,Corea del Sur,118195.2
2024,12,KR,Corea del Sur,16.5
2024,12,CR,Costa Rica,25426.2
2024,12,CR,Costa Rica,4689.0
2024,12,EC,Ecuador,99485.29
2024,12,EC,Ecuador,795.15
2024,12,SV,El Salvador,25834.35
2024,12,SV,El Salvador,11927.85
2024,12,AE,Emiratos Árabes Unidos,13408.5
2024,12,AE,Emiratos Árabes Unidos,29569.65
2024,12,ES,España,773943.79
2024,12,ES,España,99654.97
2024,12,US,Estados Unidos,6789662.05
2024,12,US,Estados Unidos,19201923.92
2024,12,EE,Estonia,5203.8
2024,12,EE,Estonia,2010.96
2024,12,PH,Filipinas,3439.8
2024,12,FR,Francia,292966.43
2024,12,FR,Francia,31431.0
2024,12,GH,Ghana,37926.0
2024,12,GH,Ghana,19069.05
2024,12,GR,Grecia,31349.98
2024,12,GR,Grecia,11650.8
2024,12,GT,Guatemala,2770.2
2024,12,GT,Guatemala,8501.18
2024,12,HN,Honduras,1116.0
2024,12,HK,Hong Kong,31.5
2024,12,HK,Hong Kong,2290.32
2024,12,HU,Hungría,7005.72
2024,12,IN,India,88102.5
2024,12,IN,India,46157.67
2024,12,ID,Indonesia,20872.0
2024,12,ID,Indonesia,9948.0
2024,12,IE,Irlanda,10054.8
2024,12,IL,Israel,5302.5
2024,12,IL,Israel,10599.84
2024,12,IT,Italia,166708.5
2024,12,IT,Italia,202420.06
2024,12,JM,Jamaica,12285.0
2024,12,JP,Japón,454448.7
2024,12,JP,Japón,26874.36
2024,12,KE,Kenia,33011.55
2024,12,LV,Letonia,42630.0
2024,12,LV,Letonia,8618.4
2024,12,LB,Líbano,540.0
2024,12,MA,Marruecos,4939.2
2024,12,MA,Marruecos,4539.36
2024,12,NI,Nicaragua,2188.8
2024,12,NI,Nicaragua,382.5
2024,12,NG,Nigeria,616.5
2024,12,PA,Panamá,16623.0
2024,12,PA,Panamá,78253.83
2024,12,PY,Paraguay,6566.4
2024,12,PY,Paraguay,1152.0
2024,12,NL,Países Bajos,135071.69
2024,12,NL,Países Bajos,77021.8
2024,12,PE,Perú,5741.4
2024,12,PE,Perú,7158.6
2024,12,PL,Polonia,6615.0
2024,12,PR,Puerto Rico,44280.0
2024,12,PR,Puerto Rico,7182.0
2024,12,GB,Reino Unido,104455.12
2024,12,GB,Reino Unido,122137.57
2024,12,DO,República Dominicana,37642.5
2024,12,DO,República Dominicana,25495.35
2024,12,RU,Rusia,10396.8
2024,12,RU,Rusia,9679.5
2024,12,RS,Serbia,20818.68
2024,12,RS,Serbia,6208.42
2024,12,SG,Singapur,8864.4
2024,12,SG,Singapur,28676.16
2024,12,ZA,Sudáfrica,130230.0
2024,12,ZA,Sudáfrica,65407.88
2024,12,SE,Suecia,6829.2
2024,12,CH,Suiza,163.59
2024,12,TH,Tailandia,6952.5
2024,12,TW,Taiwán (Región),9933.75
2024,12,TT,Trinidad y Tobago,9849.6
2024,12,TT,Trinidad y Tobago,1298.02
2024,12,TC,Turcas y Caicos,378.0
2024,12,TR,Turquía,5426.4
2024,12,UA,Ucrania,7182.0
2024,12,UA,Ucrania,20418.82
2024,12,VE,Venezuela,8140.5
2025,1,DE,Alemania,881636.61
2025,1,DE,Alemania,35303.89
2025,1,AU,Australia,67082.25
2025,1,AU,Australia,157269.12
2025,1,AT,Austria,5387.62
2025,1,BZ,Belice,7445.9
2025,1,BR,Brasil,7183.99
2025,1,BR,Brasil,9.0
2025,1,BE,Bélgica,75339.73
2025,1,CA,Canadá,281673.58
2025,1,CA,Canadá,190307.06
2025,1,CZ,Chequia,32591.55
2025,1,CZ,Chequia,17446.8
2025,1,CL,Chile,44625.3
2025,1,CL,Chile,720.0
2025,1,CN,China,256707.0
2025,1,CN,China,58422.97
2025,1,CO,Colombia,138990.5
2025,1,CO,Colombia,89136.57
2025,1,CR,Costa Rica,13783.12
2025,1,CR,Costa Rica,4635.53
2025,1,EC,Ecuador,33134.93
2025,1,SV,El Salvador,24612.56
2025,1,SV,El Salvador,949.5
2025,1,AE,Emiratos Árabes Unidos,4299.75
2025,1,ES,España,452433.89
2025,1,ES,España,53318.45
2025,1,US,Estados Unidos,6444358.59
2025,1,US,Estados Unidos,25529748.0
2025,1,FR,Francia,358658.98
2025,1,FR,Francia,30338.17
2025,1,GR,Grecia,109426.8
2025,1,GR,Grecia,4675.12
2025,1,GT,Guatemala,12672.19
2025,1,GT,Guatemala,18323.62
2025,1,HN,Honduras,10637.44
2025,1,HK,Hong Kong,660.0
2025,1,IN,India,67689.0
2025,1,IN,India,6633.0
2025,1,ID,Indonesia,15840.0
2025,1,VI,Islas Vírgenes,5400.0
2025,1,IL,Israel,6238.8
2025,1,IT,Italia,109707.48
2025,1,JP,Japón,111429.0
2025,1,JP,Japón,36376.3
2025,1,BS,Las Bahamas,12679.2
2025,1,LV,Letonia,58763.25
2025,1,LV,Letonia,17607.0
2025,1,NG,Nigeria,64521.0
2025,1,NG,Nigeria,2898.0
2025,1,NZ,Nueva Zelandia,20620.32
2025,1,PA,Panamá,32865.0
2025,1,PA,Panamá,23993.25
2025,1,NL,Países Bajos,50476.09
2025,1,NL,Países Bajos,57353.05
2025,1,PE,Perú,30869.7
2025,1,PE,Perú,6279.3
2025,1,PL,Polonia,11863.11
2025,1,PR,Puerto Rico,17903.25
2025,1,GB,Reino Unido,69237.57
2025,1,GB,Reino Unido,313815.09
2025,1,DO,República Dominicana,34821.9
2025,1,DO,República Dominicana,15504.55
2025,1,KN,Saint Kitts y Nevis,11016.0
2025,1,SG,Singapur,6493.2
2025,1,SG,Singapur,42139.86
2025,1,ZA,Sudáfrica,56435.85
2025,1,SE,Suecia,6504.75
2025,1,SE,Suecia,7019.97
2025,1,CH,Suiza,31356.75
2025,1,TH,Tailandia,1102.5
2025,1,TH,Tailandia,1611.36
2025,1,TW,Taiwán (Región),12460.5
2025,1,TW,Taiwán (Región),5760.0
2025,1,TR,Turquía,7966.87
2025,1,TR,Turquía,15708.3
2025,1,UA,Ucrania,8794.8
2025,2,DE,Alemania,754777.16
2025,2,DE,Alemania,31212.35
2025,2,AR,Argentina,1996.6
2025,2,AU,Australia,67829.37
2025,2,AU,Australia,147767.83
2025,2,AT,Austria,3307.5
2025,2,AT,Austria,3181.5
2025,2,BR,Brasil,20520.0
2025,2,BG,Bulgaria,17052.0
2025,2,BG,Bulgaria,335.16
2025,2,BE,Bélgica,54651.07
2025,2,BE,Bélgica,4893.85
2025,2,CA,Canadá,193201.47
2025,2,CA,Canadá,358206.31
2025,2,CZ,Chequia,34770.56
2025,2,CZ,Chequia,279.3
2025,2,CL,Chile,7980.0
2025,2,CL,Chile,15642.0
2025,2,CN,China,107814.0
2025,2,CN,China,80193.15
2025,2,CO,Colombia,178644.24
2025,2,CO,Colombia,160659.63
2025,2,KR,Corea del Sur,88.5
2025,2,CR,Costa Rica,5465.25
2025,2,CR,Costa Rica,3771.48
2025,2,CU,Cuba,15288.0
2025,2,EC,Ecuador,99163.72
2025,2,SV,El Salvador,19194.0
2025,2,SV,El Salvador,9152.1
2025,2,AE,Emiratos Árabes Unidos,48577.13
2025,2,AE,Emiratos Árabes Unidos,21663.3
2025,2,SK,Eslovaquia,32642.61
2025,2,SK,Eslovaquia,922.5
2025,2,ES,España,560297.7
2025,2,ES,España,119303.61
2025,2,US,Estados Unidos,8084956.33
2025,2,US,Estados Unidos,24393082.51
2025,2,PH,Filipinas,104109.12
2025,2,PH,Filipinas,10237.5
2025,2,FR,Francia,198477.68
2025,2,FR,Francia,12489.0
2025,2,GE,Georgia,6945.75
2025,2,GR,Grecia,95072.25
2025,2,GR,Grecia,14659.26
2025,2,GT,Guatemala,7029.6
2025,2,GT,Guatemala,9287.2
2025,2,HN,Honduras,22817.29
2025,2,HN,Honduras,12242.69
2025,2,HK,Hong Kong,7526.4
2025,2,IN,India,104950.5
2025,2,IN,India,107299.38
2025,2,ID,Indonesia,27093.61
2025,2,ID,Indonesia,9976.5
2025,2,IE,Irlanda,16537.5
2025,2,VI,Islas Vírgenes,6048.0
2025,2,VI,Islas Vírgenes,2430.0
2025,2,IT,Italia,28113.75
2025,2,IT,Italia,224640.59
2025,2,JM,Jamaica,1312.5
2025,2,JP,Japón,67922.67
2025,2,JP,Japón,40545.07
2025,2,QA,Katar,9450.0
2025,2,KE,Kenia,37957.73
2025,2,LV,Letonia,34114.5
2025,2,LV,Letonia,8278.04
2025,2,LB,Líbano,4008.16
2025,2,MY,Malasia,537.75
2025,2,NG,Nigeria,27103.12
2025,2,NZ,Nueva Zelandia,16870.35
2025,2,NZ,Nueva Zelandia,6843.0
2025,2,PA,Panamá,44810.65
2025,2,PY,Paraguay,939.0
2025,2,PY,Paraguay,3633.0
2025,2,NL,Países Bajos,153851.05
2025,2,NL,Países Bajos,57353.38
2025,2,PE,Perú,17904.0
2025,2,PE,Perú,3511.34
2025,2,PL,Polonia,9959.04
2025,2,PL,Polonia,5404.5
2025,2,PR,Puerto Rico,28870.5
2025,2,GB,Reino Unido,228279.94
2025,2,GB,Reino Unido,274232.25
2025,2,DO,República Dominicana,9136.35
2025,2,DO,República Dominicana,33878.61
2025,2,SG,Singapur,1528.8
2025,2,SG,Singapur,55263.6
2025,2,ZA,Sudáfrica,7026.75
2025,2,ZA,Sudáfrica,24015.6
2025,2,SE,Suecia,15031.14
2025,2,CH,Suiza,680.4
2025,2,TH,Tailandia,114.0
2025,2,TH,Tailandia,1257.3
2025,2,TW,Taiwán (Región),31.5
2025,2,TT,Trinidad y Tobago,8190.0
2025,2,TT,Trinidad y Tobago,1147.35
2025,2,TR,Turquía,29194.2
2025,2,TR,Turquía,8247.22
2025,2,UA,Ucrania,5164.2
2025,2,UA,Ucrania,574.56
2025,3,DE,Alemania,240410.44
2025,3,DE,Alemania,81328.5
2025,3,AN,Antillas Holandesas,175.87
2025,3,AU,Australia,120185.53
2025,3,AU,Australia,181307.75
2025,3,AT,Austria,4739.7
2025,3,BR,Brasil,48279.15
2025,3,BR,Brasil,19582.2
2025,3,BG,Bulgaria,3950.1
2025,3,BE,Bélgica,103542.74
2025,3,BE,Bélgica,5140.8
2025,3,CA,Canadá,126848.26
2025,3,CA,Canadá,364188.51
2025,3,CZ,Chequia,6520.8
2025,3,CL,Chile,67624.8
2025,3,CL,Chile,4279.27
2025,3,CN,China,145245.3
2025,3,CN,China,65296.84
2025,3,CY,Chipre,20286.0
2025,3,CO,Colombia,234672.6
2025,3,CO,Colombia,255778.74
2025,3,KR,Corea del Sur,937.5
2025,3,CR,Costa Rica,14858.15
2025,3,CR,Costa Rica,7327.13
2025,3,CU,Cuba,44409.12
2025,3,CU,Cuba,1140.0
2025,3,EC,Ecuador,68836.91
2025,3,EC,Ecuador,926.1
2025,3,SV,El Salvador,36487.2
2025,3,SV,El Salvador,5752.1
2025,3,AE,Emiratos Árabes Unidos,11683.81
2025,3,ES,España,723000.96
2025,3,ES,España,89121.07
2025,3,US,Estados Unidos,6792456.18
2025,3,US,Estados Unidos,18460249.56
2025,3,EE,Estonia,12171.6
2025,3,EE,Estonia,2346.12
2025,3,PH,Filipinas,231315.63
2025,3,FR,Francia,357498.03
2025,3,FR,Francia,43817.1
2025,3,GR,Grecia,52353.58
2025,3,GT,Guatemala,14858.7
2025,3,GT,Guatemala,15259.41
2025,3,HN,Honduras,12380.4
2025,3,HN,Honduras,8723.69
2025,3,HK,Hong Kong,8250.0
2025,3,HK,Hong Kong,2115.0
2025,3,HU,Hungría,6378.0
2025,3,IN,India,70083.0
2025,3,IN,India,14090.3
2025,3,ID,Indonesia,15696.0
2025,3,IQ,Irak,10395.0
2025,3,IE,Irlanda,9922.5
2025,3,IE,Irlanda,5362.56
2025,3,KY,Islas Caimán,6703.2
2025,3,KY,Islas Caimán,1371.14
2025,3,VI,Islas Vírgenes,5400.0
2025,3,VG,Islas Vírgenes Británicas,4309.2
2025,3,VG,Islas Vírgenes Británicas,1150.34
2025,3,IL,Israel,2205.0
2025,3,IL,Israel,6800.4
2025,3,IT,Italia,53640.62
2025,3,IT,Italia,429496.27
2025,3,JM,Jamaica,22176.0
2025,3,JP,Japón,113285.11
2025,3,JP,Japón,70837.32
2025,3,JO,Jordania,9612.75
2025,3,JO,Jordania,2388.6
2025,3,KE,Kenia,21398.85
2025,3,BS,Las Bahamas,13392.0
2025,3,LV,Letonia,10339.87
2025,3,LV,Letonia,36168.42
2025,3,LT,Lituania,10080.0
2025,3,LB,Líbano,5269.2
2025,3,MY,Malasia,90.0
2025,3,NI,Nicaragua,393.75
2025,3,NI,Nicaragua,450.0
2025,3,NG,Nigeria,60322.5
2025,3,NG,Nigeria,184.5
2025,3,NZ,Nueva Zelandia,2872.8
2025,3,NZ,Nueva Zelandia,10744.73
2025,3,PA,Panamá,65036.34
2025,3,PA,Panamá,136932.66
2025,3,PY,Paraguay,288.0
2025,3,NL,Países Bajos,12702.0
2025,3,NL,Países Bajos,77802.06
2025,3,PE,Perú,72950.7
2025,3,PE,Perú,17463.18
2025,3,PT,Portugal,6620.4
2025,3,PT,Portugal,3385.8
2025,3,PR,Puerto Rico,16992.0
2025,3,GB,Reino Unido,207240.04
2025,3,GB,Reino Unido,311908.87
2025,3,DO,República Dominicana,30598.95
2025,3,DO,República Dominicana,61189.76
2025,3,SX,San Martín,4380.6
2025,3,RS,Serbia,1290.0
2025,3,SG,Singapur,4350.0
2025,3,SG,Singapur,15145.5
2025,3,ZA,Sudáfrica,46462.5
2025,3,ZA,Sudáfrica,37666.8
2025,3,SE,Suecia,5749.8
2025,3,CH,Suiza,420.09
2025,3,TH,Tailandia,12180.0
2025,3,TH,Tailandia,5535.6
2025,3,TT,Trinidad y Tobago,9072.0
2025,3,TT,Trinidad y Tobago,1386.0
2025,3,TR,Turquía,11550.0
2025,3,TR,Turquía,28800.0
2025,4,DE,Alemania,203358.9
2025,4,DE,Alemania,19903.8
2025,4,AN,Antillas Holandesas,5380.8
2025,4,AN,Antillas Holandesas,2045.21
2025,4,AU,Australia,97940.88
2025,4,AU,Australia,310637.31
2025,4,AT,Austria,924.5
2025,4,BO,Bolivia,7441.88
2025,4,BR,Brasil,20930.4
2025,4,BE,Bélgica,69004.51
2025,4,CA,Canadá,144048.92
2025,4,CA,Canadá,413119.29
2025,4,CZ,Chequia,61559.34
2025,4,CZ,Chequia,6854.4
2025,4,CL,Chile,42339.6
2025,4,CL,Chile,705.6
2025,4,CN,China,300305.4
2025,4,CN,China,79472.55
2025,4,CY,Chipre,20286.0
2025,4,CO,Colombia,247414.93
2025,4,CO,Colombia,118123.71
2025,4,KR,Corea del Sur,7920.0
2025,4,KR,Corea del Sur,3600.0
2025,4,CR,Costa Rica,22173.53
2025,4,CR,Costa Rica,6518.25
2025,4,EC,Ecuador,926.1
2025,4,SV,El Salvador,26200.2
2025,4,SV,El Salvador,7304.4
2025,4,AE,Emiratos Árabes Unidos,20254.5
2025,4,AE,Emiratos Árabes Unidos,22855.2
2025,4,ES,España,510724.18
2025,4,ES,España,98029.24
2025,4,US,Estados Unidos,6577988.01
2025,4,US,Estados Unidos,19948753.97
2025,4,PH,Filipinas,9576.0
2025,4,PH,Filipinas,4792.54
2025,4,FR,Francia,221761.72
2025,4,FR,Francia,29000.24
2025,4,GR,Grecia,56800.8
2025,4,GR,Grecia,22231.15
2025,4,GT,Guatemala,15180.15
2025,4,GT,Guatemala,3560.1
2025,4,HN,Honduras,1206.0
2025,4,HN,Honduras,3252.0
2025,4,HK,Hong Kong,6510.0
2025,4,HK,Hong Kong,6470.64
2025,4,IN,India,14400.0
2025,4,IN,India,26702.62
2025,4,ID,Indonesia,3510.0
2025,4,IE,Irlanda,3307.5
2025,4,IE,Irlanda,3016.44
2025,4,KY,Islas Caimán,382.5
2025,4,IL,Israel,21525.6
2025,4,IT,Italia,29547.99
2025,4,IT,Italia,279294.96
2025,4,JM,Jamaica,20531.33
2025,4,JM,Jamaica,240.61
2025,4,JP,Japón,27611.6
2025,4,JP,Japón,39245.0
2025,4,JO,Jordania,3222.84
2025,4,KE,Kenia,10044.0
2025,4,BS,Las Bahamas,2016.0
2025,4,LV,Letonia,72714.38
2025,4,LV,Letonia,105602.7
2025,4,LT,Lituania,8436.0
2025,4,LT,Lituania,1054.95
2025,4,LB,Líbano,1058.4
2025,4,LB,Líbano,7452.37
2025,4,MK,Macedonia del Norte,1284.78
2025,4,NG,Nigeria,114843.75
2025,4,NG,Nigeria,8640.0
2025,4,NZ,Nueva Zelandia,11444.4
2025,4,NZ,Nueva Zelandia,13823.76
2025,4,PA,Panamá,26742.6
2025,4,PA,Panamá,90107.9
2025,4,PY,Paraguay,4892.4
2025,4,PY,Paraguay,1394.4
2025,4,NL,Países Bajos,14325.54
2025,4,NL,Países Bajos,59290.16
2025,4,PE,Perú,9234.0
2025,4,PE,Perú,9245.02
2025,4,PL,Polonia,661.5
2025,4,PL,Polonia,5107.2
2025,4,PR,Puerto Rico,7068.0
2025,4,PR,Puerto Rico,28062.75
2025,4,GB,Reino Unido,69440.63
2025,4,GB,Reino Unido,312948.03
2025,4,DO,República Dominicana,27480.0
2025,4,DO,República Dominicana,40225.5
2025,4,RU,Rusia,8778.0
2025,4,RU,Rusia,6463.8
2025,4,RS,Serbia,19756.8
2025,4,SG,Singapur,66139.8
2025,4,ZA,Sudáfrica,6813.12
2025,4,ZA,Sudáfrica,21816.0
2025,4,SE,Suecia,4937.1
2025,4,SR,Suriname,11416.8
2025,4,TH,Tailandia,5274.0
2025,4,TW,Taiwán (Región),3600.0
2025,4,TT,Trinidad y Tobago,16380.0
2025,4,TT,Trinidad y Tobago,810.0
2025,4,TC,Turcas y Caicos,544.5
2025,4,TR,Turquía,19996.2
2025,4,UA,Ucrania,12285.0
2025,4,UA,Ucrania,4441.48
2025,4,UG,Uganda,4591.35
2025,4,UY,Uruguay,10206.0
2025,5,DE,Alemania,172727.89
2025,5,DE,Alemania,36442.15
2025,5,AR,Argentina,18807.96
2025,5,AU,Australia,70059.78
2025,5,AU,Australia,194732.7
2025,5,AT,Austria,5002.2
2025,5,AZ,Azerbaiyán,787.5
2025,5,AZ,Azerbaiyán,8190.0
2025,5,BB,Barbados,8316.0
2025,5,BB,Barbados,821.1
2025,5,BM,Bermuda,7182.0
2025,5,BY,Bielorrusia,33476.79
2025,5,BO,Bolivia,3439.8
2025,5,BR,Brasil,61380.45
2025,5,BR,Brasil,20429.6
2025,5,BG,Bulgaria,15729.0
2025,5,BG,Bulgaria,5085.0
2025,5,BE,Bélgica,111973.39
2025,5,BE,Bélgica,7968.18
2025,5,CA,Canadá,235454.71
2025,5,CA,Canadá,225529.34
2025,5,CZ,Chequia,4352.4
2025,5,CL,Chile,44850.0
2025,5,CL,Chile,855.0
2025,5,CN,China,112734.6
2025,5,CN,China,65089.9
2025,5,CO,Colombia,207580.53
2025,5,CO,Colombia,77229.0
2025,5,KR,Corea del Sur,90.0
2025,5,CR,Costa Rica,11022.37
2025,5,CR,Costa Rica,2220.0
2025,5,HR,Croacia,8834.7
2025,5,CU,Cuba,5350.8
2025,5,CU,Cuba,2106.72
2025,5,EC,Ecuador,1980.0
2025,5,SV,El Salvador,47713.95
2025,5,SV,El Salvador,1638.0
2025,5,AE,Emiratos Árabes Unidos,63913.5
2025,5,AE,Emiratos Árabes Unidos,25605.27
2025,5,ES,España,338704.96
2025,5,ES,España,90587.3
2025,5,US,Estados Unidos,6277290.34
2025,5,US,Estados Unidos,22555717.36
2025,5,EE,Estonia,5421.0
2025,5,EE,Estonia,14781.24
2025,5,PH,Filipinas,55923.84
2025,5,PH,Filipinas,5670.0
2025,5,FR,Francia,526864.78
2025,5,FR,Francia,67740.58
2025,5,GR,Grecia,8085.0
2025,5,GR,Grecia,8778.0
2025,5,GT,Guatemala,21314.1
2025,5,GT,Guatemala,6483.87
2025,5,HN,Honduras,37664.66
2025,5,HN,Honduras,7211.65
2025,5,HK,Hong Kong,8990.62
2025,5,HK,Hong Kong,16006.67
2025,5,HU,Hungría,470.4
2025,5,IN,India,22001.19
2025,5,ID,Indonesia,78624.0
2025,5,ID,Indonesia,31603.5
2025,5,IE,Irlanda,8400.0
2025,5,KY,Islas Caimán,8215.2
2025,5,KY,Islas Caimán,1384.42
2025,5,VI,Islas Vírgenes,8568.0
2025,5,VI,Islas Vírgenes,3739.5
2025,5,IL,Israel,17507.7
2025,5,IL,Israel,23192.94
2025,5,IT,Italia,36603.0
2025,5,IT,Italia,285642.54
2025,5,JM,Jamaica,2772.0
2025,5,JM,Jamaica,10458.0
2025,5,JP,Japón,301593.6
2025,5,JP,Japón,51824.83
2025,5,JO,Jordania,9381.0
2025,5,QA,Katar,12001.5
2025,5,QA,Katar,2736.0
2025,5,BS,Las Bahamas,20423.4
2025,5,BS,Las Bahamas,180.0
2025,5,LV,Letonia,45417.75
2025,5,LV,Letonia,16569.71
2025,5,LB,Líbano,9878.4
2025,5,LB,Líbano,11382.48
2025,5,MA,Marruecos,2646.0
2025,5,NI,Nicaragua,13804.2
2025,5,NI,Nicaragua,12477.6
2025,5,NG,Nigeria,6444.0
2025,5,NZ,Nueva Zelandia,21241.12
2025,5,PA,Panamá,43914.9
2025,5,PA,Panamá,44138.99
2025,5,NL,Países Bajos,87974.97
2025,5,NL,Países Bajos,42019.8
2025,5,PE,Perú,26571.3
2025,5,PE,Perú,36781.17
2025,5,PL,Polonia,19845.0
2025,5,PL,Polonia,3192.0
2025,5,PT,Portugal,9591.75
2025,5,PT,Portugal,8.7
2025,5,PR,Puerto Rico,24351.0
2025,5,PR,Puerto Rico,45990.25
2025,5,GB,Reino Unido,189923.42
2025,5,GB,Reino Unido,447469.75
2025,5,DO,República Dominicana,51527.96
2025,5,DO,República Dominicana,34709.74
2025,5,RU,Rusia,9695.7
2025,5,RU,Rusia,9436.0
2025,5,RS,Serbia,19404.0
2025,5,RS,Serbia,414.96
2025,5,SG,Singapur,38100.3
2025,5,SG,Singapur,26796.8
2025,5,LK,Sri Lanka,4500.0
2025,5,ZA,Sudáfrica,47250.0
2025,5,ZA,Sudáfrica,29591.33
2025,5,SE,Suecia,7056.0
2025,5,SE,Suecia,15894.57
2025,5,CH,Suiza,9261.0
2025,5,CH,Suiza,239.4
2025,5,TH,Tailandia,3780.0
2025,5,TW,Taiwán (Región),6205.5
2025,5,TW,Taiwán (Región),19555.02
2025,5,TR,Turquía,28899.15
2025,5,TR,Turquía,45310.62
2025,5,UA,Ucrania,4223.62
2025,5,UA,Ucrania,4515.0
2025,5,UY,Uruguay,6615.0
2025,5,UY,Uruguay,37.5
2025,6,DE,Alemania,32829.37
2025,6,DE,Alemania,114864.66
2025,6,AR,Argentina,5985.0
2025,6,AU,Australia,82560.96
2025,6,AU,Australia,223551.11
2025,6,AT,Austria,7276.5
2025,6,AT,Austria,6850.4
2025,6,BR,Brasil,58841.1
2025,6,BR,Brasil,6354.0
2025,6,BG,Bulgaria,9261.0
2025,6,BG,Bulgaria,361.2
2025,6,BE,Bélgica,6745.91
2025,6,BE,Bélgica,3840.0
2025,6,CA,Canadá,151272.02
2025,6,CA,Canadá,360855.99
2025,6,CZ,Chequia,30200.78
2025,6,CL,Chile,21340.8
2025,6,CL,Chile,18002.47
2025,6,CN,China,118692.0
2025,6,CN,China,19339.35
2025,6,CO,Colombia,305272.74
2025,6,CO,Colombia,168628.63
2025,6,KR,Corea del Sur,12.0
2025,6,KR,Corea del Sur,3990.24
2025,6,CR,Costa Rica,25284.0
2025,6,CR,Costa Rica,10568.67
2025,6,CU,Cuba,16816.8
2025,6,DJ,Djibouti,7825.5
2025,6,EC,Ecuador,52736.82
2025,6,SV,El Salvador,21618.83
2025,6,SV,El Salvador,10991.7
2025,6,AE,Emiratos Árabes Unidos,93711.0
2025,6,AE,Emiratos Árabes Unidos,15854.25
2025,6,ES,España,285750.32
2025,6,ES,España,48378.71
2025,6,US,Estados Unidos,7697508.83
2025,6,US,Estados Unidos,20143894.05
2025,6,EE,Estonia,5380.2
2025,6,EE,Estonia,1707.72
2025,6,PH,Filipinas,62636.03
2025,6,PH,Filipinas,516.38
2025,6,FR,Francia,373985.38
2025,6,FR,Francia,93795.5
2025,6,GE,Georgia,5700.0
2025,6,GE,Georgia,1260.0
2025,6,GH,Ghana,9922.5
2025,6,GR,Grecia,2454.9
2025,6,GR,Grecia,26243.46
2025,6,GT,Guatemala,16506.64
2025,6,GT,Guatemala,3617.02
2025,6,HK,Hong Kong,1353.0
2025,6,HK,Hong Kong,3349.77
2025,6,IN,India,123930.0
2025,6,IN,India,130532.46
2025,6,ID,Indonesia,110165.25
2025,6,ID,Indonesia,21783.0
2025,6,IE,Irlanda,2318.82
2025,6,IL,Israel,19404.0
2025,6,IL,Israel,13223.85
2025,6,IT,Italia,18585.0
2025,6,IT,Italia,303616.3
2025,6,JM,Jamaica,18232.2
2025,6,JP,Japón,387001.41
2025,6,JP,Japón,207918.8
2025,6,BS,Las Bahamas,25347.6
2025,6,BS,Las Bahamas,3545.4
2025,6,LV,Letonia,49638.75
2025,6,LV,Letonia,130316.52
2025,6,LB,Líbano,3528.0
2025,6,LB,Líbano,5043.6
2025,6,MY,Malasia,5953.5
2025,6,MY,Malasia,2389.5
2025,6,MD,Moldavia,5346.6
2025,6,MC,Mónaco,175.56
2025,6,NG,Nigeria,49212.97
2025,6,NG,Nigeria,11889.0
2025,6,NZ,Nueva Zelandia,4826.76
2025,6,NZ,Nueva Zelandia,975.52
2025,6,PA,Panamá,17027.25
2025,6,PA,Panamá,40516.81
2025,6,NL,Países Bajos,88866.67
2025,6,NL,Países Bajos,71810.68
2025,6,PE,Perú,18144.0
2025,6,PE,Perú,20022.43
2025,6,PL,Polonia,18852.75
2025,6,PL,Polonia,9895.2
2025,6,PR,Puerto Rico,26064.0
2025,6,PR,Puerto Rico,74193.75
2025,6,GB,Reino Unido,88791.08
2025,6,GB,Reino Unido,268844.53
2025,6,DO,República Dominicana,11491.2
2025,6,DO,República Dominicana,23416.11
2025,6,RO,Rumania,18698.4
2025,6,RU,Rusia,6583.5
2025,6,RU,Rusia,7541.1
2025,6,RS,Serbia,19051.2
2025,6,RS,Serbia,829.92
2025,6,SG,Singapur,52012.5
2025,6,SG,Singapur,73440.89
2025,6,LK,Sri Lanka,2700.0
2025,6,ZA,Sudáfrica,90273.24
2025,6,ZA,Sudáfrica,28984.35
2025,6,SE,Suecia,9261.0
2025,6,SE,Suecia,7725.48
2025,6,CH,Suiza,31334.84
2025,6,TH,Tailandia,10598.7
2025,6,TH,Tailandia,8331.76
2025,6,TW,Taiwán (Región),295.31
2025,6,TW,Taiwán (Región),1440.0
2025,6,TZ,Tanzania,423.0
2025,6,TR,Turquía,11558.4
2025,6,TR,Turquía,39035.4
2025,6,UA,Ucrania,10154.55
2025,7,DE,Alemania,379709.68
2025,7,DE,Alemania,93542.49
2025,7,AW,Aruba,9576.0
2025,7,AW,Aruba,21.0
2025,7,AU,Australia,35955.6
2025,7,AU,Australia,271321.14
2025,7,AT,Austria,336.0
2025,7,BB,Barbados,10224.0
2025,7,BB,Barbados,9.0
2025,7,BO,Bolivia,60976.65
2025,7,BR,Brasil,41450.4
2025,7,BR,Brasil,20853.45
2025,7,BG,Bulgaria,19110.0
2025,7,BE,Bélgica,127146.88
2025,7,BE,Bélgica,6568.72
2025,7,CA,Canadá,151982.94
2025,7,CA,Canadá,399845.22
2025,7,CL,Chile,91422.6
2025,7,CL,Chile,8784.0
2025,7,CN,China,153686.96
2025,7,CN,China,153218.21
2025,7,CO,Colombia,234726.3
2025,7,CO,Colombia,252830.58
2025,7,KR,Corea del Sur,8721.0
2025,7,KR,Corea del Sur,2615.4
2025,7,CR,Costa Rica,28586.62
2025,7,CR,Costa Rica,8155.5
2025,7,DK,Dinamarca,1293.6
2025,7,EC,Ecuador,41372.82
2025,7,SV,El Salvador,7903.13
2025,7,AE,Emiratos Árabes Unidos,130410.0
2025,7,AE,Emiratos Árabes Unidos,15202.16
2025,7,SK,Eslovaquia,12852.0
2025,7,ES,España,759641.26
2025,7,ES,España,84351.08
2025,7,US,Estados Unidos,8621895.34
2025,7,US,Estados Unidos,23211898.57
2025,7,EE,Estonia,22.05
2025,7,PH,Filipinas,82719.0
2025,7,PH,Filipinas,9989.26
2025,7,FR,Francia,227590.94
2025,7,FR,Francia,53437.31
2025,7,GR,Grecia,34883.1
2025,7,GR,Grecia,5481.52
2025,7,GU,Guam,7355.63
2025,7,GU,Guam,3690.0
2025,7,GT,Guatemala,16143.53
2025,7,GT,Guatemala,41313.19
2025,7,HN,Honduras,10375.31
2025,7,HK,Hong Kong,9401.7
2025,7,HK,Hong Kong,9796.86
2025,7,HU,Hungría,5928.0
2025,7,IN,India,93402.0
2025,7,IN,India,167546.07
2025,7,ID,Indonesia,477.75
2025,7,ID,Indonesia,45245.4
2025,7,IE,Irlanda,5953.5
2025,7,VI,Islas Vírgenes,4977.0
2025,7,IL,Israel,10483.2
2025,7,IT,Italia,94511.55
2025,7,IT,Italia,303477.19
2025,7,JM,Jamaica,8316.0
2025,7,JM,Jamaica,11214.0
2025,7,JP,Japón,106900.88
2025,7,JP,Japón,187276.55
2025,7,BS,Las Bahamas,256.5
2025,7,BS,Las Bahamas,466.65
2025,7,LV,Letonia,36029.62
2025,7,LV,Letonia,33547.38
2025,7,MY,Malasia,521.1
2025,7,NI,Nicaragua,8662.5
2025,7,NI,Nicaragua,7200.0
2025,7,NG,Nigeria,27562.5
2025,7,NG,Nigeria,13413.6
2025,7,NZ,Nueva Zelandia,48072.3
2025,7,NZ,Nueva Zelandia,34590.75
2025,7,PA,Panamá,20986.88
2025,7,PA,Panamá,60733.93
2025,7,PY,Paraguay,8694.0
2025,7,NL,Países Bajos,182193.77
2025,7,NL,Países Bajos,61154.31
2025,7,PE,Perú,64119.82
2025,7,PE,Perú,14577.84
2025,7,PL,Polonia,23152.5
2025,7,PL,Polonia,7981.5
2025,7,PT,Portugal,6838.29
2025,7,PT,Portugal,3385.8
2025,7,PR,Puerto Rico,8700.0
2025,7,PR,Puerto Rico,78863.25
2025,7,GB,Reino Unido,222491.15
2025,7,GB,Reino Unido,97013.42
2025,7,DO,República Dominicana,50130.0
2025,7,DO,República Dominicana,78160.31
2025,7,RU,Rusia,20069.7
2025,7,SG,Singapur,15646.5
2025,7,SG,Singapur,54809.1
2025,7,ZA,Sudáfrica,27312.5
2025,7,ZA,Sudáfrica,125317.35
2025,7,SE,Suecia,10143.0
2025,7,SE,Suecia,6691.96
2025,7,TH,Tailandia,9978.0
2025,7,TH,Tailandia,632.55
2025,7,TW,Taiwán (Región),19813.8
2025,7,TW,Taiwán (Región),7183.5
2025,7,TG,Togo,1.5
2025,7,TT,Trinidad y Tobago,7812.0
2025,7,TT,Trinidad y Tobago,308.17
2025,7,TR,Turquía,49427.7
2025,7,UA,Ucrania,17658.9
2025,7,VN,Vietnam,810.0
2025,7,VN,Vietnam,378.0
2025,8,DE,Alemania,484231.93
2025,8,DE,Alemania,50812.28
2025,8,AR,Argentina,4500.0
2025,8,AU,Australia,59185.54
2025,8,AU,Australia,192716.56
2025,8,AZ,Azerbaiyán,3710.7
2025,8,BT,Bhutan,2.25
2025,8,BR,Brasil,34432.8
2025,8,BE,Bélgica,74460.14
2025,8,BE,Bélgica,4468.8
2025,8,CA,Canadá,186037.2
2025,8,CA,Canadá,247931.26
2025,8,CZ,Chequia,9606.6
2025,8,CL,Chile,34288.75
2025,8,CL,Chile,21589.89
2025,8,CN,China,316254.0
2025,8,CN,China,20007.45
2025,8,CO,Colombia,179864.83
2025,8,CO,Colombia,287451.54
2025,8,KR,Corea del Sur,92052.0
2025,8,KR,Corea del Sur,4808.37
2025,8,CR,Costa Rica,16930.0
2025,8,CR,Costa Rica,3651.43
2025,8,DK,Dinamarca,184.8
2025,8,EC,Ecuador,66040.68
2025,8,SV,El Salvador,21208.13
2025,8,SV,El Salvador,4242.6
2025,8,AE,Emiratos Árabes Unidos,41754.0
2025,8,AE,Emiratos Árabes Unidos,30984.72
2025,8,SI,Eslovenia,661.5
2025,8,SI,Eslovenia,191.52
2025,8,ES,España,605156.72
2025,8,ES,España,64099.49
2025,8,US,Estados Unidos,7448509.96
2025,8,US,Estados Unidos,20906770.73
2025,8,EE,Estonia,4674.6
2025,8,EE,Estonia,17871.0
2025,8,PH,Filipinas,188498.52
2025,8,PH,Filipinas,311.06
2025,8,FR,Francia,403207.18
2025,8,FR,Francia,37948.74
2025,8,GE,Georgia,6615.0
2025,8,GH,Ghana,9922.5
2025,8,GR,Grecia,39160.8
2025,8,GR,Grecia,33358.6
2025,8,GT,Guatemala,20400.75
2025,8,GT,Guatemala,29354.83
2025,8,HN,Honduras,12852.0
2025,8,HN,Honduras,1620.0
2025,8,HK,Hong Kong,17466.0
2025,8,HK,Hong Kong,934.38
2025,8,HU,Hungría,7056.0
2025,8,IN,India,58356.0
2025,8,IN,India,176897.0
2025,8,ID,Indonesia,8610.0
2025,8,IQ,Irak,7938.0
2025,8,IQ,Irak,2835.0
2025,8,VI,Islas Vírgenes,5517.0
2025,8,IL,Israel,22533.0
2025,8,IL,Israel,16973.1
2025,8,IT,Italia,86335.14
2025,8,IT,Italia,222673.12
2025,8,JM,Jamaica,2772.0
2025,8,JM,Jamaica,17937.0
2025,8,JP,Japón,71951.68
2025,8,JP,Japón,62150.81
2025,8,JO,Jordania,5445.0
2025,8,KE,Kenia,216.56
2025,8,KE,Kenia,9419.4
2025,8,BS,Las Bahamas,45.0
2025,8,LV,Letonia,44170.5
2025,8,LV,Letonia,81514.62
2025,8,LB,Líbano,12700.8
2025,8,LB,Líbano,6606.87
2025,8,MA,Marruecos,4179.0
2025,8,NI,Nicaragua,7605.9
2025,8,NI,Nicaragua,1763.17
2025,8,NG,Nigeria,32547.48
2025,8,NG,Nigeria,2658.6
2025,8,NZ,Nueva Zelandia,14675.22
2025,8,NZ,Nueva Zelandia,6351.61
2025,8,PA,Panamá,135707.77
2025,8,PA,Panamá,57810.59
2025,8,NL,Países Bajos,140152.91
2025,8,NL,Países Bajos,73752.36
2025,8,PE,Perú,25993.35
2025,8,PE,Perú,8972.4
2025,8,PL,Polonia,15435.0
2025,8,PT,Portugal,18852.75
2025,8,PT,Portugal,1077.14
2025,8,PR,Puerto Rico,40716.0
2025,8,PR,Puerto Rico,23454.0
2025,8,GB,Reino Unido,153653.43
2025,8,GB,Reino Unido,323895.51
2025,8,DO,República Dominicana,13637.25
2025,8,DO,República Dominicana,95812.4
2025,8,RO,Rumania,9525.6
2025,8,RU,Rusia,10972.5
2025,8,RU,Rusia,5386.5
2025,8,SX,San Martín,7423.2
2025,8,RS,Serbia,12062.1
2025,8,RS,Serbia,5899.5
2025,8,SG,Singapur,46195.8
2025,8,SG,Singapur,47783.28
2025,8,ZA,Sudáfrica,91235.02
2025,8,SE,Suecia,5035.27
2025,8,CH,Suiza,68730.36
2025,8,CH,Suiza,1772.3
2025,8,TH,Tailandia,27930.0
2025,8,TH,Tailandia,10452.06
2025,8,TW,Taiwán (Región),6168.92
2025,8,TT,Trinidad y Tobago,28350.0
2025,8,TR,Turquía,31208.1
2025,8,TR,Turquía,20281.32
2025,8,UA,Ucrania,16063.2
2025,8,UA,Ucrania,9528.22
2025,8,VE,Venezuela,10332.0
2025,8,VN,Vietnam,5733.0
2025,8,VN,Vietnam,1795.5
2025,9,AL,Albania,6000.0
2025,9,AL,Albania,281.85
2025,9,DE,Alemania,680249.41
2025,9,DE,Alemania,33218.36
2025,9,AN,Antillas Holandesas,8293.5
2025,9,AN,Antillas Holandesas,7059.49
2025,9,AR,Argentina,7560.0
2025,9,AU,Australia,305907.77
2025,9,AU,Australia,184016.78
2025,9,AT,Austria,4415.4
2025,9,BB,Barbados,522.0
2025,9,BT,Bhutan,2.25
2025,9,BY,Bielorrusia,13693.0
2025,9,BR,Brasil,94145.4
2025,9,BR,Brasil,31186.29
2025,9,BE,Bélgica,37521.21
2025,9,BE,Bélgica,4453.65
2025,9,CA,Canadá,194045.77
2025,9,CA,Canadá,430168.29
2025,9,CZ,Chequia,5016.0
2025,9,CL,Chile,59195.76
2025,9,CL,Chile,22155.4
2025,9,CN,China,197549.7
2025,9,CN,China,11299.91
2025,9,CY,Chipre,23137.8
2025,9,CY,Chipre,11760.0
2025,9,CO,Colombia,255512.92
2025,9,CO,Colombia,136234.96
2025,9,KR,Corea del Sur,540.0
2025,9,KR,Corea del Sur,9918.6
2025,9,CR,Costa Rica,11035.5
2025,9,CR,Costa Rica,4425.75
2025,9,DK,Dinamarca,7963.73
2025,9,EC,Ecuador,5292.0
2025,9,EC,Ecuador,791.1
2025,9,SV,El Salvador,31988.55
2025,9,SV,El Salvador,4005.0
2025,9,AE,Emiratos Árabes Unidos,70427.7
2025,9,AE,Emiratos Árabes Unidos,45421.05
2025,9,SK,Eslovaquia,2640.0
2025,9,SK,Eslovaquia,1155.0
2025,9,ES,España,476115.93
2025,9,ES,España,67642.15
2025,9,US,Estados Unidos,7604774.83
2025,9,US,Estados Unidos,20714693.28
2025,9,EE,Estonia,17556.0
2025,9,PH,Filipinas,84999.6
2025,9,PH,Filipinas,22225.5
2025,9,FR,Francia,464201.23
2025,9,FR,Francia,25503.16
2025,9,GE,Georgia,7166.25
2025,9,GH,Ghana,10395.0
2025,9,GR,Grecia,33364.8
2025,9,GR,Grecia,20538.0
2025,9,GT,Guatemala,66906.9
2025,9,GT,Guatemala,47834.18
2025,9,HN,Honduras,26064.45
2025,9,HN,Honduras,27517.5
2025,9,HK,Hong Kong,320.62
2025,9,HK,Hong Kong,326.32
2025,9,HU,Hungría,8820.0
2025,9,IN,India,141855.0
2025,9,IN,India,265969.08
2025,9,ID,Indonesia,225469.25
2025,9,ID,Indonesia,55500.3
2025,9,IE,Irlanda,8930.25
2025,9,IE,Irlanda,957.6
2025,9,KY,Islas Caimán,257.1
2025,9,KY,Islas Caimán,1121.71
2025,9,VI,Islas Vírgenes,8842.5
2025,9,IL,Israel,6300.0
2025,9,IL,Israel,4551.3
2025,9,IT,Italia,155159.7
2025,9,IT,Italia,160975.09
2025,9,JM,Jamaica,14968.8
2025,9,JM,Jamaica,4158.0
2025,9,JP,Japón,146022.98
2025,9,JP,Japón,109851.72
2025,9,BS,Las Bahamas,37207.8
2025,9,BS,Las Bahamas,1147.5
2025,9,LV,Letonia,36106.88
2025,9,LV,Letonia,153121.32
2025,9,LT,Lituania,10080.0
2025,9,LB,Líbano,25401.6
2025,9,LB,Líbano,10058.79
2025,9,NI,Nicaragua,12000.0
2025,9,NZ,Nueva Zelandia,15991.92
2025,9,NZ,Nueva Zelandia,6687.24
2025,9,PA,Panamá,96751.8
2025,9,PA,Panamá,69944.55
2025,9,NL,Países Bajos,100446.5
2025,9,NL,Países Bajos,76451.19
2025,9,PE,Perú,28602.0
2025,9,PE,Perú,35261.43
2025,9,PL,Polonia,19845.0
2025,9,PT,Portugal,8202.87
2025,9,PT,Portugal,2257.2
2025,9,PR,Puerto Rico,11232.0
2025,9,PR,Puerto Rico,71228.25
2025,9,GB,Reino Unido,51327.68
2025,9,GB,Reino Unido,275381.47
2025,9,DO,República Dominicana,89808.45
2025,9,DO,República Dominicana,33242.09
2025,9,RO,Rumania,17537.1
2025,9,RU,Rusia,10773.0
2025,9,RS,Serbia,153.56
2025,9,RS,Serbia,162.0
2025,9,SG,Singapur,44342.81
2025,9,SG,Singapur,60986.57
2025,9,ZA,Sudáfrica,92791.12
2025,9,ZA,Sudáfrica,138301.8
2025,9,SE,Suecia,8268.75
2025,9,SE,Suecia,5095.2
2025,9,CH,Suiza,4740.75
2025,9,CH,Suiza,4586.4
2025,9,SR,Suriname,10785.6
2025,9,TH,Tailandia,56844.9
2025,9,TH,Tailandia,5625.3
2025,9,TT,Trinidad y Tobago,36595.12
2025,9,TT,Trinidad y Tobago,15026.4
2025,9,TC,Turcas y Caicos,742.5
2025,9,TR,Turquía,18669.0
2025,9,TR,Turquía,17613.12
2025,9,UA,Ucrania,7938.0
2025,9,UA,Ucrania,22250.13
2025,10,DE,Alemania,930522.61
2025,10,DE,Alemania,84649.99
2025,10,AG,Antigua y Barbuda,1155.0
2025,10,AR,Argentina,1795.5
2025,10,AM,Armenia,3825.0
2025,10,AU,Australia,86528.32
2025,10,AU,Australia,163172.71
2025,10,AT,Austria,1376.1
2025,10,BO,Bolivia,10011.75
2025,10,BO,Bolivia,661.5
2025,10,BR,Brasil,18900.0
2025,10,BR,Brasil,19699.2
2025,10,BG,Bulgaria,9555.0
2025,10,BE,Bélgica,175077.78
2025,10,BE,Bélgica,15782.18
2025,10,KH,Camboya,25.2
2025,10,CA,Canadá,166614.13
2025,10,CA,Canadá,317488.96
2025,10,CZ,Chequia,10231.5
2025,10,CL,Chile,64521.6
2025,10,CL,Chile,21672.0
2025,10,CN,China,109478.1
2025,10,CN,China,21331.8
2025,10,CO,Colombia,175307.99
2025,10,CO,Colombia,192748.75
2025,10,KR,Corea del Sur,79119.0
2025,10,KR,Corea del Sur,2434.95
2025,10,CR,Costa Rica,25758.75
2025,10,CR,Costa Rica,4509.14
2025,10,CU,Cuba,7644.0
2025,10,CU,Cuba,1404.48
2025,10,EC,Ecuador,132077.92
2025,10,EC,Ecuador,2427.52
2025,10,SV,El Salvador,9975.0
2025,10,SV,El Salvador,3.94
2025,10,AE,Emiratos Árabes Unidos,86870.7
2025,10,AE,Emiratos Árabes Unidos,58774.48
2025,10,SK,Eslovaquia,7056.0
2025,10,ES,España,430317.63
2025,10,ES,España,66527.04
2025,10,US,Estados Unidos,7012135.07
2025,10,US,Estados Unidos,21309873.53
2025,10,EE,Estonia,3711.6
2025,10,PH,Filipinas,71536.18
2025,10,PH,Filipinas,5550.3
2025,10,FR,Francia,235371.62
2025,10,FR,Francia,31147.8
2025,10,GE,Georgia,5953.5
2025,10,GE,Georgia,598.5
2025,10,GD,Granada,1155.0
2025,10,GR,Grecia,19051.2
2025,10,GT,Guatemala,12022.5
2025,10,GT,Guatemala,12294.82
2025,10,HN,Honduras,37213.05
2025,10,HN,Honduras,1333.46
2025,10,HK,Hong Kong,6882.45
2025,10,HK,Hong Kong,3.0
2025,10,IN,India,39861.0
2025,10,IN,India,24408.0
2025,10,ID,Indonesia,4788.0
2025,10,KY,Islas Caimán,2177.9
2025,10,VI,Islas Vírgenes,5400.0
2025,10,IL,Israel,14910.0
2025,10,IL,Israel,21328.94
2025,10,IT,Italia,33638.64
2025,10,IT,Italia,376488.21
2025,10,JM,Jamaica,2437.66
2025,10,JM,Jamaica,13104.51
2025,10,JP,Japón,402025.93
2025,10,JP,Japón,121678.26
2025,10,QA,Katar,5292.0
2025,10,QA,Katar,2142.0
2025,10,BS,Las Bahamas,8085.0
2025,10,BS,Las Bahamas,2612.4
2025,10,LV,Letonia,74266.5
2025,10,LV,Letonia,99236.16
2025,10,LT,Lituania,1836.8
2025,10,LB,Líbano,19051.2
2025,10,LB,Líbano,16271.35
2025,10,MY,Malasia,30366.0
2025,10,MY,Malasia,6421.5
2025,10,NI,Nicaragua,8993.04
2025,10,NG,Nigeria,28927.02
2025,10,NG,Nigeria,7808.7
2025,10,NZ,Nueva Zelandia,44627.06
2025,10,NZ,Nueva Zelandia,16780.47
2025,10,PA,Panamá,63302.55
2025,10,PA,Panamá,127856.32
2025,10,NL,Países Bajos,136919.77
2025,10,NL,Países Bajos,58083.6
2025,10,PE,Perú,36882.68
2025,10,PE,Perú,35824.56
2025,10,PL,Polonia,39690.0
2025,10,PL,Polonia,9565.5
2025,10,PR,Puerto Rico,11088.0
2025,10,PR,Puerto Rico,6988.5
2025,10,GB,Reino Unido,82197.54
2025,10,GB,Reino Unido,347802.1
2025,10,DO,República Dominicana,35978.25
2025,10,DO,República Dominicana,69580.63
2025,10,RU,Rusia,12728.1
2025,10,RU,Rusia,18902.24
2025,10,SX,San Martín,4.5
2025,10,LC,Santa Lucía,1732.5
2025,10,RS,Serbia,10200.0
2025,10,RS,Serbia,1743.0
2025,10,SG,Singapur,105889.8
2025,10,SG,Singapur,78779.86
2025,10,ZA,Sudáfrica,9450.0
2025,10,ZA,Sudáfrica,77092.65
2025,10,SE,Suecia,6090.0
2025,10,SE,Suecia,11971.05
2025,10,CH,Suiza,39249.0
2025,10,CH,Suiza,20427.43
2025,10,TH,Tailandia,47187.0
2025,10,TH,Tailandia,3670.27
2025,10,TW,Taiwán (Región),22125.0
2025,10,TR,Turquía,352.8
2025,10,TR,Turquía,22369.2
2025,10,VE,Venezuela,9.0
2025,10,VN,Vietnam,4204.2
2025,11,DE,Alemania,692049.19
2025,11,DE,Alemania,79716.61
2025,11,AR,Argentina,20790.0
2025,11,AW,Aruba,9229.5
2025,11,AW,Aruba,405.0
2025,11,AU,Australia,49586.25
2025,11,AU,Australia,125019.45
2025,11,AZ,Azerbaiyán,4.5
2025,11,BZ,Belice,702.0
2025,11,BO,Bolivia,12080.55
2025,11,BO,Bolivia,387.45
2025,11,BR,Brasil,9293.85
2025,11,BR,Brasil,10711.44
2025,11,BG,Bulgaria,9555.0
2025,11,BE,Bélgica,40376.21
2025,11,BE,Bélgica,10196.58
2025,11,CA,Canadá,188019.64
2025,11,CA,Canadá,309023.33
2025,11,CZ,Chequia,31328.9
2025,11,CZ,Chequia,10461.28
2025,11,CL,Chile,105463.73
2025,11,CL,Chile,9801.9
2025,11,CN,China,73224.0
2025,11,CN,China,70639.2
2025,11,CO,Colombia,237981.84
2025,11,CO,Colombia,154671.68
2025,11,KR,Corea del Sur,198930.37
2025,11,KR,Corea del Sur,9100.2
2025,11,CR,Costa Rica,2598.75
2025,11,CU,Cuba,7644.0
2025,11,EC,Ecuador,35033.05
2025,11,EC,Ecuador,2249.1
2025,11,SV,El Salvador,14927.06
2025,11,SV,El Salvador,1080.0
2025,11,AE,Emiratos Árabes Unidos,109949.7
2025,11,AE,Emiratos Árabes Unidos,40541.62
2025,11,SK,Eslovaquia,14172.0
2025,11,SK,Eslovaquia,1377.0
2025,11,ES,España,557931.5
2025,11,ES,España,89604.14
2025,11,US,Estados Unidos,5906992.43
2025,11,US,Estados Unidos,16172594.49
2025,11,EE,Estonia,3969.75
2025,11,EE,Estonia,3482.04
2025,11,PH,Filipinas,1477.92
2025,11,PH,Filipinas,1479.0
2025,11,FR,Francia,291147.4
2025,11,FR,Francia,47826.54
2025,11,GE,Georgia,7056.0
2025,11,GR,Grecia,115264.8
2025,11,GR,Grecia,12199.21
2025,11,GT,Guatemala,2646.0
2025,11,GT,Guatemala,9240.56
2025,11,HN,Honduras,20124.56
2025,11,HN,Honduras,8799.76
2025,11,HK,Hong Kong,13626.0
2025,11,HK,Hong Kong,769.5
2025,11,IN,India,80261.3
2025,11,IN,India,87618.0
2025,11,ID,Indonesia,4806.0
2025,11,KY,Islas Caimán,4726.5
2025,11,VI,Islas Vírgenes,5400.0
2025,11,VG,Islas Vírgenes Británicas,6615.0
2025,11,VG,Islas Vírgenes Británicas,911.97
2025,11,IL,Israel,32584.65
2025,11,IL,Israel,7328.7
2025,11,IT,Italia,221293.69
2025,11,JP,Japón,437908.8
2025,11,JP,Japón,35549.35
2025,11,JO,Jordania,8783.25
2025,11,QA,Katar,7560.0
2025,11,BS,Las Bahamas,17073.0
2025,11,BS,Las Bahamas,989.25
2025,11,LV,Letonia,60992.4
2025,11,LV,Letonia,55764.24
2025,11,LB,Líbano,20771.1
2025,11,LB,Líbano,6132.63
2025,11,NG,Nigeria,9187.5
2025,11,NG,Nigeria,30925.6
2025,11,NZ,Nueva Zelandia,9123.03
2025,11,NZ,Nueva Zelandia,20157.48
2025,11,PA,Panamá,37492.5
2025,11,PA,Panamá,69476.99
2025,11,PY,Paraguay,7182.0
2025,11,PY,Paraguay,826.2
2025,11,NL,Países Bajos,110999.13
2025,11,NL,Países Bajos,67396.59
2025,11,PE,Perú,29648.85
2025,11,PE,Perú,18262.22
2025,11,PT,Portugal,29137.32
2025,11,PT,Portugal,4556.1
2025,11,PR,Puerto Rico,16546.5
2025,11,GB,Reino Unido,148899.34
2025,11,GB,Reino Unido,225209.39
2025,11,DO,República Dominicana,44100.0
2025,11,DO,República Dominicana,62542.9
2025,11,SX,San Martín,7447.44
2025,11,SG,Singapur,50925.0
2025,11,SG,Singapur,66938.1
2025,11,ZA,Sudáfrica,55451.25
2025,11,ZA,Sudáfrica,62566.65
2025,11,SE,Suecia,16630.29
2025,11,CH,Suiza,7276.5
2025,11,CH,Suiza,1403.32
2025,11,TH,Tailandia,9319.8
2025,11,TH,Tailandia,3405.5
2025,11,TR,Turquía,21229.53
2025,11,UA,Ucrania,41573.83
2025,11,UA,Ucrania,19005.0
2025,11,UG,Uganda,28.14
2025,11,VE,Venezuela,10705.5
2025,11,VN,Vietnam,7644.0
2025,11,VN,Vietnam,7182.0
2025,12,DE,Alemania,439127.96
2025,12,DE,Alemania,105113.44
2025,12,AM,Armenia,6480.0
2025,12,AU,Australia,22712.96
2025,12,AU,Australia,121668.66
2025,12,AT,Austria,2315.25
2025,12,AT,Austria,13961.1
2025,12,BB,Barbados,8631.0
2025,12,BB,Barbados,1001.4
2025,12,BZ,Belice,270.0
2025,12,BO,Bolivia,26054.77
2025,12,BO,Bolivia,4950.75
2025,12,BR,Brasil,29570.4
2025,12,BG,Bulgaria,7166.25
2025,12,BG,Bulgaria,705.6
2025,12,BE,Bélgica,92940.75
2025,12,CA,Canadá,230192.05
2025,12,CA,Canadá,280963.0
2025,12,CL,Chile,34759.8
2025,12,CL,Chile,17739.45
2025,12,CN,China,219332.62
2025,12,CN,China,53675.88
2025,12,CO,Colombia,148181.9
2025,12,CO,Colombia,42778.31
2025,12,KR,Corea del Sur,14.25
2025,12,KR,Corea del Sur,8067.0
2025,12,CR,Costa Rica,12038.25
2025,12,CR,Costa Rica,1705.27
2025,12,EC,Ecuador,32665.82
2025,12,EC,Ecuador,352.8
2025,12,SV,El Salvador,35017.88
2025,12,SV,El Salvador,10431.9
2025,12,AE,Emiratos Árabes Unidos,47558.7
2025,12,AE,Emiratos Árabes Unidos,32009.82
2025,12,ES,España,439356.25
2025,12,ES,España,54967.56
2025,12,US,Estados Unidos,5978116.59
2025,12,US,Estados Unidos,13489189.37
2025,12,PH,Filipinas,89544.0
2025,12,PH,Filipinas,17887.95
2025,12,FR,Francia,210342.58
2025,12,FR,Francia,40161.24
2025,12,GH,Ghana,100380.0
2025,12,GH,Ghana,21854.7
2025,12,GR,Grecia,26379.99
2025,12,GU,Guam,6016.88
2025,12,GU,Guam,4050.0
2025,12,GT,Guatemala,21509.44
2025,12,GT,Guatemala,15059.92
2025,12,HN,Honduras,4588.5
2025,12,HK,Hong Kong,378.0
2025,12,HK,Hong Kong,13869.75
2025,12,HU,Hungría,3823.2
2025,12,IN,India,34282.8
2025,12,IN,India,66462.3
2025,12,ID,Indonesia,456.0
2025,12,ID,Indonesia,13284.07
2025,12,IQ,Irak,13014.0
2025,12,IQ,Irak,6486.3
2025,12,IE,Irlanda,10253.25
2025,12,IE,Irlanda,9895.2
2025,12,KY,Islas Caimán,4221.0
2025,12,KY,Islas Caimán,1922.17
2025,12,IL,Israel,6142.5
2025,12,IL,Israel,7246.32
2025,12,IT,Italia,34099.54
2025,12,IT,Italia,271666.2
2025,12,JM,Jamaica,11736.0
2025,12,JP,Japón,384459.75
2025,12,JP,Japón,456156.79
2025,12,JO,Jordania,7835.1
2025,12,JO,Jordania,15368.17
2025,12,KE,Kenia,41229.0
2025,12,BS,Las Bahamas,6478.5
2025,12,BS,Las Bahamas,171.0
2025,12,LV,Letonia,44748.9
2025,12,LV,Letonia,55496.46
2025,12,LB,Líbano,6777.9
2025,12,LB,Líbano,4061.11
2025,12,MY,Malasia,15120.0
2025,12,MY,Malasia,2640.3
2025,12,MD,Moldavia,7827.75
2025,12,MD,Moldavia,352.8
2025,12,NG,Nigeria,14172.48
2025,12,NG,Nigeria,4683.0
2025,12,NZ,Nueva Zelandia,9187.5
2025,12,NZ,Nueva Zelandia,23783.63
2025,12,PA,Panamá,64375.5
2025,12,PA,Panamá,26641.49
2025,12,PY,Paraguay,6804.0
2025,12,PY,Paraguay,1546.2
2025,12,NL,Países Bajos,84755.58
2025,12,NL,Países Bajos,38585.95
2025,12,PE,Perú,28170.0
2025,12,PL,Polonia,58873.5
2025,12,PL,Polonia,13087.2
2025,12,PT,Portugal,12237.75
2025,12,PT,Portugal,638.4
2025,12,PR,Puerto Rico,43543.5
2025,12,PR,Puerto Rico,9675.0
2025,12,GB,Reino Unido,174932.67
2025,12,GB,Reino Unido,240543.77
2025,12,DO,República Dominicana,15198.75
2025,12,DO,República Dominicana,30838.5
2025,12,RU,Rusia,31694.7
2025,12,RU,Rusia,12933.0
2025,12,RS,Serbia,19756.8
2025,12,SG,Singapur,91844.55
2025,12,SG,Singapur,72745.18
2025,12,ZA,Sudáfrica,37351.12
2025,12,ZA,Sudáfrica,85005.0
2025,12,SE,Suecia,17196.37
2025,12,SE,Suecia,5006.19
2025,12,CH,Suiza,17419.5
2025,12,CH,Suiza,9443.8
2025,12,SR,Suriname,10647.0
2025,12,TH,Tailandia,12486.0
2025,12,TW,Taiwán (Región),2957.8
2025,12,TR,Turquía,19425.0
2025,12,TR,Turquía,167.58
2025,12,UA,Ucrania,30498.3
2025,12,UG,Uganda,4.5
2026,1,DE,Alemania,477337.54
2026,1,DE,Alemania,79244.7
2026,1,AM,Armenia,2.25
2026,1,AU,Australia,47157.55
2026,1,AU,Australia,234789.85
2026,1,BH,Bahrein,2520.0
2026,1,BB,Barbados,10656.0
2026,1,BO,Bolivia,3822.0
2026,1,BO,Bolivia,702.24
2026,1,BR,Brasil,73647.0
2026,1,BR,Brasil,1152.0
2026,1,BG,Bulgaria,9555.0
2026,1,BE,Bélgica,48363.59
2026,1,BE,Bélgica,3504.36
2026,1,CA,Canadá,171033.29
2026,1,CA,Canadá,178884.36
2026,1,CZ,Chequia,31331.41
2026,1,CZ,Chequia,22948.2
2026,1,CL,Chile,68086.35
2026,1,CL,Chile,661.5
2026,1,CN,China,124089.0
2026,1,CN,China,59634.97
2026,1,CY,Chipre,45687.6
2026,1,CY,Chipre,2923.2
2026,1,CO,Colombia,207256.88
2026,1,CO,Colombia,64945.05
2026,1,KR,Corea del Sur,1638.0
2026,1,CR,Costa Rica,16393.12
2026,1,CR,Costa Rica,9254.04
2026,1,EC,Ecuador,33331.42
2026,1,SV,El Salvador,26618.81
2026,1,SV,El Salvador,1417.5
2026,1,AE,Emiratos Árabes Unidos,44929.5
2026,1,AE,Emiratos Árabes Unidos,28789.5
2026,1,SK,Eslovaquia,39772.59
2026,1,SK,Eslovaquia,161.5
2026,1,SI,Eslovenia,1984.5
2026,1,SI,Eslovenia,39.9
2026,1,ES,España,436631.46
2026,1,ES,España,81655.98
2026,1,US,Estados Unidos,5822297.11
2026,1,US,Estados Unidos,19413163.19
2026,1,EE,Estonia,7.96
2026,1,PH,Filipinas,180.0
2026,1,PH,Filipinas,16813.5
2026,1,FR,Francia,489473.88
2026,1,FR,Francia,32282.72
2026,1,GE,Georgia,6964.83
2026,1,GE,Georgia,121.41
2026,1,GR,Grecia,16049.46
2026,1,GT,Guatemala,8864.43
2026,1,HN,Honduras,652.5
2026,1,HN,Honduras,794.25
2026,1,HK,Hong Kong,7200.0
2026,1,HU,Hungría,4309.2
2026,1,IN,India,29129.4
2026,1,ID,Indonesia,5040.0
2026,1,VI,Islas Vírgenes,8559.0
2026,1,IT,Italia,9072.0
2026,1,IT,Italia,312075.64
2026,1,JP,Japón,598951.71
2026,1,JP,Japón,65746.27
2026,1,JO,Jordania,4518.0
2026,1,QA,Katar,7560.0
2026,1,KE,Kenia,10395.0
2026,1,BS,Las Bahamas,999.0
2026,1,LV,Letonia,116991.98
2026,1,LV,Letonia,30881.52
2026,1,LT,Lituania,3880.8
2026,1,LT,Lituania,705.6
2026,1,LB,Líbano,7956.67
2026,1,MY,Malasia,1377.0
2026,1,NG,Nigeria,18081.0
2026,1,NG,Nigeria,10768.0
2026,1,NO,Noruega,6.75
2026,1,NZ,Nueva Zelandia,33431.66
2026,1,NZ,Nueva Zelandia,19272.6
2026,1,PA,Panamá,86069.02
2026,1,PA,Panamá,73064.05
2026,1,NL,Países Bajos,79154.56
2026,1,NL,Países Bajos,16744.88
2026,1,PE,Perú,22549.8
2026,1,PE,Perú,20323.92
2026,1,PL,Polonia,16537.5
2026,1,PL,Polonia,4830.0
2026,1,GB,Reino Unido,19514.25
2026,1,GB,Reino Unido,154251.3
2026,1,DO,República Dominicana,37721.25
2026,1,DO,República Dominicana,34529.48
2026,1,RO,Rumania,1.5
2026,1,SX,San Martín,5406.0
2026,1,SX,San Martín,843.71
2026,1,RS,Serbia,537.6
2026,1,SG,Singapur,23325.6
2026,1,LK,Sri Lanka,756.0
2026,1,ZA,Sudáfrica,79832.25
2026,1,SE,Suecia,9548.4
2026,1,CH,Suiza,17750.25
2026,1,CH,Suiza,777.0
2026,1,TH,Tailandia,11848.2
2026,1,TH,Tailandia,756.0
2026,1,TW,Taiwán (Región),14647.5
2026,1,TW,Taiwán (Región),14013.0
2026,1,TR,Turquía,143517.57
2026,1,UA,Ucrania,786.6
2026,1,UA,Ucrania,14001.4
2026,1,UY,Uruguay,4914.0
2026,1,UY,Uruguay,1099.8
2026,2,DE,Alemania,566927.79
2026,2,DE,Alemania,52649.92
2026,2,AW,Aruba,9450.0
2026,2,AU,Australia,132201.64
2026,2,AU,Australia,233832.67
2026,2,AT,Austria,661.5
2026,2,AT,Austria,5876.22
2026,2,BO,Bolivia,5160.0
2026,2,BO,Bolivia,159.45
2026,2,BG,Bulgaria,9555.0
2026,2,BE,Bélgica,39703.48
2026,2,BE,Bélgica,991.2
2026,2,CA,Canadá,172456.4
2026,2,CA,Canadá,339868.09
2026,2,CZ,Chequia,31351.05
2026,2,CZ,Chequia,6854.4
2026,2,CL,Chile,23247.0
2026,2,CL,Chile,27453.97
2026,2,CN,China,115117.5
2026,2,CN,China,113490.73
2026,2,CO,Colombia,149008.27
2026,2,CO,Colombia,170414.0
2026,2,KR,Corea del Sur,342.0
2026,2,KR,Corea del Sur,6392.74
2026,2,CR,Costa Rica,3622.5
2026,2,CR,Costa Rica,3623.87
2026,2,EC,Ecuador,66046.25
2026,2,SV,El Salvador,17703.0
2026,2,SV,El Salvador,1816.2
2026,2,AE,Emiratos Árabes Unidos,48147.75
2026,2,AE,Emiratos Árabes Unidos,2445.6
2026,2,SK,Eslovaquia,25704.0
2026,2,ES,España,501161.66
2026,2,ES,España,79223.91
2026,2,US,Estados Unidos,7324129.5
2026,2,US,Estados Unidos,16367172.15
2026,2,EE,Estonia,4468.8
2026,2,EE,Estonia,2630.25
2026,2,PH,Filipinas,13009.12
2026,2,FR,Francia,414344.84
2026,2,FR,Francia,65863.35
2026,2,GE,Georgia,6725.25
2026,2,GR,Grecia,74793.6
2026,2,GR,Grecia,36564.88
2026,2,GU,Guam,5769.38
2026,2,GU,Guam,3939.0
2026,2,GT,Guatemala,21142.88
2026,2,GT,Guatemala,26550.67
2026,2,HN,Honduras,39359.25
2026,2,HN,Honduras,3385.76
2026,2,HK,Hong Kong,7566.0
2026,2,HK,Hong Kong,8689.5
2026,2,HU,Hungría,5472.0
2026,2,IN,India,28621.26
2026,2,ID,Indonesia,13749.0
2026,2,IE,Irlanda,14222.25
2026,2,IE,Irlanda,319.2
2026,2,KY,Islas Caimán,1082.92
2026,2,VI,Islas Vírgenes,3717.0
2026,2,VI,Islas Vírgenes,6153.75
2026,2,IL,Israel,23916.9
2026,2,IL,Israel,1470.16
2026,2,IT,Italia,33342.96
2026,2,IT,Italia,336890.13
2026,2,JP,Japón,283250.2
2026,2,JP,Japón,16699.79
2026,2,JO,Jordania,6615.75
2026,2,QA,Katar,7560.0
2026,2,KE,Kenia,42193.35
2026,2,BS,Las Bahamas,6814.5
2026,2,BS,Las Bahamas,342.0
2026,2,LV,Letonia,27499.5
2026,2,LV,Letonia,95236.38
2026,2,LT,Lituania,3537.0
2026,2,LB,Líbano,26682.46
2026,2,MY,Malasia,288.0
2026,2,NG,Nigeria,31980.0
2026,2,NG,Nigeria,53150.3
2026,2,NZ,Nueva Zelandia,14173.5
2026,2,NZ,Nueva Zelandia,27775.27
2026,2,PA,Panamá,68925.75
2026,2,PA,Panamá,146069.16
2026,2,PY,Paraguay,7560.0
2026,2,PY,Paraguay,1099.8
2026,2,NL,Países Bajos,142678.38
2026,2,NL,Países Bajos,76259.11
2026,2,PE,Perú,28870.8
2026,2,PE,Perú,3780.6
2026,2,PT,Portugal,5145.39
2026,2,PT,Portugal,5078.7
2026,2,PR,Puerto Rico,351960.0
2026,2,GB,Reino Unido,221149.14
2026,2,GB,Reino Unido,455100.04
2026,2,DO,República Dominicana,13542.0
2026,2,DO,República Dominicana,64737.51
2026,2,RU,Rusia,71314.16
2026,2,RU,Rusia,9513.0
2026,2,SG,Singapur,78879.0
2026,2,ZA,Sudáfrica,28271.25
2026,2,ZA,Sudáfrica,61048.35
2026,2,SE,Suecia,15976.17
2026,2,CH,Suiza,31341.68
2026,2,TH,Tailandia,166.5
2026,2,TW,Taiwán (Región),7200.0
2026,2,TZ,Tanzania,4.5
2026,2,TR,Turquía,35549.73
2026,2,UA,Ucrania,7056.0
2026,2,UA,Ucrania,1585.5
2026,2,VN,Vietnam,2675.4
2026,2,VN,Vietnam,1436.4
2026,3,DE,Alemania,378904.35
2026,3,DE,Alemania,52083.38
2026,3,AU,Australia,103148.5
2026,3,AU,Australia,183925.56
2026,3,AT,Austria,3969.0
2026,3,AT,Austria,8350.1
2026,3,BZ,Belice,7560.0
2026,3,BO,Bolivia,21.0
2026,3,BR,Brasil,12540.4
2026,3,BR,Brasil,29433.6
2026,3,BG,Bulgaria,10741.5
2026,3,BE,Bélgica,97802.05
2026,3,BE,Bélgica,5963.47
2026,3,CA,Canadá,258550.83
2026,3,CA,Canadá,387661.49
2026,3,CZ,Chequia,282120.85
2026,3,CL,Chile,34377.0
2026,3,CL,Chile,8545.05
2026,3,CN,China,53508.0
2026,3,CN,China,9276.0
2026,3,CY,Chipre,22226.4
2026,3,CO,Colombia,108028.38
2026,3,CO,Colombia,152519.7
2026,3,KR,Corea del Sur,4920.0
2026,3,CR,Costa Rica,28462.42
2026,3,CR,Costa Rica,9097.98
2026,3,HR,Croacia,8738.1
2026,3,CU,Cuba,15288.0
2026,3,DK,Dinamarca,14116.2
2026,3,DJ,Djibouti,10503.67
2026,3,EC,Ecuador,131222.87
2026,3,EC,Ecuador,2029.95
2026,3,SV,El Salvador,31664.06
2026,3,SV,El Salvador,9801.98
2026,3,AE,Emiratos Árabes Unidos,9695.7
2026,3,AE,Emiratos Árabes Unidos,45.0
2026,3,ES,España,730485.19
2026,3,ES,España,63395.56
2026,3,US,Estados Unidos,9110806.87
2026,3,US,Estados Unidos,21650125.44
2026,3,EE,Estonia,4674.6
2026,3,EE,Estonia,2469.6
2026,3,PH,Filipinas,31521.83
2026,3,PH,Filipinas,505.12
2026,3,FR,Francia,227619.97
2026,3,FR,Francia,59262.94
2026,3,GR,Grecia,30879.66
2026,3,GT,Guatemala,6032.25
2026,3,GT,Guatemala,10460.47
2026,3,HN,Honduras,8507.62
2026,3,HN,Honduras,993.25
2026,3,IN,India,6289.5
2026,3,IN,India,165492.95
2026,3,ID,Indonesia,9624.0
2026,3,IE,Irlanda,1809.3
2026,3,KY,Islas Caimán,6.0
2026,3,VG,Islas Vírgenes Británicas,6174.0
2026,3,VG,Islas Vírgenes Británicas,840.67
2026,3,IL,Israel,7938.0
2026,3,IL,Israel,4455.45
2026,3,IT,Italia,72985.5
2026,3,IT,Italia,365708.52
2026,3,JM,Jamaica,7560.0
2026,3,JP,Japón,282263.92
2026,3,JP,Japón,96764.46
2026,3,BS,Las Bahamas,23772.0
2026,3,BS,Las Bahamas,924.0
2026,3,LV,Letonia,60327.75
2026,3,LV,Letonia,37610.88
2026,3,LB,Líbano,5586.0
2026,3,MY,Malasia,210.0
2026,3,MY,Malasia,1132.88
2026,3,NI,Nicaragua,540.0
2026,3,NG,Nigeria,12257.28
2026,3,NG,Nigeria,13725.79
2026,3,NO,Noruega,1.5
2026,3,NZ,Nueva Zelandia,18178.7
2026,3,NZ,Nueva Zelandia,20298.28
2026,3,PA,Panamá,28825.2
2026,3,PA,Panamá,88542.58
2026,3,NL,Países Bajos,149369.62
2026,3,NL,Países Bajos,46298.95
2026,3,PE,Perú,32965.8
2026,3,PE,Perú,4238.41
2026,3,PL,Polonia,11245.5
2026,3,PL,Polonia,9576.0
2026,3,PR,Puerto Rico,16695.0
2026,3,PR,Puerto Rico,394035.0
2026,3,GB,Reino Unido,92143.78
2026,3,GB,Reino Unido,210470.41
2026,3,DO,República Dominicana,25210.5
2026,3,DO,República Dominicana,47222.85
2026,3,RU,Rusia,13427.4
2026,3,RU,Rusia,8049.99
2026,3,SX,San Martín,135.0
2026,3,RS,Serbia,5078.7
2026,3,RS,Serbia,4719.6
2026,3,SG,Singapur,46340.7
2026,3,SG,Singapur,55102.47
2026,3,ZA,Sudáfrica,62094.15
2026,3,SE,Suecia,8064.0
2026,3,CH,Suiza,38109.75
2026,3,CH,Suiza,15275.58
2026,3,SR,Suriname,17955.0
2026,3,SR,Suriname,1391.81
2026,3,TH,Tailandia,570.0
2026,3,TH,Tailandia,5074.5
2026,3,TW,Taiwán (Región),6412.5
2026,3,TW,Taiwán (Región),6144.0
2026,3,TR,Turquía,81623.34
2026,3,UA,Ucrania,4582.8
2026,3,UA,Ucrania,12205.26
2026,4,DE,Alemania,422021.08
2026,4,DE,Alemania,50629.56
2026,4,AM,Armenia,2175.75
2026,4,AU,Australia,156636.12
2026,4,AU,Australia,237865.37
2026,4,AT,Austria,303.15
2026,4,AZ,Azerbaiyán,2400.0
2026,4,AZ,Azerbaiyán,3806.46
2026,4,BZ,Belice,43.4
2026,4,BM,Bermuda,7056.0
2026,4,BR,Brasil,45738.0
2026,4,BR,Brasil,31128.24
2026,4,BG,Bulgaria,40213.51
2026,4,BG,Bulgaria,352.8
2026,4,BE,Bélgica,66295.74
2026,4,BE,Bélgica,12525.9
2026,4,CA,Canadá,267763.95
2026,4,CA,Canadá,236784.9
2026,4,CZ,Chequia,313264.49
2026,4,CL,Chile,67813.8
2026,4,CL,Chile,1452.6
2026,4,CN,China,53508.0
2026,4,CN,China,164626.57
2026,4,CO,Colombia,140537.21
2026,4,CO,Colombia,74064.31
2026,4,KR,Corea del Sur,1620.0
2026,4,KR,Corea del Sur,352.54
2026,4,CR,Costa Rica,11182.5
2026,4,CR,Costa Rica,2595.0
2026,4,CU,Cuba,7644.0
2026,4,DK,Dinamarca,432.6
2026,4,EC,Ecuador,114038.64
2026,4,EC,Ecuador,3363.3
2026,4,SV,El Salvador,4086.0
2026,4,SV,El Salvador,5368.5
2026,4,AE,Emiratos Árabes Unidos,18468.0
2026,4,SK,Eslovaquia,14172.0
2026,4,SK,Eslovaquia,2038.68
2026,4,ES,España,527509.04
2026,4,ES,España,88473.71
2026,4,US,Estados Unidos,9021209.06
2026,4,US,Estados Unidos,22591101.46
2026,4,EE,Estonia,2280.6
2026,4,EE,Estonia,2503.2
2026,4,PH,Filipinas,109368.0
2026,4,PH,Filipinas,873.0
2026,4,FR,Francia,203456.94
2026,4,FR,Francia,71052.8
2026,4,GE,Georgia,6835.5
2026,4,GR,Grecia,32804.0
2026,4,GR,Grecia,32564.91
2026,4,GT,Guatemala,5865.85
2026,4,HN,Honduras,31834.69
2026,4,HN,Honduras,12394.8
2026,4,HK,Hong Kong,18582.53
2026,4,HK,Hong Kong,1059.97
2026,4,IN,India,13212.88
2026,4,IN,India,150556.08
2026,4,ID,Indonesia,27207.28
2026,4,ID,Indonesia,45360.0
2026,4,IE,Irlanda,13891.5
2026,4,IE,Irlanda,4586.4
2026,4,KY,Islas Caimán,2854.5
2026,4,VI,Islas Vírgenes,3717.0
2026,4,VI,Islas Vírgenes,17907.75
2026,4,IL,Israel,38606.4
2026,4,IT,Italia,135389.2
2026,4,IT,Italia,338171.23
2026,4,JM,Jamaica,6930.0
2026,4,JP,Japón,55980.63
2026,4,JP,Japón,89727.16
2026,4,KE,Kenia,11011.83
2026,4,LV,Letonia,197586.37
2026,4,LV,Letonia,58310.4
2026,4,LT,Lituania,6746.67
2026,4,LB,Líbano,18956.7
2026,4,MY,Malasia,1234.95
2026,4,MU,Mauricio,11362.44
2026,4,NI,Nicaragua,787.5
2026,4,NI,Nicaragua,9579.6
2026,4,NG,Nigeria,18480.0
2026,4,NG,Nigeria,12650.4
2026,4,NZ,Nueva Zelandia,11245.5
2026,4,NZ,Nueva Zelandia,24189.69
2026,4,PA,Panamá,230972.78
2026,4,PA,Panamá,66305.76
2026,4,NL,Países Bajos,123820.87
2026,4,NL,Países Bajos,55906.68
2026,4,PE,Perú,24948.0
2026,4,PE,Perú,10581.75
2026,4,PL,Polonia,4630.5
2026,4,PL,Polonia,5575.5
2026,4,PT,Portugal,22050.0
2026,4,PT,Portugal,71.66
2026,4,PR,Puerto Rico,15939.0
2026,4,PR,Puerto Rico,357765.0
2026,4,GB,Reino Unido,42507.58
2026,4,GB,Reino Unido,356885.59
2026,4,DO,República Dominicana,58548.0
2026,4,DO,República Dominicana,29629.98
2026,4,RU,Rusia,34560.0
2026,4,SG,Singapur,7261.8
2026,4,SG,Singapur,97438.92
2026,4,LK,Sri Lanka,5850.0
2026,4,ZA,Sudáfrica,87779.93
2026,4,ZA,Sudáfrica,125667.41
2026,4,SE,Suecia,10143.0
2026,4,SE,Suecia,243.18
2026,4,CH,Suiza,20342.17
2026,4,CH,Suiza,1300.74
2026,4,TH,Tailandia,1956.3
2026,4,TH,Tailandia,10791.12
2026,4,TW,Taiwán (Región),7182.0
2026,4,TW,Taiwán (Región),5382.0
2026,4,TR,Turquía,9761.85
2026,4,TR,Turquía,13159.2
2026,4,UA,Ucrania,24255.0
2026,4,UA,Ucrania,3866.1
2026,4,VE,Venezuela,11232.0
2026,4,VE,Venezuela,18.0
2026,5,AL,Albania,6000.0
2026,5,AL,Albania,281.85
2026,5,DE,Alemania,130586.39
2026,5,DE,Alemania,87402.88
2026,5,AM,Armenia,630.0
2026,5,AM,Armenia,8646.0
2026,5,AU,Australia,130619.28
2026,5,AU,Australia,213404.84
2026,5,AT,Austria,8.4
2026,5,BB,Barbados,9135.0
2026,5,BB,Barbados,413.4
2026,5,BY,Bielorrusia,6925.5
2026,5,BY,Bielorrusia,885.94
2026,5,BR,Brasil,57920.4
2026,5,BR,Brasil,11003.85
2026,5,BG,Bulgaria,13740.0
2026,5,BE,Bélgica,47351.09
2026,5,BE,Bélgica,10135.5
2026,5,CM,Camerún,7.15
2026,5,CA,Canadá,261382.04
2026,5,CA,Canadá,290567.94
2026,5,CZ,Chequia,376131.35
2026,5,CZ,Chequia,5312.1
2026,5,CL,Chile,41752.8
2026,5,CL,Chile,20496.0
2026,5,CN,China,175812.0
2026,5,CN,China,40408.85
2026,5,CO,Colombia,64953.35
2026,5,CO,Colombia,151324.37
2026,5,KR,Corea del Sur,22680.0
2026,5,KR,Corea del Sur,3601.5
2026,5,CR,Costa Rica,25882.31
2026,5,CR,Costa Rica,16002.72
2026,5,CU,Cuba,7644.0
2026,5,DK,Dinamarca,6612.9
2026,5,EC,Ecuador,795.15
2026,5,SV,El Salvador,33978.0
2026,5,SV,El Salvador,6174.0
2026,5,AE,Emiratos Árabes Unidos,18468.0
2026,5,AE,Emiratos Árabes Unidos,1764.0
2026,5,SK,Eslovaquia,734.08
2026,5,ES,España,727703.25
2026,5,ES,España,85246.65
2026,5,US,Estados Unidos,7916394.09
2026,5,US,Estados Unidos,21284208.18
2026,5,EE,Estonia,1772.4
2026,5,EE,Estonia,2555.5
2026,5,PH,Filipinas,104194.0
2026,5,PH,Filipinas,6102.0
2026,5,FR,Francia,266264.24
2026,5,FR,Francia,70964.25
2026,5,GE,Georgia,7239.0
2026,5,GR,Grecia,37044.0
2026,5,GR,Grecia,42535.92
2026,5,GT,Guatemala,17889.0
2026,5,GT,Guatemala,8254.42
2026,5,HN,Honduras,10930.5
2026,5,HN,Honduras,8635.49
2026,5,HK,Hong Kong,7261.8
2026,5,HK,Hong Kong,225.0
2026,5,HU,Hungría,8820.0
2026,5,HU,Hungría,5472.0
2026,5,IN,India,82998.0
2026,5,IN,India,98537.27
2026,5,ID,Indonesia,23061.0
2026,5,ID,Indonesia,38745.0
2026,5,IE,Irlanda,109.2
2026,5,KY,Islas Caimán,528.0
2026,5,KY,Islas Caimán,69.45
2026,5,IL,Israel,6264.0
2026,5,IT,Italia,80039.12
2026,5,IT,Italia,476175.68
2026,5,JM,Jamaica,12600.0
2026,5,JP,Japón,488546.1
2026,5,JP,Japón,32825.78
2026,5,JO,Jordania,18274.2
2026,5,JO,Jordania,3810.6
2026,5,QA,Katar,12096.0
2026,5,QA,Katar,2898.0
2026,5,KE,Kenia,10776.38
2026,5,BS,Las Bahamas,3127.73
2026,5,LV,Letonia,115227.0
2026,5,LV,Letonia,22876.56
2026,5,LT,Lituania,6466.8
2026,5,LT,Lituania,281.55
2026,5,LB,Líbano,1764.0
2026,5,LB,Líbano,7083.06
2026,5,MA,Marruecos,2646.0
2026,5,NI,Nicaragua,6019.5
2026,5,NI,Nicaragua,9411.29
2026,5,NG,Nigeria,57811.74
2026,5,NG,Nigeria,7558.8
2026,5,NO,Noruega,2.25
2026,5,NZ,Nueva Zelandia,6945.75
2026,5,NZ,Nueva Zelandia,15999.12
2026,5,PA,Panamá,32664.0
2026,5,PA,Panamá,46177.99
2026,5,PY,Paraguay,8694.0
2026,5,NL,Países Bajos,211257.26
2026,5,NL,Países Bajos,62889.69
2026,5,PE,Perú,53214.0
2026,5,PE,Perú,24323.76
2026,5,PL,Polonia,9959.04
2026,5,PT,Portugal,10106.25
2026,5,PT,Portugal,138.6
2026,5,PR,Puerto Rico,38682.0
2026,5,PR,Puerto Rico,381394.5
2026,5,GB,Reino Unido,223372.87
2026,5,GB,Reino Unido,534144.48
2026,5,DO,República Dominicana,5292.0
2026,5,DO,República Dominicana,58495.39
2026,5,RU,Rusia,10128.0
2026,5,SX,San Martín,3087.0
2026,5,SX,San Martín,2468.92
2026,5,SG,Singapur,33600.0
2026,5,SG,Singapur,102538.95
2026,5,ZA,Sudáfrica,102588.75
2026,5,ZA,Sudáfrica,173865.15
2026,5,SE,Suecia,10694.25
2026,5,SE,Suecia,12990.78
2026,5,CH,Suiza,51191.39
2026,5,TH,Tailandia,8487.0
2026,5,TW,Taiwán (Región),4788.0
2026,5,TW,Taiwán (Región),117.0
2026,5,TC,Turcas y Caicos,693.0
2026,5,TR,Turquía,25680.0
2026,5,TR,Turquía,30259.47
2026,5,UA,Ucrania,58559.96
2026,5,UA,Ucrania,13618.74
2026,5,VE,Venezuela,9927.0
2026,6,DE,Alemania,100214.15
2026,6,DE,Alemania,67260.28
2026,6,AG,Antigua y Barbuda,346.5
2026,6,AR,Argentina,756.0
2026,6,AM,Armenia,33.25
2026,6,AW,Aruba,540.0
2026,6,AU,Australia,55744.5
2026,6,AU,Australia,219863.96
2026,6,AT,Austria,9979.2
2026,6,AZ,Azerbaiyán,2244.38
2026,6,AZ,Azerbaiyán,5625.0
2026,6,BB,Barbados,11166.0
2026,6,BO,Bolivia,635.04
2026,6,BR,Brasil,91476.0
2026,6,BR,Brasil,2144.7
2026,6,BE,Bélgica,149057.21
2026,6,BE,Bélgica,4530.19
2026,6,CA,Canadá,243102.21
2026,6,CA,Canadá,502306.33
2026,6,CZ,Chequia,93986.99
2026,6,CZ,Chequia,16082.1
2026,6,CL,Chile,43327.8
2026,6,CL,Chile,26923.95
2026,6,CN,China,92499.0
2026,6,CN,China,83808.04
2026,6,CO,Colombia,130234.75
2026,6,CO,Colombia,187638.73
2026,6,KR,Corea del Sur,7003.5
2026,6,CR,Costa Rica,20312.03
2026,6,CR,Costa Rica,3989.59
2026,6,DK,Dinamarca,12329.1
2026,6,EC,Ecuador,69854.95
2026,6,EC,Ecuador,5056.19
2026,6,SV,El Salvador,5087.25
2026,6,SV,El Salvador,4827.09
2026,6,AE,Emiratos Árabes Unidos,23068.5
2026,6,AE,Emiratos Árabes Unidos,15221.65
2026,6,SK,Eslovaquia,13090.88
2026,6,SK,Eslovaquia,1443.0
2026,6,ES,España,520318.53
2026,6,ES,España,90447.92
2026,6,US,Estados Unidos,8125773.64
2026,6,US,Estados Unidos,25140274.87
2026,6,EE,Estonia,4851.0
2026,6,EE,Estonia,16332.6
2026,6,PH,Filipinas,69455.49
2026,6,PH,Filipinas,7288.65
2026,6,FR,Francia,392461.44
2026,6,FR,Francia,48788.52
2026,6,GD,Granada,840.0
2026,6,GD,Granada,259.88
2026,6,GR,Grecia,45840.9
2026,6,GR,Grecia,8297.31
2026,6,GT,Guatemala,8938.12
2026,6,GT,Guatemala,16117.99
2026,6,HN,Honduras,14836.5
2026,6,HN,Honduras,751.5
2026,6,HU,Hungría,5472.0
2026,6,IN,India,9225.0
2026,6,IN,India,37963.71
2026,6,ID,Indonesia,6805.2
2026,6,IQ,Irak,9166.5
2026,6,IQ,Irak,2160.0
2026,6,KY,Islas Caimán,228.0
2026,6,KY,Islas Caimán,591.92
2026,6,IL,Israel,19425.6
2026,6,IT,Italia,115187.1
2026,6,IT,Italia,281565.71
2026,6,JM,Jamaica,9209.71
2026,6,JM,Jamaica,5911.28
2026,6,JP,Japón,50506.88
2026,6,JP,Japón,131201.66
2026,6,JO,Jordania,8436.0
2026,6,JO,Jordania,4364.74
2026,6,QA,Katar,6426.0
2026,6,QA,Katar,1188.0
2026,6,KZ,Kazajstán,4788.0
2026,6,BS,Las Bahamas,2114.77
2026,6,LV,Letonia,111659.62
2026,6,LV,Letonia,10319.4
2026,6,LT,Lituania,7408.8
2026,6,LT,Lituania,705.6
2026,6,LB,Líbano,1968.75
2026,6,LB,Líbano,7083.06
2026,6,MA,Marruecos,12524.4
2026,6,MA,Marruecos,1444.27
2026,6,NG,Nigeria,46762.5
2026,6,NG,Nigeria,6979.5
2026,6,NZ,Nueva Zelandia,8996.4
2026,6,NZ,Nueva Zelandia,6247.03
2026,6,PA,Panamá,9954.0
2026,6,PA,Panamá,122595.06
2026,6,NL,Países Bajos,143354.8
2026,6,NL,Países Bajos,78418.25
2026,6,PE,Perú,39431.7
2026,6,PE,Perú,14821.65
2026,6,PL,Polonia,29407.35
2026,6,PL,Polonia,2862.3
2026,6,PR,Puerto Rico,12789.0
2026,6,PR,Puerto Rico,350652.0
2026,6,GB,Reino Unido,80018.56
2026,6,GB,Reino Unido,356349.1
2026,6,DO,República Dominicana,41286.0
2026,6,DO,República Dominicana,31840.36
2026,6,LC,Santa Lucía,346.5
2026,6,SG,Singapur,38619.0
2026,6,SG,Singapur,176353.12
2026,6,ZA,Sudáfrica,56700.0
2026,6,ZA,Sudáfrica,130096.21
2026,6,SE,Suecia,19745.25
2026,6,CH,Suiza,22171.27
2026,6,CH,Suiza,7991.02
2026,6,TH,Tailandia,13702.5
2026,6,TH,Tailandia,14185.93
2026,6,TW,Taiwán (Región),10087.5
2026,6,TR,Turquía,433.12
2026,6,TR,Turquía,22916.46
2026,6,UA,Ucrania,9555.0
2026,6,VE,Venezuela,18.0
2026,6,VN,Vietnam,3439.8
2026,6,VN,Vietnam,702.24
2026,7,DE,Alemania,53974.16
2026,7,DE,Alemania,42011.19
2026,7,AG,Antigua y Barbuda,892.5
2026,7,AM,Armenia,1512.0
2026,7,AW,Aruba,7560.0
2026,7,AW,Aruba,984.9
2026,7,AU,Australia,22669.5
2026,7,AU,Australia,293965.92
2026,7,AT,Austria,3307.5
2026,7,AT,Austria,6798.0
2026,7,BO,Bolivia,8032.5
2026,7,BO,Bolivia,118.12
2026,7,BR,Brasil,51786.0
2026,7,BR,Brasil,2516.34
2026,7,BE,Bélgica,128909.22
2026,7,BE,Bélgica,5935.95
2026,7,CA,Canadá,156795.93
2026,7,CA,Canadá,572012.03
2026,7,CZ,Chequia,726631.78
2026,7,CZ,Chequia,3141.6
2026,7,CL,Chile,87369.6
2026,7,CL,Chile,9393.08
2026,7,CN,China,20520.0
2026,7,CN,China,43618.12
2026,7,CO,Colombia,226109.26
2026,7,CO,Colombia,94487.4
2026,7,KR,Corea del Sur,29484.0
2026,7,KR,Corea del Sur,3628.12
2026,7,CR,Costa Rica,16007.25
2026,7,CR,Costa Rica,3586.88
2026,7,EC,Ecuador,8566.85
2026,7,SV,El Salvador,42409.88
2026,7,SV,El Salvador,11000.1
2026,7,AE,Emiratos Árabes Unidos,49213.5
2026,7,AE,Emiratos Árabes Unidos,18059.52
2026,7,SK,Eslovaquia,19452.0
2026,7,ES,España,724754.25
2026,7,ES,España,87784.04
2026,7,US,Estados Unidos,6013770.72
2026,7,US,Estados Unidos,24077170.73
2026,7,PH,Filipinas,97332.3
2026,7,PH,Filipinas,10462.5
2026,7,FI,Finlandia,252.0
2026,7,FR,Francia,458527.7
2026,7,FR,Francia,51582.18
2026,7,GR,Grecia,7660.8
2026,7,GR,Grecia,36084.3
2026,7,GU,Guam,5265.38
2026,7,GU,Guam,2473.5
2026,7,GT,Guatemala,15610.12
2026,7,GT,Guatemala,31457.92
2026,7,HN,Honduras,10584.0
2026,7,HK,Hong Kong,6048.0
2026,7,HK,Hong Kong,2906.25
2026,7,IN,India,164708.33
2026,7,ID,Indonesia,27594.0
2026,7,ID,Indonesia,27282.0
2026,7,IQ,Irak,11550.0
2026,7,KY,Islas Caimán,6930.0
2026,7,KY,Islas Caimán,2482.72
2026,7,VI,Islas Vírgenes,3087.0
2026,7,VI,Islas Vírgenes,3312.0
2026,7,IL,Israel,7497.0
2026,7,IL,Israel,12948.69
2026,7,IT,Italia,76341.51
2026,7,IT,Italia,437950.44
2026,7,JM,Jamaica,6930.0
2026,7,JP,Japón,83309.42
2026,7,JP,Japón,167199.4
2026,7,KE,Kenia,29393.35
2026,7,BS,Las Bahamas,17743.5
2026,7,BS,Las Bahamas,2848.5
2026,7,LV,Letonia,44775.15
2026,7,LV,Letonia,106704.15
2026,7,LB,Líbano,918.75
2026,7,LB,Líbano,8613.75
2026,7,MY,Malasia,2.25
2026,7,MA,Marruecos,2381.4
2026,7,NG,Nigeria,18375.0
2026,7,NG,Nigeria,810.0
2026,7,NO,Noruega,420.0
2026,7,NZ,Nueva Zelandia,59563.32
2026,7,NZ,Nueva Zelandia,42027.9
2026,7,PA,Panamá,81001.5
2026,7,PA,Panamá,85871.04
2026,7,PY,Paraguay,17435.25
2026,7,NL,Países Bajos,128684.76
2026,7,NL,Países Bajos,56793.1
2026,7,PE,Perú,28350.0
2026,7,PE,Perú,9261.0
2026,7,PT,Portugal,33588.18
2026,7,PT,Portugal,7919.1
2026,7,PR,Puerto Rico,19845.0
2026,7,PR,Puerto Rico,482423.25
2026,7,GB,Reino Unido,115013.93
2026,7,GB,Reino Unido,320083.18
2026,7,DO,República Dominicana,47591.4
2026,7,DO,República Dominicana,102677.95
2026,7,RO,Rumania,20147.4
2026,7,RO,Rumania,2394.0
2026,7,RU,Rusia,30506.4
2026,7,SG,Singapur,48300.0
2026,7,SG,Singapur,70915.65
2026,7,ZA,Sudáfrica,17763.75
2026,7,ZA,Sudáfrica,81563.25
2026,7,SE,Suecia,9150.75
2026,7,SE,Suecia,4122.75
2026,7,CH,Suiza,17199.0
2026,7,CH,Suiza,1696.8
2026,7,TH,Tailandia,12348.0
2026,7,TH,Tailandia,48345.36
2026,7,TW,Taiwán (Región),13972.5
2026,7,TW,Taiwán (Región),6918.0
2026,7,TR,Turquía,54653.25
2026,7,UA,Ucrania,35063.51
2026,7,UA,Ucrania,29571.42
2026,7,VN,Vietnam,8408.4
2026,7,VN,Vietnam,3726.66
2026,8,DE,Alemania,55054.29
2026,8,DE,Alemania,67691.91
2026,8,AM,Armenia,16712.4
2026,8,AU,Australia,53913.48
2026,8,AU,Australia,155986.56
2026,8,AT,Austria,504.0
2026,8,AZ,Azerbaiyán,2597.4
2026,8,BO,Bolivia,3439.8
2026,8,BO,Bolivia,1531.88
2026,8,BR,Brasil,27820.8
2026,8,BR,Brasil,1438.92
2026,8,BG,Bulgaria,6835.5
2026,8,BG,Bulgaria,705.6
2026,8,BE,Bélgica,63061.4
2026,8,BE,Bélgica,8008.92
2026,8,CA,Canadá,127570.67
2026,8,CA,Canadá,286233.61
2026,8,CZ,Chequia,313433.6
2026,8,CL,Chile,69004.8
2026,8,CL,Chile,8480.02
2026,8,CN,China,144380.7
2026,8,CN,China,81645.15
2026,8,CY,Chipre,1569.0
2026,8,CO,Colombia,243159.35
2026,8,CO,Colombia,89848.91
2026,8,CR,Costa Rica,14616.0
2026,8,CR,Costa Rica,5.32
2026,8,HR,Croacia,8834.7
2026,8,DK,Dinamarca,576.0
2026,8,DJ,Djibouti,11583.0
2026,8,EC,Ecuador,31432.89
2026,8,EC,Ecuador,1896.3
2026,8,SV,El Salvador,1617.0
2026,8,SV,El Salvador,1620.0
2026,8,AE,Emiratos Árabes Unidos,9285.3
2026,8,SK,Eslovaquia,32378.76
2026,8,ES,España,601415.65
2026,8,ES,España,59735.25
2026,8,US,Estados Unidos,5908757.97
2026,8,US,Estados Unidos,23071262.56
2026,8,EE,Estonia,4851.0
2026,8,EE,Estonia,2746.8
2026,8,PH,Filipinas,47628.0
2026,8,PH,Filipinas,2940.0
2026,8,FR,Francia,373938.28
2026,8,FR,Francia,31489.02
2026,8,GE,Georgia,12486.15
2026,8,GE,Georgia,1321.32
2026,8,GR,Grecia,19535.04
2026,8,GT,Guatemala,15118.8
2026,8,GT,Guatemala,26283.97
2026,8,HN,Honduras,17293.5
2026,8,HN,Honduras,12705.09
2026,8,HK,Hong Kong,6626.04
2026,8,IN,India,100661.25
2026,8,IN,India,146325.18
2026,8,ID,Indonesia,5827.5
2026,8,ID,Indonesia,32791.5
2026,8,IQ,Irak,13350.0
2026,8,IE,Irlanda,17606.92
2026,8,IE,Irlanda,1596.0
2026,8,VI,Islas Vírgenes,8806.5
2026,8,IL,Israel,8379.0
2026,8,IL,Israel,19966.8
2026,8,IT,Italia,21609.0
2026,8,IT,Italia,248198.49
2026,8,JP,Japón,31473.5
2026,8,JP,Japón,161254.2
2026,8,KE,Kenia,12559.15
2026,8,BS,Las Bahamas,26976.0
2026,8,BS,Las Bahamas,7169.4
2026,8,LV,Letonia,106934.62
2026,8,LV,Letonia,11612.16
2026,8,LB,Líbano,2756.25
2026,8,LB,Líbano,15563.1
2026,8,MU,Mauricio,11359.88
2026,8,NI,Nicaragua,5472.0
2026,8,NG,Nigeria,82792.5
2026,8,NG,Nigeria,2312.4
2026,8,NO,Noruega,1499.4
2026,8,NZ,Nueva Zelandia,25269.3
2026,8,NZ,Nueva Zelandia,16918.68
2026,8,PA,Panamá,1512.0
2026,8,PA,Panamá,50617.01
2026,8,PY,Paraguay,13230.0
2026,8,PY,Paraguay,1363.5
2026,8,NL,Países Bajos,115425.82
2026,8,NL,Países Bajos,93215.41
2026,8,PE,Perú,17325.0
2026,8,PE,Perú,13455.6
2026,8,PL,Polonia,9261.0
2026,8,PL,Polonia,10065.3
2026,8,PT,Portugal,22050.0
2026,8,PR,Puerto Rico,43383.8
2026,8,PR,Puerto Rico,595589.25
2026,8,GB,Reino Unido,188156.36
2026,8,GB,Reino Unido,339566.82
2026,8,DO,República Dominicana,31122.0
2026,8,DO,República Dominicana,44630.76
2026,8,SX,San Martín,5292.0
2026,8,SX,San Martín,4524.9
2026,8,SG,Singapur,5997.6
2026,8,SG,Singapur,76950.24
2026,8,ZA,Sudáfrica,99309.15
2026,8,ZA,Sudáfrica,29708.74
2026,8,SE,Suecia,20913.37
2026,8,SE,Suecia,5388.88
2026,8,CH,Suiza,9702.0
2026,8,CH,Suiza,6472.62
2026,8,TH,Tailandia,12393.36
2026,8,TW,Taiwán (Región),4950.0
2026,8,TW,Taiwán (Región),701.04
2026,8,TR,Turquía,9576.0
2026,8,UA,Ucrania,6463.8
2026,8,UA,Ucrania,11682.72
2026,8,VE,Venezuela,15412.5
2026,8,VN,Vietnam,3439.8
2026,8,VN,Vietnam,1404.48
2026,9,DE,Alemania,32928.54
2026,9,DE,Alemania,17070.7
2026,9,AU,Australia,6331.5
2026,9,AU,Australia,117345.83
2026,9,AZ,Azerbaiyán,3180.6
2026,9,BB,Barbados,1039.5
2026,9,BR,Brasil,7465.5
2026,9,BR,Brasil,1229.38
2026,9,BE,Bélgica,40247.61
2026,9,BE,Bélgica,638.4
2026,9,CA,Canadá,105340.92
2026,9,CA,Canadá,70103.64
2026,9,CZ,Chequia,282125.54
2026,9,CL,Chile,53260.8
2026,9,CN,China,114820.5
2026,9,CN,China,6741.0
2026,9,CO,Colombia,14677.95
2026,9,CO,Colombia,13083.36
2026,9,KR,Corea del Sur,12046.5
2026,9,CR,Costa Rica,11508.0
2026,9,CR,Costa Rica,3867.75
2026,9,EC,Ecuador,32872.09
2026,9,SV,El Salvador,66772.88
2026,9,SV,El Salvador,7024.49
2026,9,SK,Eslovaquia,10080.0
2026,9,SI,Eslovenia,1323.0
2026,9,ES,España,349293.02
2026,9,ES,España,25089.54
2026,9,US,Estados Unidos,1124138.03
2026,9,US,Estados Unidos,7785123.34
2026,9,EE,Estonia,4057.2
2026,9,EE,Estonia,2822.4
2026,9,PH,Filipinas,718.2
2026,9,FR,Francia,235832.74
2026,9,FR,Francia,34638.2
2026,9,GR,Grecia,4389.0
2026,9,GT,Guatemala,19212.75
2026,9,HK,Hong Kong,3822.0
2026,9,IN,India,7560.0
2026,9,IN,India,9664.8
2026,9,ID,Indonesia,8550.0
2026,9,IT,Italia,34305.64
2026,9,IT,Italia,84204.0
2026,9,JM,Jamaica,2.1
2026,9,JP,Japón,4614.84
2026,9,QA,Katar,15120.0
2026,9,KE,Kenia,3600.0
2026,9,BS,Las Bahamas,4120.1
2026,9,LT,Lituania,2822.4
2026,9,LT,Lituania,6854.4
2026,9,LB,Líbano,3087.0
2026,9,LB,Líbano,15890.4
2026,9,NI,Nicaragua,8048.25
2026,9,NI,Nicaragua,4976.55
2026,9,NG,Nigeria,8188.5
2026,9,NZ,Nueva Zelandia,33666.42
2026,9,PA,Panamá,24887.83
2026,9,PY,Paraguay,6945.75
2026,9,PY,Paraguay,189.0
2026,9,NL,Países Bajos,78275.61
2026,9,NL,Países Bajos,46544.92
2026,9,PE,Perú,9450.0
2026,9,PE,Perú,6272.7
2026,9,PT,Portugal,10106.25
2026,9,PT,Portugal,760.2
2026,9,PR,Puerto Rico,4851.0
2026,9,PR,Puerto Rico,221100.0
2026,9,GB,Reino Unido,124405.06
2026,9,GB,Reino Unido,88583.01
2026,9,DO,República Dominicana,4536.0
2026,9,DO,República Dominicana,28091.4
2026,9,RU,Rusia,6583.5
2026,9,RU,Rusia,7541.1
2026,9,RS,Serbia,4514.4
2026,9,RS,Serbia,5117.17
2026,9,SG,Singapur,39900.0
2026,9,SG,Singapur,39313.86
2026,9,ZA,Sudáfrica,74895.52
2026,9,ZA,Sudáfrica,26937.9
2026,9,TW,Taiwán (Región),720.0
